instance,band,scaling,sample_type,sample_index,min_energy,max_energy,slope,intercept
0,0,variance,global,,-75.72472560378105,-75.68032538857084,0.3661671416047333,-75.71082072911699
0,0,variance,subsample,0.0,-75.72232198481616,-75.68032538857084,0.47138941287199754,-75.71262306002494
0,0,variance,subsample,1.0,-75.72232198481616,-75.68032538857084,0.5598917681923704,-75.7101037982781
0,0,variance,subsample,2.0,-75.72472560378105,-75.68032538857084,0.6709249202336887,-75.718376452047
0,0,variance,subsample,3.0,-75.72232198481616,-75.68032538857084,0.6319622085858719,-75.7204311621624
0,0,variance,subsample,4.0,-75.70985883914489,-75.69203029710116,-0.3994346633815652,-75.68989378729411
0,0,variance,subsample,5.0,-75.72472560378105,-75.69436029704306,-0.1054210331076432,-75.70300967078025
0,0,variance,subsample,6.0,-75.72232198481616,-75.68773771283301,-0.27333080815714556,-75.69615101022768
0,0,variance,subsample,7.0,-75.71968309929453,-75.69602840995046,-0.032899268007996085,-75.7060324955708
0,0,variance,subsample,8.0,-75.71968309929453,-75.68773771283301,0.3512490120496553,-75.70907759205895
0,0,variance,subsample,9.0,-75.72232198481616,-75.69436029704306,-0.24759094089586642,-75.7010014596729
0,0,variance,subsample,10.0,-75.72472560378105,-75.69436029704306,-0.07101685632500092,-75.70864697891191
0,0,variance,subsample,11.0,-75.72472560378105,-75.69203029710116,-0.12842825196064164,-75.70716976067682
0,0,variance,subsample,12.0,-75.71968309929453,-75.68032538857084,0.6851178087631051,-75.71654685338557
0,0,variance,subsample,13.0,-75.72472560378105,-75.68032538857084,0.7951256671475243,-75.71883497268674
0,0,variance,subsample,14.0,-75.72232198481616,-75.69319604031449,-0.47727414499232756,-75.69427314125082
0,0,variance,subsample,15.0,-75.71064033764262,-75.68032538857084,0.20766716978333347,-75.70493613114198
0,0,variance,subsample,16.0,-75.72232198481616,-75.69319604031449,-0.2603103065903071,-75.69844149229094
0,0,variance,subsample,17.0,-75.72232198481616,-75.69203029710116,-0.1471843197114429,-75.70215644928739
0,0,variance,subsample,18.0,-75.72472560378105,-75.69203029710116,0.1739055826716543,-75.70723362420787
0,0,variance,subsample,19.0,-75.72472560378105,-75.69319604031449,-0.06323436238686017,-75.7062720267002
0,0,variance,subsample,20.0,-75.72472560378105,-75.69203029710116,-0.0035304832319615394,-75.70440209679876
0,0,variance,subsample,21.0,-75.72232198481616,-75.68773771283301,-0.06650519580763314,-75.70428050037891
0,0,variance,subsample,22.0,-75.70985883914489,-75.68773771283301,-0.31644191769524643,-75.69100343051404
0,0,variance,subsample,23.0,-75.72232198481616,-75.69203029710116,-0.3463659603875888,-75.69844350314109
0,0,variance,subsample,24.0,-75.72472560378105,-75.68773771283301,0.13908239700149946,-75.70934392050155
0,0,variance,subsample,25.0,-75.72472560378105,-75.68773771283301,0.18424767598652309,-75.70907027287159
0,0,variance,subsample,26.0,-75.72472560378105,-75.68773771283301,0.10749274677488685,-75.70666139286085
0,0,variance,subsample,27.0,-75.72472560378105,-75.68032538857084,0.42909478308405336,-75.71581765686584
0,0,variance,subsample,28.0,-75.72472560378105,-75.68032538857084,0.8395414472585866,-75.7155133758461
0,0,variance,subsample,29.0,-75.71064033764262,-75.69203029710116,-0.16869816514588434,-75.69610343629648
0,0,variance,subsample,30.0,-75.71064033764262,-75.68773771283301,-0.32503390794366793,-75.6924283194204
0,0,variance,subsample,31.0,-75.72472560378105,-75.68032538857084,0.4719998255967461,-75.71833735774868
0,0,variance,subsample,32.0,-75.72472560378105,-75.68773771283301,0.1302344970957639,-75.7076540859125
0,0,variance,subsample,33.0,-75.72232198481616,-75.68032538857084,0.5979998683708124,-75.71636576169338
0,0,variance,subsample,34.0,-75.72232198481616,-75.68032538857084,0.7770814238417456,-75.72374160088886
0,0,variance,subsample,35.0,-75.71968309929453,-75.68773771283301,0.37173367987908396,-75.70993551876964
0,0,variance,subsample,36.0,-75.72472560378105,-75.68032538857084,0.5145731325065908,-75.7131510713017
0,0,variance,subsample,37.0,-75.72472560378105,-75.69436029704306,-0.0876307868309568,-75.70618260421735
0,0,variance,subsample,38.0,-75.70996698362828,-75.68032538857084,0.7557094236494809,-75.71543224398839
0,0,variance,subsample,39.0,-75.72232198481616,-75.68032538857084,0.4883078720568804,-75.71310648169363
0,0,variance,subsample,40.0,-75.71968309929453,-75.68773771283301,0.6801244660861608,-75.71564785459576
0,0,variance,subsample,41.0,-75.72472560378105,-75.69203029710116,0.14885519145835716,-75.7039536534516
0,0,variance,subsample,42.0,-75.71968309929453,-75.69602840995046,-0.12343772936756907,-75.70299973288137
0,0,variance,subsample,43.0,-75.72472560378105,-75.68773771283301,0.11213646871113693,-75.70770068792946
0,0,variance,subsample,44.0,-75.72472560378105,-75.68032538857084,0.4559176331033132,-75.71335020933518
0,0,variance,subsample,45.0,-75.72472560378105,-75.68773771283301,0.6145387017785886,-75.71813452651865
0,0,variance,subsample,46.0,-75.71064033764262,-75.68773771283301,-0.0641832976641623,-75.7012992759165
0,0,variance,subsample,47.0,-75.72232198481616,-75.69319604031449,0.2936933126516031,-75.71171457995291
0,0,variance,subsample,48.0,-75.70996698362828,-75.68032538857084,0.39120165675701646,-75.70796863792626
0,0,variance,subsample,49.0,-75.72232198481616,-75.69319604031449,-0.05850992262857683,-75.70597255535719
0,0,variance,subsample,50.0,-75.72472560378105,-75.68032538857084,1.0335387241573062,-75.72602044984264
0,0,variance,subsample,51.0,-75.71064033764262,-75.68773771283301,-0.26126402205478305,-75.69417288786184
0,0,variance,subsample,52.0,-75.72472560378105,-75.68032538857084,0.5558691095243908,-75.71370829931843
0,0,variance,subsample,53.0,-75.72232198481616,-75.68032538857084,0.4721222344526027,-75.71311074297782
0,0,variance,subsample,54.0,-75.72232198481616,-75.68032538857084,0.7545453835466729,-75.71614375869086
0,0,variance,subsample,55.0,-75.72232198481616,-75.68032538857084,0.4081577486131937,-75.7141307249056
0,0,variance,subsample,56.0,-75.72232198481616,-75.68773771283301,-0.12205586205543635,-75.70227852635418
0,0,variance,subsample,57.0,-75.72472560378105,-75.69602840995046,0.1883091797924234,-75.71304680405396
0,0,variance,subsample,58.0,-75.70996698362828,-75.68032538857084,0.7132010773424915,-75.7116702547417
0,0,variance,subsample,59.0,-75.72232198481616,-75.69319604031449,-0.48995742840561424,-75.69222525405492
0,0,variance,subsample,60.0,-75.72472560378105,-75.69203029710116,-0.001728115473983367,-75.7079985178393
0,0,variance,subsample,61.0,-75.72232198481616,-75.68032538857084,0.3160273571371983,-75.70919334837745
0,0,variance,subsample,62.0,-75.72472560378105,-75.69319604031449,0.1882036663156913,-75.71059032821015
0,0,variance,subsample,63.0,-75.70985883914489,-75.68032538857084,0.2070524037238846,-75.70257240149998
0,0,variance,subsample,64.0,-75.72472560378105,-75.69203029710116,0.4420938951788325,-75.71210764454474
0,0,variance,subsample,65.0,-75.72472560378105,-75.69203029710116,-0.21210499496362312,-75.7025616653654
0,0,variance,subsample,66.0,-75.72472560378105,-75.69203029710116,0.1915648603106426,-75.71075517084935
0,0,variance,subsample,67.0,-75.72472560378105,-75.68032538857084,0.5466823701453462,-75.71717485228608
0,0,variance,subsample,68.0,-75.71064033764262,-75.68032538857084,0.5283940774516014,-75.7095838399449
0,0,variance,subsample,69.0,-75.72472560378105,-75.68032538857084,0.4038698311243448,-75.71670621698209
0,0,variance,subsample,70.0,-75.71064033764262,-75.68032538857084,0.24515752305392255,-75.70654179848691
0,0,variance,subsample,71.0,-75.70996698362828,-75.69203029710116,0.4538753583389786,-75.70664835158786
0,0,variance,subsample,72.0,-75.70996698362828,-75.68032538857084,0.3314512902280829,-75.70582199009468
0,0,variance,subsample,73.0,-75.72232198481616,-75.68032538857084,0.33532833365824544,-75.70976500309403
0,0,variance,subsample,74.0,-75.72232198481616,-75.69319604031449,-0.413739984116676,-75.69284073290076
0,0,variance,subsample,75.0,-75.71968309929453,-75.68032538857084,0.7744351692442704,-75.71657262435802
0,0,variance,subsample,76.0,-75.71064033764262,-75.68773771283301,0.1329898566452407,-75.70191404481552
0,0,variance,subsample,77.0,-75.72472560378105,-75.68032538857084,0.5336573284435595,-75.7189856881079
0,0,variance,subsample,78.0,-75.72472560378105,-75.68032538857084,0.379376589202323,-75.7137456476613
0,0,variance,subsample,79.0,-75.72472560378105,-75.69319604031449,0.14603298265562245,-75.7077261297122
0,0,variance,subsample,80.0,-75.72232198481616,-75.68032538857084,0.7822494831035453,-75.72057871616455
0,0,variance,subsample,81.0,-75.71968309929453,-75.68032538857084,0.42540253465740857,-75.71165408672611
0,0,variance,subsample,82.0,-75.72472560378105,-75.69436029704306,-0.14023391780591457,-75.70296259560827
0,0,variance,subsample,83.0,-75.72472560378105,-75.68032538857084,0.4125244932746486,-75.7109067401911
0,0,variance,subsample,84.0,-75.72472560378105,-75.69448023119612,-0.38317390804178275,-75.70270814610782
0,0,variance,subsample,85.0,-75.72472560378105,-75.68773771283301,0.027111619084692316,-75.70324098669019
0,0,variance,subsample,86.0,-75.72472560378105,-75.68032538857084,0.828632407763272,-75.716533680383
0,0,variance,subsample,87.0,-75.71064033764262,-75.68032538857084,0.1971236645992263,-75.70426407923314
0,0,variance,subsample,88.0,-75.72472560378105,-75.68032538857084,0.7088194428462692,-75.71958493599313
0,0,variance,subsample,89.0,-75.72232198481616,-75.68032538857084,0.35441427074929494,-75.70958319761941
0,0,variance,subsample,90.0,-75.72472560378105,-75.69203029710116,0.6715348307619731,-75.71527770578679
0,0,variance,subsample,91.0,-75.71968309929453,-75.68032538857084,0.3607557131445079,-75.71188977141138
0,0,variance,subsample,92.0,-75.72472560378105,-75.69203029710116,0.23155762144834244,-75.70965971341677
0,0,variance,subsample,93.0,-75.71968309929453,-75.68773771283301,-0.012980645662565833,-75.70453254144432
0,0,variance,subsample,94.0,-75.72472560378105,-75.69436029704306,-0.47626374608689837,-75.69827389340955
0,0,variance,subsample,95.0,-75.71064033764262,-75.68032538857084,0.45372268569926016,-75.71002677944368
0,0,variance,subsample,96.0,-75.71968309929453,-75.68032538857084,0.2813655483388204,-75.70661842527939
0,0,variance,subsample,97.0,-75.72472560378105,-75.68773771283301,0.11332478741510436,-75.70499856032777
0,0,variance,subsample,98.0,-75.71064033764262,-75.68773771283301,-0.2639952221380502,-75.69402831971458
0,0,variance,subsample,99.0,-75.71064033764262,-75.68032538857084,0.08627700623898846,-75.69988658810045
0,0,inverse_num_params,global,,-75.72472560378105,-75.68032538857084,-261.3423298041261,-75.69138562749563
0,0,inverse_num_params,subsample,0.0,-75.72472560378105,-75.68773771283301,-68.7491927892679,-75.70166957119098
0,0,inverse_num_params,subsample,1.0,-75.72472560378105,-75.68032538857084,-601.9039110897302,-75.67833417900047
0,0,inverse_num_params,subsample,2.0,-75.72472560378105,-75.68773771283301,-642.773998025637,-75.67777918787031
0,0,inverse_num_params,subsample,3.0,-75.72232198481616,-75.68032538857084,-366.9116485294984,-75.68640242594853
0,0,inverse_num_params,subsample,4.0,-75.72472560378105,-75.68773771283301,-160.97568422191915,-75.69457366028062
0,0,inverse_num_params,subsample,5.0,-75.72472560378105,-75.68773771283301,-16.30868822167664,-75.70453137740397
0,0,inverse_num_params,subsample,6.0,-75.72472560378105,-75.69436029704306,-214.85253654852087,-75.69463755955054
0,0,inverse_num_params,subsample,7.0,-75.71968309929453,-75.68773771283301,-393.24679685731957,-75.68783719979758
0,0,inverse_num_params,subsample,8.0,-75.72472560378105,-75.68032538857084,-651.3270056843984,-75.67713178021116
0,0,inverse_num_params,subsample,9.0,-75.72232198481616,-75.69203029710116,124.88814918815076,-75.71168273701974
0,0,inverse_num_params,subsample,10.0,-75.72472560378105,-75.69319604031449,188.98225029844278,-75.71177320664786
0,0,inverse_num_params,subsample,11.0,-75.71064033764262,-75.68032538857084,-115.61852492330306,-75.69526644977155
0,0,inverse_num_params,subsample,12.0,-75.71968309929453,-75.68032538857084,-228.04511589287117,-75.69254786067607
0,0,inverse_num_params,subsample,13.0,-75.72232198481616,-75.69203029710116,89.60604290427294,-75.70816588252764
0,0,inverse_num_params,subsample,14.0,-75.72472560378105,-75.68032538857084,-333.00575262861395,-75.68526388481908
0,0,inverse_num_params,subsample,15.0,-75.72472560378105,-75.68773771283301,-674.2951873081284,-75.68020689439498
0,0,inverse_num_params,subsample,16.0,-75.72232198481616,-75.68773771283301,-699.9556987481309,-75.67538758120273
0,0,inverse_num_params,subsample,17.0,-75.71968309929453,-75.68773771283301,-8.56376666764981,-75.70301924821771
0,0,inverse_num_params,subsample,18.0,-75.72232198481616,-75.69319604031449,-609.4877410616477,-75.67984724941779
0,0,inverse_num_params,subsample,19.0,-75.72472560378105,-75.69436029704306,-337.4086691625005,-75.69161784056088
0,0,inverse_num_params,subsample,20.0,-75.72472560378105,-75.68032538857084,-128.89903813017654,-75.69194584316963
0,0,inverse_num_params,subsample,21.0,-75.70996698362828,-75.68032538857084,10.367389945295603,-75.69934732196612
0,0,inverse_num_params,subsample,22.0,-75.72472560378105,-75.68773771283301,40.50810786383383,-75.70411518723877
0,0,inverse_num_params,subsample,23.0,-75.72232198481616,-75.69436029704306,-109.3204801500734,-75.69870419541208
0,0,inverse_num_params,subsample,24.0,-75.72472560378105,-75.68773771283301,-21.679288497221595,-75.70149516283313
0,0,inverse_num_params,subsample,25.0,-75.72232198481616,-75.68032538857084,-364.0224286807555,-75.68306703665222
0,0,inverse_num_params,subsample,26.0,-75.72232198481616,-75.69448023119612,-343.7719395146309,-75.69351057707819
0,0,inverse_num_params,subsample,27.0,-75.72472560378105,-75.68032538857084,-516.1589056616953,-75.67850982673093
0,0,inverse_num_params,subsample,28.0,-75.71968309929453,-75.68032538857084,-192.9629895440439,-75.69550433719355
0,0,inverse_num_params,subsample,29.0,-75.72472560378105,-75.68773771283301,-181.4186940454593,-75.69523314313155
0,0,inverse_num_params,subsample,30.0,-75.72472560378105,-75.68032538857084,-169.05388731109866,-75.69097858901264
0,0,inverse_num_params,subsample,31.0,-75.72472560378105,-75.68032538857084,-743.089015189905,-75.67314909692318
0,0,inverse_num_params,subsample,32.0,-75.72472560378105,-75.68032538857084,-263.6731111072682,-75.6927997214412
0,0,inverse_num_params,subsample,33.0,-75.71064033764262,-75.68032538857084,9.942576698400087,-75.69957477720595
0,0,inverse_num_params,subsample,34.0,-75.72472560378105,-75.68032538857084,-780.5431856150176,-75.6691492705817
0,0,inverse_num_params,subsample,35.0,-75.70996698362828,-75.69203029710116,275.0644734684896,-75.71300212970739
0,0,inverse_num_params,subsample,36.0,-75.72472560378105,-75.68032538857084,-91.57089588477051,-75.69597888774236
0,0,inverse_num_params,subsample,37.0,-75.72472560378105,-75.68773771283301,-116.86659430311617,-75.69895488965152
0,0,inverse_num_params,subsample,38.0,-75.72472560378105,-75.69203029710116,-66.24725494465055,-75.70374893873564
0,0,inverse_num_params,subsample,39.0,-75.71064033764262,-75.68773771283301,212.1941010845115,-75.70930467085371
0,0,inverse_num_params,subsample,40.0,-75.71968309929453,-75.68773771283301,-73.82626792060606,-75.6994884403522
0,0,inverse_num_params,subsample,41.0,-75.72472560378105,-75.68032538857084,-818.2529145902594,-75.67042835278157
0,0,inverse_num_params,subsample,42.0,-75.72472560378105,-75.68773771283301,-43.158123689739455,-75.7001952735216
0,0,inverse_num_params,subsample,43.0,-75.72472560378105,-75.69436029704306,267.007068865027,-75.71562424343972
0,0,inverse_num_params,subsample,44.0,-75.71968309929453,-75.69436029704306,-23.165637603235226,-75.70286172464994
0,0,inverse_num_params,subsample,45.0,-75.72472560378105,-75.69436029704306,-234.10173287776882,-75.6964056508378
0,0,inverse_num_params,subsample,46.0,-75.70985883914489,-75.68032538857084,-87.48324070829484,-75.69161339805456
0,0,inverse_num_params,subsample,47.0,-75.72472560378105,-75.69319604031449,-341.09813454545645,-75.69079446175284
0,0,inverse_num_params,subsample,48.0,-75.72232198481616,-75.68773771283301,-548.6293986499261,-75.68041402837407
0,0,inverse_num_params,subsample,49.0,-75.71968309929453,-75.69203029710116,81.7650224107162,-75.70647386343266
0,0,inverse_num_params,subsample,50.0,-75.72472560378105,-75.68773771283301,-127.61563246403739,-75.69988255310945
0,0,inverse_num_params,subsample,51.0,-75.70996698362828,-75.69436029704306,305.08263695566467,-75.71459791942829
0,0,inverse_num_params,subsample,52.0,-75.72472560378105,-75.68032538857084,-830.9936195051628,-75.67019153491412
0,0,inverse_num_params,subsample,53.0,-75.71968309929453,-75.68773771283301,-195.5801802681438,-75.69505380866765
0,0,inverse_num_params,subsample,54.0,-75.72472560378105,-75.68032538857084,-64.42725355584847,-75.69762710681964
0,0,inverse_num_params,subsample,55.0,-75.72472560378105,-75.68032538857084,-679.5164005897692,-75.67339045874581
0,0,inverse_num_params,subsample,56.0,-75.72472560378105,-75.69203029710116,152.835199287368,-75.71342881152198
0,0,inverse_num_params,subsample,57.0,-75.72472560378105,-75.69319604031449,-652.7842549601627,-75.67742860705799
0,0,inverse_num_params,subsample,58.0,-75.71064033764262,-75.68773771283301,237.56036771196412,-75.70887723809135
0,0,inverse_num_params,subsample,59.0,-75.72232198481616,-75.69203029710116,38.138884196659056,-75.70456927141772
0,0,inverse_num_params,subsample,60.0,-75.71064033764262,-75.68032538857084,8.39127418523202,-75.69869699157532
0,0,inverse_num_params,subsample,61.0,-75.71064033764262,-75.68773771283301,231.6349500086876,-75.70930594250488
0,0,inverse_num_params,subsample,62.0,-75.72472560378105,-75.69203029710116,-6.072195819914414,-75.70697235579497
0,0,inverse_num_params,subsample,63.0,-75.72232198481616,-75.68773771283301,-282.7460407825304,-75.69352001661298
0,0,inverse_num_params,subsample,64.0,-75.72472560378105,-75.68773771283301,-665.2583030159141,-75.67659749528737
0,0,inverse_num_params,subsample,65.0,-75.72472560378105,-75.69203029710116,246.65059194115176,-75.71337173774019
0,0,inverse_num_params,subsample,66.0,-75.71968309929453,-75.68032538857084,-648.602737268326,-75.67360780781937
0,0,inverse_num_params,subsample,67.0,-75.72472560378105,-75.68032538857084,-313.3644188234896,-75.68711845814308
0,0,inverse_num_params,subsample,68.0,-75.72472560378105,-75.68032538857084,-960.0745777712393,-75.66474084255323
0,0,inverse_num_params,subsample,69.0,-75.72472560378105,-75.69203029710116,-6.093260831214876,-75.70683003251384
0,0,inverse_num_params,subsample,70.0,-75.72472560378105,-75.68032538857084,-161.48494310811918,-75.69076934961038
0,0,inverse_num_params,subsample,71.0,-75.71968309929453,-75.68773771283301,-414.68812928544975,-75.68525882342624
0,0,inverse_num_params,subsample,72.0,-75.72472560378105,-75.68773771283301,-636.621702326652,-75.67948699256392
0,0,inverse_num_params,subsample,73.0,-75.71968309929453,-75.68032538857084,-187.31465495192106,-75.69444648999124
0,0,inverse_num_params,subsample,74.0,-75.72472560378105,-75.69448023119612,-441.3446877396312,-75.68914606510644
0,0,inverse_num_params,subsample,75.0,-75.72472560378105,-75.68032538857084,-774.2332477581198,-75.67590478716824
0,0,inverse_num_params,subsample,76.0,-75.72472560378105,-75.68032538857084,-526.3599315524366,-75.68109155517963
0,0,inverse_num_params,subsample,77.0,-75.72472560378105,-75.68032538857084,-135.94070339156463,-75.69632116698087
0,0,inverse_num_params,subsample,78.0,-75.71064033764262,-75.69203029710116,358.5540779388235,-75.71636245054829
0,0,inverse_num_params,subsample,79.0,-75.72232198481616,-75.68032538857084,-636.8336181672021,-75.67695930688946
0,0,inverse_num_params,subsample,80.0,-75.72472560378105,-75.68032538857084,-266.0840488380356,-75.69337776281195
0,0,inverse_num_params,subsample,81.0,-75.72472560378105,-75.69448023119612,-77.7783698528268,-75.70295249438736
0,0,inverse_num_params,subsample,82.0,-75.72472560378105,-75.68773771283301,-767.6351287987328,-75.67158593883903
0,0,inverse_num_params,subsample,83.0,-75.72472560378105,-75.68032538857084,-769.866587175129,-75.67271595424582
0,0,inverse_num_params,subsample,84.0,-75.72232198481616,-75.68773771283301,-58.562350155889334,-75.70071232416207
0,0,inverse_num_params,subsample,85.0,-75.71064033764262,-75.68032538857084,-133.86439882159226,-75.69634209062806
0,0,inverse_num_params,subsample,86.0,-75.72472560378105,-75.68032538857084,-49.227012180697336,-75.70076952055904
0,0,inverse_num_params,subsample,87.0,-75.71968309929453,-75.68773771283301,-42.217257628016135,-75.70013434844248
0,0,inverse_num_params,subsample,88.0,-75.72472560378105,-75.68032538857084,-641.4356421294258,-75.67609457611219
0,0,inverse_num_params,subsample,89.0,-75.71968309929453,-75.68773771283301,-427.1246630539712,-75.68490702441059
0,0,inverse_num_params,subsample,90.0,-75.72232198481616,-75.68032538857084,-308.239888669397,-75.68671058520957
0,0,inverse_num_params,subsample,91.0,-75.72232198481616,-75.69319604031449,-441.4800273877562,-75.68882527122791
0,0,inverse_num_params,subsample,92.0,-75.72472560378105,-75.69448023119612,-607.009565560514,-75.67970242529692
0,0,inverse_num_params,subsample,93.0,-75.72472560378105,-75.69319604031449,322.4717526154707,-75.71759872139202
0,0,inverse_num_params,subsample,94.0,-75.72472560378105,-75.68032538857084,-480.8473564149407,-75.68090821715641
0,0,inverse_num_params,subsample,95.0,-75.72472560378105,-75.68773771283301,-637.4804815550407,-75.67801203127479
0,0,inverse_num_params,subsample,96.0,-75.71968309929453,-75.68032538857084,-132.85208466201388,-75.69349669708903
0,0,inverse_num_params,subsample,97.0,-75.72472560378105,-75.68032538857084,-307.8841697799428,-75.6888911398437
0,0,inverse_num_params,subsample,98.0,-75.72472560378105,-75.68773771283301,-888.2747367510037,-75.66292422288754
0,0,inverse_num_params,subsample,99.0,-75.72472560378105,-75.68032538857084,-700.4661410386825,-75.67159155008623
0,1,variance,global,,-72.6865381741363,-72.65386960055977,-0.03190024668646215,-72.66366484417816
0,1,variance,subsample,0.0,-72.6865381741363,-72.65662355874181,0.17068674101881406,-72.67098889931572
0,1,variance,subsample,1.0,-72.6865381741363,-72.65386960055977,-0.5316289509879665,-72.65454986993245
0,1,variance,subsample,2.0,-72.67917649452943,-72.65386960055977,0.18186123078273578,-72.66707023334855
0,1,variance,subsample,3.0,-72.6865381741363,-72.65386960055977,-0.24762126096778314,-72.66100136861732
0,1,variance,subsample,4.0,-72.67342662994398,-72.65427480079252,-0.2399699958345017,-72.65812190328491
0,1,variance,subsample,5.0,-72.67237461092907,-72.65427480079252,0.02711666259308231,-72.66186844306421
0,1,variance,subsample,6.0,-72.6865381741363,-72.65427480079252,-0.20900198994857935,-72.65890271452987
0,1,variance,subsample,7.0,-72.67772442520953,-72.65386960055977,-0.05718527997900711,-72.66319275871774
0,1,variance,subsample,8.0,-72.6725357528342,-72.65386960055977,-0.1397443053955387,-72.65818847628749
0,1,variance,subsample,9.0,-72.6865381741363,-72.65501679450594,-0.02655523602637706,-72.66411465373969
0,1,variance,subsample,10.0,-72.6865381741363,-72.65386960055977,-0.07353510657839152,-72.66154581395479
0,1,variance,subsample,11.0,-72.67917649452943,-72.65427480079252,-0.15385251738439373,-72.66396941496151
0,1,variance,subsample,12.0,-72.67342662994398,-72.65386960055977,-0.22530021710597548,-72.65762809882355
0,1,variance,subsample,13.0,-72.67772442520953,-72.65427480079252,0.053839735105125325,-72.66373600143662
0,1,variance,subsample,14.0,-72.67917649452943,-72.65386960055977,-0.011082954400765847,-72.66567791060662
0,1,variance,subsample,15.0,-72.6865381741363,-72.65386960055977,-0.4353739045443462,-72.65625991609853
0,1,variance,subsample,16.0,-72.67222113078768,-72.65386960055977,-0.12008882029538871,-72.65838570138791
0,1,variance,subsample,17.0,-72.67917649452943,-72.65386960055977,0.09669915772905124,-72.66641685313712
0,1,variance,subsample,18.0,-72.6865381741363,-72.65386960055977,-0.20871201686967428,-72.66073508040874
0,1,variance,subsample,19.0,-72.67772442520953,-72.65386960055977,0.16015271949088958,-72.6645688344054
0,1,variance,subsample,20.0,-72.67342662994398,-72.65386960055977,-0.07831617533807177,-72.6613982650673
0,1,variance,subsample,21.0,-72.67237461092907,-72.65501679450594,-0.005410065833093324,-72.66256498282922
0,1,variance,subsample,22.0,-72.67917649452943,-72.6549484306756,0.38851908665172885,-72.67184192650265
0,1,variance,subsample,23.0,-72.67772442520953,-72.65386960055977,-0.25988255052657344,-72.65831525277807
0,1,variance,subsample,24.0,-72.6865381741363,-72.65386960055977,0.047396600284175354,-72.66665687047171
0,1,variance,subsample,25.0,-72.67342662994398,-72.65386960055977,-0.31737135619950446,-72.65570837455766
0,1,variance,subsample,26.0,-72.67342662994398,-72.65386960055977,-0.22797911080922753,-72.65653323852106
0,1,variance,subsample,27.0,-72.67772442520953,-72.65427480079252,-0.3826877348689805,-72.65778973732716
0,1,variance,subsample,28.0,-72.6865381741363,-72.65386960055977,-0.23545313399859932,-72.6572988867567
0,1,variance,subsample,29.0,-72.6865381741363,-72.65386960055977,-0.9086144687177754,-72.64903179491508
0,1,variance,subsample,30.0,-72.67917649452943,-72.65386960055977,0.08446329990332205,-72.66449617073211
0,1,variance,subsample,31.0,-72.67917649452943,-72.65386960055977,0.1758581802812851,-72.6654097740176
0,1,variance,subsample,32.0,-72.6865381741363,-72.65386960055977,-0.2812370415007238,-72.6612106539338
0,1,variance,subsample,33.0,-72.67772442520953,-72.65662355874181,0.2548294403738106,-72.67103294014811
0,1,variance,subsample,34.0,-72.6865381741363,-72.65427480079252,-0.05759962225529832,-72.66464070274812
0,1,variance,subsample,35.0,-72.6865381741363,-72.65386960055977,-0.6113385631659851,-72.65262654582791
0,1,variance,subsample,36.0,-72.6865381741363,-72.65501679450594,-0.07676358916015946,-72.66491776524047
0,1,variance,subsample,37.0,-72.67772442520953,-72.65427480079252,-0.010154598323403395,-72.66193818241834
0,1,variance,subsample,38.0,-72.6725357528342,-72.65386960055977,0.07324851207597982,-72.66260081244712
0,1,variance,subsample,39.0,-72.67917649452943,-72.65427480079252,0.2076995983196233,-72.6689039008717
0,1,variance,subsample,40.0,-72.6865381741363,-72.65427480079252,-0.08360335180241536,-72.66040386902418
0,1,variance,subsample,41.0,-72.6865381741363,-72.65386960055977,0.054757493785137376,-72.66560524086823
0,1,variance,subsample,42.0,-72.6865381741363,-72.65386960055977,-0.7905180777250104,-72.64859444187171
0,1,variance,subsample,43.0,-72.67917649452943,-72.65386960055977,0.17511055762976493,-72.6675772803021
0,1,variance,subsample,44.0,-72.6865381741363,-72.65386960055977,-0.23482874228951522,-72.65930405152126
0,1,variance,subsample,45.0,-72.67917649452943,-72.65386960055977,0.263710506444461,-72.6689558824833
0,1,variance,subsample,46.0,-72.6865381741363,-72.65662355874181,0.1829009813745019,-72.67196523691099
0,1,variance,subsample,47.0,-72.6865381741363,-72.65427480079252,-0.25167057371999857,-72.65849410995753
0,1,variance,subsample,48.0,-72.6865381741363,-72.65501679450594,-0.04362579578001964,-72.66672401607968
0,1,variance,subsample,49.0,-72.67917649452943,-72.65386960055977,0.15750692719779805,-72.66533455102538
0,1,variance,subsample,50.0,-72.6865381741363,-72.65662355874181,-0.01120296359445945,-72.66642062247587
0,1,variance,subsample,51.0,-72.67917649452943,-72.65427480079252,0.06225978365157828,-72.66611704946268
0,1,variance,subsample,52.0,-72.67772442520953,-72.65386960055977,-0.08200926049579968,-72.66243005222313
0,1,variance,subsample,53.0,-72.6865381741363,-72.65501679450594,0.04773246720852664,-72.66891628629556
0,1,variance,subsample,54.0,-72.6865381741363,-72.65386960055977,-0.22643287219330846,-72.66129909924356
0,1,variance,subsample,55.0,-72.67772442520953,-72.65427480079252,-0.1873962293978578,-72.65989249406962
0,1,variance,subsample,56.0,-72.6865381741363,-72.65662355874181,0.33226310835399137,-72.67527688352925
0,1,variance,subsample,57.0,-72.67772442520953,-72.65386960055977,-0.0006117923843764204,-72.66269187866523
0,1,variance,subsample,58.0,-72.67917649452943,-72.65386960055977,0.1937601235638594,-72.66510859536335
0,1,variance,subsample,59.0,-72.6865381741363,-72.65427480079252,-0.18044646035999956,-72.65957862291246
0,1,variance,subsample,60.0,-72.67917649452943,-72.65427480079252,0.48856675915552034,-72.67512091875345
0,1,variance,subsample,61.0,-72.67917649452943,-72.65386960055977,0.2821659271129939,-72.67114799925494
0,1,variance,subsample,62.0,-72.6865381741363,-72.65386960055977,-0.327730741516195,-72.65834207212762
0,1,variance,subsample,63.0,-72.6865381741363,-72.65501679450594,-0.06458368082323772,-72.66573143639474
0,1,variance,subsample,64.0,-72.6725357528342,-72.65386960055977,0.07473375912026926,-72.66271532501406
0,1,variance,subsample,65.0,-72.67342662994398,-72.65386960055977,-0.19226848062934104,-72.65668965138701
0,1,variance,subsample,66.0,-72.6865381741363,-72.65427480079252,0.04458860837084352,-72.66726996590714
0,1,variance,subsample,67.0,-72.67772442520953,-72.65662355874181,0.00976640475471105,-72.66546777633653
0,1,variance,subsample,68.0,-72.6865381741363,-72.65386960055977,0.0833131810506691,-72.66865324508237
0,1,variance,subsample,69.0,-72.6865381741363,-72.6549484306756,-0.2314037571022609,-72.66371730580217
0,1,variance,subsample,70.0,-72.6865381741363,-72.65386960055977,-0.22638657417820185,-72.6591389233461
0,1,variance,subsample,71.0,-72.67342662994398,-72.65386960055977,-0.01338848442528128,-72.66276460513704
0,1,variance,subsample,72.0,-72.6865381741363,-72.65682567670721,0.31295057478793087,-72.67400231362451
0,1,variance,subsample,73.0,-72.67917649452943,-72.65427480079252,0.11711692769510136,-72.66723163677747
0,1,variance,subsample,74.0,-72.67917649452943,-72.65386960055977,-0.05481663928496033,-72.66249441151756
0,1,variance,subsample,75.0,-72.6865381741363,-72.65386960055977,-0.2888301025023822,-72.65853381465706
0,1,variance,subsample,76.0,-72.6865381741363,-72.65386960055977,-0.4028392029211722,-72.65458553947188
0,1,variance,subsample,77.0,-72.67772442520953,-72.65736229947274,0.2712506244604817,-72.67254300500714
0,1,variance,subsample,78.0,-72.6865381741363,-72.65682567670721,0.30316053352846356,-72.67265537722483
0,1,variance,subsample,79.0,-72.67342662994398,-72.65386960055977,-0.21696773008321654,-72.65428730821291
0,1,variance,subsample,80.0,-72.67237461092907,-72.65386960055977,-0.09819304947224855,-72.65889455649736
0,1,variance,subsample,81.0,-72.6865381741363,-72.65662355874181,0.13122927367083226,-72.66937641899511
0,1,variance,subsample,82.0,-72.67917649452943,-72.6549484306756,0.30060042996251984,-72.66796727732037
0,1,variance,subsample,83.0,-72.67772442520953,-72.65386960055977,-0.23653508302011303,-72.6580052184314
0,1,variance,subsample,84.0,-72.6865381741363,-72.6549484306756,-0.1223260855259271,-72.66373418273976
0,1,variance,subsample,85.0,-72.67917649452943,-72.65386960055977,0.14929472053931797,-72.66538215286134
0,1,variance,subsample,86.0,-72.6865381741363,-72.65662355874181,-0.003423468888524296,-72.66432026755365
0,1,variance,subsample,87.0,-72.6865381741363,-72.65386960055977,-0.4884674421467681,-72.65661459221184
0,1,variance,subsample,88.0,-72.6865381741363,-72.65386960055977,-0.2101569631778328,-72.6606724173773
0,1,variance,subsample,89.0,-72.67917649452943,-72.65662355874181,0.4766139598831679,-72.67751276718838
0,1,variance,subsample,90.0,-72.6865381741363,-72.65427480079252,-0.059470176359297154,-72.66245056162134
0,1,variance,subsample,91.0,-72.6865381741363,-72.65386960055977,-0.6816562299491015,-72.64992203359596
0,1,variance,subsample,92.0,-72.67772442520953,-72.65427480079252,-0.014009267615145015,-72.66368054414109
0,1,variance,subsample,93.0,-72.6865381741363,-72.65386960055977,-0.24083437777017136,-72.66302687852321
0,1,variance,subsample,94.0,-72.67917649452943,-72.65427480079252,0.18764785995014338,-72.66766036808988
0,1,variance,subsample,95.0,-72.6865381741363,-72.65386960055977,-0.03555938380154902,-72.66494974339375
0,1,variance,subsample,96.0,-72.6865381741363,-72.65386960055977,-0.34122670075820194,-72.65704838833015
0,1,variance,subsample,97.0,-72.6865381741363,-72.65386960055977,-0.04674712861608989,-72.66724326450407
0,1,variance,subsample,98.0,-72.67342662994398,-72.65386960055977,-0.0016683437937498086,-72.66242147301979
0,1,variance,subsample,99.0,-72.67917649452943,-72.65386960055977,0.30335337664548184,-72.669567309617
0,1,inverse_num_params,global,,-72.6865381741363,-72.65386960055977,46.32596399068057,-72.66638403469955
0,1,inverse_num_params,subsample,0.0,-72.67772442520953,-72.65427480079252,-156.2383060261414,-72.65610237441405
0,1,inverse_num_params,subsample,1.0,-72.6865381741363,-72.65386960055977,-171.60255302526528,-72.65916524941557
0,1,inverse_num_params,subsample,2.0,-72.67917649452943,-72.65386960055977,164.60970878848877,-72.66855804057808
0,1,inverse_num_params,subsample,3.0,-72.6865381741363,-72.65501679450594,35.53531388988658,-72.66965468866405
0,1,inverse_num_params,subsample,4.0,-72.6865381741363,-72.6549484306756,-313.7515748438624,-72.65413442430908
0,1,inverse_num_params,subsample,5.0,-72.67772442520953,-72.65386960055977,142.3668404079762,-72.67007232029144
0,1,inverse_num_params,subsample,6.0,-72.67342662994398,-72.65386960055977,63.14867740096812,-72.66493269324243
0,1,inverse_num_params,subsample,7.0,-72.6865381741363,-72.65386960055977,-52.04581288190499,-72.66347262220536
0,1,inverse_num_params,subsample,8.0,-72.6865381741363,-72.6549484306756,-264.3657741644636,-72.65407530874629
0,1,inverse_num_params,subsample,9.0,-72.6865381741363,-72.65427480079252,-198.23477195700113,-72.65763485072146
0,1,inverse_num_params,subsample,10.0,-72.67917649452943,-72.65501679450594,9.24771997023432,-72.6664947287583
0,1,inverse_num_params,subsample,11.0,-72.67772442520953,-72.65386960055977,27.03111333637746,-72.66501401639844
0,1,inverse_num_params,subsample,12.0,-72.67772442520953,-72.65427480079252,-31.659892962325472,-72.66129211613874
0,1,inverse_num_params,subsample,13.0,-72.67917649452943,-72.65386960055977,60.882968427036204,-72.66797902221987
0,1,inverse_num_params,subsample,14.0,-72.6865381741363,-72.6549484306756,-286.9222344662625,-72.65291992676714
0,1,inverse_num_params,subsample,15.0,-72.67917649452943,-72.65386960055977,-16.249891024838185,-72.66268377364129
0,1,inverse_num_params,subsample,16.0,-72.6865381741363,-72.65501679450594,68.26727560390363,-72.66925525521525
0,1,inverse_num_params,subsample,17.0,-72.67917649452943,-72.65427480079252,-84.58716456734967,-72.66259473545107
0,1,inverse_num_params,subsample,18.0,-72.67772442520953,-72.65427480079252,-273.4769032110549,-72.65299716024295
0,1,inverse_num_params,subsample,19.0,-72.67917649452943,-72.65386960055977,111.71877476645268,-72.6703162946286
0,1,inverse_num_params,subsample,20.0,-72.6865381741363,-72.65386960055977,33.44076581289916,-72.66708766439166
0,1,inverse_num_params,subsample,21.0,-72.6865381741363,-72.65501679450594,-17.01910718240996,-72.66455000299014
0,1,inverse_num_params,subsample,22.0,-72.67772442520953,-72.65501679450594,-110.24865228372417,-72.6598452430023
0,1,inverse_num_params,subsample,23.0,-72.67917649452943,-72.65386960055977,157.1709922939235,-72.66922256158595
0,1,inverse_num_params,subsample,24.0,-72.67772442520953,-72.65386960055977,-166.8538557968591,-72.656914071691
0,1,inverse_num_params,subsample,25.0,-72.6865381741363,-72.6549484306756,-141.0478822431742,-72.66023477109859
0,1,inverse_num_params,subsample,26.0,-72.67772442520953,-72.65501679450594,-3.571327753943136,-72.66359053910237
0,1,inverse_num_params,subsample,27.0,-72.67772442520953,-72.65386960055977,-130.3845919995388,-72.65730537059521
0,1,inverse_num_params,subsample,28.0,-72.67917649452943,-72.65427480079252,-136.97695704335166,-72.6582099897566
0,1,inverse_num_params,subsample,29.0,-72.6865381741363,-72.6549484306756,-38.02241735521005,-72.66430991179115
0,1,inverse_num_params,subsample,30.0,-72.67917649452943,-72.65386960055977,237.61379929865004,-72.67592844611079
0,1,inverse_num_params,subsample,31.0,-72.67917649452943,-72.65386960055977,314.5531646051289,-72.67500932450271
0,1,inverse_num_params,subsample,32.0,-72.6865381741363,-72.65427480079252,-8.72095017578621,-72.665196122471
0,1,inverse_num_params,subsample,33.0,-72.6865381741363,-72.65662355874181,-265.695388356018,-72.655072766917
0,1,inverse_num_params,subsample,34.0,-72.67237461092907,-72.65386960055977,-49.60191325863699,-72.65890403211088
0,1,inverse_num_params,subsample,35.0,-72.67342662994398,-72.65501679450594,71.72183086061882,-72.6663240934645
0,1,inverse_num_params,subsample,36.0,-72.6725357528342,-72.65386960055977,15.89976809714444,-72.6642823534215
0,1,inverse_num_params,subsample,37.0,-72.67917649452943,-72.6549484306756,5.998380878807827,-72.66464987938708
0,1,inverse_num_params,subsample,38.0,-72.6725357528342,-72.65386960055977,6.611399562517805,-72.66119243312465
0,1,inverse_num_params,subsample,39.0,-72.67917649452943,-72.6549484306756,168.83099379456726,-72.67201967123847
0,1,inverse_num_params,subsample,40.0,-72.67917649452943,-72.65427480079252,162.97798463467632,-72.66762138172341
0,1,inverse_num_params,subsample,41.0,-72.67342662994398,-72.65386960055977,-94.22756925201504,-72.65732336955084
0,1,inverse_num_params,subsample,42.0,-72.6865381741363,-72.65501679450594,-58.045328950716616,-72.66513070856824
0,1,inverse_num_params,subsample,43.0,-72.6865381741363,-72.65427480079252,106.12665972713103,-72.66978599956772
0,1,inverse_num_params,subsample,44.0,-72.6865381741363,-72.65501679450594,65.69963622467907,-72.66765797488318
0,1,inverse_num_params,subsample,45.0,-72.67772442520953,-72.6549484306756,-184.3844255295012,-72.65509014976585
0,1,inverse_num_params,subsample,46.0,-72.67917649452943,-72.65427480079252,-32.949119129405055,-72.6618604968325
0,1,inverse_num_params,subsample,47.0,-72.6865381741363,-72.65736229947274,-42.93220196501751,-72.66709479567132
0,1,inverse_num_params,subsample,48.0,-72.6865381741363,-72.65386960055977,102.14013757128824,-72.6719979485604
0,1,inverse_num_params,subsample,49.0,-72.67917649452943,-72.65386960055977,144.17597921186848,-72.67086426896546
0,1,inverse_num_params,subsample,50.0,-72.6865381741363,-72.65386960055977,139.18169696847588,-72.66939121424512
0,1,inverse_num_params,subsample,51.0,-72.6865381741363,-72.6549484306756,-155.98378621066422,-72.66046038970597
0,1,inverse_num_params,subsample,52.0,-72.67917649452943,-72.65386960055977,133.80334811625286,-72.67040842588177
0,1,inverse_num_params,subsample,53.0,-72.6865381741363,-72.65427480079252,-29.315404152628986,-72.66198391364097
0,1,inverse_num_params,subsample,54.0,-72.6865381741363,-72.65386960055977,438.0203029288052,-72.68552536532339
0,1,inverse_num_params,subsample,55.0,-72.6725357528342,-72.65427480079252,37.534198093183214,-72.66318883228429
0,1,inverse_num_params,subsample,56.0,-72.67342662994398,-72.65386960055977,230.36244729278494,-72.67274643728108
0,1,inverse_num_params,subsample,57.0,-72.67772442520953,-72.65427480079252,47.759982184577645,-72.66715183416247
0,1,inverse_num_params,subsample,58.0,-72.67917649452943,-72.65386960055977,-71.35405292384029,-72.6597140417126
0,1,inverse_num_params,subsample,59.0,-72.6865381741363,-72.65386960055977,223.29696654909637,-72.67586897695475
0,1,inverse_num_params,subsample,60.0,-72.6865381741363,-72.65386960055977,421.7337362807328,-72.68226632409701
0,1,inverse_num_params,subsample,61.0,-72.6865381741363,-72.65427480079252,295.1310950348633,-72.67893377648076
0,1,inverse_num_params,subsample,62.0,-72.6865381741363,-72.65427480079252,130.84745310458607,-72.67197594383225
0,1,inverse_num_params,subsample,63.0,-72.67917649452943,-72.65736229947274,-189.32286262014537,-72.65960686752068
0,1,inverse_num_params,subsample,64.0,-72.6865381741363,-72.65501679450594,-16.984953561789172,-72.66534168913964
0,1,inverse_num_params,subsample,65.0,-72.67772442520953,-72.65386960055977,-178.20791992046813,-72.65364566260627
0,1,inverse_num_params,subsample,66.0,-72.6865381741363,-72.65427480079252,-27.839724396607366,-72.6638542032193
0,1,inverse_num_params,subsample,67.0,-72.67917649452943,-72.65427480079252,42.68997656285854,-72.66586987905094
0,1,inverse_num_params,subsample,68.0,-72.6865381741363,-72.65427480079252,98.69190690155757,-72.66837718917445
0,1,inverse_num_params,subsample,69.0,-72.6865381741363,-72.65386960055977,134.21501069962127,-72.67049175962939
0,1,inverse_num_params,subsample,70.0,-72.67917649452943,-72.65386960055977,423.17560741969464,-72.68631745306968
0,1,inverse_num_params,subsample,71.0,-72.67917649452943,-72.65386960055977,42.514481775413174,-72.66834073834691
0,1,inverse_num_params,subsample,72.0,-72.6865381741363,-72.65386960055977,105.69398398160138,-72.67002386290832
0,1,inverse_num_params,subsample,73.0,-72.6865381741363,-72.65662355874181,-286.37694225223646,-72.65533766908938
0,1,inverse_num_params,subsample,74.0,-72.6865381741363,-72.65427480079252,-99.38972623414841,-72.66294812404266
0,1,inverse_num_params,subsample,75.0,-72.6865381741363,-72.65386960055977,67.56352317094183,-72.66684868133841
0,1,inverse_num_params,subsample,76.0,-72.6865381741363,-72.65501679450594,230.6982495525155,-72.67636238983519
0,1,inverse_num_params,subsample,77.0,-72.67772442520953,-72.6549484306756,-208.0178309595547,-72.65317880778039
0,1,inverse_num_params,subsample,78.0,-72.67342662994398,-72.65427480079252,178.4804885328089,-72.66967207394133
0,1,inverse_num_params,subsample,79.0,-72.67772442520953,-72.65427480079252,21.18405683643682,-72.66492478441765
0,1,inverse_num_params,subsample,80.0,-72.67917649452943,-72.65386960055977,209.0511549551337,-72.67009143241273
0,1,inverse_num_params,subsample,81.0,-72.67917649452943,-72.65386960055977,-82.9167947337905,-72.66117117466293
0,1,inverse_num_params,subsample,82.0,-72.67772442520953,-72.65386960055977,112.85247464334817,-72.66872641806302
0,1,inverse_num_params,subsample,83.0,-72.67917649452943,-72.6549484306756,138.59333811494577,-72.6694712690591
0,1,inverse_num_params,subsample,84.0,-72.6725357528342,-72.65386960055977,93.40292693309429,-72.66485192040514
0,1,inverse_num_params,subsample,85.0,-72.6865381741363,-72.65386960055977,217.62593214202172,-72.67270405263257
0,1,inverse_num_params,subsample,86.0,-72.67237461092907,-72.65386960055977,-24.366520874297798,-72.66143630469396
0,1,inverse_num_params,subsample,87.0,-72.6865381741363,-72.65427480079252,-233.96293353998232,-72.65637262407964
0,1,inverse_num_params,subsample,88.0,-72.6725357528342,-72.65386960055977,50.4863556534611,-72.66433200696795
0,1,inverse_num_params,subsample,89.0,-72.67917649452943,-72.65386960055977,113.95692608391869,-72.66867902954587
0,1,inverse_num_params,subsample,90.0,-72.67772442520953,-72.65427480079252,-152.34402868816798,-72.65790842092531
0,1,inverse_num_params,subsample,91.0,-72.6865381741363,-72.65386960055977,107.3628228831447,-72.66790516788983
0,1,inverse_num_params,subsample,92.0,-72.6865381741363,-72.65386960055977,77.55481011568034,-72.67013095519187
0,1,inverse_num_params,subsample,93.0,-72.67772442520953,-72.65386960055977,140.47198250277174,-72.66972970009111
0,1,inverse_num_params,subsample,94.0,-72.6865381741363,-72.65386960055977,38.55734708730903,-72.66562007048962
0,1,inverse_num_params,subsample,95.0,-72.6865381741363,-72.65427480079252,118.22499637909384,-72.6673046545233
0,1,inverse_num_params,subsample,96.0,-72.67772442520953,-72.65427480079252,-32.33944572456285,-72.66187828912526
0,1,inverse_num_params,subsample,97.0,-72.67917649452943,-72.65386960055977,387.79730805672006,-72.68170343103203
0,1,inverse_num_params,subsample,98.0,-72.67917649452943,-72.65740904396282,-5.840775995524749,-72.66601010234871
0,1,inverse_num_params,subsample,99.0,-72.6865381741363,-72.6549484306756,-193.90571579772035,-72.65844775960225
1,0,variance,global,,-71.65656922930663,-71.60828671991344,0.5137149449332998,-71.6451767991818
1,0,variance,subsample,0.0,-71.65656922930663,-71.60828671991344,0.9598435388398238,-71.65385272365208
1,0,variance,subsample,1.0,-71.65543862320614,-71.60828671991344,0.5184842102670839,-71.64502551681832
1,0,variance,subsample,2.0,-71.65656922930663,-71.60828671991344,0.6623828445778527,-71.64755981998957
1,0,variance,subsample,3.0,-71.65520537002543,-71.60828671991344,0.6113554847623581,-71.64666218782766
1,0,variance,subsample,4.0,-71.65656922930663,-71.61346911285062,0.5588566906932134,-71.64762698706718
1,0,variance,subsample,5.0,-71.65656922930663,-71.60828671991344,0.73025227822749,-71.65190083492546
1,0,variance,subsample,6.0,-71.65656922930663,-71.60828671991344,0.7870475104496262,-71.65232979832328
1,0,variance,subsample,7.0,-71.65656922930663,-71.60828671991344,0.8143348791556922,-71.65258312929602
1,0,variance,subsample,8.0,-71.65543862320614,-71.60828671991344,0.6310256186261882,-71.64976997966647
1,0,variance,subsample,9.0,-71.65543862320614,-71.61497637540987,0.3555207710404115,-71.64430855917462
1,0,variance,subsample,10.0,-71.65656922930663,-71.60828671991344,0.8662955183370946,-71.65397469631012
1,0,variance,subsample,11.0,-71.65656922930663,-71.61346911285062,0.4144683909906252,-71.64424253357171
1,0,variance,subsample,12.0,-71.65656922930663,-71.60828671991344,0.5566716568821282,-71.64590531074391
1,0,variance,subsample,13.0,-71.65543862320614,-71.60828671991344,0.6201167344286086,-71.646364549822
1,0,variance,subsample,14.0,-71.65656922930663,-71.61233654305259,0.45312110531517247,-71.64626641550967
1,0,variance,subsample,15.0,-71.65656922930663,-71.61233654305259,0.7409853225009355,-71.65177037905785
1,0,variance,subsample,16.0,-71.65656922930663,-71.60828671991344,0.8653954823319084,-71.65250584648138
1,0,variance,subsample,17.0,-71.65521594125286,-71.61233654305259,0.10840480095033544,-71.64115775977629
1,0,variance,subsample,18.0,-71.65521594125286,-71.60828671991344,0.6031629086274963,-71.64504575399313
1,0,variance,subsample,19.0,-71.65656922930663,-71.60828671991344,0.7140974820024838,-71.64760102563808
1,0,variance,subsample,20.0,-71.65656922930663,-71.60828671991344,0.6494623141850504,-71.64514210579544
1,0,variance,subsample,21.0,-71.65543862320614,-71.60828671991344,0.20582349943204262,-71.63953128585663
1,0,variance,subsample,22.0,-71.65521594125286,-71.60828671991344,0.6700033762677688,-71.65036992548531
1,0,variance,subsample,23.0,-71.65656922930663,-71.61233654305259,0.4705371756504065,-71.6410124242291
1,0,variance,subsample,24.0,-71.65656922930663,-71.60828671991344,0.5659714777004614,-71.64378717746686
1,0,variance,subsample,25.0,-71.65543862320614,-71.61497637540987,0.4087201655386291,-71.64531177678265
1,0,variance,subsample,26.0,-71.65656922930663,-71.60828671991344,0.45269824626113964,-71.64294520892426
1,0,variance,subsample,27.0,-71.65656922930663,-71.60828671991344,0.49412648633604556,-71.64555948175804
1,0,variance,subsample,28.0,-71.65362348098867,-71.60828671991344,0.46902652775254683,-71.64201826670379
1,0,variance,subsample,29.0,-71.65656922930663,-71.60828671991344,0.8433738800653451,-71.65394821324686
1,0,variance,subsample,30.0,-71.65543862320614,-71.61497637540987,0.40370379809518775,-71.64564134456234
1,0,variance,subsample,31.0,-71.65656922930663,-71.61233654305259,0.5024642533833101,-71.64581823803731
1,0,variance,subsample,32.0,-71.65656922930663,-71.60828671991344,0.6491193347859084,-71.64864088712709
1,0,variance,subsample,33.0,-71.65656922930663,-71.60828671991344,0.8649637571836998,-71.65507047711671
1,0,variance,subsample,34.0,-71.65543862320614,-71.61233654305259,0.5393670026655965,-71.64658442915339
1,0,variance,subsample,35.0,-71.65656922930663,-71.60828671991344,0.7603871269089391,-71.6504645145779
1,0,variance,subsample,36.0,-71.64871046591978,-71.61497637540987,0.4304104206136069,-71.64210537515838
1,0,variance,subsample,37.0,-71.65656922930663,-71.60828671991344,0.3197669145629553,-71.64281931073756
1,0,variance,subsample,38.0,-71.65521594125286,-71.61346911285062,0.22617790065411672,-71.63844446422607
1,0,variance,subsample,39.0,-71.65543862320614,-71.61233654305259,0.17512531323824257,-71.6375344056002
1,0,variance,subsample,40.0,-71.65656922930663,-71.60828671991344,0.45536189542037836,-71.64592282954345
1,0,variance,subsample,41.0,-71.65543862320614,-71.60828671991344,0.2769219915148363,-71.64088056400074
1,0,variance,subsample,42.0,-71.65543862320614,-71.61233654305259,0.6951752693283526,-71.65023659439171
1,0,variance,subsample,43.0,-71.65543862320614,-71.60828671991344,0.5421896126760267,-71.64787502477022
1,0,variance,subsample,44.0,-71.65656922930663,-71.61497637540987,0.14393442969012282,-71.64085785074238
1,0,variance,subsample,45.0,-71.65656922930663,-71.61233654305259,0.9476695611778623,-71.655404719821
1,0,variance,subsample,46.0,-71.65656922930663,-71.61497637540987,0.5986482749622845,-71.6476682657757
1,0,variance,subsample,47.0,-71.65656922930663,-71.61233654305259,0.6142515027503443,-71.64469226027072
1,0,variance,subsample,48.0,-71.65656922930663,-71.61233654305259,0.149214144338515,-71.63607909949181
1,0,variance,subsample,49.0,-71.65656922930663,-71.61233654305259,0.5634100581654788,-71.64497311768315
1,0,variance,subsample,50.0,-71.65543862320614,-71.61346911285062,0.2827162014399674,-71.64187943556296
1,0,variance,subsample,51.0,-71.65520537002543,-71.61346911285062,0.5191337792038023,-71.64445113429814
1,0,variance,subsample,52.0,-71.65656922930663,-71.60828671991344,0.6604361611392014,-71.64735996529507
1,0,variance,subsample,53.0,-71.65543862320614,-71.60828671991344,0.41450543159917436,-71.64254412231664
1,0,variance,subsample,54.0,-71.65656922930663,-71.61233654305259,0.4150439085433869,-71.64052683106628
1,0,variance,subsample,55.0,-71.65543862320614,-71.61634578148357,0.03462496532832635,-71.63661688930218
1,0,variance,subsample,56.0,-71.65543862320614,-71.61233654305259,0.13326066323372368,-71.63754839704411
1,0,variance,subsample,57.0,-71.65656922930663,-71.62092765692114,0.30818540374660625,-71.64400953580613
1,0,variance,subsample,58.0,-71.65521594125286,-71.61346911285062,0.581516668458996,-71.64654568198071
1,0,variance,subsample,59.0,-71.65521594125286,-71.61233654305259,0.6126915048169529,-71.64640236572293
1,0,variance,subsample,60.0,-71.65543862320614,-71.61233654305259,0.45827769600081375,-71.64686823004445
1,0,variance,subsample,61.0,-71.65543862320614,-71.60828671991344,0.5622955460281623,-71.64929023681331
1,0,variance,subsample,62.0,-71.65656922930663,-71.61497637540987,0.5323706969242837,-71.64674345565706
1,0,variance,subsample,63.0,-71.65543862320614,-71.61233654305259,0.2994268352057761,-71.63994757229497
1,0,variance,subsample,64.0,-71.65543862320614,-71.61346911285062,0.3460494397753602,-71.64236428446206
1,0,variance,subsample,65.0,-71.65521594125286,-71.60828671991344,0.286959392444057,-71.63873664750139
1,0,variance,subsample,66.0,-71.65656922930663,-71.61497637540987,0.5718752159722349,-71.64793810222614
1,0,variance,subsample,67.0,-71.65543862320614,-71.61233654305259,0.4825137821792082,-71.64425557118498
1,0,variance,subsample,68.0,-71.65656922930663,-71.60828671991344,0.7453754646699694,-71.65209280998853
1,0,variance,subsample,69.0,-71.65521594125286,-71.61233654305259,0.7736321509113485,-71.65181773026748
1,0,variance,subsample,70.0,-71.65543862320614,-71.60828671991344,0.6148828958636345,-71.64779379273219
1,0,variance,subsample,71.0,-71.65656922930663,-71.61233654305259,0.6309133564109007,-71.6464109558386
1,0,variance,subsample,72.0,-71.65520537002543,-71.61233654305259,0.4978564862430369,-71.64404115740862
1,0,variance,subsample,73.0,-71.65656922930663,-71.60828671991344,0.29363938940678397,-71.63864511808416
1,0,variance,subsample,74.0,-71.65521594125286,-71.61233654305259,0.29325180814925533,-71.63784998269065
1,0,variance,subsample,75.0,-71.65520537002543,-71.60828671991344,0.5632298015833621,-71.64514254800093
1,0,variance,subsample,76.0,-71.65543862320614,-71.61346911285062,0.4449807491676396,-71.64284951173363
1,0,variance,subsample,77.0,-71.65543862320614,-71.61634578148357,-0.08457890903024629,-71.63515857914211
1,0,variance,subsample,78.0,-71.65656922930663,-71.61497637540987,0.7482178846586202,-71.64985123238719
1,0,variance,subsample,79.0,-71.65656922930663,-71.60828671991344,0.6895932406999725,-71.64697587308054
1,0,variance,subsample,80.0,-71.65656922930663,-71.61905701209281,0.614406258985356,-71.64663418135007
1,0,variance,subsample,81.0,-71.65520537002543,-71.61233654305259,0.44107083030230704,-71.6446732936299
1,0,variance,subsample,82.0,-71.65520537002543,-71.60828671991344,0.626474376727783,-71.6464657075921
1,0,variance,subsample,83.0,-71.65656922930663,-71.61233654305259,-0.1951417934433347,-71.62981248447724
1,0,variance,subsample,84.0,-71.65521594125286,-71.61346911285062,0.5990870436667465,-71.64574037627301
1,0,variance,subsample,85.0,-71.65656922930663,-71.61497637540987,0.394194866936438,-71.64434420930499
1,0,variance,subsample,86.0,-71.65520537002543,-71.60828671991344,0.5734200983940642,-71.644255100207
1,0,variance,subsample,87.0,-71.65543862320614,-71.60828671991344,0.6512814316311148,-71.64561124805059
1,0,variance,subsample,88.0,-71.65521594125286,-71.61634578148357,0.20621696297368586,-71.63986541355287
1,0,variance,subsample,89.0,-71.65362348098867,-71.60828671991344,0.5554799146338082,-71.64555857091656
1,0,variance,subsample,90.0,-71.65656922930663,-71.60828671991344,0.5198976798924895,-71.6468504477346
1,0,variance,subsample,91.0,-71.65656922930663,-71.61233654305259,0.10255996276637615,-71.63629246236971
1,0,variance,subsample,92.0,-71.65543862320614,-71.61233654305259,0.4268728750276981,-71.64351992060305
1,0,variance,subsample,93.0,-71.65656922930663,-71.61233654305259,0.4883207924748511,-71.64634637926801
1,0,variance,subsample,94.0,-71.65362348098867,-71.60828671991344,0.7796520931087445,-71.65208977723395
1,0,variance,subsample,95.0,-71.65543862320614,-71.61233654305259,0.4712729082294229,-71.6445566579188
1,0,variance,subsample,96.0,-71.65656922930663,-71.61497637540987,0.7958874530192315,-71.65189800771836
1,0,variance,subsample,97.0,-71.65656922930663,-71.61346911285062,0.565090929469808,-71.64694004601787
1,0,variance,subsample,98.0,-71.65656922930663,-71.60828671991344,0.6590049438604602,-71.6525698793435
1,0,variance,subsample,99.0,-71.65521594125286,-71.61905701209281,0.2591291620377746,-71.63911367029533
1,0,inverse_num_params,global,,-71.65656922930663,-71.60828671991344,-76.69406110155667,-71.63176434364401
1,0,inverse_num_params,subsample,0.0,-71.65520537002543,-71.61233654305259,29.887888033053617,-71.63393761461512
1,0,inverse_num_params,subsample,1.0,-71.65656922930663,-71.61346911285062,70.19825007514103,-71.63849091137726
1,0,inverse_num_params,subsample,2.0,-71.65543862320614,-71.61233654305259,7.1267228344211855,-71.63463226592835
1,0,inverse_num_params,subsample,3.0,-71.65521594125286,-71.60828671991344,-247.730724242983,-71.62521193634709
1,0,inverse_num_params,subsample,4.0,-71.65543862320614,-71.60828671991344,-130.02530249656576,-71.63122604887059
1,0,inverse_num_params,subsample,5.0,-71.65354885602261,-71.60828671991344,-181.56554996085754,-71.62711297461476
1,0,inverse_num_params,subsample,6.0,-71.65656922930663,-71.61233654305259,89.65592089822499,-71.63774380475641
1,0,inverse_num_params,subsample,7.0,-71.65656922930663,-71.60828671991344,-499.75535263260866,-71.62265634213303
1,0,inverse_num_params,subsample,8.0,-71.65656922930663,-71.60828671991344,-33.731897034073604,-71.63273099854695
1,0,inverse_num_params,subsample,9.0,-71.65520537002543,-71.61905701209281,9.356109400262367,-71.6331739257478
1,0,inverse_num_params,subsample,10.0,-71.65521594125286,-71.60828671991344,-452.26788369992664,-71.6187254792646
1,0,inverse_num_params,subsample,11.0,-71.65543862320614,-71.61634578148357,-10.423215029533019,-71.63266542173687
1,0,inverse_num_params,subsample,12.0,-71.65543862320614,-71.60828671991344,-111.60922897699554,-71.62733946586238
1,0,inverse_num_params,subsample,13.0,-71.65543862320614,-71.61233654305259,-462.4748534008737,-71.62261190010081
1,0,inverse_num_params,subsample,14.0,-71.65543862320614,-71.61233654305259,-656.5202977711951,-71.61367789717085
1,0,inverse_num_params,subsample,15.0,-71.65543862320614,-71.60828671991344,-15.13173974898574,-71.63605218244699
1,0,inverse_num_params,subsample,16.0,-71.65656922930663,-71.60828671991344,-316.5925370074948,-71.62708167603273
1,0,inverse_num_params,subsample,17.0,-71.65656922930663,-71.61346911285062,-119.60994583470854,-71.63074015053982
1,0,inverse_num_params,subsample,18.0,-71.65521594125286,-71.61233654305259,-521.9905960070445,-71.61494871173461
1,0,inverse_num_params,subsample,19.0,-71.65521594125286,-71.61346911285062,-147.70176746379173,-71.62894855080428
1,0,inverse_num_params,subsample,20.0,-71.65656922930663,-71.61346911285062,112.20813463014343,-71.63836840842573
1,0,inverse_num_params,subsample,21.0,-71.65656922930663,-71.61233654305259,27.80798973018527,-71.63853341933779
1,0,inverse_num_params,subsample,22.0,-71.65521594125286,-71.61233654305259,-153.9570558507116,-71.62829500493515
1,0,inverse_num_params,subsample,23.0,-71.65656922930663,-71.60828671991344,-129.73626335668467,-71.63235416045187
1,0,inverse_num_params,subsample,24.0,-71.65543862320614,-71.61233654305259,-10.462591646387647,-71.63406638046817
1,0,inverse_num_params,subsample,25.0,-71.65656922930663,-71.61497637540987,114.57477850640586,-71.63975740957372
1,0,inverse_num_params,subsample,26.0,-71.65656922930663,-71.60828671991344,-125.21277131881357,-71.62952201922272
1,0,inverse_num_params,subsample,27.0,-71.65362348098867,-71.60828671991344,10.812072836938437,-71.63310117975271
1,0,inverse_num_params,subsample,28.0,-71.65543862320614,-71.61497637540987,35.619444268649566,-71.63557220586762
1,0,inverse_num_params,subsample,29.0,-71.65543862320614,-71.60828671991344,-221.78910823356077,-71.62586627659134
1,0,inverse_num_params,subsample,30.0,-71.65520537002543,-71.61497637540987,176.26871097529016,-71.64293311405306
1,0,inverse_num_params,subsample,31.0,-71.65543862320614,-71.61905701209281,-65.9348002412698,-71.63442725455192
1,0,inverse_num_params,subsample,32.0,-71.65656922930663,-71.60828671991344,-38.745309391401236,-71.6326670161723
1,0,inverse_num_params,subsample,33.0,-71.65543862320614,-71.60828671991344,-259.3058532505284,-71.62400403553355
1,0,inverse_num_params,subsample,34.0,-71.65521594125286,-71.61346911285062,-665.651235407209,-71.61128234244939
1,0,inverse_num_params,subsample,35.0,-71.65656922930663,-71.60828671991344,-301.16359632216256,-71.62342238218028
1,0,inverse_num_params,subsample,36.0,-71.65520537002543,-71.60828671991344,-36.07815619372032,-71.63204298547264
1,0,inverse_num_params,subsample,37.0,-71.65521594125286,-71.60828671991344,-231.2505741922808,-71.62357418753132
1,0,inverse_num_params,subsample,38.0,-71.65656922930663,-71.60828671991344,-10.60334419404422,-71.63153315910729
1,0,inverse_num_params,subsample,39.0,-71.65656922930663,-71.61233654305259,97.17806961072894,-71.63954456934039
1,0,inverse_num_params,subsample,40.0,-71.65656922930663,-71.61497637540987,-104.8121774266918,-71.63230741798718
1,0,inverse_num_params,subsample,41.0,-71.65656922930663,-71.60828671991344,-28.576714208842553,-71.6336525933629
1,0,inverse_num_params,subsample,42.0,-71.65656922930663,-71.60828671991344,-435.6976676299791,-71.62113953320036
1,0,inverse_num_params,subsample,43.0,-71.65521594125286,-71.61346911285062,-542.5581439261795,-71.61937135455716
1,0,inverse_num_params,subsample,44.0,-71.65656922930663,-71.61346911285062,-237.55967153400357,-71.63052350368086
1,0,inverse_num_params,subsample,45.0,-71.65656922930663,-71.61233654305259,132.03613876097683,-71.63930462948584
1,0,inverse_num_params,subsample,46.0,-71.65656922930663,-71.60828671991344,-179.78361483339367,-71.62838246827636
1,0,inverse_num_params,subsample,47.0,-71.65656922930663,-71.60828671991344,47.24375697403351,-71.6349184319578
1,0,inverse_num_params,subsample,48.0,-71.65543862320614,-71.60828671991344,-74.97711235159663,-71.63069354845366
1,0,inverse_num_params,subsample,49.0,-71.65656922930663,-71.61233654305259,26.770778958532023,-71.63733533664744
1,0,inverse_num_params,subsample,50.0,-71.65656922930663,-71.60828671991344,-315.1637656045051,-71.62105378281245
1,0,inverse_num_params,subsample,51.0,-71.65656922930663,-71.60828671991344,-87.05031115575775,-71.63311837262275
1,0,inverse_num_params,subsample,52.0,-71.65656922930663,-71.61233654305259,-254.35085041435335,-71.62750592325588
1,0,inverse_num_params,subsample,53.0,-71.65543862320614,-71.61497637540987,-109.49745975055873,-71.6296940692703
1,0,inverse_num_params,subsample,54.0,-71.65656922930663,-71.61233654305259,-339.2901049864033,-71.62367318902486
1,0,inverse_num_params,subsample,55.0,-71.65656922930663,-71.60828671991344,-158.14951879962246,-71.6295010353926
1,0,inverse_num_params,subsample,56.0,-71.65656922930663,-71.61233654305259,-76.61036715740183,-71.63124517541766
1,0,inverse_num_params,subsample,57.0,-71.65543862320614,-71.61634578148357,93.81195134829505,-71.63890718006472
1,0,inverse_num_params,subsample,58.0,-71.65656922930663,-71.61346911285062,-6.315564298889253,-71.63805620926908
1,0,inverse_num_params,subsample,59.0,-71.65656922930663,-71.61233654305259,208.64226556441855,-71.64572097836911
1,0,inverse_num_params,subsample,60.0,-71.65543862320614,-71.60828671991344,-146.7525422088267,-71.62604539647144
1,0,inverse_num_params,subsample,61.0,-71.65656922930663,-71.62021797376781,140.13816111160142,-71.64268730117846
1,0,inverse_num_params,subsample,62.0,-71.65543862320614,-71.60828671991344,-76.11762934791484,-71.6288533361975
1,0,inverse_num_params,subsample,63.0,-71.65354885602261,-71.61233654305259,143.11268399130836,-71.63698930251016
1,0,inverse_num_params,subsample,64.0,-71.65520537002543,-71.60828671991344,32.548268836141965,-71.63539206072062
1,0,inverse_num_params,subsample,65.0,-71.65656922930663,-71.60828671991344,-452.1234791387522,-71.62095209904389
1,0,inverse_num_params,subsample,66.0,-71.65543862320614,-71.60828671991344,-230.47258552088422,-71.6248793650052
1,0,inverse_num_params,subsample,67.0,-71.65543862320614,-71.61634578148357,-2.1691872886505186,-71.63514565091158
1,0,inverse_num_params,subsample,68.0,-71.65543862320614,-71.60828671991344,-380.83780473296457,-71.62143283648751
1,0,inverse_num_params,subsample,69.0,-71.65543862320614,-71.60828671991344,-145.53026306497793,-71.63170847303142
1,0,inverse_num_params,subsample,70.0,-71.65520537002543,-71.61233654305259,-221.37555166540972,-71.62705899597267
1,0,inverse_num_params,subsample,71.0,-71.65543862320614,-71.60828671991344,-118.18496748356891,-71.62705106656219
1,0,inverse_num_params,subsample,72.0,-71.65656922930663,-71.60828671991344,-5.856430969794257,-71.6343033296453
1,0,inverse_num_params,subsample,73.0,-71.65656922930663,-71.61233654305259,-352.16496980001153,-71.62415251275714
1,0,inverse_num_params,subsample,74.0,-71.65543862320614,-71.61233654305259,-522.2828937432477,-71.61450466622208
1,0,inverse_num_params,subsample,75.0,-71.65656922930663,-71.61346911285062,-601.2188669672643,-71.61459918860504
1,0,inverse_num_params,subsample,76.0,-71.65521594125286,-71.60828671991344,-438.6397832723087,-71.61858477536401
1,0,inverse_num_params,subsample,77.0,-71.65656922930663,-71.61346911285062,40.655322035660234,-71.63641799498693
1,0,inverse_num_params,subsample,78.0,-71.64622236545294,-71.61233654305259,42.242338659780664,-71.63194092993159
1,0,inverse_num_params,subsample,79.0,-71.65543862320614,-71.60828671991344,-413.77603775344795,-71.62011814441708
1,0,inverse_num_params,subsample,80.0,-71.65543862320614,-71.61233654305259,205.89393115255524,-71.64543614668634
1,0,inverse_num_params,subsample,81.0,-71.65656922930663,-71.60828671991344,-181.67343065880297,-71.62465585363029
1,0,inverse_num_params,subsample,82.0,-71.65656922930663,-71.60828671991344,35.878380258690775,-71.63654961606161
1,0,inverse_num_params,subsample,83.0,-71.65656922930663,-71.61346911285062,-13.604732974429075,-71.63532533035496
1,0,inverse_num_params,subsample,84.0,-71.65521594125286,-71.61346911285062,-225.9130249930807,-71.62912615497768
1,0,inverse_num_params,subsample,85.0,-71.65656922930663,-71.61233654305259,-380.47244319040766,-71.62276936013215
1,0,inverse_num_params,subsample,86.0,-71.65656922930663,-71.60828671991344,143.88298285693298,-71.64037811225634
1,0,inverse_num_params,subsample,87.0,-71.65656922930663,-71.60828671991344,-66.13565074064515,-71.63085760860471
1,0,inverse_num_params,subsample,88.0,-71.65656922930663,-71.60828671991344,-317.3792664076972,-71.62585751669586
1,0,inverse_num_params,subsample,89.0,-71.65656922930663,-71.60828671991344,-47.17423961419369,-71.63190498746124
1,0,inverse_num_params,subsample,90.0,-71.65656922930663,-71.61233654305259,11.46987203586101,-71.63633030146984
1,0,inverse_num_params,subsample,91.0,-71.65656922930663,-71.61233654305259,-104.01235649437625,-71.63298380652974
1,0,inverse_num_params,subsample,92.0,-71.65656922930663,-71.60828671991344,-166.2210829514791,-71.62768627600046
1,0,inverse_num_params,subsample,93.0,-71.65543862320614,-71.60828671991344,-43.74735808840121,-71.63155640158651
1,0,inverse_num_params,subsample,94.0,-71.65656922930663,-71.60828671991344,-122.95844047676454,-71.62828679545059
1,0,inverse_num_params,subsample,95.0,-71.65656922930663,-71.61346911285062,-74.35433253042555,-71.6310513421883
1,0,inverse_num_params,subsample,96.0,-71.65543862320614,-71.60828671991344,-108.77375106966596,-71.62902665561647
1,0,inverse_num_params,subsample,97.0,-71.65656922930663,-71.60828671991344,-22.10487559213487,-71.63262675087829
1,0,inverse_num_params,subsample,98.0,-71.65656922930663,-71.61233654305259,-208.9668815276278,-71.63070000869624
1,0,inverse_num_params,subsample,99.0,-71.65656922930663,-71.61233654305259,-21.042997343896,-71.63740003506722
2,0,variance,global,,-75.05673953807907,-75.01496164358221,-0.4787925835818582,-75.0248004312917
2,0,variance,subsample,0.0,-75.05178408419286,-75.01496164358221,-0.5856894029085615,-75.02202004254093
2,0,variance,subsample,1.0,-75.05178408419286,-75.01724070305937,0.08103325502404747,-75.03895090480852
2,0,variance,subsample,2.0,-75.05673953807907,-75.01496164358221,-0.6559991370150469,-75.02056046962844
2,0,variance,subsample,3.0,-75.05178408419286,-75.01724070305937,-0.4398752574851983,-75.02734614616011
2,0,variance,subsample,4.0,-75.05673953807907,-75.01724070305937,-0.16988289787605917,-75.03460745817428
2,0,variance,subsample,5.0,-75.05153525808997,-75.01496164358221,-0.3901696791188034,-75.03006794162486
2,0,variance,subsample,6.0,-75.05673953807907,-75.01576358844858,-1.014067563339186,-75.01697778907149
2,0,variance,subsample,7.0,-75.05178408419286,-75.01496164358221,-1.0593062934404516,-75.01133099121567
2,0,variance,subsample,8.0,-75.05673953807907,-75.01724070305937,0.014402553611192206,-75.0373684026879
2,0,variance,subsample,9.0,-75.05178408419286,-75.01496164358221,-0.481209843163957,-75.02223965064512
2,0,variance,subsample,10.0,-75.05153525808997,-75.01496164358221,-0.21883351224123124,-75.02585333926524
2,0,variance,subsample,11.0,-75.05673953807907,-75.01724070305937,-0.09035882981097886,-75.03834236896422
2,0,variance,subsample,12.0,-75.05673953807907,-75.01496164358221,-0.6167244968495438,-75.02075229892735
2,0,variance,subsample,13.0,-75.0475078680773,-75.01724070305937,-0.26619399395863497,-75.02808755975404
2,0,variance,subsample,14.0,-75.05153525808997,-75.01496164358221,-0.7585773411196453,-75.01613772675533
2,0,variance,subsample,15.0,-75.05673953807907,-75.01576358844858,-1.0569419818568007,-75.01633067059466
2,0,variance,subsample,16.0,-75.05673953807907,-75.01724070305937,-0.20369234878217857,-75.03086131637319
2,0,variance,subsample,17.0,-75.05153525808997,-75.02478490529398,-0.17491430487088971,-75.03405270456149
2,0,variance,subsample,18.0,-75.05153525808997,-75.01496164358221,-0.2882648098357725,-75.03071754850312
2,0,variance,subsample,19.0,-75.05673953807907,-75.02177438373644,-0.5804686723705068,-75.02262485750681
2,0,variance,subsample,20.0,-75.05153525808997,-75.01496164358221,-0.1944432523218336,-75.03176873677894
2,0,variance,subsample,21.0,-75.05178408419286,-75.01496164358221,-0.31365258039334043,-75.02975511524888
2,0,variance,subsample,22.0,-75.05178408419286,-75.01496164358221,-0.7158134928132909,-75.01699243367818
2,0,variance,subsample,23.0,-75.05673953807907,-75.01576358844858,-0.6993462010274031,-75.01817737267596
2,0,variance,subsample,24.0,-75.05673953807907,-75.01496164358221,-0.7537422507919178,-75.01720817711778
2,0,variance,subsample,25.0,-75.05673953807907,-75.01724070305937,-0.3145483732905096,-75.02682315044095
2,0,variance,subsample,26.0,-75.05178408419286,-75.02177438373644,-0.4519137741207316,-75.03079695727148
2,0,variance,subsample,27.0,-75.05153525808997,-75.01496164358221,-0.19313206555579895,-75.03351617818446
2,0,variance,subsample,28.0,-75.05673953807907,-75.01496164358221,-0.4085995560784829,-75.02861311088348
2,0,variance,subsample,29.0,-75.05178408419286,-75.01724070305937,0.02023591925527366,-75.03896935108259
2,0,variance,subsample,30.0,-75.05178408419286,-75.02177438373644,-0.20552457828759002,-75.03441838266725
2,0,variance,subsample,31.0,-75.05673953807907,-75.01496164358221,-0.15451758609485844,-75.03605340594812
2,0,variance,subsample,32.0,-75.05673953807907,-75.01576358844858,-0.5311741239738916,-75.022951897645
2,0,variance,subsample,33.0,-75.05153525808997,-75.02177438373644,0.06300665590916948,-75.03697186707618
2,0,variance,subsample,34.0,-75.0467583515366,-75.02177438373644,-0.44952586005151296,-75.02331630966694
2,0,variance,subsample,35.0,-75.05673953807907,-75.01496164358221,-0.8287874234176944,-75.01207080790344
2,0,variance,subsample,36.0,-75.05673953807907,-75.01496164358221,-0.7804718728416363,-75.02385289598874
2,0,variance,subsample,37.0,-75.05673953807907,-75.01496164358221,-0.5678285713393857,-75.02409929259565
2,0,variance,subsample,38.0,-75.05673953807907,-75.01576358844858,-0.5323182441616665,-75.02572146795839
2,0,variance,subsample,39.0,-75.05178408419286,-75.01576358844858,-0.768764809885917,-75.01308497611548
2,0,variance,subsample,40.0,-75.05178408419286,-75.01576358844858,-0.7067043838553754,-75.02135124410232
2,0,variance,subsample,41.0,-75.0475078680773,-75.01496164358221,0.17352246721509626,-75.03465514218917
2,0,variance,subsample,42.0,-75.05178408419286,-75.01496164358221,-0.3602992725193846,-75.0219805277656
2,0,variance,subsample,43.0,-75.05673953807907,-75.01496164358221,-1.1897546476755456,-75.01055520560546
2,0,variance,subsample,44.0,-75.05178408419286,-75.01576358844858,-0.6975318633153512,-75.01998772523781
2,0,variance,subsample,45.0,-75.05673953807907,-75.01576358844858,-0.3152633616993458,-75.0303567836164
2,0,variance,subsample,46.0,-75.0475078680773,-75.01576358844858,-0.18399983701056677,-75.02638142827224
2,0,variance,subsample,47.0,-75.05673953807907,-75.01724070305937,-0.6823681742505496,-75.01785324241987
2,0,variance,subsample,48.0,-75.05178408419286,-75.01576358844858,-0.4776944651666273,-75.02263404506613
2,0,variance,subsample,49.0,-75.05673953807907,-75.01496164358221,-0.33853834729662036,-75.03065442165517
2,0,variance,subsample,50.0,-75.05153525808997,-75.01496164358221,-0.556969305443311,-75.019353631235
2,0,variance,subsample,51.0,-75.05673953807907,-75.01496164358221,-0.460753651068328,-75.02492562538328
2,0,variance,subsample,52.0,-75.05673953807907,-75.01496164358221,-0.5920535202635492,-75.0264418802826
2,0,variance,subsample,53.0,-75.05153525808997,-75.01576358844858,-0.17364596866338108,-75.03096586094999
2,0,variance,subsample,54.0,-75.05178408419286,-75.01576358844858,-1.0402365548949108,-75.01737730641146
2,0,variance,subsample,55.0,-75.05178408419286,-75.01724070305937,-0.355477318778198,-75.0307119938827
2,0,variance,subsample,56.0,-75.05178408419286,-75.01496164358221,-0.49232934516795224,-75.02672221347939
2,0,variance,subsample,57.0,-75.0475078680773,-75.01496164358221,-0.8029522258790459,-75.01678054621436
2,0,variance,subsample,58.0,-75.05673953807907,-75.01576358844858,-0.4419919837232847,-75.02919464263648
2,0,variance,subsample,59.0,-75.05673953807907,-75.01576358844858,-0.6416796340655918,-75.02587079236245
2,0,variance,subsample,60.0,-75.05178408419286,-75.01576358844858,-0.3930330773533614,-75.02651955073897
2,0,variance,subsample,61.0,-75.05673953807907,-75.01576358844858,-0.697953235638783,-75.01929004349128
2,0,variance,subsample,62.0,-75.05673953807907,-75.01496164358221,-0.43493280958297525,-75.02236548314028
2,0,variance,subsample,63.0,-75.05153525808997,-75.01724070305937,-0.311110713449474,-75.02787455478398
2,0,variance,subsample,64.0,-75.05673953807907,-75.01496164358221,-0.7255979509258924,-75.01488531347103
2,0,variance,subsample,65.0,-75.05673953807907,-75.01496164358221,-1.085185975314285,-75.01500727702695
2,0,variance,subsample,66.0,-75.05178408419286,-75.01576358844858,-0.4311080201860645,-75.02161955925796
2,0,variance,subsample,67.0,-75.05153525808997,-75.01496164358221,0.09350087029651291,-75.0357813098651
2,0,variance,subsample,68.0,-75.04505893668995,-75.01496164358221,-0.30419260457165936,-75.0254849731168
2,0,variance,subsample,69.0,-75.05673953807907,-75.01576358844858,-0.5064018397252912,-75.02564307615498
2,0,variance,subsample,70.0,-75.05673953807907,-75.01496164358221,-0.5175445188615586,-75.02429680859565
2,0,variance,subsample,71.0,-75.05673953807907,-75.01496164358221,-0.8737127706773081,-75.01973302655469
2,0,variance,subsample,72.0,-75.05178408419286,-75.01576358844858,-0.5320252019177145,-75.02606734697417
2,0,variance,subsample,73.0,-75.05178408419286,-75.02177438373644,-0.31181285246750756,-75.03070133573452
2,0,variance,subsample,74.0,-75.0475078680773,-75.01576358844858,-0.3004724141390615,-75.02335537853392
2,0,variance,subsample,75.0,-75.05673953807907,-75.01576358844858,-0.762163442751902,-75.02163363435099
2,0,variance,subsample,76.0,-75.05153525808997,-75.01496164358221,-0.07353607627996996,-75.02797472037214
2,0,variance,subsample,77.0,-75.05178408419286,-75.01496164358221,-0.6272915782523266,-75.02436120946508
2,0,variance,subsample,78.0,-75.05673953807907,-75.01576358844858,-0.4635337167248154,-75.02623069996842
2,0,variance,subsample,79.0,-75.05178408419286,-75.02177438373644,-0.2842265621029658,-75.03349578223344
2,0,variance,subsample,80.0,-75.05153525808997,-75.01576358844858,-0.5567127542456346,-75.02732710309506
2,0,variance,subsample,81.0,-75.0475078680773,-75.01576358844858,-0.44404333839534865,-75.02460664471717
2,0,variance,subsample,82.0,-75.05153525808997,-75.01724070305937,0.2860401283892879,-75.04523864239864
2,0,variance,subsample,83.0,-75.05673953807907,-75.01496164358221,-0.5768428128904302,-75.02200120392989
2,0,variance,subsample,84.0,-75.05673953807907,-75.01576358844858,-0.7878256949031014,-75.01905613466509
2,0,variance,subsample,85.0,-75.05673953807907,-75.01496164358221,-0.22623976027219783,-75.03209550264452
2,0,variance,subsample,86.0,-75.0475078680773,-75.01496164358221,-0.07347427396030838,-75.03118974703096
2,0,variance,subsample,87.0,-75.05673953807907,-75.01576358844858,-0.4632798919955425,-75.02903407088063
2,0,variance,subsample,88.0,-75.05673953807907,-75.01576358844858,-0.24644929376455849,-75.0310227956712
2,0,variance,subsample,89.0,-75.0467583515366,-75.01496164358221,-0.7333493356349637,-75.01270344488903
2,0,variance,subsample,90.0,-75.05673953807907,-75.02177438373644,-0.734367007526656,-75.02100418119171
2,0,variance,subsample,91.0,-75.05673953807907,-75.01496164358221,-0.6629267616055632,-75.0194548186779
2,0,variance,subsample,92.0,-75.05673953807907,-75.01496164358221,-0.9954157838218444,-75.0072969428426
2,0,variance,subsample,93.0,-75.05153525808997,-75.01576358844858,-0.44977040778787947,-75.02361895478036
2,0,variance,subsample,94.0,-75.05673953807907,-75.01576358844858,-0.7625128146792923,-75.01454883135717
2,0,variance,subsample,95.0,-75.0475078680773,-75.01576358844858,-0.28048592952653356,-75.02722390763938
2,0,variance,subsample,96.0,-75.05178408419286,-75.01576358844858,-0.623014067066418,-75.01850724117871
2,0,variance,subsample,97.0,-75.05153525808997,-75.01576358844858,-0.2508194229068301,-75.0321525252712
2,0,variance,subsample,98.0,-75.05673953807907,-75.01496164358221,-1.0202208595612918,-75.00888483879184
2,0,variance,subsample,99.0,-75.0467583515366,-75.01576358844858,-0.5502543873852139,-75.0204285044827
2,0,inverse_num_params,global,,-75.05673953807907,-75.01496164358221,-275.7090194741929,-75.02566708169594
2,0,inverse_num_params,subsample,0.0,-75.0475078680773,-75.01576358844858,-869.9611508695989,-75.0016742847241
2,0,inverse_num_params,subsample,1.0,-75.05673953807907,-75.01496164358221,-597.5190329439994,-75.0200362882263
2,0,inverse_num_params,subsample,2.0,-75.05673953807907,-75.02177438373644,35.23239621368407,-75.04033099172308
2,0,inverse_num_params,subsample,3.0,-75.03995425301837,-75.01496164358221,-712.8544224664791,-75.00590931088118
2,0,inverse_num_params,subsample,4.0,-75.04505893668995,-75.01724070305937,-1104.1562876784283,-74.99489894897461
2,0,inverse_num_params,subsample,5.0,-75.05178408419286,-75.01496164358221,-592.0027759377768,-75.01619909406742
2,0,inverse_num_params,subsample,6.0,-75.0475078680773,-75.01496164358221,246.27924632641208,-75.03555791754302
2,0,inverse_num_params,subsample,7.0,-75.05178408419286,-75.01496164358221,-1230.5981997394917,-74.99150558003052
2,0,inverse_num_params,subsample,8.0,-75.05673953807907,-75.01724070305937,-735.0964900082557,-75.01509303632328
2,0,inverse_num_params,subsample,9.0,-75.05673953807907,-75.01576358844858,-566.1349521516509,-75.01738593671791
2,0,inverse_num_params,subsample,10.0,-75.05673953807907,-75.01576358844858,-458.6360770526505,-75.02377388425957
2,0,inverse_num_params,subsample,11.0,-75.0467583515366,-75.01496164358221,-216.9438973825429,-75.02458378873114
2,0,inverse_num_params,subsample,12.0,-75.05673953807907,-75.01496164358221,-1415.75003181419,-74.98461418110502
2,0,inverse_num_params,subsample,13.0,-75.05673953807907,-75.02177438373644,62.5580508310461,-75.04118642720964
2,0,inverse_num_params,subsample,14.0,-75.05673953807907,-75.01724070305937,5.165891477708072,-75.03534478421997
2,0,inverse_num_params,subsample,15.0,-75.05673953807907,-75.01576358844858,-51.42038191398644,-75.03207683518959
2,0,inverse_num_params,subsample,16.0,-75.05178408419286,-75.01496164358221,-1456.5668732031706,-74.98325769526382
2,0,inverse_num_params,subsample,17.0,-75.05178408419286,-75.02177438373644,505.2487030706908,-75.06147445827129
2,0,inverse_num_params,subsample,18.0,-75.05673953807907,-75.01496164358221,-315.7725926410988,-75.02345728183091
2,0,inverse_num_params,subsample,19.0,-75.05178408419286,-75.01576358844858,-1207.9200139782188,-74.99516130473219
2,0,inverse_num_params,subsample,20.0,-75.05673953807907,-75.01576358844858,-691.6645935180258,-75.01507636686408
2,0,inverse_num_params,subsample,21.0,-75.0467583515366,-75.01496164358221,189.51527045906903,-75.03942593820814
2,0,inverse_num_params,subsample,22.0,-75.05673953807907,-75.02177438373644,245.97843922811143,-75.04848090070726
2,0,inverse_num_params,subsample,23.0,-75.05153525808997,-75.01576358844858,106.12968701845224,-75.03747181846052
2,0,inverse_num_params,subsample,24.0,-75.05153525808997,-75.01724070305937,-1063.069060471215,-75.00298285542041
2,0,inverse_num_params,subsample,25.0,-75.05178408419286,-75.01496164358221,-1542.9123950286553,-74.9800845392523
2,0,inverse_num_params,subsample,26.0,-75.05153525808997,-75.01576358844858,154.14132157893968,-75.03785833353811
2,0,inverse_num_params,subsample,27.0,-75.05153525808997,-75.01496164358221,-77.69376834384832,-75.027559469739
2,0,inverse_num_params,subsample,28.0,-75.05178408419286,-75.02478490529398,-743.3927380282515,-75.01124810534556
2,0,inverse_num_params,subsample,29.0,-75.05673953807907,-75.01496164358221,-190.19920161481457,-75.02777488948257
2,0,inverse_num_params,subsample,30.0,-75.05178408419286,-75.01496164358221,-845.7846687707049,-75.00488732031563
2,0,inverse_num_params,subsample,31.0,-75.0475078680773,-75.01724070305937,230.4427124644834,-75.04131618011628
2,0,inverse_num_params,subsample,32.0,-75.0475078680773,-75.01576358844858,230.48078816204452,-75.03929429273067
2,0,inverse_num_params,subsample,33.0,-75.05673953807907,-75.01496164358221,-80.87882241145901,-75.03249731009109
2,0,inverse_num_params,subsample,34.0,-75.05673953807907,-75.01496164358221,-89.85222920332606,-75.036586736221
2,0,inverse_num_params,subsample,35.0,-75.05178408419286,-75.01576358844858,181.49965562633096,-75.04114277406917
2,0,inverse_num_params,subsample,36.0,-75.05178408419286,-75.01496164358221,-127.8903629287053,-75.03105473229526
2,0,inverse_num_params,subsample,37.0,-75.05673953807907,-75.01576358844858,-625.856097569091,-75.01479221987283
2,0,inverse_num_params,subsample,38.0,-75.05178408419286,-75.01576358844858,28.961271840408116,-75.03642385684199
2,0,inverse_num_params,subsample,39.0,-75.05673953807907,-75.01496164358221,-41.289909648878165,-75.03613040986998
2,0,inverse_num_params,subsample,40.0,-75.05178408419286,-75.01496164358221,-487.9978976675357,-75.0198597736444
2,0,inverse_num_params,subsample,41.0,-75.05673953807907,-75.01576358844858,-854.8203664098949,-75.01080529986035
2,0,inverse_num_params,subsample,42.0,-75.05673953807907,-75.01496164358221,-670.9699502512486,-75.01324636002349
2,0,inverse_num_params,subsample,43.0,-75.05178408419286,-75.01496164358221,-805.7411475590932,-75.00822739736917
2,0,inverse_num_params,subsample,44.0,-75.05673953807907,-75.01496164358221,-187.38012883497765,-75.03157703412897
2,0,inverse_num_params,subsample,45.0,-75.0467583515366,-75.01724070305937,143.509813053792,-75.03771404839542
2,0,inverse_num_params,subsample,46.0,-75.04505893668995,-75.01496164358221,-157.324427111468,-75.02371586274616
2,0,inverse_num_params,subsample,47.0,-75.05673953807907,-75.01724070305937,-126.588721553133,-75.03249806326558
2,0,inverse_num_params,subsample,48.0,-75.05673953807907,-75.01724070305937,-1138.1555257306657,-74.99846068495506
2,0,inverse_num_params,subsample,49.0,-75.05673953807907,-75.01496164358221,28.60655468808856,-75.03799942530789
2,0,inverse_num_params,subsample,50.0,-75.05673953807907,-75.01496164358221,-506.22915638527803,-75.01670076292898
2,0,inverse_num_params,subsample,51.0,-75.05673953807907,-75.01496164358221,-307.7263150625781,-75.02453737082757
2,0,inverse_num_params,subsample,52.0,-75.05153525808997,-75.01724070305937,25.388049956963307,-75.03738051723364
2,0,inverse_num_params,subsample,53.0,-75.05673953807907,-75.01496164358221,-1389.7757474848484,-74.99056024151893
2,0,inverse_num_params,subsample,54.0,-75.0475078680773,-75.01496164358221,-519.6549684822776,-75.01591151746847
2,0,inverse_num_params,subsample,55.0,-75.05673953807907,-75.01724070305937,-522.2228001249969,-75.02141853430324
2,0,inverse_num_params,subsample,56.0,-75.05673953807907,-75.01496164358221,-748.6695233384746,-75.01258276937715
2,0,inverse_num_params,subsample,57.0,-75.05153525808997,-75.01576358844858,-178.87480581126866,-75.02465726536822
2,0,inverse_num_params,subsample,58.0,-75.05178408419286,-75.01576358844858,-492.12149623411244,-75.01894995096232
2,0,inverse_num_params,subsample,59.0,-75.05673953807907,-75.01576358844858,-555.5124735130836,-75.01809846321954
2,0,inverse_num_params,subsample,60.0,-75.05673953807907,-75.01496164358221,-1008.1758969676092,-75.00179888826321
2,0,inverse_num_params,subsample,61.0,-75.05673953807907,-75.01496164358221,-1473.6960000452736,-74.98243463575837
2,0,inverse_num_params,subsample,62.0,-75.05178408419286,-75.01576358844858,-272.0778829073746,-75.02648410808706
2,0,inverse_num_params,subsample,63.0,-75.05673953807907,-75.02177438373644,-106.71590299660335,-75.02963674146173
2,0,inverse_num_params,subsample,64.0,-75.05673953807907,-75.01576358844858,-448.60333382113265,-75.02167002882094
2,0,inverse_num_params,subsample,65.0,-75.05673953807907,-75.01496164358221,-225.8992405602637,-75.02885402386758
2,0,inverse_num_params,subsample,66.0,-75.05178408419286,-75.01576358844858,-826.3814771166773,-75.00539537800607
2,0,inverse_num_params,subsample,67.0,-75.05178408419286,-75.01496164358221,-1485.969193396934,-74.98568772477513
2,0,inverse_num_params,subsample,68.0,-75.05178408419286,-75.02974233090414,-142.07773752197312,-75.0363610649704
2,0,inverse_num_params,subsample,69.0,-75.05673953807907,-75.01496164358221,-971.0860682902024,-75.0040765732828
2,0,inverse_num_params,subsample,70.0,-75.05673953807907,-75.01576358844858,-922.8395344938284,-75.00311218332334
2,0,inverse_num_params,subsample,71.0,-75.05178408419286,-75.01576358844858,-1228.061761306385,-74.99400487914555
2,0,inverse_num_params,subsample,72.0,-75.05673953807907,-75.01724070305937,-816.5857978464327,-75.01272345340739
2,0,inverse_num_params,subsample,73.0,-75.05178408419286,-75.01724070305937,90.3903361137795,-75.03949443968038
2,0,inverse_num_params,subsample,74.0,-75.0475078680773,-75.01576358844858,-218.46922987645073,-75.02729534627457
2,0,inverse_num_params,subsample,75.0,-75.05153525808997,-75.01724070305937,172.1732161171981,-75.04348648255413
2,0,inverse_num_params,subsample,76.0,-75.05673953807907,-75.01724070305937,-48.17281419450996,-75.03368408982169
2,0,inverse_num_params,subsample,77.0,-75.05673953807907,-75.01724070305937,-126.78272588754037,-75.03056708126012
2,0,inverse_num_params,subsample,78.0,-75.05178408419286,-75.01576358844858,-130.69018394811366,-75.0283658650172
2,0,inverse_num_params,subsample,79.0,-75.05153525808997,-75.01724070305937,-862.5150121226266,-75.00713142061052
2,0,inverse_num_params,subsample,80.0,-75.05673953807907,-75.01724070305937,-1214.5324162018705,-74.99632152810254
2,0,inverse_num_params,subsample,81.0,-75.05178408419286,-75.01496164358221,-453.27660749206495,-75.02260233307847
2,0,inverse_num_params,subsample,82.0,-75.05178408419286,-75.01576358844858,-253.3528371262899,-75.02702797900416
2,0,inverse_num_params,subsample,83.0,-75.05673953807907,-75.01496164358221,-344.60251563855593,-75.02024752426524
2,0,inverse_num_params,subsample,84.0,-75.05153525808997,-75.01496164358221,71.5082168907647,-75.03406949375415
2,0,inverse_num_params,subsample,85.0,-75.05673953807907,-75.01496164358221,-831.0082523232658,-75.00661476358998
2,0,inverse_num_params,subsample,86.0,-75.05178408419286,-75.01724070305937,126.8145779421012,-75.04081282330283
2,0,inverse_num_params,subsample,87.0,-75.05673953807907,-75.01724070305937,-753.8253220032816,-75.01136520774371
2,0,inverse_num_params,subsample,88.0,-75.05673953807907,-75.01496164358221,-930.0937124319829,-75.00692663033522
2,0,inverse_num_params,subsample,89.0,-75.05673953807907,-75.01496164358221,-965.8526819171677,-75.00217921061734
2,0,inverse_num_params,subsample,90.0,-75.05178408419286,-75.02177438373644,324.7963530954895,-75.05239118525468
2,0,inverse_num_params,subsample,91.0,-75.05178408419286,-75.02177438373644,163.68861031817906,-75.03951616817997
2,0,inverse_num_params,subsample,92.0,-75.05673953807907,-75.02710806473426,-496.45928882850336,-75.02435566945954
2,0,inverse_num_params,subsample,93.0,-75.05673953807907,-75.02177438373644,151.5685273454604,-75.04678440123469
2,0,inverse_num_params,subsample,94.0,-75.0467583515366,-75.01724070305937,191.9372409937143,-75.0396001668586
2,0,inverse_num_params,subsample,95.0,-75.05673953807907,-75.01496164358221,-862.3350886661046,-75.01028195148653
2,0,inverse_num_params,subsample,96.0,-75.05153525808997,-75.01496164358221,38.7384965501375,-75.03511364978274
2,0,inverse_num_params,subsample,97.0,-75.05178408419286,-75.01724070305937,-572.9049775428025,-75.02101813428084
2,0,inverse_num_params,subsample,98.0,-75.0475078680773,-75.01496164358221,-21.460911182356107,-75.0287476484516
2,0,inverse_num_params,subsample,99.0,-75.05178408419286,-75.02478490529398,-266.6060492399458,-75.02883590065393
2,1,variance,global,,-74.8856603263805,-74.84596678884004,-0.5528817400479569,-74.84939158233935
2,1,variance,subsample,0.0,-74.88320963224021,-74.84596678884004,-0.47563068972962186,-74.85091749009496
2,1,variance,subsample,1.0,-74.8807609460211,-74.84938210525706,-0.5076333166161033,-74.84900407654705
2,1,variance,subsample,2.0,-74.8807609460211,-74.84596678884004,-0.6066215547974055,-74.84658877861766
2,1,variance,subsample,3.0,-74.8856603263805,-74.84596678884004,-0.59264901004399,-74.85088118047402
2,1,variance,subsample,4.0,-74.88320963224021,-74.85198523870915,-0.25282736419123636,-74.85897376441393
2,1,variance,subsample,5.0,-74.88320963224021,-74.85198523870915,-0.34300698228076126,-74.85736675010118
2,1,variance,subsample,6.0,-74.88320963224021,-74.84596678884004,-0.392609254233541,-74.85531321770996
2,1,variance,subsample,7.0,-74.87984967789279,-74.85198523870915,-0.7844210492831974,-74.8418880464648
2,1,variance,subsample,8.0,-74.8807609460211,-74.85198523870915,-0.44229214756717394,-74.85327607168944
2,1,variance,subsample,9.0,-74.88320963224021,-74.84596678884004,-1.1034264707946946,-74.83147423097786
2,1,variance,subsample,10.0,-74.8807609460211,-74.84596678884004,-0.8946603469106522,-74.83986354029356
2,1,variance,subsample,11.0,-74.8856603263805,-74.84596678884004,-0.2920025140839182,-74.85478357600614
2,1,variance,subsample,12.0,-74.8856603263805,-74.85198523870915,-0.8925261897979649,-74.84212694303906
2,1,variance,subsample,13.0,-74.8856603263805,-74.84938210525706,-1.1371859351534284,-74.83330450890925
2,1,variance,subsample,14.0,-74.8856603263805,-74.84596678884004,-0.547081957672264,-74.84864232170132
2,1,variance,subsample,15.0,-74.88320963224021,-74.84938210525706,-0.6412688284161473,-74.84753312847313
2,1,variance,subsample,16.0,-74.88320963224021,-74.84596678884004,-0.2813583975303369,-74.85740111613315
2,1,variance,subsample,17.0,-74.8856603263805,-74.84938210525706,-0.6062720710604369,-74.8447714977424
2,1,variance,subsample,18.0,-74.8856603263805,-74.84938210525706,-1.4056432358779285,-74.83002770318896
2,1,variance,subsample,19.0,-74.8856603263805,-74.84596678884004,-0.832267747557702,-74.8411971501207
2,1,variance,subsample,20.0,-74.88320963224021,-74.84596678884004,-0.7323350876148557,-74.84292236273706
2,1,variance,subsample,21.0,-74.88020097146226,-74.84938210525706,-0.4330821149728667,-74.85382910353024
2,1,variance,subsample,22.0,-74.8807609460211,-74.84596678884004,-0.49889147665106703,-74.84616421850443
2,1,variance,subsample,23.0,-74.88320963224021,-74.84938210525706,-0.30489204138835196,-74.8578380042531
2,1,variance,subsample,24.0,-74.8856603263805,-74.85204101547444,-0.4333225638607463,-74.8539596171359
2,1,variance,subsample,25.0,-74.88320963224021,-74.84596678884004,-0.1637453299475447,-74.86320151555898
2,1,variance,subsample,26.0,-74.88020097146226,-74.85198523870915,-0.4743380252979786,-74.85143712782043
2,1,variance,subsample,27.0,-74.8856603263805,-74.85711281133149,-0.23068173212939105,-74.86654652885439
2,1,variance,subsample,28.0,-74.88320963224021,-74.84938210525706,-0.5104551831260368,-74.8484761920579
2,1,variance,subsample,29.0,-74.8856603263805,-74.84938210525706,-0.7222682088319111,-74.84389409055287
2,1,variance,subsample,30.0,-74.8856603263805,-74.85198523870915,-0.3205613051292575,-74.8589864917819
2,1,variance,subsample,31.0,-74.8856603263805,-74.85198523870915,-0.586669901318749,-74.84846539199482
2,1,variance,subsample,32.0,-74.8856603263805,-74.85204101547444,-0.3600434005779712,-74.85803894426603
2,1,variance,subsample,33.0,-74.8856603263805,-74.84596678884004,-1.003209783467368,-74.83555095830589
2,1,variance,subsample,34.0,-74.8856603263805,-74.85198523870915,-0.5137572116539249,-74.85586341349146
2,1,variance,subsample,35.0,-74.8856603263805,-74.84938210525706,-0.38328144073476755,-74.85958284351435
2,1,variance,subsample,36.0,-74.8856603263805,-74.84596678884004,-1.023620556680713,-74.83737769326999
2,1,variance,subsample,37.0,-74.88320963224021,-74.84938210525706,-0.5714780528133561,-74.84903155818405
2,1,variance,subsample,38.0,-74.8807609460211,-74.84938210525706,-0.5340472667326618,-74.847277162393
2,1,variance,subsample,39.0,-74.88320963224021,-74.84938210525706,-0.4852138366550458,-74.85100574356302
2,1,variance,subsample,40.0,-74.8856603263805,-74.84596678884004,-0.6184913760976135,-74.84550572266289
2,1,variance,subsample,41.0,-74.88320963224021,-74.84596678884004,-0.3273647013887711,-74.85416997572544
2,1,variance,subsample,42.0,-74.8807609460211,-74.84596678884004,-0.43828551795807075,-74.85096565876051
2,1,variance,subsample,43.0,-74.87984967789279,-74.84596678884004,-0.6930323498334465,-74.84049669204666
2,1,variance,subsample,44.0,-74.88320963224021,-74.84596678884004,-0.29475210111226,-74.85488057568323
2,1,variance,subsample,45.0,-74.88320963224021,-74.84596678884004,-0.46185438039671084,-74.85138441543299
2,1,variance,subsample,46.0,-74.88320963224021,-74.84596678884004,-0.7878488224346505,-74.83697207718484
2,1,variance,subsample,47.0,-74.88320963224021,-74.84938210525706,-0.8816995099183675,-74.8366977132193
2,1,variance,subsample,48.0,-74.8856603263805,-74.84596678884004,-0.7272953216529048,-74.84179879434252
2,1,variance,subsample,49.0,-74.88320963224021,-74.85204101547444,-0.7464434229777234,-74.85003566391002
2,1,variance,subsample,50.0,-74.8856603263805,-74.85204101547444,-0.019013890004121684,-74.87155314582333
2,1,variance,subsample,51.0,-74.88320963224021,-74.84596678884004,-0.7312664633953034,-74.84053497040006
2,1,variance,subsample,52.0,-74.8807609460211,-74.84596678884004,-0.48700745580940324,-74.84889091168019
2,1,variance,subsample,53.0,-74.8807609460211,-74.84938210525706,-0.37253445473873265,-74.85329612607781
2,1,variance,subsample,54.0,-74.87984967789279,-74.85198523870915,-0.5101357648762121,-74.84890007726078
2,1,variance,subsample,55.0,-74.8856603263805,-74.85711281133149,-0.5058162636680018,-74.85531642345946
2,1,variance,subsample,56.0,-74.8856603263805,-74.85198523870915,-0.6242431324964284,-74.84513181715761
2,1,variance,subsample,57.0,-74.8807609460211,-74.84596678884004,-0.6317859813131196,-74.8435957750744
2,1,variance,subsample,58.0,-74.88320963224021,-74.84596678884004,-0.8655653812666507,-74.83944421071857
2,1,variance,subsample,59.0,-74.8856603263805,-74.84596678884004,-0.05408213892467739,-74.86743779632552
2,1,variance,subsample,60.0,-74.87458499548462,-74.84596678884004,-0.3345641578745861,-74.84902793433048
2,1,variance,subsample,61.0,-74.88320963224021,-74.84596678884004,-0.6376539534012503,-74.84909870448813
2,1,variance,subsample,62.0,-74.8856603263805,-74.85198523870915,-0.5751116920537284,-74.85316147607193
2,1,variance,subsample,63.0,-74.87984967789279,-74.84596678884004,-0.8194919564756369,-74.8337616867435
2,1,variance,subsample,64.0,-74.88320963224021,-74.85198523870915,-0.7211194074064284,-74.84581759101033
2,1,variance,subsample,65.0,-74.8856603263805,-74.84596678884004,0.15943350572909742,-74.87879657983706
2,1,variance,subsample,66.0,-74.8856603263805,-74.84938210525706,-0.5774289380947719,-74.84903348796651
2,1,variance,subsample,67.0,-74.88320963224021,-74.84596678884004,-0.4856265772202463,-74.8496090519683
2,1,variance,subsample,68.0,-74.88020097146226,-74.84938210525706,-0.6021612027274335,-74.84715293159225
2,1,variance,subsample,69.0,-74.8856603263805,-74.84596678884004,-0.8094181144931072,-74.84519944860652
2,1,variance,subsample,70.0,-74.8856603263805,-74.84596678884004,-1.0095677364234787,-74.83347266367774
2,1,variance,subsample,71.0,-74.88020097146226,-74.84596678884004,-0.6037049578365052,-74.84615359465108
2,1,variance,subsample,72.0,-74.88320963224021,-74.85198523870915,-0.3162069279727634,-74.85505567562899
2,1,variance,subsample,73.0,-74.8807609460211,-74.84938210525706,-0.6127437296216851,-74.84548837504035
2,1,variance,subsample,74.0,-74.88020097146226,-74.84596678884004,-0.2720249001177649,-74.85360488082907
2,1,variance,subsample,75.0,-74.8856603263805,-74.85198523870915,-0.5816075923295239,-74.84700066915798
2,1,variance,subsample,76.0,-74.87984967789279,-74.84938210525706,-0.5681532130470434,-74.84612444280882
2,1,variance,subsample,77.0,-74.8856603263805,-74.84596678884004,-0.9020479156823222,-74.8373258191596
2,1,variance,subsample,78.0,-74.87713689233198,-74.84596678884004,-0.7053338953930638,-74.84241421445812
2,1,variance,subsample,79.0,-74.8807609460211,-74.85198523870915,-0.4809834432257969,-74.85386083436562
2,1,variance,subsample,80.0,-74.8856603263805,-74.84938210525706,-0.8392079702597136,-74.841936150278
2,1,variance,subsample,81.0,-74.8856603263805,-74.84596678884004,-0.6025801678863167,-74.84753503219444
2,1,variance,subsample,82.0,-74.88320963224021,-74.84596678884004,-0.18823758561688755,-74.86198305497369
2,1,variance,subsample,83.0,-74.8856603263805,-74.84938210525706,-0.8247935379884175,-74.84635386407332
2,1,variance,subsample,84.0,-74.87984967789279,-74.85198523870915,-0.600846234285254,-74.84521247836051
2,1,variance,subsample,85.0,-74.8807609460211,-74.85198523870915,-0.11757351994460466,-74.86272649865693
2,1,variance,subsample,86.0,-74.8856603263805,-74.84938210525706,-0.6019296260303026,-74.8484424886003
2,1,variance,subsample,87.0,-74.8856603263805,-74.84596678884004,-0.7478979962438079,-74.8385343651389
2,1,variance,subsample,88.0,-74.8856603263805,-74.86064583273566,-0.3216097347758804,-74.86197555038864
2,1,variance,subsample,89.0,-74.8807609460211,-74.84596678884004,-0.619146535600994,-74.84661778324151
2,1,variance,subsample,90.0,-74.8856603263805,-74.84596678884004,-0.541224429177269,-74.84931278091928
2,1,variance,subsample,91.0,-74.8856603263805,-74.84596678884004,-0.5663525556380029,-74.8496707880142
2,1,variance,subsample,92.0,-74.87713689233198,-74.84596678884004,-0.502525506685856,-74.84690474158188
2,1,variance,subsample,93.0,-74.8807609460211,-74.84596678884004,-0.37329513824616745,-74.85399493888995
2,1,variance,subsample,94.0,-74.8856603263805,-74.84938210525706,-0.6492616838788156,-74.85113148985747
2,1,variance,subsample,95.0,-74.8856603263805,-74.84938210525706,-1.238140603563715,-74.82831594339801
2,1,variance,subsample,96.0,-74.8856603263805,-74.84596678884004,-0.9669702812195012,-74.83138574834484
2,1,variance,subsample,97.0,-74.8856603263805,-74.85204101547444,-0.693124209356145,-74.84853233541293
2,1,variance,subsample,98.0,-74.8856603263805,-74.85198523870915,-0.9103392975315346,-74.84332239752487
2,1,variance,subsample,99.0,-74.8856603263805,-74.84596678884004,-0.6116090526461891,-74.84721747532855
2,1,inverse_num_params,global,,-74.8856603263805,-74.84596678884004,539.503942857911,-74.88401433931726
2,1,inverse_num_params,subsample,0.0,-74.8856603263805,-74.85711281133149,612.5512123262152,-74.89089661649473
2,1,inverse_num_params,subsample,1.0,-74.8807609460211,-74.84596678884004,310.8430478533285,-74.87503269694587
2,1,inverse_num_params,subsample,2.0,-74.88020097146226,-74.84596678884004,550.4892744941491,-74.88015739818674
2,1,inverse_num_params,subsample,3.0,-74.8807609460211,-74.84596678884004,657.809532837203,-74.88339946800346
2,1,inverse_num_params,subsample,4.0,-74.88320963224021,-74.85198523870915,946.0264307206861,-74.89856145241697
2,1,inverse_num_params,subsample,5.0,-74.8856603263805,-74.84596678884004,2.588749258587795,-74.86913711975795
2,1,inverse_num_params,subsample,6.0,-74.8856603263805,-74.84596678884004,119.65023848058183,-74.87160077672623
2,1,inverse_num_params,subsample,7.0,-74.8856603263805,-74.85204101547444,471.9630456536675,-74.88374924488821
2,1,inverse_num_params,subsample,8.0,-74.88020097146226,-74.84596678884004,465.36636526836816,-74.87528160898373
2,1,inverse_num_params,subsample,9.0,-74.8856603263805,-74.84596678884004,-607.5131225749325,-74.849462964229
2,1,inverse_num_params,subsample,10.0,-74.88320963224021,-74.84938210525706,1608.4701865815066,-74.9218999048393
2,1,inverse_num_params,subsample,11.0,-74.8856603263805,-74.84596678884004,-58.864530167462064,-74.86460851495795
2,1,inverse_num_params,subsample,12.0,-74.8856603263805,-74.84938210525706,994.8133783143726,-74.896872569464
2,1,inverse_num_params,subsample,13.0,-74.8856603263805,-74.84596678884004,270.0621778115031,-74.87281614276446
2,1,inverse_num_params,subsample,14.0,-74.8856603263805,-74.84596678884004,41.16714703415504,-74.86991758464775
2,1,inverse_num_params,subsample,15.0,-74.88020097146226,-74.84938210525706,1172.7951112999901,-74.90212557578216
2,1,inverse_num_params,subsample,16.0,-74.88320963224021,-74.84596678884004,294.6167528145374,-74.87180065561527
2,1,inverse_num_params,subsample,17.0,-74.8807609460211,-74.85198523870915,1058.071597780599,-74.8993588582496
2,1,inverse_num_params,subsample,18.0,-74.8856603263805,-74.84596678884004,-170.42283752012375,-74.85783699495992
2,1,inverse_num_params,subsample,19.0,-74.8856603263805,-74.84596678884004,-628.707605396981,-74.84687402856484
2,1,inverse_num_params,subsample,20.0,-74.8856603263805,-74.84938210525706,1347.2862931022612,-74.9152785624909
2,1,inverse_num_params,subsample,21.0,-74.8856603263805,-74.85711281133149,675.9731302373336,-74.89147606560678
2,1,inverse_num_params,subsample,22.0,-74.8807609460211,-74.84938210525706,1018.9328078549318,-74.89922638271094
2,1,inverse_num_params,subsample,23.0,-74.88320963224021,-74.85204101547444,1048.5953889738657,-74.90075425167447
2,1,inverse_num_params,subsample,24.0,-74.8856603263805,-74.84938210525706,1297.1793254609895,-74.90949414985117
2,1,inverse_num_params,subsample,25.0,-74.88320963224021,-74.84596678884004,378.3833214640605,-74.87577060167344
2,1,inverse_num_params,subsample,26.0,-74.8807609460211,-74.84596678884004,376.27831544932815,-74.87484195980743
2,1,inverse_num_params,subsample,27.0,-74.88020097146226,-74.85198523870915,943.6970988286735,-74.89435736791307
2,1,inverse_num_params,subsample,28.0,-74.8856603263805,-74.84596678884004,-60.96674351331922,-74.8679495902596
2,1,inverse_num_params,subsample,29.0,-74.88320963224021,-74.85198523870915,820.8320880680704,-74.89483747146006
2,1,inverse_num_params,subsample,30.0,-74.8856603263805,-74.84938210525706,933.8960688645956,-74.90216900878025
2,1,inverse_num_params,subsample,31.0,-74.88020097146226,-74.84596678884004,514.507170130548,-74.87833046185189
2,1,inverse_num_params,subsample,32.0,-74.88020097146226,-74.84596678884004,409.087784092205,-74.87369688334205
2,1,inverse_num_params,subsample,33.0,-74.88320963224021,-74.84938210525706,1602.066468306907,-74.91735411880289
2,1,inverse_num_params,subsample,34.0,-74.8856603263805,-74.85711281133149,574.0283597370208,-74.89019819026178
2,1,inverse_num_params,subsample,35.0,-74.8856603263805,-74.84938210525706,750.8748786330485,-74.89482011878887
2,1,inverse_num_params,subsample,36.0,-74.8807609460211,-74.84596678884004,447.3660345618566,-74.87846991666738
2,1,inverse_num_params,subsample,37.0,-74.8856603263805,-74.84938210525706,639.877060559586,-74.89232442249755
2,1,inverse_num_params,subsample,38.0,-74.88320963224021,-74.84938210525706,1229.2758192940628,-74.9100311148662
2,1,inverse_num_params,subsample,39.0,-74.88320963224021,-74.84596678884004,795.7803717660453,-74.887966799142
2,1,inverse_num_params,subsample,40.0,-74.88320963224021,-74.85198523870915,1028.2563498009267,-74.89839557255142
2,1,inverse_num_params,subsample,41.0,-74.8856603263805,-74.85198523870915,719.7550757932129,-74.89203457688494
2,1,inverse_num_params,subsample,42.0,-74.88320963224021,-74.85204101547444,863.0417478371317,-74.8956278943429
2,1,inverse_num_params,subsample,43.0,-74.88320963224021,-74.84938210525706,1462.004032850127,-74.91396892176506
2,1,inverse_num_params,subsample,44.0,-74.8856603263805,-74.84938210525706,1037.4752676864528,-74.90315816096496
2,1,inverse_num_params,subsample,45.0,-74.8856603263805,-74.85198523870915,899.2186358780746,-74.89998200599173
2,1,inverse_num_params,subsample,46.0,-74.8856603263805,-74.84938210525706,1113.3364965221922,-74.90234932265155
2,1,inverse_num_params,subsample,47.0,-74.8856603263805,-74.84596678884004,-251.20631536729283,-74.86441479753371
2,1,inverse_num_params,subsample,48.0,-74.88320963224021,-74.85198523870915,1379.1410601727528,-74.90768311358816
2,1,inverse_num_params,subsample,49.0,-74.8856603263805,-74.84596678884004,-515.1999813486386,-74.85793789461859
2,1,inverse_num_params,subsample,50.0,-74.8856603263805,-74.84596678884004,-3.9586082252927635,-74.86234151224033
2,1,inverse_num_params,subsample,51.0,-74.87713689233198,-74.84938210525706,857.3907343663067,-74.89183262217216
2,1,inverse_num_params,subsample,52.0,-74.88320963224021,-74.84596678884004,528.6819878198953,-74.88037548280514
2,1,inverse_num_params,subsample,53.0,-74.88320963224021,-74.85198523870915,993.5030902425469,-74.8974953817416
2,1,inverse_num_params,subsample,54.0,-74.87984967789279,-74.84596678884004,733.1149834637745,-74.88402053932028
2,1,inverse_num_params,subsample,55.0,-74.88320963224021,-74.84596678884004,341.4725762398347,-74.87723069453608
2,1,inverse_num_params,subsample,56.0,-74.8856603263805,-74.84596678884004,-25.597720934494916,-74.86900331936396
2,1,inverse_num_params,subsample,57.0,-74.8856603263805,-74.84938210525706,1134.962474282481,-74.90523057685517
2,1,inverse_num_params,subsample,58.0,-74.8856603263805,-74.84596678884004,67.64040865186958,-74.87031964633145
2,1,inverse_num_params,subsample,59.0,-74.88320963224021,-74.84596678884004,279.5721336442307,-74.87229051316292
2,1,inverse_num_params,subsample,60.0,-74.88320963224021,-74.85204101547444,1097.090212555916,-74.90282949786078
2,1,inverse_num_params,subsample,61.0,-74.88320963224021,-74.84596678884004,297.1652911008539,-74.87667364666991
2,1,inverse_num_params,subsample,62.0,-74.8856603263805,-74.84596678884004,-31.05887127114184,-74.86435821753902
2,1,inverse_num_params,subsample,63.0,-74.8856603263805,-74.85711281133149,465.39876393405797,-74.88477445208918
2,1,inverse_num_params,subsample,64.0,-74.8856603263805,-74.85204101547444,642.0355973854805,-74.89027855984175
2,1,inverse_num_params,subsample,65.0,-74.8856603263805,-74.85198523870915,808.5160916096706,-74.89272033801016
2,1,inverse_num_params,subsample,66.0,-74.8856603263805,-74.84596678884004,102.17614639253527,-74.86831514134742
2,1,inverse_num_params,subsample,67.0,-74.8856603263805,-74.84596678884004,85.64733443628755,-74.87189762098684
2,1,inverse_num_params,subsample,68.0,-74.8807609460211,-74.84596678884004,191.57375076128346,-74.87221395813931
2,1,inverse_num_params,subsample,69.0,-74.8856603263805,-74.84596678884004,101.92288478944579,-74.87104498807426
2,1,inverse_num_params,subsample,70.0,-74.8807609460211,-74.84938210525706,1056.0253056463805,-74.89972258552473
2,1,inverse_num_params,subsample,71.0,-74.8807609460211,-74.84938210525706,1152.2514342323338,-74.90152526207531
2,1,inverse_num_params,subsample,72.0,-74.88320963224021,-74.84596678884004,247.3537233278885,-74.87167512198505
2,1,inverse_num_params,subsample,73.0,-74.8856603263805,-74.86064583273566,413.29600426603355,-74.88650878751825
2,1,inverse_num_params,subsample,74.0,-74.88320963224021,-74.84596678884004,223.31857692904842,-74.87251448018598
2,1,inverse_num_params,subsample,75.0,-74.8856603263805,-74.85204101547444,662.705142768879,-74.89110183300578
2,1,inverse_num_params,subsample,76.0,-74.8856603263805,-74.85198523870915,991.5021703456116,-74.90244673654739
2,1,inverse_num_params,subsample,77.0,-74.88320963224021,-74.84596678884004,220.99355955714975,-74.87245669228024
2,1,inverse_num_params,subsample,78.0,-74.8856603263805,-74.84596678884004,212.090862302077,-74.87201362130008
2,1,inverse_num_params,subsample,79.0,-74.8856603263805,-74.84938210525706,753.702104236962,-74.89254773523838
2,1,inverse_num_params,subsample,80.0,-74.8856603263805,-74.85204101547444,575.6037318424092,-74.88904464782046
2,1,inverse_num_params,subsample,81.0,-74.8807609460211,-74.84596678884004,34.40024969716191,-74.8624736353482
2,1,inverse_num_params,subsample,82.0,-74.8856603263805,-74.85198523870915,682.9951721871004,-74.89033922843333
2,1,inverse_num_params,subsample,83.0,-74.8856603263805,-74.84938210525706,1084.932230906354,-74.90419547067204
2,1,inverse_num_params,subsample,84.0,-74.88320963224021,-74.85198523870915,809.9525764737311,-74.8958798153422
2,1,inverse_num_params,subsample,85.0,-74.8856603263805,-74.85198523870915,836.2587585827639,-74.89535010741737
2,1,inverse_num_params,subsample,86.0,-74.8856603263805,-74.85198523870915,723.2955618485936,-74.8926631744914
2,1,inverse_num_params,subsample,87.0,-74.8856603263805,-74.84596678884004,-95.96606706357018,-74.86640004526977
2,1,inverse_num_params,subsample,88.0,-74.88320963224021,-74.85198523870915,1303.9143415423246,-74.90934406634958
2,1,inverse_num_params,subsample,89.0,-74.8856603263805,-74.85711281133149,458.81496479199933,-74.88694825286518
2,1,inverse_num_params,subsample,90.0,-74.8856603263805,-74.84596678884004,307.85105255163,-74.87382024171815
2,1,inverse_num_params,subsample,91.0,-74.8856603263805,-74.84938210525706,912.6038996215384,-74.89597753000761
2,1,inverse_num_params,subsample,92.0,-74.88320963224021,-74.84938210525706,1280.5905765171128,-74.90590590507561
2,1,inverse_num_params,subsample,93.0,-74.8856603263805,-74.84596678884004,310.47742469453374,-74.87667570142388
2,1,inverse_num_params,subsample,94.0,-74.8856603263805,-74.84938210525706,846.9542697373575,-74.89454324476344
2,1,inverse_num_params,subsample,95.0,-74.8856603263805,-74.84596678884004,456.7623089153667,-74.87963493645643
2,1,inverse_num_params,subsample,96.0,-74.88320963224021,-74.85198523870915,1239.961836536462,-74.90578997320138
2,1,inverse_num_params,subsample,97.0,-74.8807609460211,-74.84938210525706,1227.7120724106107,-74.90404796469889
2,1,inverse_num_params,subsample,98.0,-74.8856603263805,-74.84596678884004,84.99989886985318,-74.8665338567114
2,1,inverse_num_params,subsample,99.0,-74.8856603263805,-74.84596678884004,-178.49323238180435,-74.85786551912211
3,0,variance,global,,-75.88212604448961,-75.83264760773855,0.17576087254785194,-75.86358874287332
3,0,variance,subsample,0.0,-75.87452003831336,-75.83633593987349,0.0929299376473689,-75.85851461798143
3,0,variance,subsample,1.0,-75.88212604448961,-75.84000818594643,0.12595106534448902,-75.86270717166661
3,0,variance,subsample,2.0,-75.87837168775783,-75.84000818594643,0.10529465566887852,-75.8647866286586
3,0,variance,subsample,3.0,-75.88212604448961,-75.83633593987349,0.1830464191324833,-75.86517924995127
3,0,variance,subsample,4.0,-75.87452003831336,-75.83264760773855,-0.04642543839767395,-75.85425806853988
3,0,variance,subsample,5.0,-75.88212604448961,-75.84650212409917,0.12534021711789756,-75.86773550891394
3,0,variance,subsample,6.0,-75.87267621338883,-75.83264760773855,0.025335430727383073,-75.8532679166556
3,0,variance,subsample,7.0,-75.88212604448961,-75.83264760773855,0.5610478554213801,-75.87578302939103
3,0,variance,subsample,8.0,-75.88212604448961,-75.83633593987349,0.1084774523864223,-75.86154054891371
3,0,variance,subsample,9.0,-75.88212604448961,-75.83633593987349,0.22014960323932256,-75.86749427666393
3,0,variance,subsample,10.0,-75.87837168775783,-75.8442269106639,0.21529529734164643,-75.86692346303782
3,0,variance,subsample,11.0,-75.87240179401384,-75.83264760773855,0.19475218166382774,-75.86098487815481
3,0,variance,subsample,12.0,-75.88212604448961,-75.83264760773855,0.4838222058531826,-75.87245617933853
3,0,variance,subsample,13.0,-75.88212604448961,-75.84000818594643,0.042206113735118886,-75.85907901765283
3,0,variance,subsample,14.0,-75.87452003831336,-75.83264760773855,0.22302128439432084,-75.86416956013765
3,0,variance,subsample,15.0,-75.88212604448961,-75.84952988815988,0.15000924742954638,-75.86776106837402
3,0,variance,subsample,16.0,-75.87837168775783,-75.83633593987349,0.2766367251287922,-75.86319018746939
3,0,variance,subsample,17.0,-75.87837168775783,-75.83264760773855,0.24424378523167065,-75.86406932763519
3,0,variance,subsample,18.0,-75.87267621338883,-75.83264760773855,0.2871011549578721,-75.86535432251905
3,0,variance,subsample,19.0,-75.87837168775783,-75.84000818594643,-0.044502587170153436,-75.85782347242807
3,0,variance,subsample,20.0,-75.88212604448961,-75.83264760773855,0.4935053365271309,-75.87431494014908
3,0,variance,subsample,21.0,-75.87452003831336,-75.83264760773855,0.32407220025082956,-75.86456316186899
3,0,variance,subsample,22.0,-75.87452003831336,-75.83633593987349,0.49784657337644095,-75.87452854726271
3,0,variance,subsample,23.0,-75.88212604448961,-75.84000818594643,-0.06749777428799748,-75.85782962911061
3,0,variance,subsample,24.0,-75.88212604448961,-75.83264760773855,0.3500354636039368,-75.86959591120798
3,0,variance,subsample,25.0,-75.88212604448961,-75.83633593987349,0.5522536182682799,-75.87228411940964
3,0,variance,subsample,26.0,-75.88212604448961,-75.83264760773855,-0.06460689891038798,-75.85416625126183
3,0,variance,subsample,27.0,-75.87837168775783,-75.83633593987349,0.023208814926025886,-75.8597994017014
3,0,variance,subsample,28.0,-75.87267621338883,-75.83264760773855,-0.12490920104162999,-75.85076647420577
3,0,variance,subsample,29.0,-75.87837168775783,-75.84650212409917,0.27586015957708493,-75.87135420263293
3,0,variance,subsample,30.0,-75.88212604448961,-75.83633593987349,0.2669973637245127,-75.87156957415004
3,0,variance,subsample,31.0,-75.88212604448961,-75.83633593987349,0.45523369277705605,-75.87681929469312
3,0,variance,subsample,32.0,-75.88212604448961,-75.83633593987349,0.2978585652083399,-75.86696273093236
3,0,variance,subsample,33.0,-75.87452003831336,-75.83264760773855,-0.018812542346086328,-75.8584808020407
3,0,variance,subsample,34.0,-75.88212604448961,-75.83264760773855,0.31508055995733214,-75.86568585467076
3,0,variance,subsample,35.0,-75.87837168775783,-75.83264760773855,0.36102636512315717,-75.86570210935301
3,0,variance,subsample,36.0,-75.87452003831336,-75.84000818594643,0.07807064077582475,-75.8581727582491
3,0,variance,subsample,37.0,-75.88212604448961,-75.83264760773855,0.45750761471601803,-75.87338226468965
3,0,variance,subsample,38.0,-75.88212604448961,-75.83264760773855,0.6002852037986678,-75.88028719869577
3,0,variance,subsample,39.0,-75.87837168775783,-75.83264760773855,0.28188201601471513,-75.86824123773134
3,0,variance,subsample,40.0,-75.87837168775783,-75.83264760773855,0.2081022544096132,-75.86236655735608
3,0,variance,subsample,41.0,-75.87837168775783,-75.84000818594643,-0.024153172048390775,-75.8592739418658
3,0,variance,subsample,42.0,-75.87267621338883,-75.83633593987349,-0.008933450408134678,-75.85696911555765
3,0,variance,subsample,43.0,-75.87267621338883,-75.83633593987349,0.2874869964699977,-75.86286074913451
3,0,variance,subsample,44.0,-75.87837168775783,-75.83264760773855,0.27309020586297256,-75.86076225838225
3,0,variance,subsample,45.0,-75.87837168775783,-75.83633593987349,0.1949563005615465,-75.86254355253675
3,0,variance,subsample,46.0,-75.88212604448961,-75.83264760773855,0.3065251068031768,-75.86676264401751
3,0,variance,subsample,47.0,-75.88212604448961,-75.84116408905373,0.1454349184308726,-75.86564348544626
3,0,variance,subsample,48.0,-75.87837168775783,-75.83264760773855,0.5463187058813219,-75.87331116944064
3,0,variance,subsample,49.0,-75.88212604448961,-75.83264760773855,0.13192742554154652,-75.86156129536586
3,0,variance,subsample,50.0,-75.88212604448961,-75.83264760773855,0.5595920943364557,-75.87600391984547
3,0,variance,subsample,51.0,-75.87452003831336,-75.83633593987349,0.291183983623941,-75.87141649885287
3,0,variance,subsample,52.0,-75.88212604448961,-75.84720343257621,-0.04704496090856866,-75.86309009289252
3,0,variance,subsample,53.0,-75.88212604448961,-75.83633593987349,-0.10450765359685311,-75.85517458242266
3,0,variance,subsample,54.0,-75.87240179401384,-75.84650212409917,-0.22937404631201525,-75.85179766095867
3,0,variance,subsample,55.0,-75.87837168775783,-75.83264760773855,0.04276352446656499,-75.8615022669569
3,0,variance,subsample,56.0,-75.88212604448961,-75.83633593987349,0.471431309731107,-75.87267008817682
3,0,variance,subsample,57.0,-75.87837168775783,-75.83264760773855,0.1241613051551258,-75.86189226416587
3,0,variance,subsample,58.0,-75.87452003831336,-75.83264760773855,0.26835829851513837,-75.86241864878437
3,0,variance,subsample,59.0,-75.87837168775783,-75.83264760773855,0.4854022803055637,-75.87225149890158
3,0,variance,subsample,60.0,-75.88212604448961,-75.84000818594643,-0.14671640992442359,-75.85524868539044
3,0,variance,subsample,61.0,-75.88212604448961,-75.83264760773855,0.39205932987435343,-75.8672472663275
3,0,variance,subsample,62.0,-75.87452003831336,-75.83264760773855,0.6347087628136482,-75.87269054038018
3,0,variance,subsample,63.0,-75.88212604448961,-75.83264760773855,-0.030281244552207074,-75.86152512359993
3,0,variance,subsample,64.0,-75.87837168775783,-75.84116408905373,0.017577737687114865,-75.86094275274564
3,0,variance,subsample,65.0,-75.88212604448961,-75.83264760773855,0.20127135869328563,-75.86364463616685
3,0,variance,subsample,66.0,-75.87837168775783,-75.83633593987349,0.1724237035592674,-75.8614402369392
3,0,variance,subsample,67.0,-75.88212604448961,-75.83264760773855,0.3652924928471414,-75.8697666388821
3,0,variance,subsample,68.0,-75.87837168775783,-75.83633593987349,0.1626936743742469,-75.86320195069851
3,0,variance,subsample,69.0,-75.87837168775783,-75.83633593987349,0.2606296563082173,-75.8714285255101
3,0,variance,subsample,70.0,-75.88212604448961,-75.83264760773855,0.31459760343314946,-75.86640848211061
3,0,variance,subsample,71.0,-75.87837168775783,-75.83264760773855,0.5598472695106356,-75.87575427079004
3,0,variance,subsample,72.0,-75.87452003831336,-75.83633593987349,0.4398580635856367,-75.87035243749455
3,0,variance,subsample,73.0,-75.87837168775783,-75.83264760773855,0.2281528085295847,-75.86106222111384
3,0,variance,subsample,74.0,-75.88212604448961,-75.83264760773855,0.09265728572276483,-75.86128931905652
3,0,variance,subsample,75.0,-75.87452003831336,-75.83633593987349,0.062089916707964314,-75.85896840751825
3,0,variance,subsample,76.0,-75.87837168775783,-75.83264760773855,0.163865471202058,-75.86424930942758
3,0,variance,subsample,77.0,-75.87837168775783,-75.84000818594643,-0.15699012156790054,-75.85531201281727
3,0,variance,subsample,78.0,-75.87837168775783,-75.83633593987349,0.22295336794767032,-75.86388187536438
3,0,variance,subsample,79.0,-75.87267621338883,-75.84116408905373,-0.0608447234381016,-75.8579095030993
3,0,variance,subsample,80.0,-75.87452003831336,-75.83264760773855,0.38075283414761923,-75.86755119002639
3,0,variance,subsample,81.0,-75.87240179401384,-75.83264760773855,0.16287189352430806,-75.86207474624298
3,0,variance,subsample,82.0,-75.88212604448961,-75.83633593987349,0.03881309927532085,-75.85997261804532
3,0,variance,subsample,83.0,-75.88212604448961,-75.84000818594643,0.18310291184899335,-75.86599205996195
3,0,variance,subsample,84.0,-75.87837168775783,-75.84000818594643,-0.09131315334682791,-75.86016694519405
3,0,variance,subsample,85.0,-75.87837168775783,-75.83264760773855,0.18538884978811893,-75.86464917728902
3,0,variance,subsample,86.0,-75.87837168775783,-75.83264760773855,0.23904507424472585,-75.86557421326093
3,0,variance,subsample,87.0,-75.87837168775783,-75.83264760773855,0.23758186554464095,-75.86574024887672
3,0,variance,subsample,88.0,-75.88212604448961,-75.83633593987349,0.27612680650592897,-75.86884391536297
3,0,variance,subsample,89.0,-75.88212604448961,-75.84000818594643,-0.010458053655009368,-75.85938656194779
3,0,variance,subsample,90.0,-75.87837168775783,-75.83264760773855,0.34789494940868165,-75.87039047021156
3,0,variance,subsample,91.0,-75.88212604448961,-75.83264760773855,0.27144255606663253,-75.86387140490224
3,0,variance,subsample,92.0,-75.88212604448961,-75.83264760773855,0.25696444651752937,-75.86810101542449
3,0,variance,subsample,93.0,-75.87452003831336,-75.83633593987349,0.3394339127480287,-75.86914372206594
3,0,variance,subsample,94.0,-75.87837168775783,-75.83633593987349,0.08455234795777218,-75.86090015788015
3,0,variance,subsample,95.0,-75.87267621338883,-75.83633593987349,0.10607373176611098,-75.86007691658884
3,0,variance,subsample,96.0,-75.87452003831336,-75.83264760773855,0.1999168789413093,-75.8651862870292
3,0,variance,subsample,97.0,-75.88212604448961,-75.83264760773855,0.1197362779473761,-75.8599822846194
3,0,variance,subsample,98.0,-75.87837168775783,-75.83633593987349,0.040672639689208166,-75.85942564082016
3,0,variance,subsample,99.0,-75.88212604448961,-75.83264760773855,0.26444166618348486,-75.8666985948315
3,0,inverse_num_params,global,,-75.88212604448961,-75.83264760773855,-0.8567787448237041,-75.85832481790348
3,0,inverse_num_params,subsample,0.0,-75.88212604448961,-75.83633593987349,7.086315148364497,-75.85765001456
3,0,inverse_num_params,subsample,1.0,-75.87837168775783,-75.83633593987349,32.517070461228464,-75.8606249805872
3,0,inverse_num_params,subsample,2.0,-75.88212604448961,-75.83264760773855,-30.86897074258122,-75.85198323776484
3,0,inverse_num_params,subsample,3.0,-75.87452003831336,-75.83264760773855,73.19271300968431,-75.86261535657863
3,0,inverse_num_params,subsample,4.0,-75.87837168775783,-75.83264760773855,140.12658239540548,-75.86731557177869
3,0,inverse_num_params,subsample,5.0,-75.87061830597713,-75.83264760773855,-223.5155842845656,-75.8388778616492
3,0,inverse_num_params,subsample,6.0,-75.87267621338883,-75.8442269106639,-167.991676873895,-75.84670966600864
3,0,inverse_num_params,subsample,7.0,-75.88212604448961,-75.83264760773855,-9.940889872803996,-75.85575090865115
3,0,inverse_num_params,subsample,8.0,-75.87837168775783,-75.8442269106639,-43.87643007112753,-75.85786942793008
3,0,inverse_num_params,subsample,9.0,-75.88212604448961,-75.83264760773855,48.53482950036567,-75.85919238458895
3,0,inverse_num_params,subsample,10.0,-75.87837168775783,-75.83633593987349,-197.60459078014125,-75.84296187421644
3,0,inverse_num_params,subsample,11.0,-75.88212604448961,-75.83264760773855,-194.99157915133154,-75.84431249712887
3,0,inverse_num_params,subsample,12.0,-75.88212604448961,-75.83633593987349,-28.004028896229052,-75.8568603706959
3,0,inverse_num_params,subsample,13.0,-75.87837168775783,-75.83633593987349,57.23752736723354,-75.86473756189724
3,0,inverse_num_params,subsample,14.0,-75.88212604448961,-75.83264760773855,178.99528533168146,-75.87199926523756
3,0,inverse_num_params,subsample,15.0,-75.87837168775783,-75.83264760773855,-213.09697827706202,-75.84135640551939
3,0,inverse_num_params,subsample,16.0,-75.87837168775783,-75.83633593987349,-99.89801456482675,-75.84867957221059
3,0,inverse_num_params,subsample,17.0,-75.87837168775783,-75.83264760773855,-34.88607738396173,-75.85163649831624
3,0,inverse_num_params,subsample,18.0,-75.88212604448961,-75.83264760773855,141.6492141811915,-75.86848205275662
3,0,inverse_num_params,subsample,19.0,-75.88212604448961,-75.83264760773855,74.84052018483523,-75.8638305024158
3,0,inverse_num_params,subsample,20.0,-75.88212604448961,-75.83264760773855,-236.72809816387033,-75.84131139442778
3,0,inverse_num_params,subsample,21.0,-75.87452003831336,-75.83264760773855,187.61337331041315,-75.87203898550996
3,0,inverse_num_params,subsample,22.0,-75.87837168775783,-75.83264760773855,-24.028655219625804,-75.85413096824469
3,0,inverse_num_params,subsample,23.0,-75.87240179401384,-75.83264760773855,11.786056554270063,-75.8530037958733
3,0,inverse_num_params,subsample,24.0,-75.88212604448961,-75.83633593987349,86.80736334384898,-75.86367061362697
3,0,inverse_num_params,subsample,25.0,-75.87837168775783,-75.83264760773855,-10.202131631413742,-75.85631909569865
3,0,inverse_num_params,subsample,26.0,-75.88212604448961,-75.83264760773855,-215.500803010691,-75.84255712485545
3,0,inverse_num_params,subsample,27.0,-75.88212604448961,-75.83264760773855,192.18018892241292,-75.87439733692884
3,0,inverse_num_params,subsample,28.0,-75.88212604448961,-75.83264760773855,-93.81533627546318,-75.84951874495896
3,0,inverse_num_params,subsample,29.0,-75.88212604448961,-75.83633593987349,51.62911318238464,-75.86332496597043
3,0,inverse_num_params,subsample,30.0,-75.87837168775783,-75.83264760773855,87.84251172096624,-75.86418594577692
3,0,inverse_num_params,subsample,31.0,-75.88212604448961,-75.83264760773855,130.14460222363357,-75.86807964721724
3,0,inverse_num_params,subsample,32.0,-75.88212604448961,-75.83264760773855,110.11924198491755,-75.86585843799561
3,0,inverse_num_params,subsample,33.0,-75.88212604448961,-75.84000818594643,-76.46454243744095,-75.85296180515742
3,0,inverse_num_params,subsample,34.0,-75.88212604448961,-75.83264760773855,19.01910493170734,-75.86179554940414
3,0,inverse_num_params,subsample,35.0,-75.87267621338883,-75.83633593987349,-71.58588735440088,-75.85206151364854
3,0,inverse_num_params,subsample,36.0,-75.88212604448961,-75.8442269106639,11.539297839233987,-75.86387301444533
3,0,inverse_num_params,subsample,37.0,-75.88212604448961,-75.83264760773855,-44.2237692709329,-75.8518793659209
3,0,inverse_num_params,subsample,38.0,-75.88212604448961,-75.83264760773855,42.25544415845567,-75.86612786774036
3,0,inverse_num_params,subsample,39.0,-75.87240179401384,-75.83264760773855,-141.7137084775132,-75.84504642651112
3,0,inverse_num_params,subsample,40.0,-75.87837168775783,-75.83264760773855,-194.39730522749934,-75.84315983352569
3,0,inverse_num_params,subsample,41.0,-75.88212604448961,-75.83264760773855,-277.187773932514,-75.83781862439665
3,0,inverse_num_params,subsample,42.0,-75.88212604448961,-75.83264760773855,127.36787280715389,-75.86591468213467
3,0,inverse_num_params,subsample,43.0,-75.87267621338883,-75.83264760773855,-270.9178843408084,-75.83813452312253
3,0,inverse_num_params,subsample,44.0,-75.87267621338883,-75.83264760773855,119.77470124600515,-75.86732421545285
3,0,inverse_num_params,subsample,45.0,-75.88212604448961,-75.84000818594643,-173.30650000138533,-75.84690204107245
3,0,inverse_num_params,subsample,46.0,-75.88212604448961,-75.84116408905373,-71.32619053131071,-75.85552794784242
3,0,inverse_num_params,subsample,47.0,-75.88212604448961,-75.84650212409917,104.86364468104766,-75.87066166765952
3,0,inverse_num_params,subsample,48.0,-75.88212604448961,-75.84952988815988,-4.671297774692748,-75.86265053989527
3,0,inverse_num_params,subsample,49.0,-75.87837168775783,-75.83264760773855,-44.54740133728024,-75.85285117795904
3,0,inverse_num_params,subsample,50.0,-75.87267621338883,-75.83264760773855,-102.46067015545894,-75.84893814268985
3,0,inverse_num_params,subsample,51.0,-75.88212604448961,-75.84116408905373,-5.983188516969707,-75.85804444297317
3,0,inverse_num_params,subsample,52.0,-75.87837168775783,-75.84000818594643,-142.75969872181508,-75.84665766661365
3,0,inverse_num_params,subsample,53.0,-75.87267621338883,-75.83264760773855,-122.38925507641093,-75.84515154677182
3,0,inverse_num_params,subsample,54.0,-75.88212604448961,-75.83264760773855,89.60348943408914,-75.86267495415541
3,0,inverse_num_params,subsample,55.0,-75.88212604448961,-75.84000818594643,-1.5112774080841718,-75.85950550779047
3,0,inverse_num_params,subsample,56.0,-75.87837168775783,-75.83633593987349,-51.661027557108504,-75.85435712122354
3,0,inverse_num_params,subsample,57.0,-75.88212604448961,-75.83264760773855,101.09385782502238,-75.86482350298242
3,0,inverse_num_params,subsample,58.0,-75.87452003831336,-75.84116408905373,-57.79413644102368,-75.85653577901265
3,0,inverse_num_params,subsample,59.0,-75.87837168775783,-75.84116408905373,-204.73102763417117,-75.84394486557373
3,0,inverse_num_params,subsample,60.0,-75.88212604448961,-75.83264760773855,156.01479130857612,-75.87170984859557
3,0,inverse_num_params,subsample,61.0,-75.87267621338883,-75.83264760773855,-129.27586061143452,-75.84805919170304
3,0,inverse_num_params,subsample,62.0,-75.87452003831336,-75.83264760773855,61.75788994858282,-75.8617546349474
3,0,inverse_num_params,subsample,63.0,-75.87267621338883,-75.84000818594643,-178.57671215990368,-75.84326030312613
3,0,inverse_num_params,subsample,64.0,-75.87837168775783,-75.83264760773855,-31.352832801338316,-75.85425801640646
3,0,inverse_num_params,subsample,65.0,-75.88212604448961,-75.83264760773855,-118.74505139515647,-75.85114025649996
3,0,inverse_num_params,subsample,66.0,-75.88212604448961,-75.84000818594643,-172.39553354478687,-75.84805051936289
3,0,inverse_num_params,subsample,67.0,-75.88212604448961,-75.84116408905373,-2.663062604205953,-75.86073563383819
3,0,inverse_num_params,subsample,68.0,-75.87837168775783,-75.83633593987349,22.44947308088165,-75.85995692991317
3,0,inverse_num_params,subsample,69.0,-75.88212604448961,-75.83264760773855,-94.57116796864057,-75.85102433341677
3,0,inverse_num_params,subsample,70.0,-75.88212604448961,-75.83264760773855,-41.928180421831435,-75.85683466231687
3,0,inverse_num_params,subsample,71.0,-75.87837168775783,-75.83633593987349,252.1040622432487,-75.88225601062229
3,0,inverse_num_params,subsample,72.0,-75.88212604448961,-75.83264760773855,101.98775758314727,-75.86716109375682
3,0,inverse_num_params,subsample,73.0,-75.88212604448961,-75.83633593987349,42.85883035604407,-75.86080931581992
3,0,inverse_num_params,subsample,74.0,-75.88212604448961,-75.83264760773855,5.007259861591289,-75.85533132293794
3,0,inverse_num_params,subsample,75.0,-75.87837168775783,-75.84116408905373,5.983591219435888,-75.86076013035385
3,0,inverse_num_params,subsample,76.0,-75.87837168775783,-75.84116408905373,-164.77513044117703,-75.84685894389219
3,0,inverse_num_params,subsample,77.0,-75.88212604448961,-75.83633593987349,177.14145931417076,-75.87495396212557
3,0,inverse_num_params,subsample,78.0,-75.87267621338883,-75.84000818594643,-111.83477354511032,-75.85166348940353
3,0,inverse_num_params,subsample,79.0,-75.87452003831336,-75.83633593987349,114.78459258131295,-75.86375315027429
3,0,inverse_num_params,subsample,80.0,-75.87837168775783,-75.83633593987349,-124.16014296910463,-75.84667097486715
3,0,inverse_num_params,subsample,81.0,-75.87837168775783,-75.83264760773855,-70.99272004160444,-75.85038455755443
3,0,inverse_num_params,subsample,82.0,-75.87452003831336,-75.84000818594643,-49.498445644636845,-75.85638201265806
3,0,inverse_num_params,subsample,83.0,-75.87267621338883,-75.83633593987349,-88.61876958460495,-75.85096885311114
3,0,inverse_num_params,subsample,84.0,-75.87267621338883,-75.83633593987349,-12.779678612839378,-75.8588772983135
3,0,inverse_num_params,subsample,85.0,-75.87240179401384,-75.83264760773855,-1.029337767838093,-75.85448887983823
3,0,inverse_num_params,subsample,86.0,-75.87837168775783,-75.83264760773855,-82.0922034700639,-75.85462808018372
3,0,inverse_num_params,subsample,87.0,-75.87452003831336,-75.83264760773855,43.21542387849451,-75.86235817852203
3,0,inverse_num_params,subsample,88.0,-75.88212604448961,-75.83264760773855,5.714222424785276,-75.8526299738083
3,0,inverse_num_params,subsample,89.0,-75.88212604448961,-75.83264760773855,-99.69486732729153,-75.85153481258901
3,0,inverse_num_params,subsample,90.0,-75.87452003831336,-75.83264760773855,-214.50490989955216,-75.84258043776494
3,0,inverse_num_params,subsample,91.0,-75.87267621338883,-75.83264760773855,-188.5510716953694,-75.8408429745867
3,0,inverse_num_params,subsample,92.0,-75.88212604448961,-75.83264760773855,70.00317390593206,-75.86059866868816
3,0,inverse_num_params,subsample,93.0,-75.88212604448961,-75.84116408905373,-59.53005223099028,-75.85734858099597
3,0,inverse_num_params,subsample,94.0,-75.87267621338883,-75.83264760773855,56.60875130258537,-75.85669312154961
3,0,inverse_num_params,subsample,95.0,-75.88212604448961,-75.8442269106639,12.049414422722782,-75.86098652752857
3,0,inverse_num_params,subsample,96.0,-75.87452003831336,-75.83264760773855,-30.334008582056008,-75.85485504117587
3,0,inverse_num_params,subsample,97.0,-75.87837168775783,-75.84116408905373,-168.53674782257937,-75.84596470120267
3,0,inverse_num_params,subsample,98.0,-75.87240179401384,-75.83264760773855,-214.80150619375948,-75.84180799992714
3,0,inverse_num_params,subsample,99.0,-75.88212604448961,-75.83264760773855,-139.4266302585014,-75.84680159949548
4,0,variance,global,,-80.04213829258295,-80.00675463987419,0.14343115914844679,-80.02713995629509
4,0,variance,subsample,0.0,-80.04213829258295,-80.00675463987419,0.06678184217452822,-80.02484835749772
4,0,variance,subsample,1.0,-80.04213829258295,-80.01089627650134,0.03344581379322384,-80.02562909576615
4,0,variance,subsample,2.0,-80.03945923136769,-80.00675463987419,0.2341025601729427,-80.02734247388959
4,0,variance,subsample,3.0,-80.04160455257687,-80.00675463987419,0.23031883848961773,-80.02811990594533
4,0,variance,subsample,4.0,-80.03548059786196,-80.00675463987419,0.21570402548101858,-80.02721404920575
4,0,variance,subsample,5.0,-80.04213829258295,-80.01000979072396,-0.07008103610336042,-80.02440391425205
4,0,variance,subsample,6.0,-80.04213829258295,-80.01089627650134,0.1793381008499893,-80.02835074862044
4,0,variance,subsample,7.0,-80.04160455257687,-80.00675463987419,0.13666849946117413,-80.0263722843125
4,0,variance,subsample,8.0,-80.03888044440768,-80.00675463987419,0.06855044895734803,-80.02501568003376
4,0,variance,subsample,9.0,-80.03945923136769,-80.00675463987419,0.09478103625102907,-80.0261249116987
4,0,variance,subsample,10.0,-80.04213829258295,-80.01000979072396,0.12028211039346459,-80.02540390330549
4,0,variance,subsample,11.0,-80.04213829258295,-80.01000979072396,0.13907918898664598,-80.02677066313763
4,0,variance,subsample,12.0,-80.04213829258295,-80.00675463987419,0.2200355770714099,-80.02714725729169
4,0,variance,subsample,13.0,-80.04160455257687,-80.00675463987419,0.04001334963995752,-80.02713940293613
4,0,variance,subsample,14.0,-80.04160455257687,-80.01089627650134,0.07469819899036988,-80.02607189574539
4,0,variance,subsample,15.0,-80.04213829258295,-80.01000979072396,0.22105137004579853,-80.02864208381304
4,0,variance,subsample,16.0,-80.04160455257687,-80.00675463987419,0.114535583336397,-80.02753784381062
4,0,variance,subsample,17.0,-80.03888044440768,-80.01364875709979,0.06586396435972161,-80.02596157816583
4,0,variance,subsample,18.0,-80.03945923136769,-80.0142126466239,0.10443391212904547,-80.02676760034964
4,0,variance,subsample,19.0,-80.03888044440768,-80.00675463987419,0.1258276198832322,-80.02721266012406
4,0,variance,subsample,20.0,-80.03945923136769,-80.01000979072396,0.21854152653721132,-80.0292954915
4,0,variance,subsample,21.0,-80.04213829258295,-80.01000979072396,0.1645261694594056,-80.02552381141588
4,0,variance,subsample,22.0,-80.04213829258295,-80.00675463987419,0.14626484182181484,-80.02725364320864
4,0,variance,subsample,23.0,-80.04213829258295,-80.00675463987419,0.038777706738670537,-80.02545096133521
4,0,variance,subsample,24.0,-80.04213829258295,-80.00675463987419,0.17322586076237412,-80.02807563260797
4,0,variance,subsample,25.0,-80.03888044440768,-80.00675463987419,0.08730132436401244,-80.02633756856962
4,0,variance,subsample,26.0,-80.04213829258295,-80.01000979072396,0.1434464068485463,-80.02736047408376
4,0,variance,subsample,27.0,-80.04213829258295,-80.01000979072396,0.07983396877708984,-80.02697096109837
4,0,variance,subsample,28.0,-80.03945923136769,-80.00675463987419,0.21122917104171932,-80.0278734515225
4,0,variance,subsample,29.0,-80.03888044440768,-80.00675463987419,0.09535847215366584,-80.02599030498354
4,0,variance,subsample,30.0,-80.04160455257687,-80.00675463987419,0.07041134186374431,-80.02506595629355
4,0,variance,subsample,31.0,-80.03888044440768,-80.01000979072396,0.10965155242432462,-80.02568549362977
4,0,variance,subsample,32.0,-80.04160455257687,-80.00675463987419,0.08045342131882768,-80.02596639515174
4,0,variance,subsample,33.0,-80.03888044440768,-80.00675463987419,0.2131776161088135,-80.02563610274898
4,0,variance,subsample,34.0,-80.04213829258295,-80.01089627650134,0.1009411950490029,-80.02790555941272
4,0,variance,subsample,35.0,-80.04213829258295,-80.00675463987419,0.15440144273357406,-80.0287743732356
4,0,variance,subsample,36.0,-80.04213829258295,-80.00675463987419,0.12728771202085648,-80.02777531864638
4,0,variance,subsample,37.0,-80.04160455257687,-80.00675463987419,0.21070702029248828,-80.02887361454232
4,0,variance,subsample,38.0,-80.04213829258295,-80.00675463987419,0.21767675192440306,-80.02973742022697
4,0,variance,subsample,39.0,-80.03888044440768,-80.00675463987419,0.18158886082545553,-80.02654042981507
4,0,variance,subsample,40.0,-80.04213829258295,-80.01089627650134,0.11469186161862009,-80.02730075880879
4,0,variance,subsample,41.0,-80.04160455257687,-80.01000979072396,0.14647774473692385,-80.02636532272199
4,0,variance,subsample,42.0,-80.04160455257687,-80.00675463987419,0.15541788978612128,-80.02768864765777
4,0,variance,subsample,43.0,-80.03514463456499,-80.00675463987419,0.26437234659568026,-80.02604663295809
4,0,variance,subsample,44.0,-80.04160455257687,-80.00675463987419,0.1757005875638934,-80.02790158471062
4,0,variance,subsample,45.0,-80.04160455257687,-80.00675463987419,0.13422253314317806,-80.02795188384825
4,0,variance,subsample,46.0,-80.03945923136769,-80.01000979072396,0.15207281810576379,-80.02777650594095
4,0,variance,subsample,47.0,-80.04160455257687,-80.00675463987419,0.16757265913848463,-80.02632832370733
4,0,variance,subsample,48.0,-80.03824273353149,-80.00675463987419,0.20949316489980097,-80.02754721691775
4,0,variance,subsample,49.0,-80.03824273353149,-80.01000979072396,0.09634950088540438,-80.02591159504617
4,0,variance,subsample,50.0,-80.04213829258295,-80.00675463987419,0.1762228298267938,-80.02913533453237
4,0,variance,subsample,51.0,-80.04160455257687,-80.01089627650134,0.13765357413510895,-80.02789670980204
4,0,variance,subsample,52.0,-80.04213829258295,-80.00675463987419,0.1993083804078857,-80.02701065599636
4,0,variance,subsample,53.0,-80.04160455257687,-80.01000979072396,0.08309377565037174,-80.02608116395025
4,0,variance,subsample,54.0,-80.04213829258295,-80.01000979072396,0.08440769538311069,-80.0259060320811
4,0,variance,subsample,55.0,-80.04213829258295,-80.00675463987419,0.19222330435053833,-80.0268710281397
4,0,variance,subsample,56.0,-80.04160455257687,-80.00675463987419,0.14885246596630455,-80.02879214549473
4,0,variance,subsample,57.0,-80.04213829258295,-80.01112212684879,0.1331600727668212,-80.0294451207126
4,0,variance,subsample,58.0,-80.04213829258295,-80.01000979072396,0.15691848810349723,-80.02704712588945
4,0,variance,subsample,59.0,-80.04213829258295,-80.01000979072396,0.2200289801491128,-80.02743855605
4,0,variance,subsample,60.0,-80.04160455257687,-80.00675463987419,0.21924531770923567,-80.02808818496717
4,0,variance,subsample,61.0,-80.04160455257687,-80.01000979072396,0.09569867435608559,-80.02632522895752
4,0,variance,subsample,62.0,-80.03945923136769,-80.01000979072396,0.11873782764435076,-80.02696296422253
4,0,variance,subsample,63.0,-80.03945923136769,-80.01089627650134,0.2701520923280802,-80.02889728769273
4,0,variance,subsample,64.0,-80.04213829258295,-80.00675463987419,0.18753305854445115,-80.02598501202849
4,0,variance,subsample,65.0,-80.04160455257687,-80.00675463987419,0.16781115228750304,-80.02793835498886
4,0,variance,subsample,66.0,-80.03945923136769,-80.01089627650134,0.10317025430441419,-80.02639523617769
4,0,variance,subsample,67.0,-80.03824273353149,-80.00675463987419,0.19102619377820668,-80.02624685064957
4,0,variance,subsample,68.0,-80.03567489388638,-80.00675463987419,0.16276477175728388,-80.0251193579043
4,0,variance,subsample,69.0,-80.04160455257687,-80.01089627650134,0.0445541730709632,-80.02593980849264
4,0,variance,subsample,70.0,-80.04213829258295,-80.01000979072396,0.252686904375212,-80.0275936516639
4,0,variance,subsample,71.0,-80.04213829258295,-80.00675463987419,0.2111449089303017,-80.02702410883015
4,0,variance,subsample,72.0,-80.04213829258295,-80.01089627650134,0.15442401801587557,-80.02705574687519
4,0,variance,subsample,73.0,-80.04160455257687,-80.00675463987419,0.1228987786780493,-80.02690177791645
4,0,variance,subsample,74.0,-80.04160455257687,-80.00675463987419,0.09959650230733173,-80.02564492109975
4,0,variance,subsample,75.0,-80.04213829258295,-80.00675463987419,0.2050863897365878,-80.02795134952866
4,0,variance,subsample,76.0,-80.04213829258295,-80.01100766562136,0.07288882322656115,-80.0261652176488
4,0,variance,subsample,77.0,-80.04160455257687,-80.01000979072396,-0.017931931570679793,-80.02433477241986
4,0,variance,subsample,78.0,-80.04213829258295,-80.00675463987419,0.20082823931829202,-80.02819025597766
4,0,variance,subsample,79.0,-80.03945923136769,-80.00675463987419,0.09148199899102744,-80.0257839371487
4,0,variance,subsample,80.0,-80.04160455257687,-80.00675463987419,0.12410601392167207,-80.02609061295499
4,0,variance,subsample,81.0,-80.04213829258295,-80.01000979072396,-0.10936568683895005,-80.02515616399508
4,0,variance,subsample,82.0,-80.03945923136769,-80.00675463987419,0.2096380671938529,-80.02862870242402
4,0,variance,subsample,83.0,-80.04160455257687,-80.01000979072396,0.033958072027379424,-80.02467092383587
4,0,variance,subsample,84.0,-80.03888044440768,-80.00675463987419,0.1767687087922819,-80.02663880084985
4,0,variance,subsample,85.0,-80.03945923136769,-80.00675463987419,0.13629476670275847,-80.02646864152841
4,0,variance,subsample,86.0,-80.03548059786196,-80.00675463987419,0.211138150123256,-80.02524380329697
4,0,variance,subsample,87.0,-80.04213829258295,-80.00675463987419,0.2036249568339231,-80.02920562391566
4,0,variance,subsample,88.0,-80.03945923136769,-80.00675463987419,0.201834126441267,-80.02779807743805
4,0,variance,subsample,89.0,-80.03824273353149,-80.00675463987419,0.19915268908118647,-80.0281865883541
4,0,variance,subsample,90.0,-80.03945923136769,-80.01000979072396,0.1095901236603749,-80.02551962478012
4,0,variance,subsample,91.0,-80.04160455257687,-80.00675463987419,0.11749357003177513,-80.02686742493835
4,0,variance,subsample,92.0,-80.03888044440768,-80.01000979072396,0.11711556490249424,-80.02672752408692
4,0,variance,subsample,93.0,-80.04213829258295,-80.00675463987419,0.25867053474223567,-80.02627217456366
4,0,variance,subsample,94.0,-80.04213829258295,-80.01000979072396,0.0420967021093243,-80.02666398018698
4,0,variance,subsample,95.0,-80.04213829258295,-80.01000979072396,0.062445074470937285,-80.02677959295136
4,0,variance,subsample,96.0,-80.03945923136769,-80.01000979072396,0.15423506600606265,-80.02717992567318
4,0,variance,subsample,97.0,-80.04213829258295,-80.01000979072396,0.06703371217611939,-80.02523178882763
4,0,variance,subsample,98.0,-80.04160455257687,-80.00675463987419,0.03495385153348889,-80.02650191407307
4,0,variance,subsample,99.0,-80.03945923136769,-80.01000979072396,0.08751101765301703,-80.02706598439002
4,0,inverse_num_params,global,,-80.04213829258295,-80.00675463987419,15.00321469386836,-80.02546172475161
4,0,inverse_num_params,subsample,0.0,-80.04160455257687,-80.01112212684879,29.333697332026283,-80.02712741859591
4,0,inverse_num_params,subsample,1.0,-80.04160455257687,-80.01089627650134,48.492709022926654,-80.02650634993255
4,0,inverse_num_params,subsample,2.0,-80.04213829258295,-80.00675463987419,-54.58628488769362,-80.02036307969001
4,0,inverse_num_params,subsample,3.0,-80.04213829258295,-80.00675463987419,-37.0248094262108,-80.02318478710879
4,0,inverse_num_params,subsample,4.0,-80.03888044440768,-80.00675463987419,96.1650581168288,-80.02901130384093
4,0,inverse_num_params,subsample,5.0,-80.03945923136769,-80.00675463987419,85.7942964373266,-80.02959701363565
4,0,inverse_num_params,subsample,6.0,-80.04213829258295,-80.00675463987419,-120.00093896855515,-80.01730659593284
4,0,inverse_num_params,subsample,7.0,-80.04160455257687,-80.00675463987419,35.57710157297151,-80.02630376308588
4,0,inverse_num_params,subsample,8.0,-80.04213829258295,-80.00675463987419,-30.925513840220646,-80.02230672531464
4,0,inverse_num_params,subsample,9.0,-80.04160455257687,-80.00675463987419,-22.96403466873843,-80.02240004116688
4,0,inverse_num_params,subsample,10.0,-80.04213829258295,-80.01000979072396,193.60544591748993,-80.03465489258048
4,0,inverse_num_params,subsample,11.0,-80.04213829258295,-80.01000979072396,62.483174822194684,-80.0279863995952
4,0,inverse_num_params,subsample,12.0,-80.03945923136769,-80.01089627650134,-34.87854992059404,-80.02157270399547
4,0,inverse_num_params,subsample,13.0,-80.03824273353149,-80.01089627650134,7.336539088152547,-80.02441957675529
4,0,inverse_num_params,subsample,14.0,-80.04213829258295,-80.00675463987419,-8.994004718086085,-80.02373145456312
4,0,inverse_num_params,subsample,15.0,-80.03567489388638,-80.00675463987419,-1.978214793713463,-80.0231011847851
4,0,inverse_num_params,subsample,16.0,-80.03945923136769,-80.01000979072396,111.74417656868499,-80.03144168376969
4,0,inverse_num_params,subsample,17.0,-80.04213829258295,-80.00675463987419,-41.44682594740608,-80.02097017360407
4,0,inverse_num_params,subsample,18.0,-80.04213829258295,-80.00675463987419,9.79934456145341,-80.02401257665261
4,0,inverse_num_params,subsample,19.0,-80.03567489388638,-80.01100766562136,20.332291283339305,-80.02387231550946
4,0,inverse_num_params,subsample,20.0,-80.03945923136769,-80.00675463987419,1.5878908854687759,-80.0228517777908
4,0,inverse_num_params,subsample,21.0,-80.03945923136769,-80.00675463987419,-0.6570838682729995,-80.02425989649493
4,0,inverse_num_params,subsample,22.0,-80.03945923136769,-80.00675463987419,4.473442985543114,-80.02480899141382
4,0,inverse_num_params,subsample,23.0,-80.03548059786196,-80.00675463987419,80.22639073183203,-80.02721989953686
4,0,inverse_num_params,subsample,24.0,-80.04213829258295,-80.00675463987419,39.266965044949906,-80.02563056395279
4,0,inverse_num_params,subsample,25.0,-80.04213829258295,-80.00675463987419,-28.20570585484043,-80.02291340084128
4,0,inverse_num_params,subsample,26.0,-80.04213829258295,-80.01089627650134,-11.753027457601156,-80.02403917718874
4,0,inverse_num_params,subsample,27.0,-80.04160455257687,-80.01000979072396,87.93818305701683,-80.02761783785348
4,0,inverse_num_params,subsample,28.0,-80.04213829258295,-80.00675463987419,35.3079952658567,-80.02409892965854
4,0,inverse_num_params,subsample,29.0,-80.04213829258295,-80.01100766562136,3.487204137361596,-80.02617381369484
4,0,inverse_num_params,subsample,30.0,-80.03945923136769,-80.01000979072396,88.59609186977617,-80.02796231224288
4,0,inverse_num_params,subsample,31.0,-80.04213829258295,-80.00675463987419,58.476118664986934,-80.02790466039457
4,0,inverse_num_params,subsample,32.0,-80.04213829258295,-80.00675463987419,-9.199552112102486,-80.02444238887317
4,0,inverse_num_params,subsample,33.0,-80.04213829258295,-80.01364875709979,9.751116730929274,-80.0273564454693
4,0,inverse_num_params,subsample,34.0,-80.04213829258295,-80.01112212684879,34.6793260549527,-80.02809065830493
4,0,inverse_num_params,subsample,35.0,-80.04213829258295,-80.01112212684879,73.79008788642209,-80.02968877001489
4,0,inverse_num_params,subsample,36.0,-80.04213829258295,-80.01000979072396,2.889814748342955,-80.02481772807921
4,0,inverse_num_params,subsample,37.0,-80.04213829258295,-80.01000979072396,44.16622972475495,-80.02810378738005
4,0,inverse_num_params,subsample,38.0,-80.04160455257687,-80.00675463987419,-4.551420786783266,-80.02367525839283
4,0,inverse_num_params,subsample,39.0,-80.04213829258295,-80.01000979072396,-2.54910320963343,-80.02486187734675
4,0,inverse_num_params,subsample,40.0,-80.04213829258295,-80.01100766562136,36.49759555331781,-80.02777994256836
4,0,inverse_num_params,subsample,41.0,-80.03945923136769,-80.01100766562136,-6.198302723795735,-80.02416347597112
4,0,inverse_num_params,subsample,42.0,-80.04213829258295,-80.00675463987419,-48.996402087916046,-80.02268890542345
4,0,inverse_num_params,subsample,43.0,-80.04213829258295,-80.00675463987419,-36.79293586432622,-80.02257308169926
4,0,inverse_num_params,subsample,44.0,-80.04160455257687,-80.00675463987419,-36.32253903724366,-80.0218558824156
4,0,inverse_num_params,subsample,45.0,-80.04213829258295,-80.00675463987419,43.75597612286559,-80.02652544075588
4,0,inverse_num_params,subsample,46.0,-80.04160455257687,-80.01089627650134,141.61372947435103,-80.03098814303063
4,0,inverse_num_params,subsample,47.0,-80.04213829258295,-80.00675463987419,0.3006159785547596,-80.02535635686111
4,0,inverse_num_params,subsample,48.0,-80.03548059786196,-80.00675463987419,49.94100377457813,-80.02481011929687
4,0,inverse_num_params,subsample,49.0,-80.04213829258295,-80.01100766562136,40.56919864015166,-80.02734577750972
4,0,inverse_num_params,subsample,50.0,-80.03888044440768,-80.01000979072396,-11.567817843182084,-80.02402248286685
4,0,inverse_num_params,subsample,51.0,-80.04213829258295,-80.01000979072396,-8.063133235298201,-80.02438131579298
4,0,inverse_num_params,subsample,52.0,-80.03945923136769,-80.01089627650134,20.145409619802106,-80.02549390090306
4,0,inverse_num_params,subsample,53.0,-80.04213829258295,-80.00675463987419,-20.141100561600478,-80.02250816142845
4,0,inverse_num_params,subsample,54.0,-80.03824273353149,-80.01000979072396,115.2324517423548,-80.03086324352506
4,0,inverse_num_params,subsample,55.0,-80.04213829258295,-80.01000979072396,20.62203659292681,-80.02559875169096
4,0,inverse_num_params,subsample,56.0,-80.04213829258295,-80.00675463987419,-3.060810814249061,-80.02330302661171
4,0,inverse_num_params,subsample,57.0,-80.04160455257687,-80.00675463987419,17.948188721613825,-80.02572313697915
4,0,inverse_num_params,subsample,58.0,-80.03824273353149,-80.01112212684879,132.58242774533298,-80.03016675590949
4,0,inverse_num_params,subsample,59.0,-80.03888044440768,-80.00675463987419,15.584305723302558,-80.0236707729933
4,0,inverse_num_params,subsample,60.0,-80.04160455257687,-80.00675463987419,-16.757965650737702,-80.02510503526862
4,0,inverse_num_params,subsample,61.0,-80.04213829258295,-80.00675463987419,-100.97035794350565,-80.01976831684117
4,0,inverse_num_params,subsample,62.0,-80.03824273353149,-80.00675463987419,-28.535857419093638,-80.02275676757274
4,0,inverse_num_params,subsample,63.0,-80.04160455257687,-80.01000979072396,80.42091511600226,-80.02789314392686
4,0,inverse_num_params,subsample,64.0,-80.04213829258295,-80.00675463987419,-24.964230303024554,-80.02199339238823
4,0,inverse_num_params,subsample,65.0,-80.03945923136769,-80.00675463987419,-13.199592899069566,-80.02214415485332
4,0,inverse_num_params,subsample,66.0,-80.04160455257687,-80.01000979072396,49.881449619038975,-80.02599411132259
4,0,inverse_num_params,subsample,67.0,-80.04213829258295,-80.00675463987419,40.46886080496313,-80.027239037712
4,0,inverse_num_params,subsample,68.0,-80.04213829258295,-80.00675463987419,23.367516387202997,-80.02447376770083
4,0,inverse_num_params,subsample,69.0,-80.04213829258295,-80.00675463987419,-3.0225354110749407,-80.02395123690951
4,0,inverse_num_params,subsample,70.0,-80.03945923136769,-80.01000979072396,-31.879951057425536,-80.02326602159425
4,0,inverse_num_params,subsample,71.0,-80.03945923136769,-80.01100766562136,40.799272224439235,-80.02586799548686
4,0,inverse_num_params,subsample,72.0,-80.04213829258295,-80.00675463987419,13.237470203510323,-80.0268060356215
4,0,inverse_num_params,subsample,73.0,-80.04160455257687,-80.01000979072396,63.893320585612194,-80.02835390433533
4,0,inverse_num_params,subsample,74.0,-80.03945923136769,-80.00675463987419,-48.50072314519212,-80.02120853118187
4,0,inverse_num_params,subsample,75.0,-80.04213829258295,-80.01112212684879,132.8500840218623,-80.03141818412794
4,0,inverse_num_params,subsample,76.0,-80.04213829258295,-80.00675463987419,-33.748726995904875,-80.02516461173884
4,0,inverse_num_params,subsample,77.0,-80.03888044440768,-80.01089627650134,0.7910090301801774,-80.02509690644527
4,0,inverse_num_params,subsample,78.0,-80.04213829258295,-80.00675463987419,-31.3343367360218,-80.02326018156599
4,0,inverse_num_params,subsample,79.0,-80.03888044440768,-80.01000979072396,92.09602081390271,-80.02848935744026
4,0,inverse_num_params,subsample,80.0,-80.04160455257687,-80.01100766562136,69.48081921240839,-80.02772284896645
4,0,inverse_num_params,subsample,81.0,-80.04213829258295,-80.01000979072396,152.54465680528514,-80.03405365642837
4,0,inverse_num_params,subsample,82.0,-80.04160455257687,-80.01089627650134,28.955324981485077,-80.02601804934652
4,0,inverse_num_params,subsample,83.0,-80.04160455257687,-80.01089627650134,91.68303699607823,-80.02899047164493
4,0,inverse_num_params,subsample,84.0,-80.04213829258295,-80.01000979072396,-2.8371032566862384,-80.02684742668387
4,0,inverse_num_params,subsample,85.0,-80.04160455257687,-80.00675463987419,39.70488328019895,-80.02701790156279
4,0,inverse_num_params,subsample,86.0,-80.04213829258295,-80.01000979072396,8.38241892020604,-80.02566272658346
4,0,inverse_num_params,subsample,87.0,-80.03945923136769,-80.00675463987419,-38.27393523745414,-80.02162606239588
4,0,inverse_num_params,subsample,88.0,-80.04213829258295,-80.01000979072396,151.10066003195953,-80.03271266583347
4,0,inverse_num_params,subsample,89.0,-80.04213829258295,-80.01089627650134,22.031525384154303,-80.02822462210217
4,0,inverse_num_params,subsample,90.0,-80.04213829258295,-80.00675463987419,-31.55829381579748,-80.02508145050923
4,0,inverse_num_params,subsample,91.0,-80.04160455257687,-80.01000979072396,46.430888451606386,-80.02580598753953
4,0,inverse_num_params,subsample,92.0,-80.04213829258295,-80.00675463987419,-2.0296831587967734,-80.02333268858128
4,0,inverse_num_params,subsample,93.0,-80.04213829258295,-80.01000979072396,15.131004136900435,-80.02406216228387
4,0,inverse_num_params,subsample,94.0,-80.04213829258295,-80.00675463987419,42.62767572789486,-80.02847377729941
4,0,inverse_num_params,subsample,95.0,-80.04213829258295,-80.01089627650134,95.01722824706462,-80.031596597337
4,0,inverse_num_params,subsample,96.0,-80.03945923136769,-80.00675463987419,24.852021298138524,-80.02347660401959
4,0,inverse_num_params,subsample,97.0,-80.04213829258295,-80.00675463987419,-28.480899043215654,-80.022547076812
4,0,inverse_num_params,subsample,98.0,-80.04213829258295,-80.01089627650134,35.95777109604814,-80.02808364506582
4,0,inverse_num_params,subsample,99.0,-80.04160455257687,-80.01000979072396,13.227249042218265,-80.02606999573106
5,0,variance,global,,-73.60787173648365,-73.5467420737886,0.11007733693201502,-73.58107959023458
5,0,variance,subsample,0.0,-73.60787173648365,-73.56171450366637,0.13558816404112684,-73.58736688847667
5,0,variance,subsample,1.0,-73.59759601410022,-73.54689580758975,0.54596256619297,-73.59325574088072
5,0,variance,subsample,2.0,-73.60787173648365,-73.5467420737886,-0.22818685458957677,-73.56993693348979
5,0,variance,subsample,3.0,-73.60787173648365,-73.54689580758975,0.024997837030885227,-73.58032641365186
5,0,variance,subsample,4.0,-73.60787173648365,-73.5467420737886,0.19585267194145226,-73.58476703814092
5,0,variance,subsample,5.0,-73.59839970782188,-73.5467420737886,-0.4139744251337943,-73.56576165788485
5,0,variance,subsample,6.0,-73.59759601410022,-73.55318830804367,0.15201469055866276,-73.58292683430957
5,0,variance,subsample,7.0,-73.59839970782188,-73.5467420737886,0.11969823957355714,-73.58073729475942
5,0,variance,subsample,8.0,-73.60787173648365,-73.5467420737886,-0.1714130391845775,-73.57191017217758
5,0,variance,subsample,9.0,-73.60787173648365,-73.56252110605746,0.2677845928723997,-73.58864116373222
5,0,variance,subsample,10.0,-73.59742284090348,-73.5467420737886,0.08075862728637373,-73.57884506104742
5,0,variance,subsample,11.0,-73.60787173648365,-73.54689580758975,0.043296687337515814,-73.57930732766394
5,0,variance,subsample,12.0,-73.60787173648365,-73.5467420737886,-0.06471391734195751,-73.57505913156712
5,0,variance,subsample,13.0,-73.59742284090348,-73.5467420737886,0.07697174660172279,-73.57691501193254
5,0,variance,subsample,14.0,-73.59839970782188,-73.55938565999557,0.19069605785736085,-73.58610068228764
5,0,variance,subsample,15.0,-73.59839970782188,-73.5467420737886,0.03970416915741165,-73.57877976154045
5,0,variance,subsample,16.0,-73.60787173648365,-73.55318830804367,0.16343096822192366,-73.58439402636445
5,0,variance,subsample,17.0,-73.60787173648365,-73.5467420737886,-0.1124378514771181,-73.57281677378113
5,0,variance,subsample,18.0,-73.60787173648365,-73.5467420737886,0.013802288051754121,-73.57967746522091
5,0,variance,subsample,19.0,-73.59759601410022,-73.54689580758975,0.22163949102297553,-73.58372325332199
5,0,variance,subsample,20.0,-73.60787173648365,-73.5467420737886,-0.09206180010964612,-73.57364165735638
5,0,variance,subsample,21.0,-73.60787173648365,-73.5467420737886,-0.5972255857123385,-73.55758991334913
5,0,variance,subsample,22.0,-73.60787173648365,-73.56171450366637,0.3003954028449366,-73.58833124731488
5,0,variance,subsample,23.0,-73.59742284090348,-73.54689580758975,0.4659417934017539,-73.59348258926578
5,0,variance,subsample,24.0,-73.60787173648365,-73.5467420737886,-0.2894768428389838,-73.57129118584407
5,0,variance,subsample,25.0,-73.59742284090348,-73.55938565999557,-0.21480823275866817,-73.57152016882414
5,0,variance,subsample,26.0,-73.59839970782188,-73.54689580758975,0.3742601438159164,-73.58745012561421
5,0,variance,subsample,27.0,-73.60787173648365,-73.5467420737886,0.05266882666022479,-73.5793759350148
5,0,variance,subsample,28.0,-73.59839970782188,-73.55318830804367,0.15797797857600512,-73.58160360800849
5,0,variance,subsample,29.0,-73.60787173648365,-73.5467420737886,-0.403153375317187,-73.56602443992794
5,0,variance,subsample,30.0,-73.60787173648365,-73.5467420737886,-0.3932134095695171,-73.56820249139872
5,0,variance,subsample,31.0,-73.59839970782188,-73.54689580758975,0.16055448929306257,-73.58312418561938
5,0,variance,subsample,32.0,-73.59839970782188,-73.5467420737886,0.04727429061573077,-73.5808777212024
5,0,variance,subsample,33.0,-73.60787173648365,-73.5467420737886,-0.04307943431955634,-73.57395162557879
5,0,variance,subsample,34.0,-73.60787173648365,-73.54689580758975,0.7899519271322327,-73.60709863000808
5,0,variance,subsample,35.0,-73.59662843269744,-73.5467420737886,0.10520966863410781,-73.57973941256927
5,0,variance,subsample,36.0,-73.59742284090348,-73.55318830804367,-0.05442110380202384,-73.57307363682038
5,0,variance,subsample,37.0,-73.60787173648365,-73.5467420737886,-0.4014745453372969,-73.5669178820084
5,0,variance,subsample,38.0,-73.60787173648365,-73.54689580758975,-0.06409780548719245,-73.57583233474848
5,0,variance,subsample,39.0,-73.60787173648365,-73.56252110605746,0.2227208435893506,-73.58705168538876
5,0,variance,subsample,40.0,-73.59839970782188,-73.54689580758975,0.19952185489870025,-73.5825858834088
5,0,variance,subsample,41.0,-73.59742284090348,-73.5467420737886,-0.48010533876129674,-73.56332084125329
5,0,variance,subsample,42.0,-73.59742284090348,-73.5467420737886,0.18757027448212116,-73.58135621621109
5,0,variance,subsample,43.0,-73.59662843269744,-73.5467420737886,0.08088850763890679,-73.57677382487805
5,0,variance,subsample,44.0,-73.59839970782188,-73.54689580758975,0.4734389954850698,-73.59278578506013
5,0,variance,subsample,45.0,-73.59662843269744,-73.54689580758975,0.15732000466129423,-73.58174271949918
5,0,variance,subsample,46.0,-73.59839970782188,-73.5467420737886,0.1170760257505249,-73.58072518201432
5,0,variance,subsample,47.0,-73.60787173648365,-73.5467420737886,-0.22212680078632616,-73.57147770807545
5,0,variance,subsample,48.0,-73.60787173648365,-73.5467420737886,-0.3483156426812948,-73.5657845172453
5,0,variance,subsample,49.0,-73.60787173648365,-73.5467420737886,-0.14263925988467496,-73.57160336391858
5,0,variance,subsample,50.0,-73.59759601410022,-73.54689580758975,0.04823356576555054,-73.57855378249322
5,0,variance,subsample,51.0,-73.60787173648365,-73.55318830804367,0.30182438581842463,-73.58946830892661
5,0,variance,subsample,52.0,-73.59759601410022,-73.55318830804367,-0.02818510988541009,-73.57665829203259
5,0,variance,subsample,53.0,-73.60787173648365,-73.54689580758975,-0.01956493839308764,-73.58027913956583
5,0,variance,subsample,54.0,-73.60787173648365,-73.54689580758975,0.25798646745898307,-73.58515191903435
5,0,variance,subsample,55.0,-73.59839970782188,-73.5467420737886,0.34470466836145003,-73.58626340997566
5,0,variance,subsample,56.0,-73.59662843269744,-73.54689580758975,0.5942665719726233,-73.59488401514781
5,0,variance,subsample,57.0,-73.59839970782188,-73.5467420737886,-0.2094910294082493,-73.57152610060912
5,0,variance,subsample,58.0,-73.60787173648365,-73.55318830804367,0.04392841579979621,-73.57948194168489
5,0,variance,subsample,59.0,-73.59759601410022,-73.5467420737886,-0.09050529945507893,-73.57254953119318
5,0,variance,subsample,60.0,-73.60787173648365,-73.5467420737886,0.27531614181144526,-73.58439693555522
5,0,variance,subsample,61.0,-73.60787173648365,-73.5467420737886,-0.12042624276409476,-73.57473643944739
5,0,variance,subsample,62.0,-73.60787173648365,-73.55318830804367,0.051452154841251777,-73.57942817612526
5,0,variance,subsample,63.0,-73.59839970782188,-73.55318830804367,0.09510361890266601,-73.58310738976944
5,0,variance,subsample,64.0,-73.60787173648365,-73.54689580758975,0.5331207904985059,-73.59441841347697
5,0,variance,subsample,65.0,-73.59662843269744,-73.5467420737886,0.2961017654918725,-73.58729010894818
5,0,variance,subsample,66.0,-73.59759601410022,-73.5467420737886,0.14282157314050617,-73.58222922905665
5,0,variance,subsample,67.0,-73.60787173648365,-73.56171450366637,-0.09242287521970903,-73.57879149068243
5,0,variance,subsample,68.0,-73.60787173648365,-73.55938565999557,0.17667577534419748,-73.58588392887854
5,0,variance,subsample,69.0,-73.60787173648365,-73.55318830804367,0.3495358261027198,-73.59079311442726
5,0,variance,subsample,70.0,-73.60787173648365,-73.5467420737886,-0.25484868497653246,-73.56987836205599
5,0,variance,subsample,71.0,-73.59839970782188,-73.55318830804367,0.19872932201732232,-73.5842836806878
5,0,variance,subsample,72.0,-73.60787173648365,-73.5467420737886,0.29216297141264125,-73.58877405231149
5,0,variance,subsample,73.0,-73.60787173648365,-73.5467420737886,0.23539091769311635,-73.58167316937246
5,0,variance,subsample,74.0,-73.60787173648365,-73.54689580758975,0.10665217438309636,-73.58314485611682
5,0,variance,subsample,75.0,-73.59742284090348,-73.55318830804367,0.19966506891562086,-73.58340665263756
5,0,variance,subsample,76.0,-73.60787173648365,-73.5467420737886,-0.1627682462160424,-73.57516914359775
5,0,variance,subsample,77.0,-73.59839970782188,-73.5467420737886,-0.023172663006649215,-73.57744163196307
5,0,variance,subsample,78.0,-73.59839970782188,-73.55938565999557,0.1435515790972082,-73.58230734288811
5,0,variance,subsample,79.0,-73.60787173648365,-73.5467420737886,3.3171218893182346e-05,-73.57503629446737
5,0,variance,subsample,80.0,-73.60787173648365,-73.5467420737886,-0.17850403629345213,-73.57240115848735
5,0,variance,subsample,81.0,-73.60787173648365,-73.55318830804367,0.092330980622682,-73.58254813170743
5,0,variance,subsample,82.0,-73.59742284090348,-73.55318830804367,0.0799144307226794,-73.578075506527
5,0,variance,subsample,83.0,-73.60787173648365,-73.5467420737886,0.06728444851109577,-73.57702333295819
5,0,variance,subsample,84.0,-73.59839970782188,-73.56542855974253,0.15551347331261237,-73.58573888355261
5,0,variance,subsample,85.0,-73.60787173648365,-73.55318830804367,0.1620410730475197,-73.58388482429906
5,0,variance,subsample,86.0,-73.59742284090348,-73.5467420737886,-0.2587082987110937,-73.56928570134897
5,0,variance,subsample,87.0,-73.60787173648365,-73.56252110605746,0.18852356440963253,-73.588617382005
5,0,variance,subsample,88.0,-73.59839970782188,-73.5467420737886,-0.1498150802519294,-73.57104197933393
5,0,variance,subsample,89.0,-73.60787173648365,-73.5467420737886,-0.21247371101204343,-73.56912589616937
5,0,variance,subsample,90.0,-73.59759601410022,-73.5467420737886,-0.11143883030920358,-73.57277127729759
5,0,variance,subsample,91.0,-73.60787173648365,-73.5467420737886,-0.16227618626359122,-73.56785416589392
5,0,variance,subsample,92.0,-73.60787173648365,-73.55938565999557,-0.04275775263918601,-73.579514024673
5,0,variance,subsample,93.0,-73.59839970782188,-73.5467420737886,-0.11714460880711217,-73.57675139175227
5,0,variance,subsample,94.0,-73.59742284090348,-73.54689580758975,0.3435005045115233,-73.58910768759806
5,0,variance,subsample,95.0,-73.60787173648365,-73.54689580758975,0.17052401917150975,-73.58702605355845
5,0,variance,subsample,96.0,-73.59839970782188,-73.5467420737886,-0.019086769348179666,-73.57540802697336
5,0,variance,subsample,97.0,-73.59742284090348,-73.55938565999557,0.023205839480387062,-73.57778114350252
5,0,variance,subsample,98.0,-73.60787173648365,-73.54689580758975,-0.126004674182999,-73.57324900884778
5,0,variance,subsample,99.0,-73.60787173648365,-73.5467420737886,-0.27811694601531034,-73.57082662779985
5,0,inverse_num_params,global,,-73.60787173648365,-73.5467420737886,-35.08914039108288,-73.57608750233592
5,0,inverse_num_params,subsample,0.0,-73.60787173648365,-73.55938565999557,234.59369055239347,-73.5913230013958
5,0,inverse_num_params,subsample,1.0,-73.59759601410022,-73.5467420737886,-117.54983979306553,-73.56981555945528
5,0,inverse_num_params,subsample,2.0,-73.59839970782188,-73.5467420737886,34.67166980785955,-73.58039631226447
5,0,inverse_num_params,subsample,3.0,-73.59742284090348,-73.54689580758975,-125.97129517689005,-73.57070161142002
5,0,inverse_num_params,subsample,4.0,-73.60787173648365,-73.54689580758975,205.931654197634,-73.5822802894901
5,0,inverse_num_params,subsample,5.0,-73.60787173648365,-73.5467420737886,-118.38700363379606,-73.57351611499263
5,0,inverse_num_params,subsample,6.0,-73.60787173648365,-73.55318830804367,13.03245289395079,-73.58087699810973
5,0,inverse_num_params,subsample,7.0,-73.60787173648365,-73.56171450366637,84.07224578680136,-73.58443865310625
5,0,inverse_num_params,subsample,8.0,-73.60787173648365,-73.5467420737886,-432.78630682569036,-73.55918215198496
5,0,inverse_num_params,subsample,9.0,-73.60787173648365,-73.5467420737886,12.024348483293256,-73.57701004745216
5,0,inverse_num_params,subsample,10.0,-73.60787173648365,-73.55938565999557,82.39003417160954,-73.58621806895194
5,0,inverse_num_params,subsample,11.0,-73.60787173648365,-73.55318830804367,242.97067364291922,-73.58640551561423
5,0,inverse_num_params,subsample,12.0,-73.59839970782188,-73.5467420737886,-48.72806978168672,-73.5743265030685
5,0,inverse_num_params,subsample,13.0,-73.59742284090348,-73.55938565999557,269.3847651795609,-73.59258179068716
5,0,inverse_num_params,subsample,14.0,-73.60787173648365,-73.54689580758975,39.56987474628549,-73.57505573176563
5,0,inverse_num_params,subsample,15.0,-73.59839970782188,-73.5467420737886,-76.97549938864687,-73.57432775777096
5,0,inverse_num_params,subsample,16.0,-73.59662843269744,-73.56171450366637,10.731318241148694,-73.57727832070294
5,0,inverse_num_params,subsample,17.0,-73.59839970782188,-73.54689580758975,-151.37206600964728,-73.57122385938975
5,0,inverse_num_params,subsample,18.0,-73.59662843269744,-73.54689580758975,75.5291293837809,-73.57791437831503
5,0,inverse_num_params,subsample,19.0,-73.60787173648365,-73.55318830804367,180.10532543506736,-73.5867092709205
5,0,inverse_num_params,subsample,20.0,-73.59759601410022,-73.5467420737886,-88.7305287928333,-73.56838786556607
5,0,inverse_num_params,subsample,21.0,-73.59759601410022,-73.5467420737886,-171.91579893433777,-73.57065378012834
5,0,inverse_num_params,subsample,22.0,-73.60787173648365,-73.54689580758975,142.94223734903053,-73.5863141534309
5,0,inverse_num_params,subsample,23.0,-73.59759601410022,-73.54689580758975,93.22548432253095,-73.5821162158361
5,0,inverse_num_params,subsample,24.0,-73.60787173648365,-73.5467420737886,218.11366624204834,-73.58611917064957
5,0,inverse_num_params,subsample,25.0,-73.60787173648365,-73.5467420737886,-56.09176925491903,-73.575952427939
5,0,inverse_num_params,subsample,26.0,-73.60787173648365,-73.5467420737886,266.0994155627921,-73.589678878363
5,0,inverse_num_params,subsample,27.0,-73.59839970782188,-73.56252110605746,-278.87075107995423,-73.56874376663761
5,0,inverse_num_params,subsample,28.0,-73.59759601410022,-73.54689580758975,-290.75682370577897,-73.56500621300121
5,0,inverse_num_params,subsample,29.0,-73.59839970782188,-73.54689580758975,-214.39715100177025,-73.56978055163286
5,0,inverse_num_params,subsample,30.0,-73.59359361783812,-73.5467420737886,-221.83452688540285,-73.567165045192
5,0,inverse_num_params,subsample,31.0,-73.60787173648365,-73.54689580758975,-74.42236916888324,-73.57524449199416
5,0,inverse_num_params,subsample,32.0,-73.60787173648365,-73.54689580758975,-397.3285900460149,-73.5611768965961
5,0,inverse_num_params,subsample,33.0,-73.59742284090348,-73.54689580758975,-27.812668337295168,-73.57642258971926
5,0,inverse_num_params,subsample,34.0,-73.60787173648365,-73.54689580758975,53.18626992226518,-73.57858489743747
5,0,inverse_num_params,subsample,35.0,-73.60787173648365,-73.55318830804367,164.0541319189329,-73.58595589030514
5,0,inverse_num_params,subsample,36.0,-73.60787173648365,-73.5467420737886,-149.30558322688296,-73.57102358143831
5,0,inverse_num_params,subsample,37.0,-73.59759601410022,-73.55318830804367,62.98421141643628,-73.57979487209884
5,0,inverse_num_params,subsample,38.0,-73.60787173648365,-73.5467420737886,-60.396950644815306,-73.57298886051078
5,0,inverse_num_params,subsample,39.0,-73.59742284090348,-73.54689580758975,-207.03648585756684,-73.56805772531796
5,0,inverse_num_params,subsample,40.0,-73.59512514281705,-73.5467420737886,-119.94515357130008,-73.57078703029963
5,0,inverse_num_params,subsample,41.0,-73.60787173648365,-73.56171450366637,72.90327023588348,-73.58445640485402
5,0,inverse_num_params,subsample,42.0,-73.59839970782188,-73.55318830804367,-40.41999307908085,-73.57640328525177
5,0,inverse_num_params,subsample,43.0,-73.60787173648365,-73.54689580758975,29.485080561214893,-73.58056303921012
5,0,inverse_num_params,subsample,44.0,-73.60787173648365,-73.55938565999557,217.55170641140884,-73.58822222460348
5,0,inverse_num_params,subsample,45.0,-73.59759601410022,-73.5467420737886,-479.49850765584824,-73.55777081434573
5,0,inverse_num_params,subsample,46.0,-73.60787173648365,-73.55318830804367,27.75716225026306,-73.58158229815291
5,0,inverse_num_params,subsample,47.0,-73.59742284090348,-73.5467420737886,100.7792470604285,-73.57750424911126
5,0,inverse_num_params,subsample,48.0,-73.59839970782188,-73.55318830804367,-275.7337580868236,-73.56763270013744
5,0,inverse_num_params,subsample,49.0,-73.59839970782188,-73.56171450366637,-58.60046820660779,-73.57358560192426
5,0,inverse_num_params,subsample,50.0,-73.59759601410022,-73.54689580758975,102.86077100788509,-73.58165960813791
5,0,inverse_num_params,subsample,51.0,-73.59839970782188,-73.5467420737886,-75.47511773537597,-73.5720809046585
5,0,inverse_num_params,subsample,52.0,-73.59839970782188,-73.5467420737886,-326.52108158652317,-73.56443554973957
5,0,inverse_num_params,subsample,53.0,-73.59839970782188,-73.5467420737886,47.03418117278074,-73.57762807225353
5,0,inverse_num_params,subsample,54.0,-73.60787173648365,-73.54689580758975,-239.61672784466347,-73.57201614993394
5,0,inverse_num_params,subsample,55.0,-73.60787173648365,-73.54689580758975,208.02997239799777,-73.58585977236068
5,0,inverse_num_params,subsample,56.0,-73.60787173648365,-73.56171450366637,162.91977508510607,-73.5852908329361
5,0,inverse_num_params,subsample,57.0,-73.59839970782188,-73.5467420737886,-394.3928632806209,-73.56276298326603
5,0,inverse_num_params,subsample,58.0,-73.59839970782188,-73.5467420737886,-513.027426423037,-73.55495363409139
5,0,inverse_num_params,subsample,59.0,-73.60787173648365,-73.55318830804367,-19.056899200140062,-73.578518273632
5,0,inverse_num_params,subsample,60.0,-73.60787173648365,-73.54689580758975,-280.1355180177789,-73.56758659962318
5,0,inverse_num_params,subsample,61.0,-73.60787173648365,-73.56886881825754,-104.36705377631,-73.57729623488072
5,0,inverse_num_params,subsample,62.0,-73.60787173648365,-73.5467420737886,208.60587438432728,-73.58824950555733
5,0,inverse_num_params,subsample,63.0,-73.60787173648365,-73.5467420737886,-155.3789845058414,-73.57375068077282
5,0,inverse_num_params,subsample,64.0,-73.60787173648365,-73.5467420737886,63.57343870322943,-73.5790726471668
5,0,inverse_num_params,subsample,65.0,-73.59742284090348,-73.54689580758975,-14.009062189944808,-73.57635819790019
5,0,inverse_num_params,subsample,66.0,-73.60787173648365,-73.54689580758975,-464.44587884157806,-73.56034823444186
5,0,inverse_num_params,subsample,67.0,-73.60787173648365,-73.5467420737886,-485.3839273579085,-73.55989120948782
5,0,inverse_num_params,subsample,68.0,-73.59839970782188,-73.55318830804367,80.8914452193575,-73.58190296104465
5,0,inverse_num_params,subsample,69.0,-73.60787173648365,-73.5467420737886,-126.67392061049179,-73.57307153194827
5,0,inverse_num_params,subsample,70.0,-73.59839970782188,-73.55938565999557,-102.1720355085521,-73.57569640808987
5,0,inverse_num_params,subsample,71.0,-73.60787173648365,-73.5467420737886,135.50955277970047,-73.5850174225129
5,0,inverse_num_params,subsample,72.0,-73.60787173648365,-73.55938565999557,78.55118759552553,-73.58448773019217
5,0,inverse_num_params,subsample,73.0,-73.59759601410022,-73.5467420737886,-75.97077271424507,-73.5715973579398
5,0,inverse_num_params,subsample,74.0,-73.60787173648365,-73.5467420737886,-184.0363110829104,-73.56837374669806
5,0,inverse_num_params,subsample,75.0,-73.60787173648365,-73.5467420737886,-66.44131616552339,-73.5732637804387
5,0,inverse_num_params,subsample,76.0,-73.60787173648365,-73.5467420737886,-333.456989847302,-73.56137240694947
5,0,inverse_num_params,subsample,77.0,-73.60787173648365,-73.5467420737886,120.98786834923617,-73.58295802992748
5,0,inverse_num_params,subsample,78.0,-73.60787173648365,-73.54689580758975,-126.64469318590336,-73.57319272028695
5,0,inverse_num_params,subsample,79.0,-73.60787173648365,-73.54689580758975,115.58222040082373,-73.58100831823621
5,0,inverse_num_params,subsample,80.0,-73.60787173648365,-73.5467420737886,-722.5261832753965,-73.54753298660759
5,0,inverse_num_params,subsample,81.0,-73.59839970782188,-73.5467420737886,-293.5621790399995,-73.56460792561471
5,0,inverse_num_params,subsample,82.0,-73.60787173648365,-73.55938565999557,86.19202210904774,-73.58289615749523
5,0,inverse_num_params,subsample,83.0,-73.59759601410022,-73.5467420737886,-10.32383631769443,-73.57515958315167
5,0,inverse_num_params,subsample,84.0,-73.60787173648365,-73.5467420737886,-75.60474947393816,-73.57394429733485
5,0,inverse_num_params,subsample,85.0,-73.60787173648365,-73.5467420737886,-191.312772223648,-73.56747990572224
5,0,inverse_num_params,subsample,86.0,-73.60787173648365,-73.5467420737886,149.32488579132587,-73.58436693295688
5,0,inverse_num_params,subsample,87.0,-73.59839970782188,-73.5467420737886,-180.17053958444114,-73.56745969170521
5,0,inverse_num_params,subsample,88.0,-73.59759601410022,-73.5467420737886,-383.3185844855078,-73.55800989155026
5,0,inverse_num_params,subsample,89.0,-73.59759601410022,-73.5467420737886,-368.35303770778717,-73.56078402784549
5,0,inverse_num_params,subsample,90.0,-73.59742284090348,-73.56252110605746,-292.05587142549825,-73.5674337007025
5,0,inverse_num_params,subsample,91.0,-73.58770384998175,-73.54689580758975,27.210011916752435,-73.57586466116781
5,0,inverse_num_params,subsample,92.0,-73.59839970782188,-73.5467420737886,-316.03838051393365,-73.56368314340762
5,0,inverse_num_params,subsample,93.0,-73.60787173648365,-73.54689580758975,130.5238647951979,-73.58748350514877
5,0,inverse_num_params,subsample,94.0,-73.60787173648365,-73.5467420737886,-21.800489023880882,-73.5800984110034
5,0,inverse_num_params,subsample,95.0,-73.59759601410022,-73.55318830804367,-182.84880166326946,-73.5676124577609
5,0,inverse_num_params,subsample,96.0,-73.59759601410022,-73.55938565999557,80.41321348980284,-73.58206071185882
5,0,inverse_num_params,subsample,97.0,-73.59839970782188,-73.55318830804367,25.226265977886616,-73.57839166041634
5,0,inverse_num_params,subsample,98.0,-73.59839970782188,-73.5467420737886,-484.6885746087905,-73.55879061113822
5,0,inverse_num_params,subsample,99.0,-73.59359361783812,-73.55318830804367,253.46689864584567,-73.58594131607724
6,0,variance,global,,-75.17392595577684,-75.14159026412926,0.1560457817621457,-75.16313364273594
6,0,variance,subsample,0.0,-75.17392595577684,-75.1519031871662,-0.004184852025862566,-75.16290469740828
6,0,variance,subsample,1.0,-75.17392595577684,-75.14471003778074,0.12542504155673548,-75.1650141031749
6,0,variance,subsample,2.0,-75.16855911221417,-75.14405893240715,0.17233314684074896,-75.1628205532873
6,0,variance,subsample,3.0,-75.17392595577684,-75.1519031871662,-0.1426587197982352,-75.16053383560529
6,0,variance,subsample,4.0,-75.17392595577684,-75.14405893240715,0.12942598071088068,-75.16409609988396
6,0,variance,subsample,5.0,-75.17392595577684,-75.14159026412926,0.2954805535257914,-75.16882702517171
6,0,variance,subsample,6.0,-75.17392595577684,-75.14471003778074,0.22594489907658413,-75.16452817510809
6,0,variance,subsample,7.0,-75.17392595577684,-75.15442496016466,0.003809108989786916,-75.161983464199
6,0,variance,subsample,8.0,-75.17392595577684,-75.1519031871662,-0.06679936001663433,-75.159893273367
6,0,variance,subsample,9.0,-75.16827801691343,-75.1519031871662,-0.12535482459495706,-75.1589541880362
6,0,variance,subsample,10.0,-75.16855911221417,-75.14471003778074,0.13947516473717986,-75.16152002908673
6,0,variance,subsample,11.0,-75.17392595577684,-75.14159026412926,0.1931194001639628,-75.16270981109786
6,0,variance,subsample,12.0,-75.17112221871858,-75.14159026412926,0.03635736324019948,-75.1614165749545
6,0,variance,subsample,13.0,-75.17392595577684,-75.14159026412926,0.23505906838438134,-75.16460551394101
6,0,variance,subsample,14.0,-75.17392595577684,-75.14159026412926,0.2832616233296456,-75.16555998636203
6,0,variance,subsample,15.0,-75.16855911221417,-75.14405893240715,0.20070666049598374,-75.16414016389622
6,0,variance,subsample,16.0,-75.16855911221417,-75.14471003778074,0.16429917084078266,-75.16304249951797
6,0,variance,subsample,17.0,-75.17392595577684,-75.14471003778074,0.19163548936973834,-75.16430467027166
6,0,variance,subsample,18.0,-75.17112221871858,-75.14405893240715,-0.04609274730545783,-75.15887800680271
6,0,variance,subsample,19.0,-75.17392595577684,-75.14159026412926,0.16912838731941682,-75.16412763723702
6,0,variance,subsample,20.0,-75.16827801691343,-75.14159026412926,0.22175599004007623,-75.16261418130802
6,0,variance,subsample,21.0,-75.16827801691343,-75.14405893240715,0.19906779943488834,-75.16226658346996
6,0,variance,subsample,22.0,-75.17112221871858,-75.14405893240715,0.21103812020527954,-75.16485982262617
6,0,variance,subsample,23.0,-75.17112221871858,-75.14159026412926,0.00232844685708667,-75.16039047457123
6,0,variance,subsample,24.0,-75.17112221871858,-75.14159026412926,0.18702299169927505,-75.16292278870792
6,0,variance,subsample,25.0,-75.17112221871858,-75.14405893240715,0.1143390695652257,-75.1633701423571
6,0,variance,subsample,26.0,-75.17392595577684,-75.14159026412926,0.3226512795850311,-75.16324909256244
6,0,variance,subsample,27.0,-75.17392595577684,-75.14159026412926,0.27102783001307423,-75.16392493820717
6,0,variance,subsample,28.0,-75.17112221871858,-75.14159026412926,0.15786627597952402,-75.16359881214017
6,0,variance,subsample,29.0,-75.16654453208366,-75.14471003778074,-0.029327845067144427,-75.15806914121275
6,0,variance,subsample,30.0,-75.17392595577684,-75.1519031871662,-0.000390827007971239,-75.1613516789246
6,0,variance,subsample,31.0,-75.17392595577684,-75.14405893240715,0.1786439869287335,-75.16511369931699
6,0,variance,subsample,32.0,-75.16566173479754,-75.14471003778074,0.1230343657228234,-75.16097929956469
6,0,variance,subsample,33.0,-75.17112221871858,-75.1519031871662,-0.18073446854092967,-75.15879333538773
6,0,variance,subsample,34.0,-75.17392595577684,-75.14159026412926,0.17148190267152114,-75.16271485753563
6,0,variance,subsample,35.0,-75.16855911221417,-75.14159026412926,0.333287866878304,-75.16409693279799
6,0,variance,subsample,36.0,-75.17112221871858,-75.14159026412926,-0.12776501595130998,-75.15639779937526
6,0,variance,subsample,37.0,-75.17392595577684,-75.14159026412926,0.47192768585630746,-75.16837247085981
6,0,variance,subsample,38.0,-75.17112221871858,-75.1519031871662,-0.13035224182598004,-75.15885833060685
6,0,variance,subsample,39.0,-75.17112221871858,-75.15741095501366,-0.04099463841924903,-75.16357987728709
6,0,variance,subsample,40.0,-75.16855911221417,-75.14159026412926,0.26558884888582646,-75.16226754344946
6,0,variance,subsample,41.0,-75.17392595577684,-75.14159026412926,0.2532869093948829,-75.16377089538177
6,0,variance,subsample,42.0,-75.17112221871858,-75.14159026412926,0.004479282920611582,-75.15828707956173
6,0,variance,subsample,43.0,-75.17112221871858,-75.14159026412926,0.0283550333117624,-75.16180815861247
6,0,variance,subsample,44.0,-75.17392595577684,-75.14159026412926,0.08931679899967333,-75.16444038291911
6,0,variance,subsample,45.0,-75.17112221871858,-75.14159026412926,0.20946721542170274,-75.16516988731338
6,0,variance,subsample,46.0,-75.17392595577684,-75.14159026412926,0.15663707270688662,-75.16448452306344
6,0,variance,subsample,47.0,-75.17392595577684,-75.14405893240715,0.266368956773321,-75.16282154750084
6,0,variance,subsample,48.0,-75.16855911221417,-75.1519031871662,0.026350187184304225,-75.16244851987676
6,0,variance,subsample,49.0,-75.16855911221417,-75.1519031871662,-0.06907669742149145,-75.15863630976379
6,0,variance,subsample,50.0,-75.17112221871858,-75.14471003778074,-0.037763378595089894,-75.15846087035047
6,0,variance,subsample,51.0,-75.17392595577684,-75.14159026412926,0.3097667922291681,-75.16569179852516
6,0,variance,subsample,52.0,-75.17112221871858,-75.14159026412926,0.04453943627131292,-75.16164889228843
6,0,variance,subsample,53.0,-75.17392595577684,-75.14405893240715,0.08841911086441004,-75.16391165043791
6,0,variance,subsample,54.0,-75.17112221871858,-75.14159026412926,0.20085123108073455,-75.16405126275934
6,0,variance,subsample,55.0,-75.17392595577684,-75.1555488249409,0.17013843856022506,-75.16480050975959
6,0,variance,subsample,56.0,-75.17112221871858,-75.14471003778074,0.04042133601809661,-75.16092093312379
6,0,variance,subsample,57.0,-75.17392595577684,-75.14159026412926,0.32890677338572666,-75.16391053571917
6,0,variance,subsample,58.0,-75.16654453208366,-75.14471003778074,-0.0038179968844109374,-75.15920642480077
6,0,variance,subsample,59.0,-75.17392595577684,-75.14159026412926,0.15823485558598718,-75.16213945887563
6,0,variance,subsample,60.0,-75.17112221871858,-75.14159026412926,0.05687374402239672,-75.15941969015438
6,0,variance,subsample,61.0,-75.17392595577684,-75.14159026412926,0.01930846998437516,-75.16020584022733
6,0,variance,subsample,62.0,-75.16827801691343,-75.14471003778074,0.10401662300215887,-75.16201276188731
6,0,variance,subsample,63.0,-75.17112221871858,-75.14159026412926,0.22052779950989265,-75.16594787355972
6,0,variance,subsample,64.0,-75.17392595577684,-75.14159026412926,0.22411187978118052,-75.16658594091403
6,0,variance,subsample,65.0,-75.16855911221417,-75.14405893240715,0.3037239960515671,-75.16295048645068
6,0,variance,subsample,66.0,-75.17392595577684,-75.1519031871662,-0.012891790085734075,-75.1609977479832
6,0,variance,subsample,67.0,-75.17392595577684,-75.14405893240715,0.24887092172823205,-75.16802600210399
6,0,variance,subsample,68.0,-75.17392595577684,-75.14159026412926,0.42092106673334134,-75.16615972640017
6,0,variance,subsample,69.0,-75.17112221871858,-75.14159026412926,0.14323394714464865,-75.1628920233873
6,0,variance,subsample,70.0,-75.17392595577684,-75.14159026412926,0.2835685711768714,-75.16538578320375
6,0,variance,subsample,71.0,-75.17392595577684,-75.15442496016466,0.12641971824481824,-75.1642204738002
6,0,variance,subsample,72.0,-75.17392595577684,-75.14159026412926,0.26509091589998646,-75.16660964219116
6,0,variance,subsample,73.0,-75.17392595577684,-75.14471003778074,0.27497876930170606,-75.16701757099733
6,0,variance,subsample,74.0,-75.17392595577684,-75.14159026412926,0.32034044158876684,-75.16673315945032
6,0,variance,subsample,75.0,-75.17392595577684,-75.14471003778074,0.08683654731070439,-75.16182609748294
6,0,variance,subsample,76.0,-75.17392595577684,-75.14159026412926,0.425693496824803,-75.1673463629978
6,0,variance,subsample,77.0,-75.17112221871858,-75.14405893240715,-0.14853734565531257,-75.15680147156706
6,0,variance,subsample,78.0,-75.17392595577684,-75.14159026412926,0.14341603336261038,-75.16324844041488
6,0,variance,subsample,79.0,-75.17392595577684,-75.14471003778074,0.10813164740783958,-75.16393874588246
6,0,variance,subsample,80.0,-75.17392595577684,-75.14405893240715,0.03826508230094747,-75.16159415800303
6,0,variance,subsample,81.0,-75.17112221871858,-75.14159026412926,0.15610038727308345,-75.16211833672521
6,0,variance,subsample,82.0,-75.17392595577684,-75.1519031871662,-0.18380492802238516,-75.1585857002688
6,0,variance,subsample,83.0,-75.17112221871858,-75.14159026412926,-0.08806992774572485,-75.15677134956215
6,0,variance,subsample,84.0,-75.17112221871858,-75.14159026412926,0.1578168507057788,-75.16314965519925
6,0,variance,subsample,85.0,-75.17392595577684,-75.14159026412926,0.1704248547568986,-75.16352797025758
6,0,variance,subsample,86.0,-75.16827801691343,-75.14471003778074,0.10274506718570069,-75.16293807006583
6,0,variance,subsample,87.0,-75.17392595577684,-75.14405893240715,0.1508193985754105,-75.16375204180294
6,0,variance,subsample,88.0,-75.17392595577684,-75.14471003778074,0.2855840934774672,-75.16460744320187
6,0,variance,subsample,89.0,-75.17392595577684,-75.14159026412926,0.29091209514726174,-75.16661474032544
6,0,variance,subsample,90.0,-75.17392595577684,-75.14471003778074,0.14946835995092456,-75.16425834647556
6,0,variance,subsample,91.0,-75.16855911221417,-75.14471003778074,0.16068696175644726,-75.16341157253545
6,0,variance,subsample,92.0,-75.17112221871858,-75.14159026412926,0.23243983115050534,-75.16466915955161
6,0,variance,subsample,93.0,-75.17112221871858,-75.14159026412926,0.03693773580275747,-75.16205783294217
6,0,variance,subsample,94.0,-75.17392595577684,-75.14405893240715,0.37490244134619843,-75.1656288683996
6,0,variance,subsample,95.0,-75.17392595577684,-75.14405893240715,0.3137289827717872,-75.1662804148341
6,0,variance,subsample,96.0,-75.17112221871858,-75.14159026412926,0.11750567258726893,-75.16197334143098
6,0,variance,subsample,97.0,-75.17112221871858,-75.1519031871662,-0.17299192191105897,-75.15879287086875
6,0,variance,subsample,98.0,-75.17112221871858,-75.14405893240715,0.1309737773630845,-75.1629232110811
6,0,variance,subsample,99.0,-75.17112221871858,-75.14159026412926,0.1273005290583137,-75.16523912897614
6,0,inverse_num_params,global,,-75.17392595577684,-75.14159026412926,-35.690963480426575,-75.15777723123473
6,0,inverse_num_params,subsample,0.0,-75.17392595577684,-75.14159026412926,-32.257528843533706,-75.1589817210759
6,0,inverse_num_params,subsample,1.0,-75.17112221871858,-75.14159026412926,-69.21579389183144,-75.15538110807886
6,0,inverse_num_params,subsample,2.0,-75.17112221871858,-75.14405893240715,-184.0358675534102,-75.15102310335288
6,0,inverse_num_params,subsample,3.0,-75.17392595577684,-75.14471003778074,-47.324021832016044,-75.15882306531947
6,0,inverse_num_params,subsample,4.0,-75.17392595577684,-75.14471003778074,-37.711986667478506,-75.15812126005007
6,0,inverse_num_params,subsample,5.0,-75.17112221871858,-75.14159026412926,-47.22355928892192,-75.15808995124851
6,0,inverse_num_params,subsample,6.0,-75.17392595577684,-75.14159026412926,9.109436020792744,-75.16281010978652
6,0,inverse_num_params,subsample,7.0,-75.17392595577684,-75.14159026412926,115.29262893278309,-75.16869740784747
6,0,inverse_num_params,subsample,8.0,-75.17392595577684,-75.14405893240715,-11.537380865092643,-75.15999785082646
6,0,inverse_num_params,subsample,9.0,-75.17392595577684,-75.14405893240715,-28.47171628298342,-75.16012381582432
6,0,inverse_num_params,subsample,10.0,-75.17392595577684,-75.14405893240715,-81.21428802462019,-75.15758998423739
6,0,inverse_num_params,subsample,11.0,-75.17392595577684,-75.14159026412926,-40.19429222862869,-75.15746919482032
6,0,inverse_num_params,subsample,12.0,-75.17112221871858,-75.15652395969677,12.754112203671996,-75.16249865081122
6,0,inverse_num_params,subsample,13.0,-75.17112221871858,-75.14471003778074,-33.403300130297225,-75.15705977765913
6,0,inverse_num_params,subsample,14.0,-75.17392595577684,-75.1555488249409,93.4375352483679,-75.16774301513212
6,0,inverse_num_params,subsample,15.0,-75.17112221871858,-75.14405893240715,-116.9266192372113,-75.15348681111647
6,0,inverse_num_params,subsample,16.0,-75.17392595577684,-75.14159026412926,-1.2676123600415719,-75.15834278353118
6,0,inverse_num_params,subsample,17.0,-75.17392595577684,-75.14471003778074,76.59275751466691,-75.16794514409897
6,0,inverse_num_params,subsample,18.0,-75.17392595577684,-75.14471003778074,-3.1644692981576963,-75.1603891760367
6,0,inverse_num_params,subsample,19.0,-75.16855911221417,-75.1555488249409,30.105433258227023,-75.162707516261
6,0,inverse_num_params,subsample,20.0,-75.17112221871858,-75.14159026412926,-39.280614739766285,-75.15727451031142
6,0,inverse_num_params,subsample,21.0,-75.17392595577684,-75.15652395969677,29.50852763387067,-75.16475524135672
6,0,inverse_num_params,subsample,22.0,-75.17392595577684,-75.14159026412926,-66.6696483294761,-75.15457830717673
6,0,inverse_num_params,subsample,23.0,-75.16827801691343,-75.14471003778074,19.393523857448827,-75.16064552944997
6,0,inverse_num_params,subsample,24.0,-75.17392595577684,-75.14159026412926,-31.574662330098953,-75.15789117563526
6,0,inverse_num_params,subsample,25.0,-75.17112221871858,-75.14405893240715,-49.32487093765139,-75.15530608611289
6,0,inverse_num_params,subsample,26.0,-75.17112221871858,-75.15442496016466,23.61874158861074,-75.16384426240278
6,0,inverse_num_params,subsample,27.0,-75.16855911221417,-75.14405893240715,-103.38184422308706,-75.15169934421813
6,0,inverse_num_params,subsample,28.0,-75.16855911221417,-75.14405893240715,-121.72343947437714,-75.15133501736148
6,0,inverse_num_params,subsample,29.0,-75.16855911221417,-75.14159026412926,-45.139035118256736,-75.15539616264707
6,0,inverse_num_params,subsample,30.0,-75.17392595577684,-75.14159026412926,-50.05934627029463,-75.15499411276551
6,0,inverse_num_params,subsample,31.0,-75.16654453208366,-75.14159026412926,-91.54479759910727,-75.15260615060407
6,0,inverse_num_params,subsample,32.0,-75.16855911221417,-75.14159026412926,-100.00955572672933,-75.15053411920698
6,0,inverse_num_params,subsample,33.0,-75.16654453208366,-75.14471003778074,-54.540846177156766,-75.15667393626272
6,0,inverse_num_params,subsample,34.0,-75.17112221871858,-75.15442496016466,16.03915522917789,-75.16276925412737
6,0,inverse_num_params,subsample,35.0,-75.16855911221417,-75.14405893240715,-21.4733678275156,-75.15934361954815
6,0,inverse_num_params,subsample,36.0,-75.16827801691343,-75.14159026412926,-66.41310729179348,-75.15511143705135
6,0,inverse_num_params,subsample,37.0,-75.17112221871858,-75.1519031871662,-33.12983963963824,-75.16048068601219
6,0,inverse_num_params,subsample,38.0,-75.17392595577684,-75.14159026412926,-26.644221227461664,-75.15688168382614
6,0,inverse_num_params,subsample,39.0,-75.17112221871858,-75.14159026412926,-95.03272963818668,-75.15486924992004
6,0,inverse_num_params,subsample,40.0,-75.17392595577684,-75.14471003778074,-11.556448890940226,-75.15851900981048
6,0,inverse_num_params,subsample,41.0,-75.17392595577684,-75.14159026412926,-39.0598156306225,-75.1554611041042
6,0,inverse_num_params,subsample,42.0,-75.17112221871858,-75.1519031871662,20.73697429921847,-75.162485591174
6,0,inverse_num_params,subsample,43.0,-75.17112221871858,-75.14471003778074,-76.22200297836288,-75.15559981698947
6,0,inverse_num_params,subsample,44.0,-75.17392595577684,-75.14405893240715,-69.60747333538312,-75.15550378657207
6,0,inverse_num_params,subsample,45.0,-75.17392595577684,-75.1519031871662,2.648974487873882,-75.16213605944671
6,0,inverse_num_params,subsample,46.0,-75.17392595577684,-75.14159026412926,-25.56037109586084,-75.15818482815634
6,0,inverse_num_params,subsample,47.0,-75.17392595577684,-75.14405893240715,-9.632152251297585,-75.15999667553508
6,0,inverse_num_params,subsample,48.0,-75.17112221871858,-75.14159026412926,-26.43781938026539,-75.15616036386372
6,0,inverse_num_params,subsample,49.0,-75.16855911221417,-75.14159026412926,-146.24668448064878,-75.14976553234314
6,0,inverse_num_params,subsample,50.0,-75.17392595577684,-75.14471003778074,-20.60443147573722,-75.15846460316534
6,0,inverse_num_params,subsample,51.0,-75.17392595577684,-75.1519031871662,-8.149072024951272,-75.16310423186837
6,0,inverse_num_params,subsample,52.0,-75.17392595577684,-75.14405893240715,-122.13371168595113,-75.15450573622113
6,0,inverse_num_params,subsample,53.0,-75.17112221871858,-75.14471003778074,10.411923410840803,-75.16076708191157
6,0,inverse_num_params,subsample,54.0,-75.17112221871858,-75.15442496016466,28.69203530177245,-75.16470150146868
6,0,inverse_num_params,subsample,55.0,-75.17392595577684,-75.14405893240715,-97.2453508509721,-75.15520164873705
6,0,inverse_num_params,subsample,56.0,-75.17392595577684,-75.14159026412926,10.256033851605107,-75.16148788053248
6,0,inverse_num_params,subsample,57.0,-75.16654453208366,-75.14405893240715,-76.03662330598236,-75.15489082807291
6,0,inverse_num_params,subsample,58.0,-75.16827801691343,-75.14159026412926,-33.50049738561449,-75.15675743012592
6,0,inverse_num_params,subsample,59.0,-75.17112221871858,-75.14159026412926,-74.6265772171424,-75.15614430769928
6,0,inverse_num_params,subsample,60.0,-75.17392595577684,-75.14159026412926,32.129680132931874,-75.16121476071062
6,0,inverse_num_params,subsample,61.0,-75.17392595577684,-75.14471003778074,14.31689114342945,-75.1621310029854
6,0,inverse_num_params,subsample,62.0,-75.17392595577684,-75.14471003778074,-21.705289581613005,-75.15854047050279
6,0,inverse_num_params,subsample,63.0,-75.17392595577684,-75.14471003778074,-63.284119966659695,-75.15868377893732
6,0,inverse_num_params,subsample,64.0,-75.16855911221417,-75.14471003778074,-49.079142890214655,-75.15569797408332
6,0,inverse_num_params,subsample,65.0,-75.16827801691343,-75.14405893240715,-28.799369431144086,-75.15753884494964
6,0,inverse_num_params,subsample,66.0,-75.17112221871858,-75.14159026412926,-69.10886593594482,-75.15546873355716
6,0,inverse_num_params,subsample,67.0,-75.17112221871858,-75.14159026412926,-39.30412437095006,-75.15763085219668
6,0,inverse_num_params,subsample,68.0,-75.17392595577684,-75.14405893240715,-98.65780992884358,-75.15239147164999
6,0,inverse_num_params,subsample,69.0,-75.17392595577684,-75.14405893240715,-31.769484649648586,-75.15843052147054
6,0,inverse_num_params,subsample,70.0,-75.17112221871858,-75.14405893240715,-130.56256887662548,-75.15199259422108
6,0,inverse_num_params,subsample,71.0,-75.16654453208366,-75.14405893240715,-128.1635717327326,-75.14909128226746
6,0,inverse_num_params,subsample,72.0,-75.17392595577684,-75.14159026412926,-9.228900941590192,-75.15757418459891
6,0,inverse_num_params,subsample,73.0,-75.16569646103034,-75.14159026412926,-20.20750982700683,-75.15669568386268
6,0,inverse_num_params,subsample,74.0,-75.17112221871858,-75.15741095501366,36.09509397689499,-75.16425378652153
6,0,inverse_num_params,subsample,75.0,-75.17112221871858,-75.14471003778074,-20.3233131130306,-75.16067442648917
6,0,inverse_num_params,subsample,76.0,-75.16855911221417,-75.14159026412926,-27.29265037711312,-75.15815186037084
6,0,inverse_num_params,subsample,77.0,-75.17112221871858,-75.14159026412926,-138.27121253699988,-75.1514206330846
6,0,inverse_num_params,subsample,78.0,-75.17392595577684,-75.14159026412926,-16.130032953254116,-75.15856256029694
6,0,inverse_num_params,subsample,79.0,-75.17392595577684,-75.14471003778074,33.626696768742484,-75.16189985900935
6,0,inverse_num_params,subsample,80.0,-75.16855911221417,-75.14159026412926,-34.86021859958467,-75.15659043761958
6,0,inverse_num_params,subsample,81.0,-75.17392595577684,-75.1519031871662,12.174092341469555,-75.16291675806957
6,0,inverse_num_params,subsample,82.0,-75.17392595577684,-75.1519031871662,-1.3841003610391696,-75.16232158149194
6,0,inverse_num_params,subsample,83.0,-75.17392595577684,-75.14159026412926,-4.911110939190934,-75.15921442023757
6,0,inverse_num_params,subsample,84.0,-75.17112221871858,-75.1519031871662,24.086144837058587,-75.16286501981887
6,0,inverse_num_params,subsample,85.0,-75.16827801691343,-75.14159026412926,56.356539228530934,-75.16217045120042
6,0,inverse_num_params,subsample,86.0,-75.17112221871858,-75.14159026412926,-28.84801561697635,-75.15717562162715
6,0,inverse_num_params,subsample,87.0,-75.16855911221417,-75.14159026412926,-99.42241240659624,-75.15059883152053
6,0,inverse_num_params,subsample,88.0,-75.16827801691343,-75.1519031871662,-42.17857317291802,-75.15816257611293
6,0,inverse_num_params,subsample,89.0,-75.17112221871858,-75.14405893240715,-81.65257205437612,-75.15564183701358
6,0,inverse_num_params,subsample,90.0,-75.17112221871858,-75.14159026412926,69.65720035254921,-75.16533707155178
6,0,inverse_num_params,subsample,91.0,-75.17392595577684,-75.14405893240715,-4.79066034389668,-75.1613834775277
6,0,inverse_num_params,subsample,92.0,-75.17112221871858,-75.14405893240715,-97.19348559772168,-75.1537207342554
6,0,inverse_num_params,subsample,93.0,-75.17392595577684,-75.14405893240715,-9.166623600646435,-75.15888371257243
6,0,inverse_num_params,subsample,94.0,-75.17392595577684,-75.14159026412926,-35.98724460633397,-75.15802861166468
6,0,inverse_num_params,subsample,95.0,-75.17392595577684,-75.14405893240715,-54.74561772013746,-75.15794271838548
6,0,inverse_num_params,subsample,96.0,-75.16855911221417,-75.14159026412926,-48.9460286005404,-75.155263052029
6,0,inverse_num_params,subsample,97.0,-75.17392595577684,-75.14471003778074,28.467520227481163,-75.16207441186533
6,0,inverse_num_params,subsample,98.0,-75.17392595577684,-75.14159026412926,-68.81118042043826,-75.15480767449752
6,0,inverse_num_params,subsample,99.0,-75.17392595577684,-75.14159026412926,26.4505225420966,-75.16203223691467
6,1,variance,global,,-72.66167942888329,-72.6590008345901,-0.06627037067387397,-72.65843689393968
6,1,variance,subsample,0.0,-72.66117516914365,-72.66101066615059,-0.034386690767811506,-72.66007352928185
6,1,variance,subsample,1.0,-72.66167942888329,-72.66117516914365,-0.02864130820261631,-72.66025759300862
6,1,variance,subsample,2.0,-72.66167942888329,-72.66117516914365,-0.028641308202375787,-72.66025759300864
6,1,variance,subsample,3.0,-72.66117516914365,-72.66101066615059,-0.034386690767811506,-72.66007352928185
6,1,variance,subsample,4.0,-72.66117516914365,-72.66101066615059,-0.034386690767811506,-72.66007352928185
6,1,variance,subsample,5.0,-72.66167942888329,-72.66117516914365,-0.028641308202375787,-72.66025759300864
6,1,variance,subsample,6.0,-72.66167942888329,-72.6590008345901,-0.12767608245738404,-72.65534122557601
6,1,variance,subsample,7.0,-72.66167942888329,-72.66117516914365,-0.02864130820261631,-72.66025759300862
6,1,variance,subsample,8.0,-72.66167942888329,-72.6590008345901,-0.12767608245738404,-72.65534122557601
6,1,variance,subsample,9.0,-72.66167942888329,-72.66101066615059,-0.02986888691221195,-72.66019665251541
6,1,variance,subsample,10.0,-72.66167942888329,-72.66117516914365,-0.02864130820261631,-72.66025759300862
6,1,variance,subsample,11.0,-72.66167942888329,-72.66101066615059,-0.02986888691221195,-72.66019665251541
6,1,variance,subsample,12.0,-72.66167942888329,-72.66101066615059,-0.029868886911580062,-72.66019665251547
6,1,variance,subsample,13.0,-72.66117516914365,-72.6590008345901,-0.6445186891651934,-72.64052684667298
6,1,variance,subsample,14.0,-72.66167942888329,-72.6590008345901,-0.12767608245738404,-72.65534122557601
6,1,variance,subsample,15.0,-72.66117516914365,-72.6590008345901,-0.6445186891651934,-72.64052684667298
6,1,variance,subsample,16.0,-72.66101066615059,-72.6590008345901,1.4250729825074313,-72.69984803033847
6,1,variance,subsample,17.0,-72.66167942888329,-72.66101066615059,-0.029868886911580062,-72.66019665251547
6,1,variance,subsample,18.0,-72.66167942888329,-72.6590008345901,-0.12767608245724332,-72.655341225576
6,1,variance,subsample,19.0,-72.66101066615059,-72.6590008345901,1.4250729825074313,-72.69984803033847
6,1,variance,subsample,20.0,-72.66167942888329,-72.66117516914365,-0.02864130820261631,-72.66025759300862
6,1,variance,subsample,21.0,-72.66101066615059,-72.6590008345901,1.4250729825074313,-72.69984803033847
6,1,variance,subsample,22.0,-72.66117516914365,-72.6590008345901,-0.6445186891600978,-72.64052684667311
6,1,variance,subsample,23.0,-72.66117516914365,-72.66101066615059,-0.034386690767811506,-72.66007352928185
6,1,variance,subsample,24.0,-72.66117516914365,-72.6590008345901,-0.6445186891600978,-72.64052684667311
6,1,variance,subsample,25.0,-72.66167942888329,-72.66101066615059,-0.029868886911580062,-72.66019665251547
6,1,variance,subsample,26.0,-72.66167942888329,-72.6590008345901,-0.12767608245724332,-72.655341225576
6,1,variance,subsample,27.0,-72.66117516914365,-72.66101066615059,-0.03438669076493963,-72.66007352928195
6,1,variance,subsample,28.0,-72.66167942888329,-72.66101066615059,-0.02986888691221195,-72.66019665251541
6,1,variance,subsample,29.0,-72.66117516914365,-72.6590008345901,-0.6445186891600978,-72.64052684667311
6,1,variance,subsample,30.0,-72.66117516914365,-72.6590008345901,-0.6445186891651934,-72.64052684667298
6,1,variance,subsample,31.0,-72.66101066615059,-72.6590008345901,1.4250729825047366,-72.6998480303384
6,1,variance,subsample,32.0,-72.66167942888329,-72.66101066615059,-0.02986888691221195,-72.66019665251541
6,1,variance,subsample,33.0,-72.66117516914365,-72.6590008345901,-0.6445186891651934,-72.64052684667298
6,1,variance,subsample,34.0,-72.66167942888329,-72.6590008345901,-0.12767608245724332,-72.655341225576
6,1,variance,subsample,35.0,-72.66101066615059,-72.6590008345901,1.4250729825047366,-72.6998480303384
6,1,variance,subsample,36.0,-72.66167942888329,-72.6590008345901,-0.12767608245738404,-72.65534122557601
6,1,variance,subsample,37.0,-72.66101066615059,-72.6590008345901,1.4250729825074313,-72.69984803033847
6,1,variance,subsample,38.0,-72.66101066615059,-72.6590008345901,1.4250729825074313,-72.69984803033847
6,1,variance,subsample,39.0,-72.66117516914365,-72.6590008345901,-0.6445186891600978,-72.64052684667311
6,1,variance,subsample,40.0,-72.66167942888329,-72.66117516914365,-0.02864130820261631,-72.66025759300862
6,1,variance,subsample,41.0,-72.66167942888329,-72.66101066615059,-0.02986888691221195,-72.66019665251541
6,1,variance,subsample,42.0,-72.66117516914365,-72.66101066615059,-0.03438669076493963,-72.66007352928195
6,1,variance,subsample,43.0,-72.66167942888329,-72.6590008345901,-0.12767608245738404,-72.65534122557601
6,1,variance,subsample,44.0,-72.66117516914365,-72.6590008345901,-0.6445186891651934,-72.64052684667298
6,1,variance,subsample,45.0,-72.66117516914365,-72.66101066615059,-0.03438669076493963,-72.66007352928195
6,1,variance,subsample,46.0,-72.66101066615059,-72.6590008345901,1.4250729825047366,-72.6998480303384
6,1,variance,subsample,47.0,-72.66101066615059,-72.6590008345901,1.4250729825074313,-72.69984803033847
6,1,variance,subsample,48.0,-72.66117516914365,-72.6590008345901,-0.6445186891600978,-72.64052684667311
6,1,variance,subsample,49.0,-72.66117516914365,-72.66101066615059,-0.034386690767811506,-72.66007352928185
6,1,variance,subsample,50.0,-72.66101066615059,-72.6590008345901,1.4250729825047366,-72.6998480303384
6,1,variance,subsample,51.0,-72.66117516914365,-72.66101066615059,-0.03438669076493963,-72.66007352928195
6,1,variance,subsample,52.0,-72.66167942888329,-72.66117516914365,-0.028641308202375787,-72.66025759300864
6,1,variance,subsample,53.0,-72.66117516914365,-72.66101066615059,-0.034386690767811506,-72.66007352928185
6,1,variance,subsample,54.0,-72.66101066615059,-72.6590008345901,1.4250729825047366,-72.6998480303384
6,1,variance,subsample,55.0,-72.66167942888329,-72.66101066615059,-0.029868886911580062,-72.66019665251547
6,1,variance,subsample,56.0,-72.66101066615059,-72.6590008345901,1.4250729825074313,-72.69984803033847
6,1,variance,subsample,57.0,-72.66117516914365,-72.66101066615059,-0.03438669076493963,-72.66007352928195
6,1,variance,subsample,58.0,-72.66167942888329,-72.6590008345901,-0.12767608245738404,-72.65534122557601
6,1,variance,subsample,59.0,-72.66117516914365,-72.66101066615059,-0.03438669076493963,-72.66007352928195
6,1,variance,subsample,60.0,-72.66167942888329,-72.6590008345901,-0.12767608245738404,-72.65534122557601
6,1,variance,subsample,61.0,-72.66117516914365,-72.6590008345901,-0.6445186891651934,-72.64052684667298
6,1,variance,subsample,62.0,-72.66101066615059,-72.6590008345901,1.4250729825047366,-72.6998480303384
6,1,variance,subsample,63.0,-72.66117516914365,-72.66101066615059,-0.034386690767811506,-72.66007352928185
6,1,variance,subsample,64.0,-72.66167942888329,-72.66101066615059,-0.02986888691221195,-72.66019665251541
6,1,variance,subsample,65.0,-72.66167942888329,-72.66101066615059,-0.02986888691221195,-72.66019665251541
6,1,variance,subsample,66.0,-72.66101066615059,-72.6590008345901,1.4250729825074313,-72.69984803033847
6,1,variance,subsample,67.0,-72.66101066615059,-72.6590008345901,1.4250729825047366,-72.6998480303384
6,1,variance,subsample,68.0,-72.66167942888329,-72.66117516914365,-0.02864130820261631,-72.66025759300862
6,1,variance,subsample,69.0,-72.66117516914365,-72.66101066615059,-0.03438669076493963,-72.66007352928195
6,1,variance,subsample,70.0,-72.66167942888329,-72.66101066615059,-0.02986888691221195,-72.66019665251541
6,1,variance,subsample,71.0,-72.66167942888329,-72.66101066615059,-0.02986888691221195,-72.66019665251541
6,1,variance,subsample,72.0,-72.66101066615059,-72.6590008345901,1.4250729825074313,-72.69984803033847
6,1,variance,subsample,73.0,-72.66167942888329,-72.66101066615059,-0.02986888691221195,-72.66019665251541
6,1,variance,subsample,74.0,-72.66167942888329,-72.66101066615059,-0.029868886911580062,-72.66019665251547
6,1,variance,subsample,75.0,-72.66117516914365,-72.6590008345901,-0.6445186891600978,-72.64052684667311
6,1,variance,subsample,76.0,-72.66167942888329,-72.66117516914365,-0.028641308202375787,-72.66025759300864
6,1,variance,subsample,77.0,-72.66167942888329,-72.66117516914365,-0.028641308202375787,-72.66025759300864
6,1,variance,subsample,78.0,-72.66167942888329,-72.6590008345901,-0.12767608245738404,-72.65534122557601
6,1,variance,subsample,79.0,-72.66117516914365,-72.6590008345901,-0.6445186891600978,-72.64052684667311
6,1,variance,subsample,80.0,-72.66167942888329,-72.6590008345901,-0.12767608245738404,-72.65534122557601
6,1,variance,subsample,81.0,-72.66167942888329,-72.66117516914365,-0.02864130820261631,-72.66025759300862
6,1,variance,subsample,82.0,-72.66117516914365,-72.6590008345901,-0.6445186891651934,-72.64052684667298
6,1,variance,subsample,83.0,-72.66167942888329,-72.66117516914365,-0.028641308202375787,-72.66025759300864
6,1,variance,subsample,84.0,-72.66167942888329,-72.66117516914365,-0.028641308202375787,-72.66025759300864
6,1,variance,subsample,85.0,-72.66167942888329,-72.66117516914365,-0.02864130820261631,-72.66025759300862
6,1,variance,subsample,86.0,-72.66167942888329,-72.66117516914365,-0.02864130820261631,-72.66025759300862
6,1,variance,subsample,87.0,-72.66167942888329,-72.66101066615059,-0.029868886911580062,-72.66019665251547
6,1,variance,subsample,88.0,-72.66101066615059,-72.6590008345901,1.4250729825074313,-72.69984803033847
6,1,variance,subsample,89.0,-72.66117516914365,-72.66101066615059,-0.03438669076493963,-72.66007352928195
6,1,variance,subsample,90.0,-72.66167942888329,-72.66117516914365,-0.02864130820261631,-72.66025759300862
6,1,variance,subsample,91.0,-72.66167942888329,-72.66101066615059,-0.02986888691221195,-72.66019665251541
6,1,variance,subsample,92.0,-72.66167942888329,-72.66101066615059,-0.02986888691221195,-72.66019665251541
6,1,variance,subsample,93.0,-72.66101066615059,-72.6590008345901,1.4250729825074313,-72.69984803033847
6,1,variance,subsample,94.0,-72.66117516914365,-72.6590008345901,-0.6445186891651934,-72.64052684667298
6,1,variance,subsample,95.0,-72.66101066615059,-72.6590008345901,1.4250729825074313,-72.69984803033847
6,1,variance,subsample,96.0,-72.66101066615059,-72.6590008345901,1.4250729825047366,-72.6998480303384
6,1,variance,subsample,97.0,-72.66167942888329,-72.66117516914365,-0.02864130820261631,-72.66025759300862
6,1,variance,subsample,98.0,-72.66167942888329,-72.66101066615059,-0.029868886911580062,-72.66019665251547
6,1,variance,subsample,99.0,-72.66117516914365,-72.66101066615059,-0.034386690767811506,-72.66007352928185
6,1,inverse_num_params,global,,-72.66167942888329,-72.6590008345901,11.45965389066679,-72.66121539122607
6,1,inverse_num_params,subsample,0.0,-72.66101066615059,-72.6590008345901,-161.6259963900196,-72.65228544501099
6,1,inverse_num_params,subsample,1.0,-72.66117516914365,-72.6590008345901,-603.6700872931016,-72.63391897954222
6,1,inverse_num_params,subsample,2.0,-72.66117516914365,-72.66101066615059,18.623225513839053,-72.6620160227428
6,1,inverse_num_params,subsample,3.0,-72.66117516914365,-72.6590008345901,-603.6700872931016,-72.63391897954222
6,1,inverse_num_params,subsample,4.0,-72.66167942888329,-72.66101066615059,32.562076622242486,-72.66276849796998
6,1,inverse_num_params,subsample,5.0,-72.66167942888329,-72.6590008345901,330.5678124312184,-72.67273557833414
6,1,inverse_num_params,subsample,6.0,-72.66117516914365,-72.66101066615059,18.62322551450397,-72.66201602274286
6,1,inverse_num_params,subsample,7.0,-72.66117516914365,-72.6590008345901,-603.670087291253,-72.63391897954226
6,1,inverse_num_params,subsample,8.0,-72.66117516914365,-72.6590008345901,-603.670087291253,-72.63391897954226
6,1,inverse_num_params,subsample,9.0,-72.66117516914365,-72.6590008345901,-603.6700872931016,-72.63391897954222
6,1,inverse_num_params,subsample,10.0,-72.66101066615059,-72.6590008345901,-161.6259963898542,-72.652285445011
6,1,inverse_num_params,subsample,11.0,-72.66167942888329,-72.66101066615059,32.562076622242486,-72.66276849796998
6,1,inverse_num_params,subsample,12.0,-72.66117516914365,-72.6590008345901,-603.6700872931016,-72.63391897954222
6,1,inverse_num_params,subsample,13.0,-72.66101066615059,-72.6590008345901,-161.6259963900196,-72.65228544501099
6,1,inverse_num_params,subsample,14.0,-72.66167942888329,-72.6590008345901,330.56781243594094,-72.67273557833435
6,1,inverse_num_params,subsample,15.0,-72.66167942888329,-72.6590008345901,330.56781243594094,-72.67273557833435
6,1,inverse_num_params,subsample,16.0,-72.66101066615059,-72.6590008345901,-161.6259963898542,-72.652285445011
6,1,inverse_num_params,subsample,17.0,-72.66167942888329,-72.6590008345901,330.5678124312184,-72.67273557833414
6,1,inverse_num_params,subsample,18.0,-72.66167942888329,-72.6590008345901,330.56781243594094,-72.67273557833435
6,1,inverse_num_params,subsample,19.0,-72.66117516914365,-72.6590008345901,-603.6700872931016,-72.63391897954222
6,1,inverse_num_params,subsample,20.0,-72.66167942888329,-72.66117516914365,43.08119450135099,-72.66312031969906
6,1,inverse_num_params,subsample,21.0,-72.66167942888329,-72.66101066615059,32.56207662107727,-72.66276849796995
6,1,inverse_num_params,subsample,22.0,-72.66101066615059,-72.6590008345901,-161.6259963900196,-72.65228544501099
6,1,inverse_num_params,subsample,23.0,-72.66167942888329,-72.66101066615059,32.56207662107727,-72.66276849796995
6,1,inverse_num_params,subsample,24.0,-72.66167942888329,-72.66101066615059,32.562076622242486,-72.66276849796998
6,1,inverse_num_params,subsample,25.0,-72.66167942888329,-72.66117516914365,43.08119450135099,-72.66312031969906
6,1,inverse_num_params,subsample,26.0,-72.66117516914365,-72.66101066615059,18.623225513839053,-72.6620160227428
6,1,inverse_num_params,subsample,27.0,-72.66167942888329,-72.66117516914365,43.08119450135099,-72.66312031969906
6,1,inverse_num_params,subsample,28.0,-72.66117516914365,-72.6590008345901,-603.670087291253,-72.63391897954226
6,1,inverse_num_params,subsample,29.0,-72.66117516914365,-72.66101066615059,18.623225513839053,-72.6620160227428
6,1,inverse_num_params,subsample,30.0,-72.66167942888329,-72.66101066615059,32.562076622242486,-72.66276849796998
6,1,inverse_num_params,subsample,31.0,-72.66101066615059,-72.6590008345901,-161.6259963898542,-72.652285445011
6,1,inverse_num_params,subsample,32.0,-72.66167942888329,-72.6590008345901,330.5678124312184,-72.67273557833414
6,1,inverse_num_params,subsample,33.0,-72.66117516914365,-72.6590008345901,-603.670087291253,-72.63391897954226
6,1,inverse_num_params,subsample,34.0,-72.66167942888329,-72.66101066615059,32.562076622242486,-72.66276849796998
6,1,inverse_num_params,subsample,35.0,-72.66167942888329,-72.66117516914365,43.08119450171325,-72.66312031969909
6,1,inverse_num_params,subsample,36.0,-72.66117516914365,-72.6590008345901,-603.6700872931016,-72.63391897954222
6,1,inverse_num_params,subsample,37.0,-72.66167942888329,-72.6590008345901,330.56781243594094,-72.67273557833435
6,1,inverse_num_params,subsample,38.0,-72.66167942888329,-72.66101066615059,32.562076622242486,-72.66276849796998
6,1,inverse_num_params,subsample,39.0,-72.66167942888329,-72.66101066615059,32.56207662107727,-72.66276849796995
6,1,inverse_num_params,subsample,40.0,-72.66167942888329,-72.6590008345901,330.5678124312184,-72.67273557833414
6,1,inverse_num_params,subsample,41.0,-72.66101066615059,-72.6590008345901,-161.6259963900196,-72.65228544501099
6,1,inverse_num_params,subsample,42.0,-72.66167942888329,-72.6590008345901,330.5678124312184,-72.67273557833414
6,1,inverse_num_params,subsample,43.0,-72.66117516914365,-72.66101066615059,18.62322551450397,-72.66201602274286
6,1,inverse_num_params,subsample,44.0,-72.66117516914365,-72.6590008345901,-603.6700872931016,-72.63391897954222
6,1,inverse_num_params,subsample,45.0,-72.66167942888329,-72.6590008345901,330.56781243594094,-72.67273557833435
6,1,inverse_num_params,subsample,46.0,-72.66117516914365,-72.6590008345901,-603.6700872931016,-72.63391897954222
6,1,inverse_num_params,subsample,47.0,-72.66167942888329,-72.66101066615059,32.56207662107727,-72.66276849796995
6,1,inverse_num_params,subsample,48.0,-72.66117516914365,-72.66101066615059,18.623225513839053,-72.6620160227428
6,1,inverse_num_params,subsample,49.0,-72.66101066615059,-72.6590008345901,-161.6259963900196,-72.65228544501099
6,1,inverse_num_params,subsample,50.0,-72.66167942888329,-72.66117516914365,43.08119450135099,-72.66312031969906
6,1,inverse_num_params,subsample,51.0,-72.66167942888329,-72.66117516914365,43.08119450171325,-72.66312031969909
6,1,inverse_num_params,subsample,52.0,-72.66101066615059,-72.6590008345901,-161.6259963900196,-72.65228544501099
6,1,inverse_num_params,subsample,53.0,-72.66167942888329,-72.66101066615059,32.562076622242486,-72.66276849796998
6,1,inverse_num_params,subsample,54.0,-72.66167942888329,-72.66101066615059,32.56207662107727,-72.66276849796995
6,1,inverse_num_params,subsample,55.0,-72.66101066615059,-72.6590008345901,-161.6259963900196,-72.65228544501099
6,1,inverse_num_params,subsample,56.0,-72.66167942888329,-72.6590008345901,330.5678124312184,-72.67273557833414
6,1,inverse_num_params,subsample,57.0,-72.66167942888329,-72.66101066615059,32.56207662107727,-72.66276849796995
6,1,inverse_num_params,subsample,58.0,-72.66167942888329,-72.6590008345901,330.56781243594094,-72.67273557833435
6,1,inverse_num_params,subsample,59.0,-72.66117516914365,-72.66101066615059,18.62322551450397,-72.66201602274286
6,1,inverse_num_params,subsample,60.0,-72.66167942888329,-72.6590008345901,330.56781243594094,-72.67273557833435
6,1,inverse_num_params,subsample,61.0,-72.66167942888329,-72.66117516914365,43.08119450171325,-72.66312031969909
6,1,inverse_num_params,subsample,62.0,-72.66117516914365,-72.6590008345901,-603.670087291253,-72.63391897954226
6,1,inverse_num_params,subsample,63.0,-72.66167942888329,-72.66101066615059,32.562076622242486,-72.66276849796998
6,1,inverse_num_params,subsample,64.0,-72.66167942888329,-72.66101066615059,32.562076622242486,-72.66276849796998
6,1,inverse_num_params,subsample,65.0,-72.66167942888329,-72.66101066615059,32.562076622242486,-72.66276849796998
6,1,inverse_num_params,subsample,66.0,-72.66167942888329,-72.6590008345901,330.56781243594094,-72.67273557833435
6,1,inverse_num_params,subsample,67.0,-72.66167942888329,-72.66117516914365,43.08119450135099,-72.66312031969906
6,1,inverse_num_params,subsample,68.0,-72.66117516914365,-72.6590008345901,-603.6700872931016,-72.63391897954222
6,1,inverse_num_params,subsample,69.0,-72.66167942888329,-72.66101066615059,32.562076622242486,-72.66276849796998
6,1,inverse_num_params,subsample,70.0,-72.66117516914365,-72.66101066615059,18.62322551450397,-72.66201602274286
6,1,inverse_num_params,subsample,71.0,-72.66167942888329,-72.6590008345901,330.5678124312184,-72.67273557833414
6,1,inverse_num_params,subsample,72.0,-72.66101066615059,-72.6590008345901,-161.6259963900196,-72.65228544501099
6,1,inverse_num_params,subsample,73.0,-72.66117516914365,-72.6590008345901,-603.670087291253,-72.63391897954226
6,1,inverse_num_params,subsample,74.0,-72.66167942888329,-72.6590008345901,330.56781243594094,-72.67273557833435
6,1,inverse_num_params,subsample,75.0,-72.66167942888329,-72.66101066615059,32.562076622242486,-72.66276849796998
6,1,inverse_num_params,subsample,76.0,-72.66101066615059,-72.6590008345901,-161.6259963900196,-72.65228544501099
6,1,inverse_num_params,subsample,77.0,-72.66117516914365,-72.66101066615059,18.623225513839053,-72.6620160227428
6,1,inverse_num_params,subsample,78.0,-72.66117516914365,-72.66101066615059,18.62322551450397,-72.66201602274286
6,1,inverse_num_params,subsample,79.0,-72.66101066615059,-72.6590008345901,-161.6259963898542,-72.652285445011
6,1,inverse_num_params,subsample,80.0,-72.66117516914365,-72.66101066615059,18.623225513839053,-72.6620160227428
6,1,inverse_num_params,subsample,81.0,-72.66101066615059,-72.6590008345901,-161.6259963900196,-72.65228544501099
6,1,inverse_num_params,subsample,82.0,-72.66167942888329,-72.6590008345901,330.56781243594094,-72.67273557833435
6,1,inverse_num_params,subsample,83.0,-72.66167942888329,-72.6590008345901,330.5678124312184,-72.67273557833414
6,1,inverse_num_params,subsample,84.0,-72.66167942888329,-72.66117516914365,43.08119450135099,-72.66312031969906
6,1,inverse_num_params,subsample,85.0,-72.66167942888329,-72.66101066615059,32.562076622242486,-72.66276849796998
6,1,inverse_num_params,subsample,86.0,-72.66101066615059,-72.6590008345901,-161.6259963898542,-72.652285445011
6,1,inverse_num_params,subsample,87.0,-72.66117516914365,-72.6590008345901,-603.6700872931016,-72.63391897954222
6,1,inverse_num_params,subsample,88.0,-72.66101066615059,-72.6590008345901,-161.6259963900196,-72.65228544501099
6,1,inverse_num_params,subsample,89.0,-72.66101066615059,-72.6590008345901,-161.6259963898542,-72.652285445011
6,1,inverse_num_params,subsample,90.0,-72.66167942888329,-72.66101066615059,32.562076622242486,-72.66276849796998
6,1,inverse_num_params,subsample,91.0,-72.66167942888329,-72.6590008345901,330.56781243594094,-72.67273557833435
6,1,inverse_num_params,subsample,92.0,-72.66101066615059,-72.6590008345901,-161.6259963900196,-72.65228544501099
6,1,inverse_num_params,subsample,93.0,-72.66117516914365,-72.66101066615059,18.623225513839053,-72.6620160227428
6,1,inverse_num_params,subsample,94.0,-72.66167942888329,-72.66101066615059,32.562076622242486,-72.66276849796998
6,1,inverse_num_params,subsample,95.0,-72.66167942888329,-72.66101066615059,32.56207662107727,-72.66276849796995
6,1,inverse_num_params,subsample,96.0,-72.66167942888329,-72.6590008345901,330.5678124312184,-72.67273557833414
6,1,inverse_num_params,subsample,97.0,-72.66167942888329,-72.6590008345901,330.56781243594094,-72.67273557833435
6,1,inverse_num_params,subsample,98.0,-72.66167942888329,-72.66101066615059,32.56207662107727,-72.66276849796995
6,1,inverse_num_params,subsample,99.0,-72.66117516914365,-72.6590008345901,-603.6700872931016,-72.63391897954222
6,2,variance,global,,-72.64911804169174,-72.56525768480833,0.5573949265922368,-72.61935627814765
6,2,variance,subsample,0.0,-72.64911804169174,-72.57358885756543,0.6617530530975783,-72.62778808230725
6,2,variance,subsample,1.0,-72.64911804169174,-72.56525768480833,0.7340747423297505,-72.62362396821375
6,2,variance,subsample,2.0,-72.63911547217027,-72.56525768480833,1.0591822806790252,-72.6242747892544
6,2,variance,subsample,3.0,-72.63911547217027,-72.56525768480833,0.6865597593545077,-72.619195715896
6,2,variance,subsample,4.0,-72.64911804169174,-72.57358885756543,0.3794710470685428,-72.61714484667478
6,2,variance,subsample,5.0,-72.64911804169174,-72.56525768480833,0.28840083045148285,-72.60966993414655
6,2,variance,subsample,6.0,-72.63911547217027,-72.56525768480833,1.2982461121397688,-72.63076027229071
6,2,variance,subsample,7.0,-72.63934430183085,-72.56525768480833,1.1248597191573546,-72.6337446455388
6,2,variance,subsample,8.0,-72.64911804169174,-72.57957320576236,0.07052197439564746,-72.61389585266879
6,2,variance,subsample,9.0,-72.63811445746819,-72.57358885756543,0.15341254549764435,-72.60571222182804
6,2,variance,subsample,10.0,-72.6304022410823,-72.56525768480833,0.9768630062952863,-72.62228416387603
6,2,variance,subsample,11.0,-72.64911804169174,-72.58533498548971,-0.003704697046456965,-72.60913600392465
6,2,variance,subsample,12.0,-72.64911804169174,-72.56525768480833,0.14261280715941824,-72.61003339593793
6,2,variance,subsample,13.0,-72.64911804169174,-72.56525768480833,0.09143191630549567,-72.60421375805865
6,2,variance,subsample,14.0,-72.64911804169174,-72.56525768480833,0.2922326303310012,-72.60832111139015
6,2,variance,subsample,15.0,-72.64911804169174,-72.58272885008665,-0.5242747987165735,-72.59910421527178
6,2,variance,subsample,16.0,-72.63811445746819,-72.56525768480833,0.5546407206799453,-72.60951050148442
6,2,variance,subsample,17.0,-72.64911804169174,-72.57358885756543,0.17342302866687503,-72.60971381835488
6,2,variance,subsample,18.0,-72.63811445746819,-72.57957320576236,0.5216461683056921,-72.61843196848731
6,2,variance,subsample,19.0,-72.64911804169174,-72.56525768480833,0.011083154559875599,-72.60153271645265
6,2,variance,subsample,20.0,-72.64911804169174,-72.56525768480833,0.3158754457653928,-72.60931675184145
6,2,variance,subsample,21.0,-72.64911804169174,-72.56525768480833,0.6338521869594934,-72.62425846305983
6,2,variance,subsample,22.0,-72.63934430183085,-72.57957320576236,0.6908462769197915,-72.62428685911121
6,2,variance,subsample,23.0,-72.64911804169174,-72.56525768480833,0.4113659176280745,-72.61674922174738
6,2,variance,subsample,24.0,-72.64911804169174,-72.57358885756543,0.570134029756787,-72.62226021304949
6,2,variance,subsample,25.0,-72.63811445746819,-72.56525768480833,0.45987163400182124,-72.61287648756
6,2,variance,subsample,26.0,-72.64911804169174,-72.56525768480833,0.4094402276860969,-72.6117502817707
6,2,variance,subsample,27.0,-72.64911804169174,-72.56525768480833,0.011509732123604012,-72.60866598561343
6,2,variance,subsample,28.0,-72.64911804169174,-72.56525768480833,0.41880886424381797,-72.61685925490103
6,2,variance,subsample,29.0,-72.64911804169174,-72.56525768480833,-0.10134199196626295,-72.60004710610951
6,2,variance,subsample,30.0,-72.63934430183085,-72.57358885756543,0.9497038587434246,-72.62707335470253
6,2,variance,subsample,31.0,-72.64911804169174,-72.56525768480833,0.5631046503240098,-72.61852753689816
6,2,variance,subsample,32.0,-72.63911547217027,-72.58272885008665,0.8573617078132306,-72.63224976914375
6,2,variance,subsample,33.0,-72.64911804169174,-72.57358885756543,0.33853496919527193,-72.6175637873835
6,2,variance,subsample,34.0,-72.63811445746819,-72.57543573393832,0.44354111177801403,-72.60830672690857
6,2,variance,subsample,35.0,-72.64911804169174,-72.56525768480833,-0.49176004698591563,-72.60263774438073
6,2,variance,subsample,36.0,-72.63811445746819,-72.56525768480833,0.5980439298089801,-72.61740104379655
6,2,variance,subsample,37.0,-72.64911804169174,-72.56525768480833,0.7366244911203961,-72.62655036175218
6,2,variance,subsample,38.0,-72.64911804169174,-72.57543573393832,0.5648760551409014,-72.62634678757608
6,2,variance,subsample,39.0,-72.63934430183085,-72.57358885756543,1.0845871699553935,-72.6409091020313
6,2,variance,subsample,40.0,-72.63934430183085,-72.57543573393832,0.7116887350717254,-72.617599626118
6,2,variance,subsample,41.0,-72.63934430183085,-72.57543573393832,0.9729464446727288,-72.63254506692344
6,2,variance,subsample,42.0,-72.64911804169174,-72.57543573393832,0.2684789016102113,-72.61120107107487
6,2,variance,subsample,43.0,-72.63934430183085,-72.58272885008665,1.0749916122638876,-72.63871077409232
6,2,variance,subsample,44.0,-72.63934430183085,-72.57358885756543,1.4804098437859345,-72.65005273500809
6,2,variance,subsample,45.0,-72.63934430183085,-72.56525768480833,1.0899168063131277,-72.63143655399689
6,2,variance,subsample,46.0,-72.64911804169174,-72.57358885756543,0.24972297032364452,-72.60622410761972
6,2,variance,subsample,47.0,-72.64911804169174,-72.57957320576236,0.03396267698906143,-72.61084919980725
6,2,variance,subsample,48.0,-72.6304022410823,-72.57358885756543,0.8317826589442396,-72.61834373672475
6,2,variance,subsample,49.0,-72.63911547217027,-72.58533498548971,0.2506546328481049,-72.6076776451735
6,2,variance,subsample,50.0,-72.63811445746819,-72.56525768480833,0.9084159060852544,-72.62843881613342
6,2,variance,subsample,51.0,-72.63934430183085,-72.58272885008665,0.8580230489397125,-72.62899936894775
6,2,variance,subsample,52.0,-72.64911804169174,-72.56525768480833,0.26410714051411355,-72.61164016569708
6,2,variance,subsample,53.0,-72.64911804169174,-72.56525768480833,0.07732173041795098,-72.6017423857646
6,2,variance,subsample,54.0,-72.63811445746819,-72.56525768480833,0.9933232970821109,-72.62645270741054
6,2,variance,subsample,55.0,-72.63934430183085,-72.57543573393832,0.5653215316635674,-72.61498531668855
6,2,variance,subsample,56.0,-72.64911804169174,-72.56525768480833,0.017957452484796507,-72.60135119258081
6,2,variance,subsample,57.0,-72.64911804169174,-72.56525768480833,0.581817137396451,-72.62439246218175
6,2,variance,subsample,58.0,-72.63934430183085,-72.56525768480833,1.4449720868209517,-72.6393753007684
6,2,variance,subsample,59.0,-72.63811445746819,-72.56525768480833,0.5984296973252414,-72.61465535002726
6,2,variance,subsample,60.0,-72.64911804169174,-72.57957320576236,-0.22810884954600902,-72.6040919910806
6,2,variance,subsample,61.0,-72.63934430183085,-72.56525768480833,0.8235821659617287,-72.62326331047356
6,2,variance,subsample,62.0,-72.63934430183085,-72.56525768480833,1.7206354162120396,-72.65609984777784
6,2,variance,subsample,63.0,-72.63934430183085,-72.56525768480833,1.2084477327063514,-72.63807929702301
6,2,variance,subsample,64.0,-72.64911804169174,-72.56525768480833,0.35363399190442973,-72.61468609198577
6,2,variance,subsample,65.0,-72.64911804169174,-72.57358885756543,0.382247850890461,-72.61438652021407
6,2,variance,subsample,66.0,-72.63911547217027,-72.56525768480833,0.9543716654354625,-72.62610959081827
6,2,variance,subsample,67.0,-72.63934430183085,-72.56525768480833,1.1190434158406224,-72.63460789836049
6,2,variance,subsample,68.0,-72.63911547217027,-72.57358885756543,1.2511485197572514,-72.63850506371624
6,2,variance,subsample,69.0,-72.64911804169174,-72.56525768480833,0.23006613496773964,-72.61569152917026
6,2,variance,subsample,70.0,-72.64911804169174,-72.57358885756543,0.5168970435041815,-72.61938877308135
6,2,variance,subsample,71.0,-72.63934430183085,-72.5858265439851,-0.14954900272933808,-72.60823042370437
6,2,variance,subsample,72.0,-72.63911547217027,-72.56525768480833,0.8798127087683117,-72.62395583443843
6,2,variance,subsample,73.0,-72.63911547217027,-72.58533498548971,0.6127351935547324,-72.6249987319382
6,2,variance,subsample,74.0,-72.63911547217027,-72.57957320576236,0.3758242266627917,-72.609104391346
6,2,variance,subsample,75.0,-72.6304022410823,-72.57957320576236,0.5504220963498822,-72.61239099335488
6,2,variance,subsample,76.0,-72.64911804169174,-72.57358885756543,0.09135535656674992,-72.6110993025473
6,2,variance,subsample,77.0,-72.63911547217027,-72.57358885756543,0.4245824164824087,-72.61671919971278
6,2,variance,subsample,78.0,-72.64911804169174,-72.56525768480833,0.15493714831383776,-72.60817430777504
6,2,variance,subsample,79.0,-72.63934430183085,-72.57957320576236,0.5647646246251522,-72.61543286720715
6,2,variance,subsample,80.0,-72.64911804169174,-72.56525768480833,0.3387151501888658,-72.61742283202973
6,2,variance,subsample,81.0,-72.64911804169174,-72.56525768480833,0.7597858715955483,-72.6320155225378
6,2,variance,subsample,82.0,-72.64911804169174,-72.57358885756543,0.029544851296073975,-72.61364071887694
6,2,variance,subsample,83.0,-72.63911547217027,-72.57358885756543,0.9815776389942327,-72.62988517130968
6,2,variance,subsample,84.0,-72.63811445746819,-72.57543573393832,0.5006648371911148,-72.61519666607022
6,2,variance,subsample,85.0,-72.63911547217027,-72.57358885756543,0.5433008916657995,-72.61245266936908
6,2,variance,subsample,86.0,-72.64911804169174,-72.57358885756543,0.5685788927641047,-72.62303369873528
6,2,variance,subsample,87.0,-72.63934430183085,-72.56525768480833,0.5632708893523583,-72.61772150223554
6,2,variance,subsample,88.0,-72.63911547217027,-72.56525768480833,1.7675624036428779,-72.65065044471142
6,2,variance,subsample,89.0,-72.63934430183085,-72.57358885756543,0.6211403382526561,-72.62901019437011
6,2,variance,subsample,90.0,-72.64911804169174,-72.56525768480833,0.3629315637177608,-72.62217132998379
6,2,variance,subsample,91.0,-72.63934430183085,-72.5858265439851,-0.018830959937217655,-72.61096511957439
6,2,variance,subsample,92.0,-72.64911804169174,-72.56525768480833,0.15459053181657942,-72.60499549290023
6,2,variance,subsample,93.0,-72.64911804169174,-72.56525768480833,0.4739663428477024,-72.61962545980417
6,2,variance,subsample,94.0,-72.63911547217027,-72.57543573393832,0.8951536528241137,-72.62511696302961
6,2,variance,subsample,95.0,-72.64911804169174,-72.56525768480833,0.32432973761554695,-72.61251388367567
6,2,variance,subsample,96.0,-72.63934430183085,-72.56525768480833,0.8344589258478543,-72.61723822910022
6,2,variance,subsample,97.0,-72.64911804169174,-72.56525768480833,-0.09551555041764478,-72.59873664349712
6,2,variance,subsample,98.0,-72.63934430183085,-72.57358885756543,0.6602667435097601,-72.62021743785303
6,2,variance,subsample,99.0,-72.63934430183085,-72.56525768480833,0.7102439434031826,-72.62114466881668
6,2,inverse_num_params,global,,-72.64911804169174,-72.56525768480833,-31.611945462549077,-72.60180348730825
6,2,inverse_num_params,subsample,0.0,-72.64911804169174,-72.57543573393832,-399.33753257506936,-72.58107935859277
6,2,inverse_num_params,subsample,1.0,-72.64911804169174,-72.56525768480833,-415.16642347839837,-72.58112963952631
6,2,inverse_num_params,subsample,2.0,-72.64911804169174,-72.56525768480833,-575.2021745553052,-72.57405859398436
6,2,inverse_num_params,subsample,3.0,-72.64911804169174,-72.57358885756543,61.727419536294754,-72.61171581044574
6,2,inverse_num_params,subsample,4.0,-72.64911804169174,-72.57358885756543,-157.33323815539916,-72.59853782833848
6,2,inverse_num_params,subsample,5.0,-72.64911804169174,-72.56525768480833,-190.11188535308625,-72.59311822204944
6,2,inverse_num_params,subsample,6.0,-72.6304022410823,-72.56525768480833,141.68855712295638,-72.6032097293448
6,2,inverse_num_params,subsample,7.0,-72.64911804169174,-72.57358885756543,-252.29742456830633,-72.59846081141671
6,2,inverse_num_params,subsample,8.0,-72.64911804169174,-72.56525768480833,-63.233108833083804,-72.6035833008477
6,2,inverse_num_params,subsample,9.0,-72.64911804169174,-72.56525768480833,-120.65849929695347,-72.58982012537685
6,2,inverse_num_params,subsample,10.0,-72.62564822848651,-72.56525768480833,179.3670261316681,-72.60784758508771
6,2,inverse_num_params,subsample,11.0,-72.63911547217027,-72.56525768480833,48.441748639303434,-72.60555259062151
6,2,inverse_num_params,subsample,12.0,-72.63911547217027,-72.56525768480833,132.5445968304688,-72.60507852988897
6,2,inverse_num_params,subsample,13.0,-72.64911804169174,-72.56525768480833,-1040.4726930917855,-72.54271181772943
6,2,inverse_num_params,subsample,14.0,-72.64911804169174,-72.57543573393832,69.01034342604817,-72.61438390757341
6,2,inverse_num_params,subsample,15.0,-72.63934430183085,-72.57957320576236,354.1486935715427,-72.62170621038032
6,2,inverse_num_params,subsample,16.0,-72.63934430183085,-72.56525768480833,78.2962188933496,-72.60818727076398
6,2,inverse_num_params,subsample,17.0,-72.64911804169174,-72.57358885756543,-125.53324202353653,-72.60069873393472
6,2,inverse_num_params,subsample,18.0,-72.63934430183085,-72.57358885756543,226.63203253449257,-72.61757997630755
6,2,inverse_num_params,subsample,19.0,-72.64911804169174,-72.56525768480833,-664.2143666573131,-72.5682342510219
6,2,inverse_num_params,subsample,20.0,-72.62564822848651,-72.56525768480833,740.5916254870696,-72.62403185891026
6,2,inverse_num_params,subsample,21.0,-72.64911804169174,-72.56525768480833,8.896500652404981,-72.6021013783073
6,2,inverse_num_params,subsample,22.0,-72.64911804169174,-72.56525768480833,-376.7710549446457,-72.5829057826016
6,2,inverse_num_params,subsample,23.0,-72.63934430183085,-72.57358885756543,122.81846353710918,-72.61032372396359
6,2,inverse_num_params,subsample,24.0,-72.62314198927812,-72.57358885756543,83.47631258966979,-72.60134148196941
6,2,inverse_num_params,subsample,25.0,-72.63934430183085,-72.56525768480833,217.91286437814946,-72.61183671739923
6,2,inverse_num_params,subsample,26.0,-72.63934430183085,-72.58272885008665,219.03748788943264,-72.6134972549904
6,2,inverse_num_params,subsample,27.0,-72.6304022410823,-72.57543573393832,223.3109978233423,-72.61071851559285
6,2,inverse_num_params,subsample,28.0,-72.64911804169174,-72.57543573393832,-331.4091054917775,-72.58902312501405
6,2,inverse_num_params,subsample,29.0,-72.64911804169174,-72.57543573393832,-888.676754163099,-72.55639173014374
6,2,inverse_num_params,subsample,30.0,-72.63811445746819,-72.56525768480833,668.4032883396395,-72.62844284565509
6,2,inverse_num_params,subsample,31.0,-72.63934430183085,-72.56525768480833,132.99357809288503,-72.61247874102861
6,2,inverse_num_params,subsample,32.0,-72.63934430183085,-72.57358885756543,-113.5748014555229,-72.60042820240139
6,2,inverse_num_params,subsample,33.0,-72.63911547217027,-72.56525768480833,10.464740893849878,-72.59683164885857
6,2,inverse_num_params,subsample,34.0,-72.63911547217027,-72.56525768480833,-313.7025309382889,-72.58004142412435
6,2,inverse_num_params,subsample,35.0,-72.64911804169174,-72.57358885756543,-230.0770207873149,-72.5872558579779
6,2,inverse_num_params,subsample,36.0,-72.63934430183085,-72.56525768480833,177.0179644542869,-72.6060747938726
6,2,inverse_num_params,subsample,37.0,-72.64911804169174,-72.56525768480833,-112.18667020747162,-72.59509030989034
6,2,inverse_num_params,subsample,38.0,-72.64911804169174,-72.57358885756543,-133.08092140830266,-72.59767633350909
6,2,inverse_num_params,subsample,39.0,-72.63934430183085,-72.57358885756543,238.16658672235945,-72.61965993080632
6,2,inverse_num_params,subsample,40.0,-72.63934430183085,-72.56525768480833,-233.40489901296397,-72.58436093137752
6,2,inverse_num_params,subsample,41.0,-72.64911804169174,-72.56525768480833,204.1149629868787,-72.62123190483123
6,2,inverse_num_params,subsample,42.0,-72.63911547217027,-72.56525768480833,-41.50683072965968,-72.59957014746048
6,2,inverse_num_params,subsample,43.0,-72.64911804169174,-72.58272885008665,-110.39442797453155,-72.6029161382567
6,2,inverse_num_params,subsample,44.0,-72.64911804169174,-72.57543573393832,-385.29908566733144,-72.59325205569289
6,2,inverse_num_params,subsample,45.0,-72.64911804169174,-72.57358885756543,-210.08701814043576,-72.59027506948456
6,2,inverse_num_params,subsample,46.0,-72.64911804169174,-72.56525768480833,-0.5892597089747204,-72.60927558922221
6,2,inverse_num_params,subsample,47.0,-72.64911804169174,-72.56525768480833,-253.72131357539305,-72.5811960654273
6,2,inverse_num_params,subsample,48.0,-72.64911804169174,-72.56525768480833,-153.2149698099224,-72.59567557565568
6,2,inverse_num_params,subsample,49.0,-72.6304022410823,-72.57358885756543,398.9457599210208,-72.61885978253785
6,2,inverse_num_params,subsample,50.0,-72.63934430183085,-72.58533498548971,326.83089878682586,-72.62233613052737
6,2,inverse_num_params,subsample,51.0,-72.64911804169174,-72.57358885756543,180.9105247935635,-72.61422530992353
6,2,inverse_num_params,subsample,52.0,-72.63811445746819,-72.57543573393832,215.46423640817878,-72.61375329798658
6,2,inverse_num_params,subsample,53.0,-72.64911804169174,-72.57358885756543,103.13620198508363,-72.62043714236606
6,2,inverse_num_params,subsample,54.0,-72.64911804169174,-72.57358885756543,-187.84493209517683,-72.59527330776159
6,2,inverse_num_params,subsample,55.0,-72.63934430183085,-72.57957320576236,264.87976854261785,-72.62697405789342
6,2,inverse_num_params,subsample,56.0,-72.6304022410823,-72.58272885008665,505.2927911191928,-72.624714544914
6,2,inverse_num_params,subsample,57.0,-72.63911547217027,-72.56525768480833,62.82211370986801,-72.60213103610704
6,2,inverse_num_params,subsample,58.0,-72.63911547217027,-72.57543573393832,256.5447582736695,-72.6168294638072
6,2,inverse_num_params,subsample,59.0,-72.63934430183085,-72.56525768480833,-98.58167427325454,-72.60638653336679
6,2,inverse_num_params,subsample,60.0,-72.64911804169174,-72.56525768480833,-164.22761545663283,-72.59371133858906
6,2,inverse_num_params,subsample,61.0,-72.64911804169174,-72.56525768480833,-356.683144239427,-72.58715250056989
6,2,inverse_num_params,subsample,62.0,-72.64911804169174,-72.56525768480833,-167.99061063589494,-72.59351101651521
6,2,inverse_num_params,subsample,63.0,-72.63911547217027,-72.57543573393832,-19.364537689518976,-72.60934055714947
6,2,inverse_num_params,subsample,64.0,-72.63911547217027,-72.57358885756543,-170.7901155323461,-72.58398881971323
6,2,inverse_num_params,subsample,65.0,-72.64911804169174,-72.57358885756543,-457.04116960033355,-72.58392892522753
6,2,inverse_num_params,subsample,66.0,-72.64911804169174,-72.57358885756543,39.851032616638705,-72.60137947612317
6,2,inverse_num_params,subsample,67.0,-72.64911804169174,-72.57358885756543,-419.98898341339157,-72.57620065378237
6,2,inverse_num_params,subsample,68.0,-72.62314198927812,-72.57358885756543,75.91113730386407,-72.59878872058857
6,2,inverse_num_params,subsample,69.0,-72.64911804169174,-72.56525768480833,-118.67204162711428,-72.59807646983339
6,2,inverse_num_params,subsample,70.0,-72.63911547217027,-72.57358885756543,56.85819868954123,-72.6036488062994
6,2,inverse_num_params,subsample,71.0,-72.63934430183085,-72.56525768480833,99.3243074872238,-72.6038755779898
6,2,inverse_num_params,subsample,72.0,-72.64911804169174,-72.57957320576236,-29.374978914277428,-72.61084567264965
6,2,inverse_num_params,subsample,73.0,-72.64911804169174,-72.57543573393832,-655.1768436231106,-72.58250097788063
6,2,inverse_num_params,subsample,74.0,-72.64911804169174,-72.56525768480833,-125.81792244598378,-72.59903750126351
6,2,inverse_num_params,subsample,75.0,-72.64911804169174,-72.57358885756543,-516.3065567174726,-72.57962483333455
6,2,inverse_num_params,subsample,76.0,-72.64911804169174,-72.56525768480833,-90.38957729076188,-72.60068773357222
6,2,inverse_num_params,subsample,77.0,-72.64911804169174,-72.56525768480833,-97.33457930961619,-72.59785602117157
6,2,inverse_num_params,subsample,78.0,-72.63934430183085,-72.57358885756543,-147.2489739608323,-72.59220728356115
6,2,inverse_num_params,subsample,79.0,-72.64911804169174,-72.56525768480833,-72.63896950277399,-72.59828475741455
6,2,inverse_num_params,subsample,80.0,-72.63811445746819,-72.56525768480833,267.5291356523972,-72.60972643948192
6,2,inverse_num_params,subsample,81.0,-72.64911804169174,-72.56525768480833,-1118.0196440357774,-72.54053270544628
6,2,inverse_num_params,subsample,82.0,-72.63934430183085,-72.56525768480833,-129.48715921860972,-72.59305195632366
6,2,inverse_num_params,subsample,83.0,-72.64911804169174,-72.57358885756543,-162.16564134612446,-72.6012072279357
6,2,inverse_num_params,subsample,84.0,-72.63911547217027,-72.57957320576236,310.06729431753797,-72.62415938467268
6,2,inverse_num_params,subsample,85.0,-72.64911804169174,-72.58272885008665,-51.35718569430181,-72.60413167489757
6,2,inverse_num_params,subsample,86.0,-72.63911547217027,-72.56525768480833,-174.78647753813,-72.58966885917536
6,2,inverse_num_params,subsample,87.0,-72.63911547217027,-72.56525768480833,-237.66927833740178,-72.58195564263087
6,2,inverse_num_params,subsample,88.0,-72.63934430183085,-72.57358885756543,233.5075537035823,-72.61184888621307
6,2,inverse_num_params,subsample,89.0,-72.64911804169174,-72.56525768480833,-209.27160001073509,-72.59387930965715
6,2,inverse_num_params,subsample,90.0,-72.63911547217027,-72.57543573393832,130.4785220277396,-72.6104803384384
6,2,inverse_num_params,subsample,91.0,-72.64911804169174,-72.57358885756543,-207.26080825341086,-72.59352832720982
6,2,inverse_num_params,subsample,92.0,-72.6304022410823,-72.56525768480833,143.32734296328374,-72.60050357230854
6,2,inverse_num_params,subsample,93.0,-72.63934430183085,-72.57358885756543,138.7042543385438,-72.60527096951581
6,2,inverse_num_params,subsample,94.0,-72.64911804169174,-72.57358885756543,-426.1223744165789,-72.57755049404557
6,2,inverse_num_params,subsample,95.0,-72.63934430183085,-72.57358885756543,495.8850068083253,-72.6234076660929
6,2,inverse_num_params,subsample,96.0,-72.64911804169174,-72.56525768480833,-607.604091684627,-72.56340000728612
6,2,inverse_num_params,subsample,97.0,-72.63934430183085,-72.57358885756543,472.49009767067633,-72.62803051347532
6,2,inverse_num_params,subsample,98.0,-72.64911804169174,-72.58272885008665,-36.58488325928504,-72.6131630625809
6,2,inverse_num_params,subsample,99.0,-72.64911804169174,-72.56525768480833,-1154.5947355763524,-72.53861803076634
7,0,variance,global,,-73.39708718790928,-73.37709646917838,0.4067965918914777,-73.39487206394075
7,0,variance,subsample,0.0,-73.39708718790928,-73.37709646917838,1.1130297557016882,-73.41044227991895
7,0,variance,subsample,1.0,-73.39507411017009,-73.37709646917838,-0.9073978664749794,-73.36102588209631
7,0,variance,subsample,2.0,-73.39507411017009,-73.37858919978402,-1.1195519704523114,-73.36233329488017
7,0,variance,subsample,3.0,-73.39507411017009,-73.37858919978402,-0.6547727925433215,-73.37165445262224
7,0,variance,subsample,4.0,-73.392920826681,-73.37709646917838,0.9677000259678334,-73.40498501850901
7,0,variance,subsample,5.0,-73.39708718790928,-73.37709646917838,0.7597938950525547,-73.40630622312932
7,0,variance,subsample,6.0,-73.39507411017009,-73.38520569139357,0.2408238102232898,-73.39559991555842
7,0,variance,subsample,7.0,-73.39708718790928,-73.37709646917838,1.005207061831334,-73.40707775804897
7,0,variance,subsample,8.0,-73.38691952474419,-73.37709646917838,-0.10286537490789739,-73.37942078608229
7,0,variance,subsample,9.0,-73.39507411017009,-73.38520569139357,-0.03190746042571039,-73.38928063668489
7,0,variance,subsample,10.0,-73.39708718790928,-73.37709646917838,0.7830984661161327,-73.40071324906135
7,0,variance,subsample,11.0,-73.39708718790928,-73.37709646917838,1.2177439344219472,-73.41001818142962
7,0,variance,subsample,12.0,-73.39708718790928,-73.37893710314817,0.07344405871950006,-73.39057761935345
7,0,variance,subsample,13.0,-73.39507411017009,-73.37858919978402,-1.1195519704491312,-73.36233329488024
7,0,variance,subsample,14.0,-73.39708718790928,-73.37858919978402,0.8207743829980233,-73.40038331766328
7,0,variance,subsample,15.0,-73.39708718790928,-73.37858919978402,0.3387217176714984,-73.39622966954353
7,0,variance,subsample,16.0,-73.39708718790928,-73.37709646917838,0.5679317539335491,-73.40074713582341
7,0,variance,subsample,17.0,-73.38691952474419,-73.37709646917838,-0.18123129263624838,-73.37774756148019
7,0,variance,subsample,18.0,-73.39507411017009,-73.37709646917838,-0.6055095752574353,-73.37004262852426
7,0,variance,subsample,19.0,-73.39708718790928,-73.37709646917838,1.0674271538812423,-73.40428504568351
7,0,variance,subsample,20.0,-73.39708718790928,-73.37858919978402,0.8207743829962476,-73.40038331766327
7,0,variance,subsample,21.0,-73.39708718790928,-73.37709646917838,0.6373597374881352,-73.40081478127175
7,0,variance,subsample,22.0,-73.39708718790928,-73.38520569139357,0.49952555854924835,-73.40224125122694
7,0,variance,subsample,23.0,-73.39507411017009,-73.37709646917838,-0.8262984462375152,-73.36391235579688
7,0,variance,subsample,24.0,-73.392920826681,-73.37858919978402,0.5853748071503261,-73.39722991996979
7,0,variance,subsample,25.0,-73.39708718790928,-73.37893710314817,0.6187717526258131,-73.39808227705016
7,0,variance,subsample,26.0,-73.39708718790928,-73.38520569139357,0.4995255585508335,-73.40224125122701
7,0,variance,subsample,27.0,-73.38662087224465,-73.37709646917838,0.4132427586283643,-73.39123071844652
7,0,variance,subsample,28.0,-73.39708718790928,-73.37709646917838,0.9493360701280408,-73.40599534173076
7,0,variance,subsample,29.0,-73.38691952474419,-73.37858919978402,-0.10743248403528616,-73.38199362578398
7,0,variance,subsample,30.0,-73.39708718790928,-73.37893710314817,0.49109871908311303,-73.39673674322422
7,0,variance,subsample,31.0,-73.39507411017009,-73.38520569139357,-0.36955815999546876,-73.37978440297455
7,0,variance,subsample,32.0,-73.39708718790928,-73.38520569139357,0.6594568445782855,-73.40193884186445
7,0,variance,subsample,33.0,-73.39708718790928,-73.37893710314817,0.6920928887824127,-73.40060425268295
7,0,variance,subsample,34.0,-73.39708718790928,-73.38691952474419,0.27939970825416444,-73.3984638793351
7,0,variance,subsample,35.0,-73.39708718790928,-73.37858919978402,1.0855300337404927,-73.40828309386299
7,0,variance,subsample,36.0,-73.38691952474419,-73.37709646917838,-0.10145930263403212,-73.37813232999017
7,0,variance,subsample,37.0,-73.39507411017009,-73.37709646917838,0.3838669720414121,-73.39618330326945
7,0,variance,subsample,38.0,-73.38691952474419,-73.37709646917838,0.2609804949736067,-73.38792909726489
7,0,variance,subsample,39.0,-73.39708718790928,-73.37709646917838,0.7597938950545127,-73.4063062231294
7,0,variance,subsample,40.0,-73.39708718790928,-73.37709646917838,1.1084917203351239,-73.40412730201535
7,0,variance,subsample,41.0,-73.38691952474419,-73.37858919978402,-0.10743248403528616,-73.38199362578398
7,0,variance,subsample,42.0,-73.39507411017009,-73.37709646917838,0.11303724273712967,-73.38912039551181
7,0,variance,subsample,43.0,-73.39708718790928,-73.37709646917838,0.8425913677162392,-73.40195379532373
7,0,variance,subsample,44.0,-73.39708718790928,-73.37858919978402,0.7941753460464046,-73.40337491074929
7,0,variance,subsample,45.0,-73.39708718790928,-73.37893710314817,3.2040952658261475,-73.43683270217868
7,0,variance,subsample,46.0,-73.39708718790928,-73.37858919978402,0.33872171767266246,-73.39622966954352
7,0,variance,subsample,47.0,-73.39708718790928,-73.37709646917838,0.7830984661154754,-73.40071324906134
7,0,variance,subsample,48.0,-73.39708718790928,-73.37709646917838,1.1619714485414934,-73.40718604742123
7,0,variance,subsample,49.0,-73.39507411017009,-73.37893710314817,-0.9721341845079736,-73.36641817241261
7,0,variance,subsample,50.0,-73.39708718790928,-73.37709646917838,0.686717035820716,-73.40455623023497
7,0,variance,subsample,51.0,-73.39507411017009,-73.37709646917838,0.11078528298217256,-73.38839700251872
7,0,variance,subsample,52.0,-73.39507411017009,-73.37858919978402,-1.5787869874583276,-73.35006134991025
7,0,variance,subsample,53.0,-73.39507411017009,-73.37893710314817,-0.9721341845066903,-73.36641817241264
7,0,variance,subsample,54.0,-73.39708718790928,-73.37709646917838,1.1619714485405854,-73.4071860474212
7,0,variance,subsample,55.0,-73.38691952474419,-73.37709646917838,0.547965453460486,-73.396901671523
7,0,variance,subsample,56.0,-73.39708718790928,-73.38520569139357,0.49952555855297925,-73.40224125122707
7,0,variance,subsample,57.0,-73.39507411017009,-73.37709646917838,-0.9073978664749794,-73.36102588209631
7,0,variance,subsample,58.0,-73.392920826681,-73.37858919978402,0.2926368468613038,-73.38962962081315
7,0,variance,subsample,59.0,-73.39708718790928,-73.37858919978402,0.12688728305233182,-73.39174150982453
7,0,variance,subsample,60.0,-73.39708718790928,-73.38520569139357,0.24322002937915907,-73.39595348793665
7,0,variance,subsample,61.0,-73.39708718790928,-73.38520569139357,0.3721432986654513,-73.40003156443291
7,0,variance,subsample,62.0,-73.39708718790928,-73.37709646917838,0.7830984661134416,-73.4007132490613
7,0,variance,subsample,63.0,-73.38691952474419,-73.37709646917838,-0.10145930263179247,-73.37813232999018
7,0,variance,subsample,64.0,-73.392920826681,-73.37709646917838,0.5555965191798471,-73.39541185595324
7,0,variance,subsample,65.0,-73.39708718790928,-73.37893710314817,0.692092888783192,-73.40060425268297
7,0,variance,subsample,66.0,-73.39708718790928,-73.38520569139357,0.24322002938070128,-73.39595348793662
7,0,variance,subsample,67.0,-73.39507411017009,-73.37858919978402,-1.301561172704414,-73.35510817815565
7,0,variance,subsample,68.0,-73.39507411017009,-73.37858919978402,-0.18388364733875798,-73.38439417328642
7,0,variance,subsample,69.0,-73.39507411017009,-73.37709646917838,0.6130256969736101,-73.40240096391916
7,0,variance,subsample,70.0,-73.39708718790928,-73.37709646917838,1.113029755703886,-73.41044227991898
7,0,variance,subsample,71.0,-73.39507411017009,-73.37858919978402,-1.1195519704491312,-73.36233329488024
7,0,variance,subsample,72.0,-73.39708718790928,-73.37893710314817,-0.19367135645515526,-73.3859489537667
7,0,variance,subsample,73.0,-73.39708718790928,-73.37858919978402,0.8207743829981338,-73.4003833176633
7,0,variance,subsample,74.0,-73.39708718790928,-73.37709646917838,1.2177439344219474,-73.41001818142963
7,0,variance,subsample,75.0,-73.39708718790928,-73.37858919978402,0.7122247778596518,-73.39832054246233
7,0,variance,subsample,76.0,-73.39507411017009,-73.37709646917838,0.11303724274169753,-73.38912039551194
7,0,variance,subsample,77.0,-73.39708718790928,-73.38520569139357,0.659456844579915,-73.40193884186448
7,0,variance,subsample,78.0,-73.39708718790928,-73.37858919978402,2.40803110690662,-73.42531583678232
7,0,variance,subsample,79.0,-73.39708718790928,-73.37893710314817,0.4910987190828393,-73.39673674322421
7,0,variance,subsample,80.0,-73.392920826681,-73.37709646917838,0.870189942358475,-73.39919648977661
7,0,variance,subsample,81.0,-73.392920826681,-73.37709646917838,0.6141234247822017,-73.39678955680033
7,0,variance,subsample,82.0,-73.39708718790928,-73.37709646917838,0.8425913677184279,-73.40195379532379
7,0,variance,subsample,83.0,-73.39708718790928,-73.38520569139357,0.4995255585516426,-73.40224125122698
7,0,variance,subsample,84.0,-73.392920826681,-73.37858919978402,0.6527939143768017,-73.3986505389283
7,0,variance,subsample,85.0,-73.39507411017009,-73.37893710314817,-1.1643570690864553,-73.35913809002804
7,0,variance,subsample,86.0,-73.39507411017009,-73.37709646917838,-0.6055095752575868,-73.37004262852426
7,0,variance,subsample,87.0,-73.39708718790928,-73.37893710314817,0.5882192376302907,-73.39741456735965
7,0,variance,subsample,88.0,-73.39708718790928,-73.37893710314817,0.6920928887856913,-73.400604252683
7,0,variance,subsample,89.0,-73.39507411017009,-73.37893710314817,-0.97213418450803,-73.36641817241255
7,0,variance,subsample,90.0,-73.39708718790928,-73.37858919978402,0.820774382997646,-73.40038331766327
7,0,variance,subsample,91.0,-73.39507411017009,-73.37709646917838,1.0950721180225818,-73.41486702618523
7,0,variance,subsample,92.0,-73.39708718790928,-73.37858919978402,0.3387217176714984,-73.39622966954353
7,0,variance,subsample,93.0,-73.39708718790928,-73.37709646917838,1.1619714485424795,-73.40718604742123
7,0,variance,subsample,94.0,-73.392920826681,-73.37858919978402,0.5853748071501544,-73.39722991996977
7,0,variance,subsample,95.0,-73.39507411017009,-73.37858919978402,-1.1195519704491312,-73.36233329488024
7,0,variance,subsample,96.0,-73.392920826681,-73.37709646917838,0.8701899423575299,-73.39919648977664
7,0,variance,subsample,97.0,-73.392920826681,-73.37709646917838,0.8701899423585706,-73.39919648977666
7,0,variance,subsample,98.0,-73.39507411017009,-73.37709646917838,-0.10971218231696443,-73.38183969039703
7,0,variance,subsample,99.0,-73.39507411017009,-73.37893710314817,-0.3232152900417731,-73.38117793393442
7,0,inverse_num_params,global,,-73.39708718790928,-73.37709646917838,4.2221290959051165,-73.38675644263817
7,0,inverse_num_params,subsample,0.0,-73.39507411017009,-73.37858919978402,-322.34214023789406,-73.37056904636617
7,0,inverse_num_params,subsample,1.0,-73.38691952474419,-73.37709646917838,61.07157956927309,-73.38634153725414
7,0,inverse_num_params,subsample,2.0,-73.39507411017009,-73.37709646917838,-403.38190016727503,-73.3620468222345
7,0,inverse_num_params,subsample,3.0,-73.38691952474419,-73.37893710314817,78.54810033283927,-73.38929350326076
7,0,inverse_num_params,subsample,4.0,-73.39708718790928,-73.37858919978402,-241.7573273894274,-73.37575214819643
7,0,inverse_num_params,subsample,5.0,-73.39507411017009,-73.38662087224465,-102.92158842278857,-73.3845661210421
7,0,inverse_num_params,subsample,6.0,-73.38691952474419,-73.37709646917838,73.28230692179648,-73.38749852115639
7,0,inverse_num_params,subsample,7.0,-73.39708718790928,-73.37709646917838,-336.0113562988806,-73.36621023284688
7,0,inverse_num_params,subsample,8.0,-73.392920826681,-73.37709646917838,101.74835287644699,-73.39032732895603
7,0,inverse_num_params,subsample,9.0,-73.39708718790928,-73.37893710314817,237.0707388486665,-73.40736632649651
7,0,inverse_num_params,subsample,10.0,-73.39507411017009,-73.37709646917838,34.04929926627952,-73.3865467294578
7,0,inverse_num_params,subsample,11.0,-73.392920826681,-73.37893710314817,94.28826530174315,-73.39138603564201
7,0,inverse_num_params,subsample,12.0,-73.39708718790928,-73.37858919978402,-559.2515695768087,-73.35209343691922
7,0,inverse_num_params,subsample,13.0,-73.392920826681,-73.37709646917838,50.677773769809534,-73.38832828206317
7,0,inverse_num_params,subsample,14.0,-73.39708718790928,-73.37893710314817,68.9448801350783,-73.39445184381894
7,0,inverse_num_params,subsample,15.0,-73.392920826681,-73.37709646917838,136.26517635052454,-73.39017892098612
7,0,inverse_num_params,subsample,16.0,-73.392920826681,-73.37858919978402,79.58282327219354,-73.38893615081642
7,0,inverse_num_params,subsample,17.0,-73.39507411017009,-73.37709646917838,-103.06976669567018,-73.3823595586811
7,0,inverse_num_params,subsample,18.0,-73.39708718790928,-73.37858919978402,-429.55215449072307,-73.36575317200399
7,0,inverse_num_params,subsample,19.0,-73.39708718790928,-73.37709646917838,-13.021376061852608,-73.38197115748326
7,0,inverse_num_params,subsample,20.0,-73.39708718790928,-73.37893710314817,91.62020404847853,-73.39381000093118
7,0,inverse_num_params,subsample,21.0,-73.39708718790928,-73.37893710314817,68.94488013537314,-73.39445184381897
7,0,inverse_num_params,subsample,22.0,-73.39507411017009,-73.37709646917838,-100.29888787207182,-73.38060021182282
7,0,inverse_num_params,subsample,23.0,-73.39708718790928,-73.37709646917838,-128.1272966678249,-73.38164652115202
7,0,inverse_num_params,subsample,24.0,-73.39507411017009,-73.38520569139357,-157.5466118153148,-73.38063075859338
7,0,inverse_num_params,subsample,25.0,-73.39708718790928,-73.37709646917838,-156.7647619706101,-73.37680931622654
7,0,inverse_num_params,subsample,26.0,-73.39708718790928,-73.37858919978402,-385.3161789072827,-73.3662668566001
7,0,inverse_num_params,subsample,27.0,-73.38662087224465,-73.37858919978402,72.46562245876561,-73.3864171103877
7,0,inverse_num_params,subsample,28.0,-73.39708718790928,-73.38520569139357,-252.3880522371122,-73.37842384459618
7,0,inverse_num_params,subsample,29.0,-73.38691952474419,-73.37858919978402,44.37986889148787,-73.38539480740127
7,0,inverse_num_params,subsample,30.0,-73.39708718790928,-73.37893710314817,91.52999753236185,-73.39499755158714
7,0,inverse_num_params,subsample,31.0,-73.39708718790928,-73.38520569139357,-153.5318494798359,-73.38101170075946
7,0,inverse_num_params,subsample,32.0,-73.39507411017009,-73.37858919978402,13.837062481631595,-73.3854096895086
7,0,inverse_num_params,subsample,33.0,-73.39507411017009,-73.37709646917838,-220.8758646185219,-73.37254832883967
7,0,inverse_num_params,subsample,34.0,-73.39708718790928,-73.37709646917838,-156.7647619706101,-73.37680931622654
7,0,inverse_num_params,subsample,35.0,-73.38520569139357,-73.37709646917838,42.189671297841016,-73.38268644748068
7,0,inverse_num_params,subsample,36.0,-73.392920826681,-73.37709646917838,50.67777377109667,-73.38832828206324
7,0,inverse_num_params,subsample,37.0,-73.39507411017009,-73.37709646917838,-220.8758646195394,-73.37254832883966
7,0,inverse_num_params,subsample,38.0,-73.392920826681,-73.37709646917838,104.64258992258071,-73.39048455142435
7,0,inverse_num_params,subsample,39.0,-73.392920826681,-73.37858919978402,80.90365564056987,-73.38911970833932
7,0,inverse_num_params,subsample,40.0,-73.39507411017009,-73.37858919978402,-188.53905766277492,-73.3774952432289
7,0,inverse_num_params,subsample,41.0,-73.392920826681,-73.37858919978402,79.58282327241596,-73.38893615081645
7,0,inverse_num_params,subsample,42.0,-73.39708718790928,-73.37709646917838,-397.98862862364194,-73.36431218748899
7,0,inverse_num_params,subsample,43.0,-73.39708718790928,-73.37893710314817,91.62020404863875,-73.39381000093123
7,0,inverse_num_params,subsample,44.0,-73.392920826681,-73.37858919978402,80.90365564113165,-73.38911970833934
7,0,inverse_num_params,subsample,45.0,-73.39507411017009,-73.37858919978402,25.910781188705243,-73.3865183225346
7,0,inverse_num_params,subsample,46.0,-73.39708718790928,-73.38691952474419,-99.88683216322808,-73.38616698957142
7,0,inverse_num_params,subsample,47.0,-73.39708718790928,-73.37893710314817,237.07073884871207,-73.40736632649651
7,0,inverse_num_params,subsample,48.0,-73.39708718790928,-73.37709646917838,-128.1272966672377,-73.38164652115204
7,0,inverse_num_params,subsample,49.0,-73.39708718790928,-73.37858919978402,33.29613349743813,-73.39001891523024
7,0,inverse_num_params,subsample,50.0,-73.39507411017009,-73.37858919978402,-188.53905766286877,-73.37749524322888
7,0,inverse_num_params,subsample,51.0,-73.39708718790928,-73.37893710314817,237.0707388485786,-73.40736632649651
7,0,inverse_num_params,subsample,52.0,-73.39507411017009,-73.37709646917838,-403.3819001679129,-73.36204682223449
7,0,inverse_num_params,subsample,53.0,-73.39708718790928,-73.38662087224465,-183.91095714276008,-73.38234940815188
7,0,inverse_num_params,subsample,54.0,-73.39708718790928,-73.37893710314817,264.09932761612197,-73.41204555378788
7,0,inverse_num_params,subsample,55.0,-73.39708718790928,-73.37709646917838,-126.21601333777348,-73.38028519194324
7,0,inverse_num_params,subsample,56.0,-73.38691952474419,-73.37709646917838,47.59402804211676,-73.38470045466876
7,0,inverse_num_params,subsample,57.0,-73.39507411017009,-73.37709646917838,52.020359212438954,-73.38868214014117
7,0,inverse_num_params,subsample,58.0,-73.39708718790928,-73.38520569139357,-260.44117653104064,-73.37677812979194
7,0,inverse_num_params,subsample,59.0,-73.39507411017009,-73.37709646917838,-247.46223516040158,-73.37193493023591
7,0,inverse_num_params,subsample,60.0,-73.39708718790928,-73.38662087224465,-183.9109571421441,-73.38234940815192
7,0,inverse_num_params,subsample,61.0,-73.392920826681,-73.37893710314817,124.67695435712294,-73.39458145627539
7,0,inverse_num_params,subsample,62.0,-73.38662087224465,-73.37858919978402,72.46562245972775,-73.38641711038771
7,0,inverse_num_params,subsample,63.0,-73.39708718790928,-73.38662087224465,-126.64947992804888,-73.38386403644974
7,0,inverse_num_params,subsample,64.0,-73.39708718790928,-73.37858919978402,-385.31617890617,-73.36626685660016
7,0,inverse_num_params,subsample,65.0,-73.39708718790928,-73.38520569139357,-153.5318494804886,-73.3810117007594
7,0,inverse_num_params,subsample,66.0,-73.39507411017009,-73.37858919978402,-188.53905766328822,-73.37749524322885
7,0,inverse_num_params,subsample,67.0,-73.39708718790928,-73.37858919978402,-446.10254281903013,-73.36296313975768
7,0,inverse_num_params,subsample,68.0,-73.39507411017009,-73.37709646917838,-279.4028555228276,-73.36848760449509
7,0,inverse_num_params,subsample,69.0,-73.39507411017009,-73.37858919978402,-322.3421402371397,-73.37056904636617
7,0,inverse_num_params,subsample,70.0,-73.39507411017009,-73.37709646917838,-403.38190016727503,-73.3620468222345
7,0,inverse_num_params,subsample,71.0,-73.39708718790928,-73.38520569139357,-260.44117653104064,-73.37677812979194
7,0,inverse_num_params,subsample,72.0,-73.39507411017009,-73.37709646917838,-279.4028555220876,-73.36848760449512
7,0,inverse_num_params,subsample,73.0,-73.39708718790928,-73.37709646917838,-13.021376062200844,-73.38197115748324
7,0,inverse_num_params,subsample,74.0,-73.39708718790928,-73.37893710314817,237.07073884827258,-73.40736632649647
7,0,inverse_num_params,subsample,75.0,-73.39708718790928,-73.37858919978402,32.61939251173321,-73.38743011142472
7,0,inverse_num_params,subsample,76.0,-73.39708718790928,-73.37858919978402,-256.3988541415107,-73.37606011145007
7,0,inverse_num_params,subsample,77.0,-73.39708718790928,-73.37858919978402,-446.10254281992746,-73.36296313975761
7,0,inverse_num_params,subsample,78.0,-73.39708718790928,-73.37858919978402,-408.26652602711135,-73.36413451245866
7,0,inverse_num_params,subsample,79.0,-73.392920826681,-73.37893710314817,109.34581951887837,-73.39353673951756
7,0,inverse_num_params,subsample,80.0,-73.39507411017009,-73.37893710314817,103.53102425729875,-73.39537669625449
7,0,inverse_num_params,subsample,81.0,-73.38691952474419,-73.37858919978402,44.379868891449476,-73.38539480740124
7,0,inverse_num_params,subsample,82.0,-73.39708718790928,-73.37893710314817,78.46078714646683,-73.39294509783858
7,0,inverse_num_params,subsample,83.0,-73.39507411017009,-73.37858919978402,67.30647142864225,-73.39128965610422
7,0,inverse_num_params,subsample,84.0,-73.39708718790928,-73.37709646917838,-327.28784810235777,-73.36825248448152
7,0,inverse_num_params,subsample,85.0,-73.39507411017009,-73.37858919978402,-279.9615818598112,-73.37021272480948
7,0,inverse_num_params,subsample,86.0,-73.39507411017009,-73.37893710314817,221.44812585167864,-73.4058881029064
7,0,inverse_num_params,subsample,87.0,-73.39507411017009,-73.37893710314817,70.2227127011347,-73.3919340293285
7,0,inverse_num_params,subsample,88.0,-73.39708718790928,-73.37893710314817,53.12494684359502,-73.39031048507636
7,0,inverse_num_params,subsample,89.0,-73.39708718790928,-73.37893710314817,78.4607871462833,-73.39294509783856
7,0,inverse_num_params,subsample,90.0,-73.39507411017009,-73.37858919978402,-202.20290625158444,-73.37803373214479
7,0,inverse_num_params,subsample,91.0,-73.39507411017009,-73.38520569139357,-157.5466118148749,-73.38063075859341
7,0,inverse_num_params,subsample,92.0,-73.39507411017009,-73.37858919978402,25.910781188396008,-73.38651832253461
7,0,inverse_num_params,subsample,93.0,-73.392920826681,-73.37858919978402,89.19171418869763,-73.39066402015432
7,0,inverse_num_params,subsample,94.0,-73.39507411017009,-73.37893710314817,86.40974491495047,-73.3942454134218
7,0,inverse_num_params,subsample,95.0,-73.39708718790928,-73.37709646917838,-627.6318464156719,-73.34589374564814
7,0,inverse_num_params,subsample,96.0,-73.39708718790928,-73.38662087224465,-126.64947992853453,-73.3838640364497
7,0,inverse_num_params,subsample,97.0,-73.39708718790928,-73.37858919978402,80.12385838422253,-73.39264186388345
7,0,inverse_num_params,subsample,98.0,-73.39708718790928,-73.37858919978402,-241.75732739010718,-73.37575214819641
7,0,inverse_num_params,subsample,99.0,-73.39708718790928,-73.37709646917838,-627.6318464156719,-73.34589374564814
7,1,variance,global,,-70.13285909099703,-70.07171491142057,-0.15697466375721214,-70.09206540130782
7,1,variance,subsample,0.0,-70.12023100912111,-70.07172502959017,0.2652363475558301,-70.10626368957719
7,1,variance,subsample,1.0,-70.11399238064087,-70.07171491142057,0.054758988956268,-70.09305443126985
7,1,variance,subsample,2.0,-70.13285909099703,-70.07171491142057,0.15466490651596707,-70.10039168174961
7,1,variance,subsample,3.0,-70.13285909099703,-70.07171491142057,-0.00891944561153981,-70.09572280449751
7,1,variance,subsample,4.0,-70.13285909099703,-70.07171491142057,-0.083268642146471,-70.09130994145967
7,1,variance,subsample,5.0,-70.13285909099703,-70.08192654122378,-0.060769575473209964,-70.09723599063626
7,1,variance,subsample,6.0,-70.13159570213638,-70.07283061248066,-0.23503267740114617,-70.08458565204495
7,1,variance,subsample,7.0,-70.13285909099703,-70.07283061248066,-0.08290807120342264,-70.09472060026793
7,1,variance,subsample,8.0,-70.13285909099703,-70.07172502959017,0.016128934651400924,-70.09677296369924
7,1,variance,subsample,9.0,-70.12081486716343,-70.07172502959017,-0.12781715137707192,-70.0902662050157
7,1,variance,subsample,10.0,-70.13285909099703,-70.07172502959017,-0.31662501240471924,-70.09021951582413
7,1,variance,subsample,11.0,-70.13285909099703,-70.07283061248066,-0.639561977824956,-70.08111948929904
7,1,variance,subsample,12.0,-70.13285909099703,-70.07171491142057,0.23458716089790782,-70.10299711739036
7,1,variance,subsample,13.0,-70.12081486716343,-70.07171491142057,0.06606890708331636,-70.09462837701582
7,1,variance,subsample,14.0,-70.13285909099703,-70.07171491142057,0.08729973014189497,-70.09754875602482
7,1,variance,subsample,15.0,-70.13159570213638,-70.07172502959017,-0.506536069136368,-70.07913736844935
7,1,variance,subsample,16.0,-70.12798030356439,-70.07172502959017,-0.13545227681477337,-70.09312092964839
7,1,variance,subsample,17.0,-70.13285909099703,-70.07171491142057,-0.40217897574205946,-70.08453029786548
7,1,variance,subsample,18.0,-70.13285909099703,-70.07283061248066,-0.6335708792925181,-70.07863455544386
7,1,variance,subsample,19.0,-70.13285909099703,-70.08039663453333,0.47760858271826984,-70.11246654738055
7,1,variance,subsample,20.0,-70.13285909099703,-70.07171491142057,-0.31768092508755896,-70.08861522974348
7,1,variance,subsample,21.0,-70.13285909099703,-70.07171491142057,0.2307277689460723,-70.10151342737002
7,1,variance,subsample,22.0,-70.13285909099703,-70.07171491142057,0.24255065903485096,-70.10360649706104
7,1,variance,subsample,23.0,-70.13285909099703,-70.07171491142057,-0.4196549957372228,-70.08336493184822
7,1,variance,subsample,24.0,-70.13285909099703,-70.07283061248066,-0.46831613116597715,-70.08078505392854
7,1,variance,subsample,25.0,-70.13285909099703,-70.07171491142057,-0.0027477775496422777,-70.09398507880513
7,1,variance,subsample,26.0,-70.12798030356439,-70.07171491142057,0.09546321155892461,-70.10045734678289
7,1,variance,subsample,27.0,-70.13285909099703,-70.07552786318027,-0.25480584204838036,-70.0904654394175
7,1,variance,subsample,28.0,-70.13285909099703,-70.0814707691028,0.032575325760705535,-70.09969097669638
7,1,variance,subsample,29.0,-70.13285909099703,-70.07171491142057,0.09574611886170983,-70.10247111350921
7,1,variance,subsample,30.0,-70.13159570213638,-70.07172502959017,-0.30422258984190503,-70.08651761170675
7,1,variance,subsample,31.0,-70.13285909099703,-70.07172502959017,0.03108089739820088,-70.10153729838275
7,1,variance,subsample,32.0,-70.13285909099703,-70.07171491142057,-0.2761545091823272,-70.09270335204994
7,1,variance,subsample,33.0,-70.13285909099703,-70.07283061248066,-0.44902946376739317,-70.08386825872743
7,1,variance,subsample,34.0,-70.13285909099703,-70.07172502959017,-0.21033841506478454,-70.08811040612157
7,1,variance,subsample,35.0,-70.13285909099703,-70.07552786318027,-0.45550899652148674,-70.0848260679849
7,1,variance,subsample,36.0,-70.12798030356439,-70.07283061248066,-0.5243432918501703,-70.07950713782091
7,1,variance,subsample,37.0,-70.13159570213638,-70.07171491142057,-0.0016494576382995443,-70.09243247209882
7,1,variance,subsample,38.0,-70.13159570213638,-70.07172502959017,-0.317901238460954,-70.08458718045297
7,1,variance,subsample,39.0,-70.13285909099703,-70.07171491142057,0.19989390646411498,-70.10519820091052
7,1,variance,subsample,40.0,-70.13285909099703,-70.07283061248066,-0.28332432965299037,-70.09074244728541
7,1,variance,subsample,41.0,-70.13159570213638,-70.07171491142057,-0.09705946001577466,-70.09140506552717
7,1,variance,subsample,42.0,-70.13159570213638,-70.07171491142057,-0.32559895846928705,-70.08559947226769
7,1,variance,subsample,43.0,-70.13285909099703,-70.07283061248066,-0.16153590706475515,-70.09405610518961
7,1,variance,subsample,44.0,-70.12081486716343,-70.07171491142057,-0.01619018755103961,-70.09567965568286
7,1,variance,subsample,45.0,-70.12081486716343,-70.07552786318027,-0.1341452190208188,-70.09268967182166
7,1,variance,subsample,46.0,-70.12798030356439,-70.07171491142057,-0.34575098921042524,-70.08263798520375
7,1,variance,subsample,47.0,-70.13159570213638,-70.07171491142057,-0.3611422269228792,-70.08413143698775
7,1,variance,subsample,48.0,-70.13285909099703,-70.07172502959017,-0.2637411008562958,-70.08816422686466
7,1,variance,subsample,49.0,-70.13285909099703,-70.07283061248066,-0.2967539284475104,-70.08638825006628
7,1,variance,subsample,50.0,-70.13285909099703,-70.07171491142057,0.01899161828989772,-70.09831434813451
7,1,variance,subsample,51.0,-70.13159570213638,-70.07172502959017,-0.3891558872779721,-70.08455756441421
7,1,variance,subsample,52.0,-70.13285909099703,-70.07171491142057,-0.06436650578951447,-70.09710738855131
7,1,variance,subsample,53.0,-70.12798030356439,-70.07552786318027,-0.34924837183506663,-70.085305058558
7,1,variance,subsample,54.0,-70.12798030356439,-70.07172502959017,-0.24799678522042068,-70.08938988230213
7,1,variance,subsample,55.0,-70.12798030356439,-70.07172502959017,-0.46867790246525676,-70.08384642915533
7,1,variance,subsample,56.0,-70.13285909099703,-70.07171491142057,0.07196963517875661,-70.10050413306739
7,1,variance,subsample,57.0,-70.13159570213638,-70.07171491142057,-0.2817486234000073,-70.08815831346872
7,1,variance,subsample,58.0,-70.13285909099703,-70.07171491142057,0.13514719051775226,-70.10285908080097
7,1,variance,subsample,59.0,-70.12798030356439,-70.07171491142057,-0.12593561270977335,-70.08964672093757
7,1,variance,subsample,60.0,-70.13159570213638,-70.07171491142057,-0.3154531172605415,-70.08449402730048
7,1,variance,subsample,61.0,-70.13285909099703,-70.07171491142057,-0.09474200744392056,-70.09910220887778
7,1,variance,subsample,62.0,-70.13285909099703,-70.07552786318027,-0.6030499537258264,-70.08202281214905
7,1,variance,subsample,63.0,-70.13159570213638,-70.07172502959017,-0.44809979782860054,-70.0818328945731
7,1,variance,subsample,64.0,-70.13285909099703,-70.07172502959017,0.0595656262115131,-70.09839696965574
7,1,variance,subsample,65.0,-70.13159570213638,-70.07552786318027,-0.668383694045814,-70.07610568559265
7,1,variance,subsample,66.0,-70.13285909099703,-70.07172502959017,0.09188793708839416,-70.10205938335365
7,1,variance,subsample,67.0,-70.12798030356439,-70.07171491142057,0.0035865425322765734,-70.09782683373192
7,1,variance,subsample,68.0,-70.13285909099703,-70.07171491142057,-0.3850773938656113,-70.08790893223173
7,1,variance,subsample,69.0,-70.13285909099703,-70.07171491142057,0.3155082215152055,-70.1039314619313
7,1,variance,subsample,70.0,-70.13159570213638,-70.07171491142057,-0.23295122826019063,-70.09037401680533
7,1,variance,subsample,71.0,-70.13159570213638,-70.07171491142057,-0.5274357514895409,-70.07642614981393
7,1,variance,subsample,72.0,-70.13159570213638,-70.07171491142057,-0.1375226945772812,-70.0922412950643
7,1,variance,subsample,73.0,-70.13159570213638,-70.07283061248066,-0.3757534767496167,-70.08458255683847
7,1,variance,subsample,74.0,-70.13285909099703,-70.07171491142057,0.15957412097974336,-70.09988601703516
7,1,variance,subsample,75.0,-70.13159570213638,-70.07283061248066,-0.9343155044224367,-70.06952823641541
7,1,variance,subsample,76.0,-70.13285909099703,-70.07171491142057,-0.4763134404463193,-70.08158350408833
7,1,variance,subsample,77.0,-70.13159570213638,-70.07172502959017,-0.523520041157109,-70.0802886554738
7,1,variance,subsample,78.0,-70.13159570213638,-70.07172502959017,-0.1724978512662964,-70.09270416334742
7,1,variance,subsample,79.0,-70.13285909099703,-70.07171491142057,-0.38377585486086674,-70.08621537485446
7,1,variance,subsample,80.0,-70.12023100912111,-70.07552786318027,-0.037817192381941374,-70.09537347114072
7,1,variance,subsample,81.0,-70.13285909099703,-70.07171491142057,0.03197171229561667,-70.09709078804792
7,1,variance,subsample,82.0,-70.13285909099703,-70.07171491142057,0.018608541291262687,-70.10190479148454
7,1,variance,subsample,83.0,-70.13285909099703,-70.07172502959017,-0.12482478691048349,-70.09784599676279
7,1,variance,subsample,84.0,-70.12798030356439,-70.07171491142057,-0.27335615764331705,-70.08506402760301
7,1,variance,subsample,85.0,-70.13285909099703,-70.07171491142057,0.39148570520179615,-70.10978928872623
7,1,variance,subsample,86.0,-70.13159570213638,-70.07171491142057,-0.4781004585829827,-70.08351177217106
7,1,variance,subsample,87.0,-70.12798030356439,-70.07171491142057,0.3439715033536973,-70.10741173504604
7,1,variance,subsample,88.0,-70.13285909099703,-70.07552786318027,-0.33168198560051104,-70.08693144631607
7,1,variance,subsample,89.0,-70.13285909099703,-70.07172502959017,-0.2877993236962468,-70.08952728328022
7,1,variance,subsample,90.0,-70.13159570213638,-70.07172502959017,0.03419082330258317,-70.09582953489681
7,1,variance,subsample,91.0,-70.13285909099703,-70.07172502959017,-0.22707295205389397,-70.0911007327868
7,1,variance,subsample,92.0,-70.12798030356439,-70.07171491142057,-0.044262475184542516,-70.0899213301524
7,1,variance,subsample,93.0,-70.13285909099703,-70.07171491142057,0.18161394630915245,-70.10173762444676
7,1,variance,subsample,94.0,-70.13159570213638,-70.07171491142057,-0.23262778962317257,-70.09020413977913
7,1,variance,subsample,95.0,-70.13285909099703,-70.07171491142057,-0.04289891365294054,-70.09676453890594
7,1,variance,subsample,96.0,-70.13159570213638,-70.07552786318027,-0.5422439874633677,-70.08156132152604
7,1,variance,subsample,97.0,-70.13285909099703,-70.07171491142057,-0.27585001328587017,-70.08993658863392
7,1,variance,subsample,98.0,-70.13159570213638,-70.07171491142057,-0.4527912036975443,-70.08227550766786
7,1,variance,subsample,99.0,-70.13159570213638,-70.07283061248066,-0.6388386442784164,-70.08035747960645
7,1,inverse_num_params,global,,-70.13285909099703,-70.07171491142057,131.5897092669251,-70.10576513161362
7,1,inverse_num_params,subsample,0.0,-70.13285909099703,-70.07171491142057,330.4116006082135,-70.121212273704
7,1,inverse_num_params,subsample,1.0,-70.13159570213638,-70.07172502959017,-168.4504001882476,-70.0864392435139
7,1,inverse_num_params,subsample,2.0,-70.13159570213638,-70.07171491142057,103.77849878139804,-70.10107093417693
7,1,inverse_num_params,subsample,3.0,-70.13159570213638,-70.07172502959017,69.99221605558724,-70.1010340999332
7,1,inverse_num_params,subsample,4.0,-70.13159570213638,-70.07171491142057,196.6596025496212,-70.11413828128886
7,1,inverse_num_params,subsample,5.0,-70.12798030356439,-70.07171491142057,68.85478462466573,-70.10165059991793
7,1,inverse_num_params,subsample,6.0,-70.13285909099703,-70.07172502959017,141.96328018651434,-70.10711187921231
7,1,inverse_num_params,subsample,7.0,-70.12798030356439,-70.07171491142057,132.1956817744259,-70.10240603618618
7,1,inverse_num_params,subsample,8.0,-70.13159570213638,-70.07171491142057,-3.8938444452041003,-70.09325549846805
7,1,inverse_num_params,subsample,9.0,-70.13285909099703,-70.07171491142057,170.34311360029446,-70.11061133191166
7,1,inverse_num_params,subsample,10.0,-70.13285909099703,-70.07172502959017,161.41321905308718,-70.10681621266785
7,1,inverse_num_params,subsample,11.0,-70.13159570213638,-70.07171491142057,333.89802536080765,-70.12185245548052
7,1,inverse_num_params,subsample,12.0,-70.12798030356439,-70.07171491142057,147.9786995410282,-70.10422977144721
7,1,inverse_num_params,subsample,13.0,-70.11615605942548,-70.07172502959017,156.21925099230552,-70.10424843805097
7,1,inverse_num_params,subsample,14.0,-70.13159570213638,-70.07283061248066,-63.08562917249312,-70.0982448137078
7,1,inverse_num_params,subsample,15.0,-70.13285909099703,-70.08039663453333,83.46252277718479,-70.10769865987822
7,1,inverse_num_params,subsample,16.0,-70.13285909099703,-70.07172502959017,102.97929823399069,-70.1064260974942
7,1,inverse_num_params,subsample,17.0,-70.13285909099703,-70.07171491142057,137.41380398743743,-70.1035196151035
7,1,inverse_num_params,subsample,18.0,-70.13159570213638,-70.07552786318027,73.70973494137291,-70.10492503181321
7,1,inverse_num_params,subsample,19.0,-70.13285909099703,-70.07172502959017,22.44872446292638,-70.10236416246775
7,1,inverse_num_params,subsample,20.0,-70.12023100912111,-70.07171491142057,96.5236136950151,-70.10294368673921
7,1,inverse_num_params,subsample,21.0,-70.12798030356439,-70.07171491142057,222.69696379010992,-70.11097447636529
7,1,inverse_num_params,subsample,22.0,-70.13285909099703,-70.07552786318027,331.93298100411863,-70.11861448851697
7,1,inverse_num_params,subsample,23.0,-70.12081486716343,-70.07171491142057,94.16676719159257,-70.1000245848884
7,1,inverse_num_params,subsample,24.0,-70.12798030356439,-70.07171491142057,165.6592675675028,-70.10782254893381
7,1,inverse_num_params,subsample,25.0,-70.12023100912111,-70.07172502959017,32.04990227802234,-70.09916253572271
7,1,inverse_num_params,subsample,26.0,-70.13159570213638,-70.07552786318027,86.50193690498403,-70.10644695630111
7,1,inverse_num_params,subsample,27.0,-70.13285909099703,-70.07171491142057,233.4010861406947,-70.11276993903508
7,1,inverse_num_params,subsample,28.0,-70.12023100912111,-70.07171491142057,16.459727597234842,-70.09107048508083
7,1,inverse_num_params,subsample,29.0,-70.13159570213638,-70.07171491142057,297.3655443037235,-70.11736968196382
7,1,inverse_num_params,subsample,30.0,-70.12023100912111,-70.07171491142057,43.92024271755402,-70.09900655524392
7,1,inverse_num_params,subsample,31.0,-70.13285909099703,-70.07172502959017,-32.28837704961342,-70.09382423115962
7,1,inverse_num_params,subsample,32.0,-70.13285909099703,-70.07171491142057,65.91180271224235,-70.10441531612533
7,1,inverse_num_params,subsample,33.0,-70.13285909099703,-70.07171491142057,200.34803704585707,-70.10996992601417
7,1,inverse_num_params,subsample,34.0,-70.12081486716343,-70.07171491142057,155.8906630667278,-70.10473276499819
7,1,inverse_num_params,subsample,35.0,-70.13285909099703,-70.07171491142057,233.15767338892795,-70.11216612088411
7,1,inverse_num_params,subsample,36.0,-70.13159570213638,-70.07171491142057,175.57260568543467,-70.10873134936912
7,1,inverse_num_params,subsample,37.0,-70.13285909099703,-70.07171491142057,278.48216191906096,-70.11705376094991
7,1,inverse_num_params,subsample,38.0,-70.13285909099703,-70.07171491142057,161.16517771284776,-70.10384641480431
7,1,inverse_num_params,subsample,39.0,-70.13159570213638,-70.07171491142057,192.27720296303394,-70.1079848019808
7,1,inverse_num_params,subsample,40.0,-70.13285909099703,-70.07172502959017,171.64366210131908,-70.10719235699622
7,1,inverse_num_params,subsample,41.0,-70.13285909099703,-70.07172502959017,119.89551905129998,-70.10434428362093
7,1,inverse_num_params,subsample,42.0,-70.11615605942548,-70.07171491142057,176.1063169931513,-70.10647320713754
7,1,inverse_num_params,subsample,43.0,-70.13159570213638,-70.07283061248066,102.11820723558364,-70.10291027748846
7,1,inverse_num_params,subsample,44.0,-70.13285909099703,-70.07172502959017,72.48574623752347,-70.10434051729302
7,1,inverse_num_params,subsample,45.0,-70.13285909099703,-70.07552786318027,105.87472668728645,-70.10694460112788
7,1,inverse_num_params,subsample,46.0,-70.13285909099703,-70.07552786318027,275.329696466086,-70.12036483001313
7,1,inverse_num_params,subsample,47.0,-70.13285909099703,-70.07171491142057,166.1447464408023,-70.10440176237954
7,1,inverse_num_params,subsample,48.0,-70.13159570213638,-70.07283061248066,124.5200908515394,-70.10402693532153
7,1,inverse_num_params,subsample,49.0,-70.13285909099703,-70.0814707691028,101.7962777256731,-70.10618600645853
7,1,inverse_num_params,subsample,50.0,-70.13285909099703,-70.07283061248066,149.07024354467094,-70.1087403949535
7,1,inverse_num_params,subsample,51.0,-70.13159570213638,-70.07283061248066,184.19368734373865,-70.11085002592095
7,1,inverse_num_params,subsample,52.0,-70.13285909099703,-70.07171491142057,227.89130050358636,-70.11379510974172
7,1,inverse_num_params,subsample,53.0,-70.13285909099703,-70.07172502959017,15.33357581007411,-70.10029047954934
7,1,inverse_num_params,subsample,54.0,-70.13285909099703,-70.07552786318027,214.61040303110647,-70.11640482135209
7,1,inverse_num_params,subsample,55.0,-70.12081486716343,-70.07171491142057,95.3367983515922,-70.10141697809149
7,1,inverse_num_params,subsample,56.0,-70.13159570213638,-70.07171491142057,251.8518170243129,-70.11502434571378
7,1,inverse_num_params,subsample,57.0,-70.13285909099703,-70.07171491142057,251.16925193892914,-70.11521057211439
7,1,inverse_num_params,subsample,58.0,-70.13159570213638,-70.07552786318027,211.4564441001853,-70.10930157763185
7,1,inverse_num_params,subsample,59.0,-70.12081486716343,-70.07171491142057,192.57907350744304,-70.10658340213826
7,1,inverse_num_params,subsample,60.0,-70.12023100912111,-70.07172502959017,35.34329051043822,-70.09713875081538
7,1,inverse_num_params,subsample,61.0,-70.13285909099703,-70.07171491142057,198.268165615806,-70.10855685045783
7,1,inverse_num_params,subsample,62.0,-70.12798030356439,-70.07171491142057,230.94184148545307,-70.11157383449991
7,1,inverse_num_params,subsample,63.0,-70.13285909099703,-70.07171491142057,222.1807403037475,-70.11188194504047
7,1,inverse_num_params,subsample,64.0,-70.13285909099703,-70.07171491142057,160.723312220672,-70.10589902742817
7,1,inverse_num_params,subsample,65.0,-70.13285909099703,-70.0814707691028,140.50986550203686,-70.11072039191535
7,1,inverse_num_params,subsample,66.0,-70.13159570213638,-70.07171491142057,147.29106609034798,-70.10813207635049
7,1,inverse_num_params,subsample,67.0,-70.13285909099703,-70.07171491142057,243.80070739101248,-70.10973906921636
7,1,inverse_num_params,subsample,68.0,-70.13285909099703,-70.07172502959017,69.64704841137585,-70.09906932426247
7,1,inverse_num_params,subsample,69.0,-70.12798030356439,-70.07171491142057,79.98399415824923,-70.10368044038351
7,1,inverse_num_params,subsample,70.0,-70.13285909099703,-70.07171491142057,163.57606784746145,-70.10749510049314
7,1,inverse_num_params,subsample,71.0,-70.13285909099703,-70.07171491142057,343.53367999791874,-70.12322497137907
7,1,inverse_num_params,subsample,72.0,-70.13159570213638,-70.07171491142057,207.88023603008864,-70.10785946608438
7,1,inverse_num_params,subsample,73.0,-70.12798030356439,-70.07172502959017,125.44786115021489,-70.10422209059679
7,1,inverse_num_params,subsample,74.0,-70.13159570213638,-70.07283061248066,124.3888522575089,-70.10616892119866
7,1,inverse_num_params,subsample,75.0,-70.12081486716343,-70.07171491142057,186.0915585622361,-70.10813617769331
7,1,inverse_num_params,subsample,76.0,-70.13285909099703,-70.07171491142057,145.00456835483757,-70.10934587410286
7,1,inverse_num_params,subsample,77.0,-70.13285909099703,-70.07171491142057,236.918319644375,-70.11199132746833
7,1,inverse_num_params,subsample,78.0,-70.13285909099703,-70.07171491142057,168.29065632061895,-70.10136498383288
7,1,inverse_num_params,subsample,79.0,-70.13285909099703,-70.07171491142057,126.37862236329694,-70.1089490639907
7,1,inverse_num_params,subsample,80.0,-70.13159570213638,-70.07283061248066,205.6533542573672,-70.11129876985422
7,1,inverse_num_params,subsample,81.0,-70.12798030356439,-70.07283061248066,55.40373571726694,-70.10035872888602
7,1,inverse_num_params,subsample,82.0,-70.13285909099703,-70.07172502959017,95.11771034095564,-70.10561427203375
7,1,inverse_num_params,subsample,83.0,-70.13159570213638,-70.07171491142057,127.60410325611224,-70.10606737243951
7,1,inverse_num_params,subsample,84.0,-70.13285909099703,-70.07171491142057,204.96487648539406,-70.10992461864178
7,1,inverse_num_params,subsample,85.0,-70.12798030356439,-70.07171491142057,309.48149266392437,-70.12046878950306
7,1,inverse_num_params,subsample,86.0,-70.12023100912111,-70.07172502959017,63.02233178994225,-70.09948796124057
7,1,inverse_num_params,subsample,87.0,-70.13285909099703,-70.07171491142057,124.10617301927759,-70.10283023839422
7,1,inverse_num_params,subsample,88.0,-70.13159570213638,-70.07171491142057,109.43834310406156,-70.10500637531165
7,1,inverse_num_params,subsample,89.0,-70.13159570213638,-70.07171491142057,137.02283321967744,-70.1062798031078
7,1,inverse_num_params,subsample,90.0,-70.13285909099703,-70.07171491142057,217.84969823472832,-70.11567978086636
7,1,inverse_num_params,subsample,91.0,-70.13159570213638,-70.07171491142057,179.16291181307437,-70.10885057256955
7,1,inverse_num_params,subsample,92.0,-70.13159570213638,-70.07171491142057,5.408806852131557,-70.09576234815772
7,1,inverse_num_params,subsample,93.0,-70.13285909099703,-70.07283061248066,74.36051073114541,-70.10375437006601
7,1,inverse_num_params,subsample,94.0,-70.13159570213638,-70.07172502959017,37.07773390846479,-70.0984802093906
7,1,inverse_num_params,subsample,95.0,-70.13159570213638,-70.07172502959017,-15.706334304736828,-70.0931637776146
7,1,inverse_num_params,subsample,96.0,-70.12023100912111,-70.07171491142057,77.92168890395948,-70.10055031419992
7,1,inverse_num_params,subsample,97.0,-70.12081486716343,-70.07172502959017,-30.201887762408898,-70.09394653091323
7,1,inverse_num_params,subsample,98.0,-70.12798030356439,-70.08039663453333,-42.354511557636116,-70.09456007132421
7,1,inverse_num_params,subsample,99.0,-70.12798030356439,-70.07172502959017,206.66105606663365,-70.1127414415778
8,0,variance,global,,-72.47317494131211,-72.42931367809976,0.1956136709769837,-72.45705735671974
8,0,variance,subsample,0.0,-72.47183262300148,-72.42931367809976,0.33045232515773315,-72.46139771948525
8,0,variance,subsample,1.0,-72.47183262300148,-72.43775756128397,0.008208614534642207,-72.45319471166829
8,0,variance,subsample,2.0,-72.47183262300148,-72.42931367809976,0.19704654726983625,-72.45596561901402
8,0,variance,subsample,3.0,-72.47183262300148,-72.42931367809976,0.36522016108051086,-72.4632870157183
8,0,variance,subsample,4.0,-72.46505440211206,-72.42931367809976,0.21105988695368058,-72.45535386758266
8,0,variance,subsample,5.0,-72.47317494131211,-72.44085339500279,0.17647539764053288,-72.45849163204018
8,0,variance,subsample,6.0,-72.47317494131211,-72.42931367809976,0.26518466726960804,-72.45905890640444
8,0,variance,subsample,7.0,-72.47183262300148,-72.42931367809976,0.09584910848582599,-72.45337454451946
8,0,variance,subsample,8.0,-72.47317494131211,-72.42931367809976,0.2669670235218566,-72.45791783101194
8,0,variance,subsample,9.0,-72.47317494131211,-72.43952506961394,-0.003505170534005956,-72.4537527342119
8,0,variance,subsample,10.0,-72.47317494131211,-72.42931367809976,0.5077110651646158,-72.46776775577243
8,0,variance,subsample,11.0,-72.46505440211206,-72.43952506961394,0.13008536566596107,-72.45558824171967
8,0,variance,subsample,12.0,-72.47317494131211,-72.42931367809976,0.22670794649427845,-72.45677747618532
8,0,variance,subsample,13.0,-72.46043126251385,-72.44085339500279,0.24796328008304896,-72.45904786069087
8,0,variance,subsample,14.0,-72.46796624486512,-72.42931367809976,0.31878875946933083,-72.45907567096377
8,0,variance,subsample,15.0,-72.47317494131211,-72.43775756128397,0.13679875832532834,-72.45780027484007
8,0,variance,subsample,16.0,-72.47183262300148,-72.42931367809976,0.30233653747312944,-72.45934991281356
8,0,variance,subsample,17.0,-72.47183262300148,-72.43775756128397,0.01871135111334477,-72.45197679380452
8,0,variance,subsample,18.0,-72.46481721129018,-72.43952506961394,-0.07391423709551169,-72.44850262887797
8,0,variance,subsample,19.0,-72.46796624486512,-72.42931367809976,0.26941864240708724,-72.45935635093291
8,0,variance,subsample,20.0,-72.47317494131211,-72.42931367809976,0.23770368105178585,-72.4584774554327
8,0,variance,subsample,21.0,-72.47183262300148,-72.43952506961394,-0.10182388562715128,-72.45036387300811
8,0,variance,subsample,22.0,-72.47183262300148,-72.43952506961394,0.0068619914423389055,-72.45337263119458
8,0,variance,subsample,23.0,-72.47183262300148,-72.43952506961394,-0.1684845221896643,-72.45011403229854
8,0,variance,subsample,24.0,-72.46796624486512,-72.42931367809976,0.07700865477860504,-72.45137233440389
8,0,variance,subsample,25.0,-72.46796624486512,-72.42931367809976,0.14034951385674863,-72.45426086183964
8,0,variance,subsample,26.0,-72.47317494131211,-72.43958134664098,0.20174971528564095,-72.4571364084852
8,0,variance,subsample,27.0,-72.47317494131211,-72.43775756128397,0.19397095304103326,-72.45831697913722
8,0,variance,subsample,28.0,-72.47317494131211,-72.42931367809976,0.3419031391649883,-72.46348088980778
8,0,variance,subsample,29.0,-72.47317494131211,-72.43775756128397,0.15388148154219108,-72.45645232473082
8,0,variance,subsample,30.0,-72.47317494131211,-72.43775756128397,0.3102520661003002,-72.46346997138633
8,0,variance,subsample,31.0,-72.47317494131211,-72.44085339500279,0.20083644551462218,-72.45781292984074
8,0,variance,subsample,32.0,-72.47317494131211,-72.43775756128397,0.21278125139063322,-72.45820346404952
8,0,variance,subsample,33.0,-72.47183262300148,-72.43775756128397,0.12243921461665964,-72.45449022744863
8,0,variance,subsample,34.0,-72.47317494131211,-72.42931367809976,0.2698105896438655,-72.4574260749353
8,0,variance,subsample,35.0,-72.47317494131211,-72.43775756128397,0.3538626004549344,-72.46337357364085
8,0,variance,subsample,36.0,-72.47317494131211,-72.42931367809976,0.32638483898991033,-72.46050709238794
8,0,variance,subsample,37.0,-72.47317494131211,-72.42931367809976,0.4398872349131884,-72.46551831473924
8,0,variance,subsample,38.0,-72.47183262300148,-72.43958134664098,0.12051385095557854,-72.45515854181254
8,0,variance,subsample,39.0,-72.47317494131211,-72.42931367809976,0.3845767588887972,-72.46476263618051
8,0,variance,subsample,40.0,-72.47317494131211,-72.44200540387435,0.24523462318931316,-72.46127136160523
8,0,variance,subsample,41.0,-72.47317494131211,-72.43775756128397,0.12882658529663973,-72.45811228553211
8,0,variance,subsample,42.0,-72.46505440211206,-72.43952506961394,0.1560593754160068,-72.4536657329956
8,0,variance,subsample,43.0,-72.47317494131211,-72.42931367809976,0.2855240174876066,-72.45842203142328
8,0,variance,subsample,44.0,-72.47317494131211,-72.43775756128397,-0.07071505478416988,-72.45402323001947
8,0,variance,subsample,45.0,-72.46505440211206,-72.43775756128397,0.2033913332800011,-72.45408529818732
8,0,variance,subsample,46.0,-72.47317494131211,-72.42931367809976,0.3010635830921589,-72.4590773594317
8,0,variance,subsample,47.0,-72.46796624486512,-72.42931367809976,0.18413503848793922,-72.45536917735397
8,0,variance,subsample,48.0,-72.46796624486512,-72.43775756128397,-0.0576720379478664,-72.44993025177507
8,0,variance,subsample,49.0,-72.47317494131211,-72.43952506961394,0.1764010828646148,-72.45997307381388
8,0,variance,subsample,50.0,-72.47183262300148,-72.43775756128397,-0.06355999057206799,-72.44937486900155
8,0,variance,subsample,51.0,-72.47183262300148,-72.43775756128397,0.06832317682021459,-72.45330931391571
8,0,variance,subsample,52.0,-72.47183262300148,-72.43952506961394,-0.003828999068900142,-72.45411005056924
8,0,variance,subsample,53.0,-72.47317494131211,-72.43958134664098,0.3138817655835418,-72.45975377099418
8,0,variance,subsample,54.0,-72.46043126251385,-72.43775756128397,0.06315883687414738,-72.45243651817879
8,0,variance,subsample,55.0,-72.47183262300148,-72.43775756128397,-0.049833816657809824,-72.44949452685078
8,0,variance,subsample,56.0,-72.47317494131211,-72.43775756128397,0.06910474778033723,-72.45182701536282
8,0,variance,subsample,57.0,-72.47183262300148,-72.42931367809976,0.10099238685212149,-72.45650300547966
8,0,variance,subsample,58.0,-72.47317494131211,-72.43775756128397,0.18663329632268097,-72.45691063428865
8,0,variance,subsample,59.0,-72.47183262300148,-72.42931367809976,0.3458874257868827,-72.4615794335981
8,0,variance,subsample,60.0,-72.47183262300148,-72.43952506961394,-0.027077863781895677,-72.45026886469198
8,0,variance,subsample,61.0,-72.47317494131211,-72.42931367809976,0.37536164596473,-72.46074966316884
8,0,variance,subsample,62.0,-72.46505440211206,-72.42931367809976,0.3139718989091788,-72.45783343747253
8,0,variance,subsample,63.0,-72.47317494131211,-72.42931367809976,0.2608786519366455,-72.45900333715458
8,0,variance,subsample,64.0,-72.46796624486512,-72.43952506961394,0.18671951943353174,-72.45628907259709
8,0,variance,subsample,65.0,-72.46505440211206,-72.44085339500279,0.29899446380683675,-72.46050674476807
8,0,variance,subsample,66.0,-72.47183262300148,-72.43958134664098,0.0891486199488006,-72.45501423994311
8,0,variance,subsample,67.0,-72.46796624486512,-72.43952506961394,0.07024000672802319,-72.45341358452359
8,0,variance,subsample,68.0,-72.47317494131211,-72.43775756128397,0.1509059692811788,-72.45609076172637
8,0,variance,subsample,69.0,-72.47317494131211,-72.42931367809976,0.2690476740462897,-72.45783175531939
8,0,variance,subsample,70.0,-72.47317494131211,-72.43775756128397,0.19181825930364857,-72.45925858053424
8,0,variance,subsample,71.0,-72.47183262300148,-72.43775756128397,0.1470428186227794,-72.45728089386385
8,0,variance,subsample,72.0,-72.47317494131211,-72.43952506961394,0.28097782063723625,-72.46163314935824
8,0,variance,subsample,73.0,-72.47317494131211,-72.43775756128397,0.27435065721792545,-72.45947758612074
8,0,variance,subsample,74.0,-72.47183262300148,-72.43958134664098,0.07601064770985753,-72.45529766994063
8,0,variance,subsample,75.0,-72.47317494131211,-72.42931367809976,0.22546759484927542,-72.45977707356298
8,0,variance,subsample,76.0,-72.47317494131211,-72.42931367809976,0.39509969528620253,-72.46211889759434
8,0,variance,subsample,77.0,-72.46481721129018,-72.42931367809976,0.2416546269605051,-72.45464798790111
8,0,variance,subsample,78.0,-72.47183262300148,-72.43775756128397,0.3611269681023315,-72.46551373671892
8,0,variance,subsample,79.0,-72.47317494131211,-72.43952506961394,0.09976721781262356,-72.45658484957181
8,0,variance,subsample,80.0,-72.47317494131211,-72.42931367809976,0.18524439789393188,-72.45619044153243
8,0,variance,subsample,81.0,-72.47317494131211,-72.42931367809976,0.24171446428314536,-72.45841548683973
8,0,variance,subsample,82.0,-72.46505440211206,-72.43775756128397,0.18702831764500644,-72.4559989647119
8,0,variance,subsample,83.0,-72.47317494131211,-72.42931367809976,0.36523934915901113,-72.45979010322719
8,0,variance,subsample,84.0,-72.47183262300148,-72.43958134664098,0.15645362861935064,-72.45806126993116
8,0,variance,subsample,85.0,-72.47317494131211,-72.43775756128397,0.42874240636466776,-72.4619370700349
8,0,variance,subsample,86.0,-72.47183262300148,-72.43775756128397,0.19793499912032167,-72.45965839103374
8,0,variance,subsample,87.0,-72.47183262300148,-72.43958134664098,-0.14574490425598446,-72.44922646236537
8,0,variance,subsample,88.0,-72.47183262300148,-72.42931367809976,0.18323709902158444,-72.45844577113624
8,0,variance,subsample,89.0,-72.47317494131211,-72.43952506961394,0.17876575086615604,-72.4580521776876
8,0,variance,subsample,90.0,-72.47183262300148,-72.42931367809976,0.5551236228145529,-72.4683607376759
8,0,variance,subsample,91.0,-72.47183262300148,-72.43775756128397,0.141581077730888,-72.45734325822768
8,0,variance,subsample,92.0,-72.47317494131211,-72.43952506961394,0.013956394714648126,-72.45425454322537
8,0,variance,subsample,93.0,-72.47317494131211,-72.42931367809976,0.278564804116289,-72.45808257641887
8,0,variance,subsample,94.0,-72.47317494131211,-72.43952506961394,0.19660575950176656,-72.4563929831404
8,0,variance,subsample,95.0,-72.47183262300148,-72.42931367809976,-0.05516818391030998,-72.44996860820959
8,0,variance,subsample,96.0,-72.46481721129018,-72.43775756128397,0.07764106931677485,-72.4527029576169
8,0,variance,subsample,97.0,-72.47317494131211,-72.44200540387435,0.2764053966384385,-72.46157603876938
8,0,variance,subsample,98.0,-72.46796624486512,-72.43775756128397,0.4090191134537679,-72.46185510292004
8,0,variance,subsample,99.0,-72.47317494131211,-72.43775756128397,0.28771240351243343,-72.46334223678195
8,0,inverse_num_params,global,,-72.47317494131211,-72.42931367809976,-159.8202670628696,-72.44217120749296
8,0,inverse_num_params,subsample,0.0,-72.46796624486512,-72.43775756128397,-146.43527129161174,-72.44295684977165
8,0,inverse_num_params,subsample,1.0,-72.47317494131211,-72.43775756128397,-197.5083168027323,-72.44049313058404
8,0,inverse_num_params,subsample,2.0,-72.47183262300148,-72.43952506961394,-84.78605830432386,-72.44494595153952
8,0,inverse_num_params,subsample,3.0,-72.47183262300148,-72.43952506961394,-142.35177833347686,-72.44441189797232
8,0,inverse_num_params,subsample,4.0,-72.47317494131211,-72.44275747479759,-118.51345167644762,-72.44740403639837
8,0,inverse_num_params,subsample,5.0,-72.47183262300148,-72.42931367809976,-197.83970889567456,-72.43780379701613
8,0,inverse_num_params,subsample,6.0,-72.47183262300148,-72.43775756128397,-171.22243449401748,-72.44188094991156
8,0,inverse_num_params,subsample,7.0,-72.46043126251385,-72.43775756128397,-46.6808666025316,-72.44651096346034
8,0,inverse_num_params,subsample,8.0,-72.47317494131211,-72.42931367809976,-204.64077125042857,-72.43659049995986
8,0,inverse_num_params,subsample,9.0,-72.47183262300148,-72.42931367809976,-152.68630647202102,-72.44215616471034
8,0,inverse_num_params,subsample,10.0,-72.47183262300148,-72.42931367809976,-194.6763335362274,-72.43830844154172
8,0,inverse_num_params,subsample,11.0,-72.47317494131211,-72.43952506961394,-126.8454349058085,-72.44401502331769
8,0,inverse_num_params,subsample,12.0,-72.47317494131211,-72.42931367809976,-133.6483185523792,-72.44409416640947
8,0,inverse_num_params,subsample,13.0,-72.47317494131211,-72.43775756128397,-180.15155606653414,-72.44130647182013
8,0,inverse_num_params,subsample,14.0,-72.47317494131211,-72.42931367809976,-89.1189951101501,-72.44645080387428
8,0,inverse_num_params,subsample,15.0,-72.47317494131211,-72.43775756128397,-157.20403330650322,-72.44374038529774
8,0,inverse_num_params,subsample,16.0,-72.47183262300148,-72.43952506961394,-169.31686134867,-72.44140743176243
8,0,inverse_num_params,subsample,17.0,-72.47183262300148,-72.43952506961394,-119.48529639460763,-72.44635456461513
8,0,inverse_num_params,subsample,18.0,-72.47183262300148,-72.42931367809976,-198.6842655502292,-72.44226956743967
8,0,inverse_num_params,subsample,19.0,-72.46796624486512,-72.42931367809976,-146.6139950223306,-72.44362726981299
8,0,inverse_num_params,subsample,20.0,-72.47183262300148,-72.43952506961394,-127.54131688448227,-72.44586140094918
8,0,inverse_num_params,subsample,21.0,-72.47317494131211,-72.43952506961394,-110.12877689652927,-72.44774607443152
8,0,inverse_num_params,subsample,22.0,-72.47317494131211,-72.43952506961394,-183.6433421095506,-72.44026307565164
8,0,inverse_num_params,subsample,23.0,-72.47317494131211,-72.43775756128397,-244.80686080676352,-72.43865410242596
8,0,inverse_num_params,subsample,24.0,-72.47183262300148,-72.43952506961394,-50.25390524728135,-72.44967432402353
8,0,inverse_num_params,subsample,25.0,-72.47317494131211,-72.43775756128397,-112.20996559256741,-72.44495749013012
8,0,inverse_num_params,subsample,26.0,-72.47183262300148,-72.42931367809976,-153.09812825194987,-72.44207213035104
8,0,inverse_num_params,subsample,27.0,-72.47183262300148,-72.43775756128397,-130.58618009945658,-72.44304870110746
8,0,inverse_num_params,subsample,28.0,-72.47183262300148,-72.43952506961394,-79.07155887696787,-72.44627207631575
8,0,inverse_num_params,subsample,29.0,-72.47317494131211,-72.42931367809976,-250.81115603335684,-72.43491872539484
8,0,inverse_num_params,subsample,30.0,-72.47183262300148,-72.42931367809976,-162.04903964916903,-72.43990980918676
8,0,inverse_num_params,subsample,31.0,-72.47317494131211,-72.43775756128397,-167.9030318967173,-72.44170445851998
8,0,inverse_num_params,subsample,32.0,-72.47183262300148,-72.43775756128397,-162.845668391376,-72.44239487761051
8,0,inverse_num_params,subsample,33.0,-72.46481721129018,-72.42931367809976,-66.51782188423383,-72.44699891761852
8,0,inverse_num_params,subsample,34.0,-72.47183262300148,-72.43775756128397,-192.8671215627859,-72.44158590414163
8,0,inverse_num_params,subsample,35.0,-72.47317494131211,-72.42931367809976,-194.21087215454662,-72.43959176429088
8,0,inverse_num_params,subsample,36.0,-72.47183262300148,-72.42931367809976,-183.86538963514678,-72.43903730899738
8,0,inverse_num_params,subsample,37.0,-72.46481721129018,-72.43775756128397,5.601558987463929,-72.44970560376528
8,0,inverse_num_params,subsample,38.0,-72.47317494131211,-72.42931367809976,-186.76910125707948,-72.44122627038257
8,0,inverse_num_params,subsample,39.0,-72.46796624486512,-72.43958134664098,-89.15564169723406,-72.44725718360634
8,0,inverse_num_params,subsample,40.0,-72.46481721129018,-72.42931367809976,-137.7567677735907,-72.4413291233681
8,0,inverse_num_params,subsample,41.0,-72.46796624486512,-72.43775756128397,-99.8227691815023,-72.44476319194041
8,0,inverse_num_params,subsample,42.0,-72.47317494131211,-72.43775756128397,-147.50348160185825,-72.44401035286769
8,0,inverse_num_params,subsample,43.0,-72.47317494131211,-72.42931367809976,-251.56922024416176,-72.43543161640946
8,0,inverse_num_params,subsample,44.0,-72.47317494131211,-72.42931367809976,-244.78618434461166,-72.43713170172707
8,0,inverse_num_params,subsample,45.0,-72.47183262300148,-72.44085339500279,-154.4669759721165,-72.44216075460626
8,0,inverse_num_params,subsample,46.0,-72.46796624486512,-72.42931367809976,-177.30276263153618,-72.44012810548487
8,0,inverse_num_params,subsample,47.0,-72.47183262300148,-72.43952506961394,-133.82938516085872,-72.44401860425297
8,0,inverse_num_params,subsample,48.0,-72.46505440211206,-72.43775756128397,-5.913207219410671,-72.44877928223602
8,0,inverse_num_params,subsample,49.0,-72.46505440211206,-72.43775756128397,45.91236971041149,-72.45306771977282
8,0,inverse_num_params,subsample,50.0,-72.46505440211206,-72.43958134664098,74.31366429948619,-72.45644987458104
8,0,inverse_num_params,subsample,51.0,-72.46043126251385,-72.43775756128397,-35.09345725920769,-72.44712065293702
8,0,inverse_num_params,subsample,52.0,-72.47317494131211,-72.42931367809976,-109.88911587510364,-72.44430534876194
8,0,inverse_num_params,subsample,53.0,-72.47183262300148,-72.43952506961394,-135.06715311881646,-72.4443632381492
8,0,inverse_num_params,subsample,54.0,-72.46796624486512,-72.42931367809976,-120.67932973799299,-72.44286494088266
8,0,inverse_num_params,subsample,55.0,-72.47317494131211,-72.42931367809976,-203.76620832984025,-72.44041514353192
8,0,inverse_num_params,subsample,56.0,-72.46505440211206,-72.43952506961394,87.90386032155884,-72.45737681848352
8,0,inverse_num_params,subsample,57.0,-72.47317494131211,-72.43775756128397,-244.5563693849258,-72.43888672749743
8,0,inverse_num_params,subsample,58.0,-72.47317494131211,-72.43952506961394,-156.23578003310817,-72.44214467327593
8,0,inverse_num_params,subsample,59.0,-72.46505440211206,-72.42931367809976,-99.57161908710081,-72.44364309735744
8,0,inverse_num_params,subsample,60.0,-72.46796624486512,-72.42931367809976,-228.30964513011827,-72.43729073227655
8,0,inverse_num_params,subsample,61.0,-72.47183262300148,-72.42931367809976,-191.87072059107098,-72.44223466658438
8,0,inverse_num_params,subsample,62.0,-72.47317494131211,-72.42931367809976,-158.70132207765525,-72.44239790953866
8,0,inverse_num_params,subsample,63.0,-72.47183262300148,-72.43775756128397,-193.9110087683612,-72.43802324114804
8,0,inverse_num_params,subsample,64.0,-72.47317494131211,-72.44085339500279,-174.83723508532466,-72.44341264000857
8,0,inverse_num_params,subsample,65.0,-72.47317494131211,-72.44200540387435,-163.65042624056534,-72.44472555677459
8,0,inverse_num_params,subsample,66.0,-72.46796624486512,-72.43952506961394,-74.77587922632125,-72.44821615584273
8,0,inverse_num_params,subsample,67.0,-72.47317494131211,-72.42931367809976,-62.76495996008751,-72.44449570042435
8,0,inverse_num_params,subsample,68.0,-72.47317494131211,-72.43952506961394,-152.49657414788976,-72.44173725365901
8,0,inverse_num_params,subsample,69.0,-72.47183262300148,-72.42931367809976,-224.61424910981546,-72.43963362781464
8,0,inverse_num_params,subsample,70.0,-72.46796624486512,-72.43775756128397,-170.4237823538551,-72.43923238500017
8,0,inverse_num_params,subsample,71.0,-72.46796624486512,-72.42931367809976,-218.52383591933744,-72.43657614107468
8,0,inverse_num_params,subsample,72.0,-72.47317494131211,-72.42931367809976,-249.9785559317691,-72.43642419272905
8,0,inverse_num_params,subsample,73.0,-72.47317494131211,-72.42931367809976,-201.63048133964622,-72.43948325523967
8,0,inverse_num_params,subsample,74.0,-72.47317494131211,-72.42931367809976,-219.26458103596454,-72.43920978069497
8,0,inverse_num_params,subsample,75.0,-72.46481721129018,-72.42931367809976,-104.96865593586983,-72.44413494739167
8,0,inverse_num_params,subsample,76.0,-72.47317494131211,-72.44200540387435,-128.5430231378786,-72.44685483165372
8,0,inverse_num_params,subsample,77.0,-72.46505440211206,-72.43775756128397,-39.609981004870434,-72.44795626708304
8,0,inverse_num_params,subsample,78.0,-72.46796624486512,-72.43952506961394,-110.43459762108851,-72.44576445613413
8,0,inverse_num_params,subsample,79.0,-72.47317494131211,-72.43775756128397,-199.8770144993018,-72.4417471739519
8,0,inverse_num_params,subsample,80.0,-72.47317494131211,-72.42931367809976,-189.48282609387496,-72.43985475421682
8,0,inverse_num_params,subsample,81.0,-72.47317494131211,-72.42931367809976,-257.5157210692086,-72.43466633977081
8,0,inverse_num_params,subsample,82.0,-72.47317494131211,-72.44085339500279,-186.24817001265467,-72.44094568038436
8,0,inverse_num_params,subsample,83.0,-72.47183262300148,-72.43775756128397,-121.25094799285644,-72.44358532954509
8,0,inverse_num_params,subsample,84.0,-72.47183262300148,-72.43958134664098,-72.71578664606108,-72.44851871048299
8,0,inverse_num_params,subsample,85.0,-72.47183262300148,-72.42931367809976,-232.34153035627727,-72.43345536818602
8,0,inverse_num_params,subsample,86.0,-72.46796624486512,-72.42931367809976,-120.19861224681108,-72.44278159198441
8,0,inverse_num_params,subsample,87.0,-72.46796624486512,-72.42931367809976,-124.86843508711948,-72.44173315127775
8,0,inverse_num_params,subsample,88.0,-72.47317494131211,-72.42931367809976,-99.95135569408565,-72.44641004656546
8,0,inverse_num_params,subsample,89.0,-72.47183262300148,-72.42931367809976,-141.0401397188309,-72.44547070553482
8,0,inverse_num_params,subsample,90.0,-72.46796624486512,-72.42931367809976,-146.29019652646988,-72.44180513574759
8,0,inverse_num_params,subsample,91.0,-72.47183262300148,-72.42931367809976,-187.2333604321759,-72.4384797989281
8,0,inverse_num_params,subsample,92.0,-72.47317494131211,-72.43952506961394,-198.7437820667822,-72.44107492283116
8,0,inverse_num_params,subsample,93.0,-72.47317494131211,-72.43958134664098,-112.69441152461809,-72.44615160093439
8,0,inverse_num_params,subsample,94.0,-72.47317494131211,-72.42931367809976,-239.66493637468366,-72.43523469612951
8,0,inverse_num_params,subsample,95.0,-72.47317494131211,-72.43775756128397,-134.15427178016728,-72.44238983117506
8,0,inverse_num_params,subsample,96.0,-72.46796624486512,-72.43775756128397,-178.85468368742005,-72.4423353823535
8,0,inverse_num_params,subsample,97.0,-72.46505440211206,-72.43775756128397,-70.7048332992005,-72.44750128047443
8,0,inverse_num_params,subsample,98.0,-72.47317494131211,-72.43775756128397,-242.13088566120834,-72.43852227744601
8,0,inverse_num_params,subsample,99.0,-72.47183262300148,-72.43952506961394,-143.0856031911999,-72.44379978685171
8,1,variance,global,,-70.8881510864888,-70.82879277504776,0.46281529943211924,-70.86880802313675
8,1,variance,subsample,0.0,-70.8881510864888,-70.82879277504776,0.30462687318230464,-70.86373351300789
8,1,variance,subsample,1.0,-70.8881510864888,-70.83179200785915,0.28613009384184884,-70.86450678584467
8,1,variance,subsample,2.0,-70.87838987954089,-70.83179200785915,0.2837539443053309,-70.86242607243366
8,1,variance,subsample,3.0,-70.87838987954089,-70.82879277504776,0.1534083727690208,-70.86001904518447
8,1,variance,subsample,4.0,-70.8881510864888,-70.83336481672067,0.6081291654985284,-70.87103636964632
8,1,variance,subsample,5.0,-70.87732338156735,-70.82879277504776,0.17412786251831383,-70.85869221723783
8,1,variance,subsample,6.0,-70.8881510864888,-70.82879277504776,0.6706183470906263,-70.87104965785704
8,1,variance,subsample,7.0,-70.8881510864888,-70.82879277504776,0.6835807842696251,-70.87949108414195
8,1,variance,subsample,8.0,-70.87838987954089,-70.83336481672067,0.4555123256597817,-70.86907029504118
8,1,variance,subsample,9.0,-70.8881510864888,-70.83179200785915,0.16016501186139184,-70.86784839789654
8,1,variance,subsample,10.0,-70.87486483192885,-70.82879277504776,0.46666632484701037,-70.8706529022591
8,1,variance,subsample,11.0,-70.8881510864888,-70.83179200785915,0.3327534474868342,-70.86465407485326
8,1,variance,subsample,12.0,-70.87838987954089,-70.8396693688861,0.31667689317299913,-70.86783087574238
8,1,variance,subsample,13.0,-70.8881510864888,-70.83179200785915,0.43892885788621305,-70.86701425638586
8,1,variance,subsample,14.0,-70.87838987954089,-70.83179200785915,0.19962555453981246,-70.85836393199195
8,1,variance,subsample,15.0,-70.87726687589827,-70.83179200785915,0.5928792439931028,-70.86774038410239
8,1,variance,subsample,16.0,-70.8881510864888,-70.82879277504776,0.4803386075268622,-70.86881688825842
8,1,variance,subsample,17.0,-70.8881510864888,-70.82879277504776,0.7445965791634328,-70.87479639765102
8,1,variance,subsample,18.0,-70.87838987954089,-70.83336481672067,0.34768028418256536,-70.86955182536465
8,1,variance,subsample,19.0,-70.8881510864888,-70.83704941435215,0.5780186916979262,-70.87413590111917
8,1,variance,subsample,20.0,-70.87007387317504,-70.83179200785915,0.057744738944263095,-70.85798938509225
8,1,variance,subsample,21.0,-70.87732338156735,-70.83336481672067,0.21387931527971213,-70.86204688502471
8,1,variance,subsample,22.0,-70.87732338156735,-70.82879277504776,0.6115371694156878,-70.8729435701329
8,1,variance,subsample,23.0,-70.87838987954089,-70.82879277504776,0.6786310339524367,-70.87029742920788
8,1,variance,subsample,24.0,-70.8881510864888,-70.83179200785915,0.4413245279934506,-70.86841424819941
8,1,variance,subsample,25.0,-70.8881510864888,-70.83336481672067,0.7851845687136603,-70.87602614616453
8,1,variance,subsample,26.0,-70.87732338156735,-70.82879277504776,0.309190534358851,-70.86662920635692
8,1,variance,subsample,27.0,-70.8881510864888,-70.83336481672067,0.2897366107856299,-70.86909748704542
8,1,variance,subsample,28.0,-70.8881510864888,-70.83179200785915,0.37636349929175095,-70.86960586836271
8,1,variance,subsample,29.0,-70.87732338156735,-70.83336481672067,0.3119008196162003,-70.86522006625033
8,1,variance,subsample,30.0,-70.8881510864888,-70.83704941435215,0.8223578283093763,-70.87812592955007
8,1,variance,subsample,31.0,-70.8881510864888,-70.83336481672067,0.5900753715743344,-70.87340112983033
8,1,variance,subsample,32.0,-70.8881510864888,-70.83179200785915,0.22716297750373757,-70.8652304381345
8,1,variance,subsample,33.0,-70.87838987954089,-70.83704941435215,0.5923435539220628,-70.87460277209217
8,1,variance,subsample,34.0,-70.8881510864888,-70.82879277504776,0.7008597762013384,-70.87293072175972
8,1,variance,subsample,35.0,-70.8881510864888,-70.82879277504776,0.6084257901751273,-70.86925743204777
8,1,variance,subsample,36.0,-70.8881510864888,-70.83336481672067,0.37970369577830093,-70.86955724767338
8,1,variance,subsample,37.0,-70.8881510864888,-70.83179200785915,0.41123384938532354,-70.86745842357986
8,1,variance,subsample,38.0,-70.87838987954089,-70.82879277504776,0.847344138282582,-70.87263795307231
8,1,variance,subsample,39.0,-70.87732338156735,-70.83336481672067,0.4119038302833714,-70.87017067333697
8,1,variance,subsample,40.0,-70.8881510864888,-70.82879277504776,0.5612747973852652,-70.87007375367111
8,1,variance,subsample,41.0,-70.8881510864888,-70.82879277504776,0.5959856496135592,-70.87109065333446
8,1,variance,subsample,42.0,-70.87422005114104,-70.82879277504776,0.26215363142126963,-70.85949206981913
8,1,variance,subsample,43.0,-70.8881510864888,-70.83179200785915,0.3729412517708303,-70.86799709433933
8,1,variance,subsample,44.0,-70.8881510864888,-70.83179200785915,0.1674601566391141,-70.8598821443891
8,1,variance,subsample,45.0,-70.8881510864888,-70.82879277504776,0.5735484853830985,-70.8709846955845
8,1,variance,subsample,46.0,-70.87732338156735,-70.82879277504776,0.06008572694839051,-70.85296726593914
8,1,variance,subsample,47.0,-70.8881510864888,-70.82879277504776,-0.024291889756804703,-70.85753876499248
8,1,variance,subsample,48.0,-70.8881510864888,-70.83179200785915,0.2697861983093979,-70.86620070089391
8,1,variance,subsample,49.0,-70.87422005114104,-70.82879277504776,0.7275893185969927,-70.87041836825922
8,1,variance,subsample,50.0,-70.87732338156735,-70.82879277504776,0.5319876522803445,-70.8711073779027
8,1,variance,subsample,51.0,-70.87726687589827,-70.82879277504776,0.34415773736013383,-70.86165890967746
8,1,variance,subsample,52.0,-70.8881510864888,-70.82879277504776,0.7808116996717256,-70.878160965081
8,1,variance,subsample,53.0,-70.87726687589827,-70.83179200785915,0.3476502889090399,-70.86568494503055
8,1,variance,subsample,54.0,-70.87838987954089,-70.82879277504776,0.48701605140209553,-70.87012878578706
8,1,variance,subsample,55.0,-70.87838987954089,-70.82879277504776,0.4777953215918563,-70.86639212129603
8,1,variance,subsample,56.0,-70.87732338156735,-70.82879277504776,0.4027636169446258,-70.86306992551073
8,1,variance,subsample,57.0,-70.87732338156735,-70.8463492991547,0.4442315668655446,-70.87245187569275
8,1,variance,subsample,58.0,-70.87838987954089,-70.82879277504776,0.5066710688390377,-70.87023489700803
8,1,variance,subsample,59.0,-70.87732338156735,-70.83179200785915,0.13804771281979258,-70.86333435460404
8,1,variance,subsample,60.0,-70.87732338156735,-70.83704941435215,0.3461001757968116,-70.86820230167935
8,1,variance,subsample,61.0,-70.8881510864888,-70.83179200785915,0.24651946239556258,-70.86359558604637
8,1,variance,subsample,62.0,-70.87838987954089,-70.83179200785915,0.41110380123702667,-70.87053436205184
8,1,variance,subsample,63.0,-70.86956072692603,-70.83336481672067,0.48413557480664315,-70.86807919940246
8,1,variance,subsample,64.0,-70.87838987954089,-70.82879277504776,0.38606234368981196,-70.86600629557896
8,1,variance,subsample,65.0,-70.87838987954089,-70.83336481672067,0.44798387676222395,-70.87168517799303
8,1,variance,subsample,66.0,-70.87838987954089,-70.82879277504776,0.30518172526636916,-70.86618202986163
8,1,variance,subsample,67.0,-70.87726687589827,-70.82879277504776,0.2862722681919733,-70.86112646387375
8,1,variance,subsample,68.0,-70.8881510864888,-70.82879277504776,0.6054516454768226,-70.87177028120657
8,1,variance,subsample,69.0,-70.87838987954089,-70.83336481672067,0.45079761027000875,-70.87020634103766
8,1,variance,subsample,70.0,-70.8881510864888,-70.8396693688861,0.4545885545993986,-70.87432437549568
8,1,variance,subsample,71.0,-70.8881510864888,-70.82879277504776,0.24553702951225273,-70.86138783621516
8,1,variance,subsample,72.0,-70.8881510864888,-70.83336481672067,0.4984158622295301,-70.87068079880258
8,1,variance,subsample,73.0,-70.8881510864888,-70.83336481672067,0.32834961569750554,-70.87079840089166
8,1,variance,subsample,74.0,-70.87838987954089,-70.82879277504776,0.47541451086371683,-70.86860964713705
8,1,variance,subsample,75.0,-70.87422005114104,-70.82879277504776,0.6038517662137836,-70.869101588881
8,1,variance,subsample,76.0,-70.8881510864888,-70.83336481672067,0.46263559687163347,-70.86949110964811
8,1,variance,subsample,77.0,-70.8881510864888,-70.83179200785915,0.2903878957023816,-70.86595298199995
8,1,variance,subsample,78.0,-70.87838987954089,-70.83179200785915,0.3859656839239617,-70.86521525926187
8,1,variance,subsample,79.0,-70.87838987954089,-70.82879277504776,0.19498141257426824,-70.86000310380808
8,1,variance,subsample,80.0,-70.8881510864888,-70.83704941435215,0.6554594508337951,-70.87907771635962
8,1,variance,subsample,81.0,-70.87838987954089,-70.82879277504776,0.446035835754822,-70.86663552298542
8,1,variance,subsample,82.0,-70.87838987954089,-70.83776695330164,0.594911556652874,-70.87412116234286
8,1,variance,subsample,83.0,-70.87838987954089,-70.83336481672067,0.4369454598303445,-70.86841170572788
8,1,variance,subsample,84.0,-70.87007387317504,-70.82879277504776,0.5009286461516748,-70.86464555900761
8,1,variance,subsample,85.0,-70.8881510864888,-70.82879277504776,0.7453418287746445,-70.87275098442151
8,1,variance,subsample,86.0,-70.87732338156735,-70.82879277504776,0.5471744730757687,-70.87047179044512
8,1,variance,subsample,87.0,-70.87838987954089,-70.8396693688861,0.5820320254617177,-70.87243039120526
8,1,variance,subsample,88.0,-70.87838987954089,-70.82879277504776,0.6990751333759148,-70.87207884538796
8,1,variance,subsample,89.0,-70.87732338156735,-70.82879277504776,0.23475877696302766,-70.8615950132071
8,1,variance,subsample,90.0,-70.87726687589827,-70.82879277504776,0.5700144657960449,-70.86750409736294
8,1,variance,subsample,91.0,-70.8881510864888,-70.82879277504776,0.6170391903458776,-70.87418194378428
8,1,variance,subsample,92.0,-70.8881510864888,-70.82879277504776,0.7144219754069175,-70.87803783540521
8,1,variance,subsample,93.0,-70.8881510864888,-70.82879277504776,0.6617941878389565,-70.87495113969202
8,1,variance,subsample,94.0,-70.8881510864888,-70.83179200785915,0.2774195838744639,-70.8662084315463
8,1,variance,subsample,95.0,-70.87732338156735,-70.82879277504776,0.5271240945155163,-70.8696673244064
8,1,variance,subsample,96.0,-70.87486483192885,-70.82879277504776,0.4490676473711045,-70.86596888324578
8,1,variance,subsample,97.0,-70.87726687589827,-70.83179200785915,0.23890967830829132,-70.86275829742435
8,1,variance,subsample,98.0,-70.8881510864888,-70.82879277504776,0.692407586723139,-70.87228775142565
8,1,variance,subsample,99.0,-70.8881510864888,-70.8396693688861,0.4433428048602453,-70.87290880304981
8,1,inverse_num_params,global,,-70.8881510864888,-70.82879277504776,47.733229034892744,-70.86163232465863
8,1,inverse_num_params,subsample,0.0,-70.87838987954089,-70.83336481672067,295.78750465996575,-70.87728657213589
8,1,inverse_num_params,subsample,1.0,-70.8881510864888,-70.83179200785915,69.97527004583523,-70.86659614776052
8,1,inverse_num_params,subsample,2.0,-70.8881510864888,-70.82879277504776,118.7182813303205,-70.8659423896437
8,1,inverse_num_params,subsample,3.0,-70.8881510864888,-70.82879277504776,-12.086635921053267,-70.85819275358325
8,1,inverse_num_params,subsample,4.0,-70.87838987954089,-70.83179200785915,296.77013793052265,-70.8734139390703
8,1,inverse_num_params,subsample,5.0,-70.87726687589827,-70.82879277504776,-66.52053315933476,-70.85157565307816
8,1,inverse_num_params,subsample,6.0,-70.87838987954089,-70.82879277504776,-146.33616305595282,-70.84996200985366
8,1,inverse_num_params,subsample,7.0,-70.8881510864888,-70.82879277504776,1.9345807939658346,-70.86076393624215
8,1,inverse_num_params,subsample,8.0,-70.87838987954089,-70.82879277504776,33.889812388372484,-70.86068171558993
8,1,inverse_num_params,subsample,9.0,-70.87732338156735,-70.82879277504776,71.76520505088101,-70.8585933515206
8,1,inverse_num_params,subsample,10.0,-70.87732338156735,-70.83179200785915,-99.6643389223165,-70.85238440153589
8,1,inverse_num_params,subsample,11.0,-70.8881510864888,-70.82879277504776,88.02205029785888,-70.86562238991557
8,1,inverse_num_params,subsample,12.0,-70.8881510864888,-70.83179200785915,62.168184468986155,-70.86325149187768
8,1,inverse_num_params,subsample,13.0,-70.87838987954089,-70.83179200785915,385.0174741612969,-70.87892522250436
8,1,inverse_num_params,subsample,14.0,-70.87726687589827,-70.82879277504776,11.844767953334802,-70.85442068326736
8,1,inverse_num_params,subsample,15.0,-70.8881510864888,-70.83179200785915,18.135571733927044,-70.86297681579914
8,1,inverse_num_params,subsample,16.0,-70.87838987954089,-70.83776695330164,143.68459204541895,-70.86860290207945
8,1,inverse_num_params,subsample,17.0,-70.87732338156735,-70.82879277504776,-53.09642427826019,-70.85903694155441
8,1,inverse_num_params,subsample,18.0,-70.87838987954089,-70.82879277504776,-43.05534695091578,-70.85438970355014
8,1,inverse_num_params,subsample,19.0,-70.8881510864888,-70.8396693688861,16.54020659843162,-70.86369851371845
8,1,inverse_num_params,subsample,20.0,-70.8881510864888,-70.83179200785915,107.44751725759622,-70.86607591769582
8,1,inverse_num_params,subsample,21.0,-70.87838987954089,-70.82879277504776,348.4971628749021,-70.876786163015
8,1,inverse_num_params,subsample,22.0,-70.87838987954089,-70.83179200785915,70.68842286369929,-70.86567543938824
8,1,inverse_num_params,subsample,23.0,-70.87732338156735,-70.82879277504776,185.62383573348592,-70.87041383598265
8,1,inverse_num_params,subsample,24.0,-70.8881510864888,-70.83179200785915,27.174196235493042,-70.86135089533954
8,1,inverse_num_params,subsample,25.0,-70.8881510864888,-70.82879277504776,-137.98390776020648,-70.85275566235714
8,1,inverse_num_params,subsample,26.0,-70.87732338156735,-70.82879277504776,28.46664543818928,-70.85505278867763
8,1,inverse_num_params,subsample,27.0,-70.87838987954089,-70.82879277504776,56.80035592661394,-70.85968115217587
8,1,inverse_num_params,subsample,28.0,-70.87838987954089,-70.83179200785915,117.44549420583427,-70.863062993038
8,1,inverse_num_params,subsample,29.0,-70.87838987954089,-70.83179200785915,294.19670719614555,-70.87077528576856
8,1,inverse_num_params,subsample,30.0,-70.87838987954089,-70.83179200785915,24.950326664496373,-70.86055997156906
8,1,inverse_num_params,subsample,31.0,-70.8881510864888,-70.82879277504776,-84.3090325545651,-70.8549488312415
8,1,inverse_num_params,subsample,32.0,-70.87007387317504,-70.83179200785915,143.8536500191607,-70.86558902620106
8,1,inverse_num_params,subsample,33.0,-70.87732338156735,-70.82879277504776,-100.81165290294308,-70.8485161035704
8,1,inverse_num_params,subsample,34.0,-70.8881510864888,-70.83336481672067,260.14311965755013,-70.87533914424222
8,1,inverse_num_params,subsample,35.0,-70.87838987954089,-70.82879277504776,414.10238742160834,-70.87856883614378
8,1,inverse_num_params,subsample,36.0,-70.8881510864888,-70.82879277504776,140.3551948872083,-70.86351460252122
8,1,inverse_num_params,subsample,37.0,-70.87838987954089,-70.82879277504776,-49.778172202634806,-70.85740184965269
8,1,inverse_num_params,subsample,38.0,-70.87732338156735,-70.82879277504776,71.14169708253303,-70.85791849005585
8,1,inverse_num_params,subsample,39.0,-70.8881510864888,-70.82879277504776,248.54777467824061,-70.87134012725369
8,1,inverse_num_params,subsample,40.0,-70.8881510864888,-70.83336481672067,79.69878264199515,-70.86777295620134
8,1,inverse_num_params,subsample,41.0,-70.87732338156735,-70.82879277504776,-75.97978072595215,-70.8560293724695
8,1,inverse_num_params,subsample,42.0,-70.87486483192885,-70.83336481672067,241.9790372664368,-70.86979464418408
8,1,inverse_num_params,subsample,43.0,-70.87838987954089,-70.82879277504776,68.12992069522333,-70.8630513627372
8,1,inverse_num_params,subsample,44.0,-70.87726687589827,-70.83336481672067,-79.89053319452799,-70.85136533754547
8,1,inverse_num_params,subsample,45.0,-70.87486483192885,-70.82879277504776,184.21704604959285,-70.86603044863026
8,1,inverse_num_params,subsample,46.0,-70.8881510864888,-70.82879277504776,57.886106858669415,-70.86107776807404
8,1,inverse_num_params,subsample,47.0,-70.8881510864888,-70.82879277504776,-111.20668192667648,-70.85027500245681
8,1,inverse_num_params,subsample,48.0,-70.8881510864888,-70.82879277504776,175.33338054810932,-70.87032726087854
8,1,inverse_num_params,subsample,49.0,-70.8881510864888,-70.82879277504776,57.14048127038407,-70.86297060068446
8,1,inverse_num_params,subsample,50.0,-70.87732338156735,-70.83179200785915,37.37936887423385,-70.85933422518592
8,1,inverse_num_params,subsample,51.0,-70.87732338156735,-70.82879277504776,256.24521929869405,-70.87298975071836
8,1,inverse_num_params,subsample,52.0,-70.8881510864888,-70.8396693688861,-64.29889438586468,-70.86146924542832
8,1,inverse_num_params,subsample,53.0,-70.8881510864888,-70.83704941435215,-61.46820152384335,-70.85559845118601
8,1,inverse_num_params,subsample,54.0,-70.8881510864888,-70.83179200785915,301.1459160488278,-70.87773333500925
8,1,inverse_num_params,subsample,55.0,-70.8881510864888,-70.83179200785915,30.789017675855064,-70.86053452868201
8,1,inverse_num_params,subsample,56.0,-70.8881510864888,-70.83179200785915,-53.01304633941171,-70.8604957352637
8,1,inverse_num_params,subsample,57.0,-70.87726687589827,-70.82879277504776,-53.508057722107985,-70.85076211468517
8,1,inverse_num_params,subsample,58.0,-70.8881510864888,-70.83179200785915,-52.906445986872846,-70.8579002793644
8,1,inverse_num_params,subsample,59.0,-70.87838987954089,-70.83704941435215,-140.3910538504063,-70.85242071414986
8,1,inverse_num_params,subsample,60.0,-70.8881510864888,-70.82879277504776,155.20752866820933,-70.86954102928868
8,1,inverse_num_params,subsample,61.0,-70.8881510864888,-70.83336481672067,36.95088579573814,-70.86115862756077
8,1,inverse_num_params,subsample,62.0,-70.87732338156735,-70.83336481672067,33.25868754516431,-70.86011613330707
8,1,inverse_num_params,subsample,63.0,-70.8881510864888,-70.83336481672067,71.9510318378824,-70.86510201211303
8,1,inverse_num_params,subsample,64.0,-70.8881510864888,-70.83179200785915,322.15132281778205,-70.87947411865228
8,1,inverse_num_params,subsample,65.0,-70.87726687589827,-70.82879277504776,57.29307261440569,-70.8595270202207
8,1,inverse_num_params,subsample,66.0,-70.8881510864888,-70.82879277504776,-162.69000343804143,-70.85123690007457
8,1,inverse_num_params,subsample,67.0,-70.8881510864888,-70.83179200785915,53.26439134544652,-70.8624073171941
8,1,inverse_num_params,subsample,68.0,-70.8881510864888,-70.8396693688861,-76.4189546637521,-70.85776140843882
8,1,inverse_num_params,subsample,69.0,-70.87838987954089,-70.82879277504776,214.2704441349038,-70.87063407798797
8,1,inverse_num_params,subsample,70.0,-70.8881510864888,-70.83179200785915,-16.393798887305486,-70.85600171979057
8,1,inverse_num_params,subsample,71.0,-70.8881510864888,-70.83179200785915,186.9869233901841,-70.86641549628784
8,1,inverse_num_params,subsample,72.0,-70.87422005114104,-70.82879277504776,205.45164445426866,-70.86864356073634
8,1,inverse_num_params,subsample,73.0,-70.8881510864888,-70.83336481672067,77.18070617714497,-70.86568874687411
8,1,inverse_num_params,subsample,74.0,-70.8881510864888,-70.82879277504776,119.57117462625129,-70.86741311416742
8,1,inverse_num_params,subsample,75.0,-70.8881510864888,-70.82879277504776,18.992096709939176,-70.86337449670923
8,1,inverse_num_params,subsample,76.0,-70.87732338156735,-70.82879277504776,-142.05773280845432,-70.84957946237706
8,1,inverse_num_params,subsample,77.0,-70.8881510864888,-70.83336481672067,34.49713520801655,-70.86281245343935
8,1,inverse_num_params,subsample,78.0,-70.8881510864888,-70.82879277504776,270.8335243793474,-70.87547561696157
8,1,inverse_num_params,subsample,79.0,-70.8881510864888,-70.83179200785915,324.4659916004932,-70.87828563271289
8,1,inverse_num_params,subsample,80.0,-70.8881510864888,-70.83704941435215,-49.218761960289505,-70.86255607782194
8,1,inverse_num_params,subsample,81.0,-70.87732338156735,-70.83336481672067,414.99049365263335,-70.88361064274469
8,1,inverse_num_params,subsample,82.0,-70.87732338156735,-70.83179200785915,134.00677694344174,-70.86787781935227
8,1,inverse_num_params,subsample,83.0,-70.8881510864888,-70.82879277504776,194.57806181643647,-70.86697462577902
8,1,inverse_num_params,subsample,84.0,-70.87838987954089,-70.82879277504776,215.4877189091925,-70.87275875017613
8,1,inverse_num_params,subsample,85.0,-70.87838987954089,-70.83179200785915,21.1471608510502,-70.85902749807553
8,1,inverse_num_params,subsample,86.0,-70.87732338156735,-70.82879277504776,15.312459796121546,-70.86140351378798
8,1,inverse_num_params,subsample,87.0,-70.87838987954089,-70.82879277504776,-92.98107917012037,-70.85437618654207
8,1,inverse_num_params,subsample,88.0,-70.8881510864888,-70.82879277504776,-27.85874915268752,-70.85390733126675
8,1,inverse_num_params,subsample,89.0,-70.87726687589827,-70.82879277504776,-83.11207969454624,-70.8487807584763
8,1,inverse_num_params,subsample,90.0,-70.8881510864888,-70.82879277504776,287.4049376827078,-70.87199196753886
8,1,inverse_num_params,subsample,91.0,-70.87838987954089,-70.82879277504776,101.82254048743683,-70.86296073186996
8,1,inverse_num_params,subsample,92.0,-70.8881510864888,-70.82879277504776,85.82570317488288,-70.8608608849932
8,1,inverse_num_params,subsample,93.0,-70.8881510864888,-70.82879277504776,123.08240695887729,-70.86349293408938
8,1,inverse_num_params,subsample,94.0,-70.87838987954089,-70.83179200785915,68.97168314887968,-70.86312933901704
8,1,inverse_num_params,subsample,95.0,-70.87422005114104,-70.83336481672067,233.23968950011047,-70.87120209403479
8,1,inverse_num_params,subsample,96.0,-70.8881510864888,-70.83704941435215,-85.53077795052188,-70.85848741867564
8,1,inverse_num_params,subsample,97.0,-70.8881510864888,-70.82879277504776,-13.749379645134402,-70.85883803563974
8,1,inverse_num_params,subsample,98.0,-70.87726687589827,-70.82879277504776,-150.4033896448581,-70.84485367704218
8,1,inverse_num_params,subsample,99.0,-70.87838987954089,-70.82879277504776,122.32034760465456,-70.86078529553065
9,0,variance,global,,-73.42008928783315,-73.3785236956472,0.18366905522261864,-73.40674188928843
9,0,variance,subsample,0.0,-73.42008928783315,-73.3785236956472,0.38977373169832275,-73.41076804136111
9,0,variance,subsample,1.0,-73.42008928783315,-73.3785236956472,0.2935062387934326,-73.41181740451472
9,0,variance,subsample,2.0,-73.42008928783315,-73.39056822117706,0.2440895983613976,-73.41100738500285
9,0,variance,subsample,3.0,-73.42008928783315,-73.38759063175543,0.25488000418692247,-73.41316204195597
9,0,variance,subsample,4.0,-73.42008928783315,-73.3785236956472,0.3797680579154331,-73.4128791701391
9,0,variance,subsample,5.0,-73.42008928783315,-73.3785236956472,0.5061537692930014,-73.41785761401125
9,0,variance,subsample,6.0,-73.42008928783315,-73.38785638085518,0.08389327590380274,-73.40501977015285
9,0,variance,subsample,7.0,-73.41895723662142,-73.3785236956472,0.2422417738503465,-73.40378472327677
9,0,variance,subsample,8.0,-73.41459256395483,-73.3785236956472,-0.033059371348238616,-73.39983050852332
9,0,variance,subsample,9.0,-73.41909121038917,-73.38759063175543,0.34684737341268157,-73.40970701610215
9,0,variance,subsample,10.0,-73.42008928783315,-73.3785236956472,0.2994473110918145,-73.41011317912354
9,0,variance,subsample,11.0,-73.42008928783315,-73.39029807471161,-0.10116381850069148,-73.40136779142941
9,0,variance,subsample,12.0,-73.42008928783315,-73.3846595677025,0.15028005508942024,-73.4069551788514
9,0,variance,subsample,13.0,-73.42008928783315,-73.38759063175543,0.1064225408151711,-73.40585912798714
9,0,variance,subsample,14.0,-73.42008928783315,-73.3846595677025,0.5994732917836546,-73.42033297881004
9,0,variance,subsample,15.0,-73.42008928783315,-73.3846595677025,-0.016763331552354155,-73.40200507400618
9,0,variance,subsample,16.0,-73.41459256395483,-73.3785236956472,-0.06985725791043099,-73.399124881737
9,0,variance,subsample,17.0,-73.41895723662142,-73.38759063175543,0.19869687210384737,-73.40690484454719
9,0,variance,subsample,18.0,-73.42008928783315,-73.3785236956472,-0.0042430237608398,-73.39923598693932
9,0,variance,subsample,19.0,-73.42008928783315,-73.3846595677025,0.41824092039810457,-73.41655282063428
9,0,variance,subsample,20.0,-73.41537714637036,-73.3846595677025,0.4235838923616777,-73.4144146773992
9,0,variance,subsample,21.0,-73.41909121038917,-73.3846595677025,0.3857874711643823,-73.41108884797576
9,0,variance,subsample,22.0,-73.41909121038917,-73.3785236956472,0.07438701399673392,-73.40273828912537
9,0,variance,subsample,23.0,-73.41895723662142,-73.3785236956472,0.1702006094878227,-73.40324677437647
9,0,variance,subsample,24.0,-73.42008928783315,-73.3846595677025,0.45510942323692394,-73.41427475363379
9,0,variance,subsample,25.0,-73.42008928783315,-73.38759063175543,0.2789791104480616,-73.41140157723065
9,0,variance,subsample,26.0,-73.41895723662142,-73.3785236956472,0.3207949304698371,-73.40803900978361
9,0,variance,subsample,27.0,-73.41459256395483,-73.3785236956472,-0.000313581174879893,-73.39897496622578
9,0,variance,subsample,28.0,-73.42008928783315,-73.38796573336612,0.15296222693852007,-73.40857689964398
9,0,variance,subsample,29.0,-73.42008928783315,-73.3785236956472,0.0940624960783673,-73.40517641125403
9,0,variance,subsample,30.0,-73.41909121038917,-73.3785236956472,0.10882375106026948,-73.40744831990641
9,0,variance,subsample,31.0,-73.41909121038917,-73.38759063175543,0.3584283369017365,-73.40977624442803
9,0,variance,subsample,32.0,-73.42008928783315,-73.38759063175543,0.37711849144602944,-73.41537885140906
9,0,variance,subsample,33.0,-73.42008928783315,-73.3785236956472,0.0653857997547936,-73.40332192780572
9,0,variance,subsample,34.0,-73.42008928783315,-73.38785638085518,-0.006129940303177939,-73.40301545817753
9,0,variance,subsample,35.0,-73.41909121038917,-73.3785236956472,0.46417443758731824,-73.41474594736249
9,0,variance,subsample,36.0,-73.42008928783315,-73.3785236956472,0.3020399096412962,-73.40911335483335
9,0,variance,subsample,37.0,-73.42008928783315,-73.3785236956472,0.3648720771843881,-73.41162594066297
9,0,variance,subsample,38.0,-73.42008928783315,-73.3846595677025,0.11300125148496067,-73.40324182412112
9,0,variance,subsample,39.0,-73.42008928783315,-73.38796573336612,-0.01988299189055132,-73.40263394927672
9,0,variance,subsample,40.0,-73.41909121038917,-73.3846595677025,0.13040165014209523,-73.40532693314331
9,0,variance,subsample,41.0,-73.42008928783315,-73.39056822117706,0.2948965950755777,-73.41312162958337
9,0,variance,subsample,42.0,-73.42008928783315,-73.38759063175543,-0.06296696982452521,-73.39973244355362
9,0,variance,subsample,43.0,-73.42008928783315,-73.38785638085518,0.20072293159224255,-73.40973296472862
9,0,variance,subsample,44.0,-73.42008928783315,-73.3785236956472,0.36631775505261355,-73.40979309702118
9,0,variance,subsample,45.0,-73.42008928783315,-73.38785638085518,-0.0004703318454909589,-73.40613996220436
9,0,variance,subsample,46.0,-73.42008928783315,-73.38785638085518,0.36093618625740986,-73.41617615769681
9,0,variance,subsample,47.0,-73.41459256395483,-73.3846595677025,0.04084786946868051,-73.40039455295913
9,0,variance,subsample,48.0,-73.41537714637036,-73.3785236956472,0.02796239883979905,-73.40017810957761
9,0,variance,subsample,49.0,-73.42008928783315,-73.3846595677025,0.273182791364605,-73.41175668639407
9,0,variance,subsample,50.0,-73.41909121038917,-73.38759063175543,0.4392720430027217,-73.41379351386192
9,0,variance,subsample,51.0,-73.42008928783315,-73.38759063175543,0.1723698666991404,-73.40811087664628
9,0,variance,subsample,52.0,-73.41459256395483,-73.3846595677025,-0.01385178998333266,-73.40021764178955
9,0,variance,subsample,53.0,-73.42008928783315,-73.3785236956472,0.5004651430845647,-73.41501241502341
9,0,variance,subsample,54.0,-73.42008928783315,-73.3785236956472,-0.024465312483542476,-73.40248890471891
9,0,variance,subsample,55.0,-73.42008928783315,-73.3785236956472,0.06453232653924852,-73.40585782265417
9,0,variance,subsample,56.0,-73.42008928783315,-73.38759063175543,0.3960982125134557,-73.41372388426569
9,0,variance,subsample,57.0,-73.42008928783315,-73.38759063175543,0.129946852812822,-73.40388135668933
9,0,variance,subsample,58.0,-73.41459256395483,-73.38759063175543,0.05081662238353155,-73.40308355950214
9,0,variance,subsample,59.0,-73.42008928783315,-73.3846595677025,0.4415788662579927,-73.415158397534
9,0,variance,subsample,60.0,-73.42008928783315,-73.3846595677025,0.29735103996815887,-73.41375140859208
9,0,variance,subsample,61.0,-73.41895723662142,-73.3785236956472,0.20392982307923418,-73.40717967338375
9,0,variance,subsample,62.0,-73.42008928783315,-73.3785236956472,0.06602710539057516,-73.40241473263738
9,0,variance,subsample,63.0,-73.41909121038917,-73.38759063175543,0.404508315281385,-73.4134110218621
9,0,variance,subsample,64.0,-73.42008928783315,-73.3785236956472,0.16165990528322915,-73.40525307437477
9,0,variance,subsample,65.0,-73.41909121038917,-73.3785236956472,0.20807839232650485,-73.40709939939046
9,0,variance,subsample,66.0,-73.42008928783315,-73.38785638085518,0.21876911901797397,-73.40762600428971
9,0,variance,subsample,67.0,-73.42008928783315,-73.3785236956472,0.19160125944599488,-73.40697127769197
9,0,variance,subsample,68.0,-73.41909121038917,-73.38759063175543,0.6926349984861431,-73.42161842356259
9,0,variance,subsample,69.0,-73.41895723662142,-73.38759063175543,0.43845348829487807,-73.41539332718054
9,0,variance,subsample,70.0,-73.42008928783315,-73.3785236956472,0.4062637478923479,-73.4101152724482
9,0,variance,subsample,71.0,-73.42008928783315,-73.3846595677025,0.06554518659270561,-73.4050319826209
9,0,variance,subsample,72.0,-73.41537714637036,-73.3846595677025,0.03696827423504907,-73.40104053695575
9,0,variance,subsample,73.0,-73.42008928783315,-73.3785236956472,0.5156431395928577,-73.41670674221824
9,0,variance,subsample,74.0,-73.42008928783315,-73.3846595677025,0.1483209834936908,-73.40763219495395
9,0,variance,subsample,75.0,-73.41909121038917,-73.3846595677025,0.5233750139495329,-73.41475883767914
9,0,variance,subsample,76.0,-73.42008928783315,-73.3785236956472,0.3445533966145036,-73.41021620517067
9,0,variance,subsample,77.0,-73.42008928783315,-73.3846595677025,0.37013519822609847,-73.4108903610176
9,0,variance,subsample,78.0,-73.42008928783315,-73.3785236956472,0.03230931464372413,-73.40318559080046
9,0,variance,subsample,79.0,-73.41537714637036,-73.3785236956472,0.17614883914476662,-73.40438454802653
9,0,variance,subsample,80.0,-73.41895723662142,-73.3846595677025,0.33000945829625566,-73.41047465413023
9,0,variance,subsample,81.0,-73.41895723662142,-73.3785236956472,0.07703686089076991,-73.4047398295761
9,0,variance,subsample,82.0,-73.41895723662142,-73.38759063175543,0.436729884455883,-73.41331933550761
9,0,variance,subsample,83.0,-73.42008928783315,-73.3785236956472,0.10428448580637535,-73.40577898330334
9,0,variance,subsample,84.0,-73.42008928783315,-73.38759063175543,-0.139579915113175,-73.40023682279333
9,0,variance,subsample,85.0,-73.41909121038917,-73.3846595677025,0.07965705679191384,-73.40342988524468
9,0,variance,subsample,86.0,-73.42008928783315,-73.3846595677025,0.21239642747982684,-73.41219444867822
9,0,variance,subsample,87.0,-73.41895723662142,-73.3846595677025,-0.014042976617998902,-73.39890802875583
9,0,variance,subsample,88.0,-73.42008928783315,-73.38759063175543,0.45638560811996065,-73.41478426882185
9,0,variance,subsample,89.0,-73.41895723662142,-73.3785236956472,0.2902130803921474,-73.40866861123256
9,0,variance,subsample,90.0,-73.41909121038917,-73.3785236956472,0.17938342226496895,-73.40609434034715
9,0,variance,subsample,91.0,-73.41909121038917,-73.3785236956472,0.2324762903884407,-73.40718291732043
9,0,variance,subsample,92.0,-73.42008928783315,-73.38796573336612,0.031293551739742735,-73.40468823069612
9,0,variance,subsample,93.0,-73.41909121038917,-73.3846595677025,0.13790068100752634,-73.4034395251588
9,0,variance,subsample,94.0,-73.42008928783315,-73.38759063175543,-0.12892930326071322,-73.39846869373073
9,0,variance,subsample,95.0,-73.42008928783315,-73.38785638085518,0.12897274185732507,-73.40745471435964
9,0,variance,subsample,96.0,-73.41909121038917,-73.3785236956472,0.5155000702487094,-73.4136672889224
9,0,variance,subsample,97.0,-73.41459256395483,-73.3785236956472,0.02763345571414847,-73.4001700209352
9,0,variance,subsample,98.0,-73.42008928783315,-73.3846595677025,0.0760954891524269,-73.4036243929698
9,0,variance,subsample,99.0,-73.41895723662142,-73.3785236956472,0.27484676844692046,-73.40857137924498
9,0,inverse_num_params,global,,-73.42008928783315,-73.3785236956472,-140.2060450152163,-73.39596009457533
9,0,inverse_num_params,subsample,0.0,-73.42008928783315,-73.3785236956472,-282.00398827685456,-73.38909702672792
9,0,inverse_num_params,subsample,1.0,-73.41895723662142,-73.3846595677025,66.39665824993901,-73.40397351630293
9,0,inverse_num_params,subsample,2.0,-73.41909121038917,-73.38785638085518,-376.3418152367568,-73.38517040342168
9,0,inverse_num_params,subsample,3.0,-73.41537714637036,-73.3846595677025,-251.02440150937574,-73.39254982225587
9,0,inverse_num_params,subsample,4.0,-73.41909121038917,-73.3785236956472,61.555895843249914,-73.40398551929296
9,0,inverse_num_params,subsample,5.0,-73.42008928783315,-73.3785236956472,-253.8443823648237,-73.39050990855849
9,0,inverse_num_params,subsample,6.0,-73.42008928783315,-73.3785236956472,-569.2348945603555,-73.38010358246366
9,0,inverse_num_params,subsample,7.0,-73.41909121038917,-73.3846595677025,-568.9844297301312,-73.3815070238556
9,0,inverse_num_params,subsample,8.0,-73.42008928783315,-73.3785236956472,55.873085640799545,-73.40182052024198
9,0,inverse_num_params,subsample,9.0,-73.41909121038917,-73.3846595677025,-76.91254694270137,-73.3965243850577
9,0,inverse_num_params,subsample,10.0,-73.41909121038917,-73.38759063175543,-201.84086929386334,-73.39345328046193
9,0,inverse_num_params,subsample,11.0,-73.42008928783315,-73.3785236956472,-170.61024722683894,-73.39395349141144
9,0,inverse_num_params,subsample,12.0,-73.41537714637036,-73.3785236956472,-192.13650535894934,-73.39358787058966
9,0,inverse_num_params,subsample,13.0,-73.41909121038917,-73.3846595677025,83.76076983350639,-73.4086801318357
9,0,inverse_num_params,subsample,14.0,-73.41459256395483,-73.3846595677025,301.07452119059263,-73.40940268094084
9,0,inverse_num_params,subsample,15.0,-73.41537714637036,-73.3785236956472,245.79365091869155,-73.40817516422206
9,0,inverse_num_params,subsample,16.0,-73.41909121038917,-73.3785236956472,-200.8463971124582,-73.39308391168437
9,0,inverse_num_params,subsample,17.0,-73.42008928783315,-73.3785236956472,59.55811598609605,-73.40770027445258
9,0,inverse_num_params,subsample,18.0,-73.41537714637036,-73.3846595677025,-384.4191746351802,-73.3865505139822
9,0,inverse_num_params,subsample,19.0,-73.41895723662142,-73.38759063175543,-242.75460183426677,-73.39291083693543
9,0,inverse_num_params,subsample,20.0,-73.42008928783315,-73.38759063175543,-184.90749011982552,-73.39297904591501
9,0,inverse_num_params,subsample,21.0,-73.41895723662142,-73.3785236956472,-191.39950106846564,-73.39471352153294
9,0,inverse_num_params,subsample,22.0,-73.42008928783315,-73.3846595677025,-476.59802774222095,-73.38506938984986
9,0,inverse_num_params,subsample,23.0,-73.41909121038917,-73.3846595677025,-899.4131937402327,-73.36848515697973
9,0,inverse_num_params,subsample,24.0,-73.42008928783315,-73.3846595677025,-279.08762628298484,-73.39011877085035
9,0,inverse_num_params,subsample,25.0,-73.42008928783315,-73.3785236956472,-152.9635383084511,-73.39510886645118
9,0,inverse_num_params,subsample,26.0,-73.41909121038917,-73.3785236956472,230.44365743007313,-73.4076634643811
9,0,inverse_num_params,subsample,27.0,-73.41537714637036,-73.3785236956472,314.9935310947806,-73.41217657872468
9,0,inverse_num_params,subsample,28.0,-73.42008928783315,-73.3785236956472,-68.7767337022784,-73.3987391999251
9,0,inverse_num_params,subsample,29.0,-73.42008928783315,-73.38759063175543,-86.84665758298928,-73.39750611209814
9,0,inverse_num_params,subsample,30.0,-73.41537714637036,-73.3785236956472,54.58304590553342,-73.40183946341469
9,0,inverse_num_params,subsample,31.0,-73.41537714637036,-73.38759063175543,127.35739378195477,-73.40499565981904
9,0,inverse_num_params,subsample,32.0,-73.41909121038917,-73.3785236956472,-415.83064673721924,-73.3833535663599
9,0,inverse_num_params,subsample,33.0,-73.41459256395483,-73.3785236956472,135.58130573860265,-73.40330719931052
9,0,inverse_num_params,subsample,34.0,-73.42008928783315,-73.38759063175543,-300.59010050500393,-73.39193534892078
9,0,inverse_num_params,subsample,35.0,-73.42008928783315,-73.3846595677025,-855.433957774915,-73.36977070291103
9,0,inverse_num_params,subsample,36.0,-73.42008928783315,-73.3846595677025,-84.42628527854559,-73.40097304756908
9,0,inverse_num_params,subsample,37.0,-73.42008928783315,-73.38785638085518,-107.85392973027147,-73.39884366406176
9,0,inverse_num_params,subsample,38.0,-73.41909121038917,-73.3785236956472,145.3923917440988,-73.40363944276685
9,0,inverse_num_params,subsample,39.0,-73.41909121038917,-73.38796573336612,8.269561017759798,-73.40670499234147
9,0,inverse_num_params,subsample,40.0,-73.42008928783315,-73.3846595677025,-267.86377633309854,-73.39136811968253
9,0,inverse_num_params,subsample,41.0,-73.41909121038917,-73.3846595677025,-562.69331964776,-73.3807881790319
9,0,inverse_num_params,subsample,42.0,-73.41909121038917,-73.38759063175543,28.524454912640874,-73.40258025470536
9,0,inverse_num_params,subsample,43.0,-73.41909121038917,-73.3785236956472,-330.1238708075492,-73.39003776120214
9,0,inverse_num_params,subsample,44.0,-73.42008928783315,-73.3846595677025,-333.64809704803423,-73.38966155500269
9,0,inverse_num_params,subsample,45.0,-73.41909121038917,-73.3785236956472,-151.28821965621134,-73.39607549697307
9,0,inverse_num_params,subsample,46.0,-73.42008928783315,-73.3785236956472,-126.51276619018226,-73.3964286941313
9,0,inverse_num_params,subsample,47.0,-73.42008928783315,-73.3846595677025,-345.1596047837033,-73.38935036195987
9,0,inverse_num_params,subsample,48.0,-73.42008928783315,-73.3785236956472,-120.5227029910874,-73.39560380072045
9,0,inverse_num_params,subsample,49.0,-73.42008928783315,-73.3785236956472,-3.705999132734991,-73.40461549142726
9,0,inverse_num_params,subsample,50.0,-73.41895723662142,-73.3785236956472,-296.0540961155738,-73.38622770641159
9,0,inverse_num_params,subsample,51.0,-73.42008928783315,-73.38796573336612,-133.98780881495966,-73.39543184891541
9,0,inverse_num_params,subsample,52.0,-73.42008928783315,-73.38759063175543,-119.75559582246647,-73.39809803307821
9,0,inverse_num_params,subsample,53.0,-73.42008928783315,-73.39056822117706,-99.93027448231031,-73.39886166728016
9,0,inverse_num_params,subsample,54.0,-73.41537714637036,-73.3785236956472,450.3413384655827,-73.41616758536942
9,0,inverse_num_params,subsample,55.0,-73.42008928783315,-73.3785236956472,-27.798355342372894,-73.39857288541302
9,0,inverse_num_params,subsample,56.0,-73.41459256395483,-73.38785638085518,-92.23733264403,-73.39585704112395
9,0,inverse_num_params,subsample,57.0,-73.41909121038917,-73.3846595677025,-217.1987899686504,-73.39437689184247
9,0,inverse_num_params,subsample,58.0,-73.42008928783315,-73.3846595677025,-72.00400695594807,-73.3982542718535
9,0,inverse_num_params,subsample,59.0,-73.41895723662142,-73.3785236956472,85.52367607493255,-73.40518541066106
9,0,inverse_num_params,subsample,60.0,-73.41895723662142,-73.3785236956472,-308.8308323150489,-73.38960377573648
9,0,inverse_num_params,subsample,61.0,-73.41909121038917,-73.3785236956472,-113.84701396275162,-73.3942277923819
9,0,inverse_num_params,subsample,62.0,-73.41909121038917,-73.38759063175543,-108.63427754572028,-73.39728283659879
9,0,inverse_num_params,subsample,63.0,-73.41537714637036,-73.3846595677025,35.62976697684931,-73.40268096773259
9,0,inverse_num_params,subsample,64.0,-73.42008928783315,-73.3785236956472,-289.7392117426902,-73.38751071659134
9,0,inverse_num_params,subsample,65.0,-73.42008928783315,-73.3785236956472,-47.2616903550369,-73.39844708910522
9,0,inverse_num_params,subsample,66.0,-73.41895723662142,-73.3785236956472,-139.3740725537696,-73.39587511519582
9,0,inverse_num_params,subsample,67.0,-73.41909121038917,-73.38759063175543,16.260493790593554,-73.40209264789857
9,0,inverse_num_params,subsample,68.0,-73.42008928783315,-73.38759063175543,-269.46605019048,-73.39020219650983
9,0,inverse_num_params,subsample,69.0,-73.42008928783315,-73.3785236956472,-195.86323921122698,-73.39217131778184
9,0,inverse_num_params,subsample,70.0,-73.42008928783315,-73.39029807471161,-228.49688682611054,-73.39748897254279
9,0,inverse_num_params,subsample,71.0,-73.41895723662142,-73.38759063175543,-88.28635634753238,-73.39709787017199
9,0,inverse_num_params,subsample,72.0,-73.41909121038917,-73.3785236956472,-212.59881603349248,-73.39345386051215
9,0,inverse_num_params,subsample,73.0,-73.41909121038917,-73.3785236956472,207.95640992746073,-73.40818697860007
9,0,inverse_num_params,subsample,74.0,-73.42008928783315,-73.38759063175543,-57.226512827860226,-73.40291421317308
9,0,inverse_num_params,subsample,75.0,-73.41909121038917,-73.38785638085518,-296.6305115922907,-73.39226379374124
9,0,inverse_num_params,subsample,76.0,-73.41459256395483,-73.3785236956472,-106.15153771387517,-73.39976950581338
9,0,inverse_num_params,subsample,77.0,-73.42008928783315,-73.38759063175543,-105.66158941449733,-73.40047938372795
9,0,inverse_num_params,subsample,78.0,-73.42008928783315,-73.3785236956472,-17.72603569463622,-73.40553752905943
9,0,inverse_num_params,subsample,79.0,-73.42008928783315,-73.3785236956472,-302.6840719173005,-73.38984656056655
9,0,inverse_num_params,subsample,80.0,-73.42008928783315,-73.3846595677025,-400.49836106730925,-73.38302985909202
9,0,inverse_num_params,subsample,81.0,-73.42008928783315,-73.3846595677025,-596.9392722593218,-73.37995702563546
9,0,inverse_num_params,subsample,82.0,-73.41537714637036,-73.3846595677025,-194.7483980707225,-73.39217150513491
9,0,inverse_num_params,subsample,83.0,-73.41895723662142,-73.3846595677025,-473.7533899630827,-73.38297050235994
9,0,inverse_num_params,subsample,84.0,-73.42008928783315,-73.3846595677025,-335.83648535027726,-73.38856167402596
9,0,inverse_num_params,subsample,85.0,-73.41909121038917,-73.3785236956472,-164.506962694598,-73.3930605209314
9,0,inverse_num_params,subsample,86.0,-73.42008928783315,-73.3785236956472,-208.75586115830683,-73.39375710768338
9,0,inverse_num_params,subsample,87.0,-73.41895723662142,-73.3785236956472,126.37723203233467,-73.40633482449034
9,0,inverse_num_params,subsample,88.0,-73.42008928783315,-73.3785236956472,-407.259768745472,-73.38716593594145
9,0,inverse_num_params,subsample,89.0,-73.42008928783315,-73.3785236956472,-251.52452571487035,-73.39177525929829
9,0,inverse_num_params,subsample,90.0,-73.41909121038917,-73.3785236956472,3.708115041767727,-73.3992524401094
9,0,inverse_num_params,subsample,91.0,-73.42008928783315,-73.38759063175543,-181.39368094540944,-73.397669273511
9,0,inverse_num_params,subsample,92.0,-73.41895723662142,-73.3785236956472,-208.9015857067673,-73.39365048260254
9,0,inverse_num_params,subsample,93.0,-73.41895723662142,-73.3785236956472,-227.7555321674203,-73.39224258910758
9,0,inverse_num_params,subsample,94.0,-73.41909121038917,-73.38785638085518,10.831123607142167,-73.40697630571321
9,0,inverse_num_params,subsample,95.0,-73.41459256395483,-73.3785236956472,-146.5716708607363,-73.3933183206097
9,0,inverse_num_params,subsample,96.0,-73.41909121038917,-73.38759063175543,-247.93305399031578,-73.39278686368179
9,0,inverse_num_params,subsample,97.0,-73.41459256395483,-73.3846595677025,-206.1249997427167,-73.39162527830888
9,0,inverse_num_params,subsample,98.0,-73.41909121038917,-73.3846595677025,153.4322086045764,-73.40976471127155
9,0,inverse_num_params,subsample,99.0,-73.4128684463333,-73.3785236956472,-73.3970092840589,-73.39357703935684
9,1,variance,global,,-73.03492042768306,-73.01688654080908,0.12715451316324247,-73.03255306191099
9,1,variance,subsample,0.0,-73.03366312524142,-73.01747095777665,0.16979643218499735,-73.03235851664436
9,1,variance,subsample,1.0,-73.03492042768306,-73.01747095777665,0.15981350138788078,-73.03574366299806
9,1,variance,subsample,2.0,-73.03454372142915,-73.01747095777665,0.34497104854649585,-73.03909223310502
9,1,variance,subsample,3.0,-73.03300422928675,-73.01688654080908,0.3333762466544534,-73.03281740969992
9,1,variance,subsample,4.0,-73.03492042768306,-73.01688654080908,0.1708243748731033,-73.03467580623557
9,1,variance,subsample,5.0,-73.03346635156348,-73.01688654080908,0.3825617774886152,-73.0390884357155
9,1,variance,subsample,6.0,-73.03492042768306,-73.01688654080908,0.05500912133730679,-73.0294091073262
9,1,variance,subsample,7.0,-73.03492042768306,-73.01688654080908,0.2336458592970296,-73.03457184586205
9,1,variance,subsample,8.0,-73.03492042768306,-73.01747095777665,0.0023412418459840406,-73.02665140338804
9,1,variance,subsample,9.0,-73.03454372142915,-73.01747095777665,0.14851507067967146,-73.03083233999476
9,1,variance,subsample,10.0,-73.03492042768306,-73.01747095777665,-0.011728004242810659,-73.02775802561077
9,1,variance,subsample,11.0,-73.03454372142915,-73.01688654080908,0.3949001357475641,-73.03971026089641
9,1,variance,subsample,12.0,-73.03366312524142,-73.01688654080908,0.30416652149050816,-73.03757852303535
9,1,variance,subsample,13.0,-73.03492042768306,-73.01688654080908,0.03357443362635506,-73.02503824968419
9,1,variance,subsample,14.0,-73.03492042768306,-73.02577794686009,-0.25519277296786186,-73.02332085294421
9,1,variance,subsample,15.0,-73.03454372142915,-73.01688654080908,0.44846774586166627,-73.04115878184788
9,1,variance,subsample,16.0,-73.03346635156348,-73.01747095777665,0.1617689009826926,-73.03192517051278
9,1,variance,subsample,17.0,-73.03492042768306,-73.02577794686009,-0.25519277296678267,-73.02332085294425
9,1,variance,subsample,18.0,-73.03346635156348,-73.01688654080908,0.40492010492308145,-73.03982747772818
9,1,variance,subsample,19.0,-73.03346635156348,-73.01688654080908,0.15262418724378338,-73.03133213096348
9,1,variance,subsample,20.0,-73.03492042768306,-73.02577794686009,-0.23985154881719287,-73.02407894314496
9,1,variance,subsample,21.0,-73.03454372142915,-73.01688654080908,0.36734272414584324,-73.03909305219547
9,1,variance,subsample,22.0,-73.03492042768306,-73.02577794686009,-0.24258285926840895,-73.02310381954481
9,1,variance,subsample,23.0,-73.03366312524142,-73.01688654080908,0.30502995130736044,-73.03724703524875
9,1,variance,subsample,24.0,-73.03492042768306,-73.01747095777665,0.12460189066492434,-73.03365471535568
9,1,variance,subsample,25.0,-73.03454372142915,-73.02577794686009,-0.17444554431443798,-73.02744104590246
9,1,variance,subsample,26.0,-73.03366312524142,-73.02577794686009,-0.1414480580533401,-73.02718961662225
9,1,variance,subsample,27.0,-73.03492042768306,-73.01747095777665,0.15109440515265563,-73.03343239604429
9,1,variance,subsample,28.0,-73.03346635156348,-73.01688654080908,0.15262418724360377,-73.03133213096343
9,1,variance,subsample,29.0,-73.03366312524142,-73.01747095777665,0.16979643218560614,-73.03235851664436
9,1,variance,subsample,30.0,-73.03492042768306,-73.02577794686009,-0.2551927729665837,-73.02332085294421
9,1,variance,subsample,31.0,-73.03366312524142,-73.01747095777665,0.30320942568449333,-73.03772122639633
9,1,variance,subsample,32.0,-73.03492042768306,-73.01688654080908,-0.06797298050684522,-73.02567990622423
9,1,variance,subsample,33.0,-73.03454372142915,-73.01688654080908,0.36211492301999276,-73.03850155327046
9,1,variance,subsample,34.0,-73.03454372142915,-73.01688654080908,0.3949001357454155,-73.03971026089637
9,1,variance,subsample,35.0,-73.03492042768306,-73.01747095777665,0.0617769730210455,-73.03100174492472
9,1,variance,subsample,36.0,-73.03366312524142,-73.01688654080908,0.4723206485545818,-73.03915829220229
9,1,variance,subsample,37.0,-73.03492042768306,-73.01747095777665,-0.0400282054516171,-73.02642193196196
9,1,variance,subsample,38.0,-73.03492042768306,-73.02577794686009,-0.14489914034433776,-73.02786676077396
9,1,variance,subsample,39.0,-73.03300422928675,-73.01688654080908,0.3333762466533564,-73.03281740969987
9,1,variance,subsample,40.0,-73.03492042768306,-73.01688654080908,0.1708243748731033,-73.03467580623557
9,1,variance,subsample,41.0,-73.03454372142915,-73.02577794686009,-0.199361923680404,-73.02635347108921
9,1,variance,subsample,42.0,-73.03492042768306,-73.02577794686009,-0.14807498701456753,-73.02765211207559
9,1,variance,subsample,43.0,-73.03366312524142,-73.01688654080908,0.37127784544488707,-73.03446966892392
9,1,variance,subsample,44.0,-73.03346635156348,-73.01688654080908,0.15262418724378338,-73.03133213096348
9,1,variance,subsample,45.0,-73.03454372142915,-73.01688654080908,0.3621149230195624,-73.0385015532704
9,1,variance,subsample,46.0,-73.03492042768306,-73.01747095777665,0.18416115234792865,-73.03668894569367
9,1,variance,subsample,47.0,-73.03454372142915,-73.02577794686009,-0.19002106508736227,-73.02841214590697
9,1,variance,subsample,48.0,-73.03492042768306,-73.02812854579523,-0.09171667475524803,-73.0295033746301
9,1,variance,subsample,49.0,-73.03492042768306,-73.01688654080908,0.25814997858891414,-73.03574985331899
9,1,variance,subsample,50.0,-73.03492042768306,-73.01688654080908,-0.0357623640047562,-73.02529838455841
9,1,variance,subsample,51.0,-73.03492042768306,-73.01688654080908,0.13089378948218872,-73.03454117873966
9,1,variance,subsample,52.0,-73.03366312524142,-73.01747095777665,0.31271146025378044,-73.03369279848283
9,1,variance,subsample,53.0,-73.03492042768306,-73.02577794686009,-0.24258285926820242,-73.02310381954483
9,1,variance,subsample,54.0,-73.03454372142915,-73.01688654080908,0.2721948057518591,-73.0384304596985
9,1,variance,subsample,55.0,-73.03346635156348,-73.01688654080908,0.15262418724263038,-73.03133213096343
9,1,variance,subsample,56.0,-73.03492042768306,-73.02577794686009,-0.12137763116853607,-73.02927941725491
9,1,variance,subsample,57.0,-73.03366312524142,-73.02577794686009,-0.11400043612249372,-73.02932697628229
9,1,variance,subsample,58.0,-73.03366312524142,-73.02577794686009,-0.11400043612099585,-73.02932697628236
9,1,variance,subsample,59.0,-73.03366312524142,-73.01688654080908,0.4834286342520354,-73.03963532646286
9,1,variance,subsample,60.0,-73.03492042768306,-73.01747095777665,0.07368064200941944,-73.03000590274645
9,1,variance,subsample,61.0,-73.03454372142915,-73.01688654080908,0.01784676350728756,-73.02824560172688
9,1,variance,subsample,62.0,-73.03492042768306,-73.02577794686009,-0.23985154881711301,-73.02407894314494
9,1,variance,subsample,63.0,-73.03454372142915,-73.01688654080908,0.5403813891088415,-73.04468426951534
9,1,variance,subsample,64.0,-73.03492042768306,-73.02577794686009,-0.160705948341645,-73.02790148441863
9,1,variance,subsample,65.0,-73.03454372142915,-73.01688654080908,0.44846774586034693,-73.04115878184784
9,1,variance,subsample,66.0,-73.03346635156348,-73.01688654080908,0.07468377078567523,-73.02825733164106
9,1,variance,subsample,67.0,-73.03366312524142,-73.02812854579523,0.005713782831988182,-73.03219281562862
9,1,variance,subsample,68.0,-73.03454372142915,-73.01747095777665,0.20901038878875067,-73.03345290295421
9,1,variance,subsample,69.0,-73.03492042768306,-73.02812854579523,-0.10057081184180708,-73.02962742914052
9,1,variance,subsample,70.0,-73.03492042768306,-73.02577794686009,-0.2551927729670618,-73.02332085294424
9,1,variance,subsample,71.0,-73.03492042768306,-73.01747095777665,0.06177697301955294,-73.0310017449247
9,1,variance,subsample,72.0,-73.03454372142915,-73.02577794686009,-0.17444554431448708,-73.02744104590245
9,1,variance,subsample,73.0,-73.03366312524142,-73.01688654080908,0.16046893815003613,-73.03174798501803
9,1,variance,subsample,74.0,-73.03492042768306,-73.01688654080908,0.4979463582879919,-73.04802888584197
9,1,variance,subsample,75.0,-73.03492042768306,-73.01688654080908,0.49794635828841083,-73.04802888584193
9,1,variance,subsample,76.0,-73.03346635156348,-73.01747095777665,0.2802691288890445,-73.03675961422361
9,1,variance,subsample,77.0,-73.03454372142915,-73.01747095777665,0.36655250088248226,-73.03950076647672
9,1,variance,subsample,78.0,-73.03346635156348,-73.01747095777665,0.28026912888936223,-73.03675961422357
9,1,variance,subsample,79.0,-73.03300422928675,-73.01688654080908,0.33337624665342414,-73.03281740969986
9,1,variance,subsample,80.0,-73.03366312524142,-73.01747095777665,0.16979643218499735,-73.03235851664436
9,1,variance,subsample,81.0,-73.03454372142915,-73.02577794686009,-0.17203598168373413,-73.02761842007892
9,1,variance,subsample,82.0,-73.03366312524142,-73.01688654080908,0.41730330588105014,-73.04062571725758
9,1,variance,subsample,83.0,-73.03300422928675,-73.01747095777665,0.3054067328272862,-73.03327252379135
9,1,variance,subsample,84.0,-73.03492042768306,-73.02577794686009,-0.14807498701571628,-73.02765211207559
9,1,variance,subsample,85.0,-73.03366312524142,-73.01688654080908,0.41184192389600927,-73.03543520349395
9,1,variance,subsample,86.0,-73.03492042768306,-73.02577794686009,-0.16361132523024108,-73.02770246334832
9,1,variance,subsample,87.0,-73.03454372142915,-73.01747095777665,0.3469288840202764,-73.04123715692647
9,1,variance,subsample,88.0,-73.03492042768306,-73.01688654080908,-0.06797298050582584,-73.02567990622427
9,1,variance,subsample,89.0,-73.03346635156348,-73.01688654080908,0.15262418724279345,-73.03133213096342
9,1,variance,subsample,90.0,-73.03366312524142,-73.02577794686009,0.08310115607396244,-73.03135503875524
9,1,variance,subsample,91.0,-73.03454372142915,-73.01747095777665,0.2000122369073847,-73.03299391157937
9,1,variance,subsample,92.0,-73.03454372142915,-73.02812854579523,-0.08024918949038916,-73.0300542626232
9,1,variance,subsample,93.0,-73.03366312524142,-73.01688654080908,0.5264927940652051,-73.04007025572685
9,1,variance,subsample,94.0,-73.03492042768306,-73.01688654080908,0.17082437487388819,-73.03467580623561
9,1,variance,subsample,95.0,-73.03454372142915,-73.02812854579523,-0.06602484826428487,-73.03059680387092
9,1,variance,subsample,96.0,-73.03454372142915,-73.01688654080908,1.4697040409519397,-73.08745028607954
9,1,variance,subsample,97.0,-73.03454372142915,-73.01747095777665,0.34497104854531424,-73.03909223310501
9,1,variance,subsample,98.0,-73.03492042768306,-73.02577794686009,-0.23985154881719287,-73.02407894314496
9,1,variance,subsample,99.0,-73.03454372142915,-73.01688654080908,0.017846763508387143,-73.02824560172691
9,1,inverse_num_params,global,,-73.03492042768306,-73.01688654080908,-161.05556213049167,-73.02202148134243
9,1,inverse_num_params,subsample,0.0,-73.03366312524142,-73.01688654080908,311.2156911606197,-73.03993994053444
9,1,inverse_num_params,subsample,1.0,-73.03492042768306,-73.01747095777665,-395.35962073799016,-73.01455680706607
9,1,inverse_num_params,subsample,2.0,-73.03454372142915,-73.01688654080908,-319.16201872119177,-73.01090257121523
9,1,inverse_num_params,subsample,3.0,-73.03454372142915,-73.02577794686009,-56.146870311686136,-73.02922735052795
9,1,inverse_num_params,subsample,4.0,-73.03492042768306,-73.01747095777665,-670.7374487892893,-73.00713463178752
9,1,inverse_num_params,subsample,5.0,-73.03492042768306,-73.03300422928675,-73.67879776065485,-73.03115146957111
9,1,inverse_num_params,subsample,6.0,-73.03300422928675,-73.01688654080908,494.4864467659812,-73.04537878862628
9,1,inverse_num_params,subsample,7.0,-73.03492042768306,-73.03300422928675,-22.03050766673846,-73.0329757643959
9,1,inverse_num_params,subsample,8.0,-73.03454372142915,-73.01747095777665,-275.216735954273,-73.0153895181836
9,1,inverse_num_params,subsample,9.0,-73.03492042768306,-73.01688654080908,-1123.8617190724121,-72.97997217140453
9,1,inverse_num_params,subsample,10.0,-73.03492042768306,-73.03300422928675,-73.67879776175965,-73.03115146957107
9,1,inverse_num_params,subsample,11.0,-73.03454372142915,-73.01688654080908,-205.44675389641034,-73.01682402403073
9,1,inverse_num_params,subsample,12.0,-73.03492042768306,-73.01688654080908,-154.35406711703004,-73.02053508236386
9,1,inverse_num_params,subsample,13.0,-73.03454372142915,-73.01747095777665,-275.2167359543446,-73.01538951818361
9,1,inverse_num_params,subsample,14.0,-73.03300422928675,-73.01688654080908,494.4864467680232,-73.04537878862641
9,1,inverse_num_params,subsample,15.0,-73.03492042768306,-73.02812854579523,205.12012614218787,-73.0398040513877
9,1,inverse_num_params,subsample,16.0,-73.03492042768306,-73.03346635156348,-16.512573509083044,-73.03337558700889
9,1,inverse_num_params,subsample,17.0,-73.03492042768306,-73.02577794686009,187.2652998686372,-73.03911004299339
9,1,inverse_num_params,subsample,18.0,-73.03492042768306,-73.01688654080908,-637.6321171721298,-73.00036700875964
9,1,inverse_num_params,subsample,19.0,-73.03366312524142,-73.01688654080908,-650.1831966960373,-72.9994013798518
9,1,inverse_num_params,subsample,20.0,-73.03366312524142,-73.01747095777665,-631.2385915613761,-73.00524066758567
9,1,inverse_num_params,subsample,21.0,-73.03492042768306,-73.01747095777665,-800.0617823327912,-73.00444017154854
9,1,inverse_num_params,subsample,22.0,-73.03366312524142,-73.01688654080908,-1894.937650215006,-72.94726223051141
9,1,inverse_num_params,subsample,23.0,-73.03492042768306,-73.03300422928675,-22.030507666891445,-73.0329757643959
9,1,inverse_num_params,subsample,24.0,-73.03492042768306,-73.03300422928675,-73.67879776017733,-73.03115146957113
9,1,inverse_num_params,subsample,25.0,-73.03454372142915,-73.01688654080908,-180.72837678623637,-73.01895400131644
9,1,inverse_num_params,subsample,26.0,-73.03366312524142,-73.01747095777665,-340.1983162378495,-73.01629942825643
9,1,inverse_num_params,subsample,27.0,-73.03454372142915,-73.01688654080908,-326.57475631277003,-73.00979576964292
9,1,inverse_num_params,subsample,28.0,-73.03454372142915,-73.01747095777665,-179.6439974381833,-73.02202233730046
9,1,inverse_num_params,subsample,29.0,-73.03492042768306,-73.01688654080908,-179.606195800215,-73.0210656179552
9,1,inverse_num_params,subsample,30.0,-73.03346635156348,-73.01688654080908,476.75357700965,-73.0442339828653
9,1,inverse_num_params,subsample,31.0,-73.03492042768306,-73.01747095777665,-686.095701284894,-73.00049188912406
9,1,inverse_num_params,subsample,32.0,-73.03492042768306,-73.01688654080908,237.15200547969323,-73.03856365408494
9,1,inverse_num_params,subsample,33.0,-73.03454372142915,-73.01688654080908,-135.61982089335294,-73.02137612674417
9,1,inverse_num_params,subsample,34.0,-73.03492042768306,-73.03300422928675,-22.86675146041489,-73.0329665172013
9,1,inverse_num_params,subsample,35.0,-73.03366312524142,-73.01688654080908,-447.00969893098403,-73.00968733435981
9,1,inverse_num_params,subsample,36.0,-73.03492042768306,-73.01688654080908,-179.60619580085142,-73.02106561795514
9,1,inverse_num_params,subsample,37.0,-73.03346635156348,-73.01688654080908,18.489210211374694,-73.02462392487001
9,1,inverse_num_params,subsample,38.0,-73.03492042768306,-73.01688654080908,-154.35406711648986,-73.02053508236389
9,1,inverse_num_params,subsample,39.0,-73.03492042768306,-73.01747095777665,-931.8118659641883,-72.9932259693726
9,1,inverse_num_params,subsample,40.0,-73.03492042768306,-73.01688654080908,-637.6321171714771,-73.00036700875964
9,1,inverse_num_params,subsample,41.0,-73.03454372142915,-73.01688654080908,-205.44675389573507,-73.01682402403073
9,1,inverse_num_params,subsample,42.0,-73.03492042768306,-73.01688654080908,-1150.2150701282033,-72.98069396846702
9,1,inverse_num_params,subsample,43.0,-73.03492042768306,-73.02812854579523,-48.4793292172304,-73.03033929097231
9,1,inverse_num_params,subsample,44.0,-73.03346635156348,-73.02577794686009,425.6063573536695,-73.04555679776847
9,1,inverse_num_params,subsample,45.0,-73.03366312524142,-73.01688654080908,-447.0096989307831,-73.00968733435982
9,1,inverse_num_params,subsample,46.0,-73.03454372142915,-73.01688654080908,-319.16201872090744,-73.01090257121524
9,1,inverse_num_params,subsample,47.0,-73.03366312524142,-73.01747095777665,-631.2385915639992,-73.0052406675856
9,1,inverse_num_params,subsample,48.0,-73.03492042768306,-73.02812854579523,-28.007117846604647,-73.03143318964317
9,1,inverse_num_params,subsample,49.0,-73.03366312524142,-73.02812854579523,212.97085330198698,-73.03983257228106
9,1,inverse_num_params,subsample,50.0,-73.03366312524142,-73.02577794686009,276.47777208427254,-73.04131731803288
9,1,inverse_num_params,subsample,51.0,-73.03492042768306,-73.02577794686009,271.2988849189693,-73.04137256428648
9,1,inverse_num_params,subsample,52.0,-73.03492042768306,-73.03300422928675,-22.030507666208894,-73.03297576439594
9,1,inverse_num_params,subsample,53.0,-73.03492042768306,-73.02577794686009,-128.4754570405888,-73.02430242168424
9,1,inverse_num_params,subsample,54.0,-73.03346635156348,-73.01688654080908,598.9560075955937,-73.04939176166381
9,1,inverse_num_params,subsample,55.0,-73.03492042768306,-73.02812854579523,169.09471107504558,-73.03905709520483
9,1,inverse_num_params,subsample,56.0,-73.03454372142915,-73.01747095777665,-208.8435312557058,-73.02039801126001
9,1,inverse_num_params,subsample,57.0,-73.03492042768306,-73.01688654080908,-6640.162311103221,-72.75826098162081
9,1,inverse_num_params,subsample,58.0,-73.03492042768306,-73.02812854579523,169.09471107604864,-73.03905709520484
9,1,inverse_num_params,subsample,59.0,-73.03454372142915,-73.01688654080908,-319.1620187212334,-73.01090257121521
9,1,inverse_num_params,subsample,60.0,-73.03454372142915,-73.03300422928675,-26.26297000871189,-73.0324938818666
9,1,inverse_num_params,subsample,61.0,-73.03492042768306,-73.01688654080908,-870.8678380731811,-72.99362380152522
9,1,inverse_num_params,subsample,62.0,-73.03492042768306,-73.02812854579523,-48.479329217204665,-73.03033929097232
9,1,inverse_num_params,subsample,63.0,-73.03366312524142,-73.01688654080908,-653.5039468063264,-72.99926391016957
9,1,inverse_num_params,subsample,64.0,-73.03454372142915,-73.01747095777665,-153.62662124372554,-73.02333836204029
9,1,inverse_num_params,subsample,65.0,-73.03366312524142,-73.01747095777665,-690.010662796826,-72.99983856300865
9,1,inverse_num_params,subsample,66.0,-73.03492042768306,-73.01747095777665,-670.7374487895147,-73.0071346317875
9,1,inverse_num_params,subsample,67.0,-73.03346635156348,-73.01688654080908,202.73170180401652,-73.0301935045169
9,1,inverse_num_params,subsample,68.0,-73.03492042768306,-73.01747095777665,-670.7374487884894,-73.00713463178754
9,1,inverse_num_params,subsample,69.0,-73.03454372142915,-73.02577794686009,-44.65471728988619,-73.02970562902419
9,1,inverse_num_params,subsample,70.0,-73.03492042768306,-73.01747095777665,-267.60738170146055,-73.01578696757201
9,1,inverse_num_params,subsample,71.0,-73.03492042768306,-73.02577794686009,187.26529987027686,-73.03911004299346
9,1,inverse_num_params,subsample,72.0,-73.03366312524142,-73.01747095777665,-643.7699250875547,-73.0088859476099
9,1,inverse_num_params,subsample,73.0,-73.03366312524142,-73.01688654080908,-650.1831966956462,-72.99940137985179
9,1,inverse_num_params,subsample,74.0,-73.03492042768306,-73.01747095777665,-685.8635591827805,-73.00381959412483
9,1,inverse_num_params,subsample,75.0,-73.03366312524142,-73.01688654080908,529.7920094382504,-73.04775646835759
9,1,inverse_num_params,subsample,76.0,-73.03492042768306,-73.02577794686009,271.29888491956535,-73.0413725642865
9,1,inverse_num_params,subsample,77.0,-73.03366312524142,-73.01688654080908,278.244566472291,-73.03889219976358
9,1,inverse_num_params,subsample,78.0,-73.03366312524142,-73.01688654080908,311.2156911604,-73.03993994053442
9,1,inverse_num_params,subsample,79.0,-73.03492042768306,-73.02577794686009,952.9471535554053,-73.07052839611752
9,1,inverse_num_params,subsample,80.0,-73.03454372142915,-73.01747095777665,-187.6846875273997,-73.01972967917837
9,1,inverse_num_params,subsample,81.0,-73.03492042768306,-73.02577794686009,952.9471535560218,-73.0705283961175
9,1,inverse_num_params,subsample,82.0,-73.03366312524142,-73.01688654080908,-142.1979604916838,-73.02058723085246
9,1,inverse_num_params,subsample,83.0,-73.03454372142915,-73.01688654080908,-326.5747563128418,-73.00979576964298
9,1,inverse_num_params,subsample,84.0,-73.03454372142915,-73.01688654080908,-247.95630174127567,-73.01460119962579
9,1,inverse_num_params,subsample,85.0,-73.03454372142915,-73.01688654080908,-205.44675389641034,-73.01682402403073
9,1,inverse_num_params,subsample,86.0,-73.03454372142915,-73.01688654080908,-247.95630174071084,-73.01460119962577
9,1,inverse_num_params,subsample,87.0,-73.03454372142915,-73.03300422928675,-26.262970009566356,-73.03249388186653
9,1,inverse_num_params,subsample,88.0,-73.03492042768306,-73.02577794686009,-65.8613305958458,-73.0289104624918
9,1,inverse_num_params,subsample,89.0,-73.03346635156348,-73.01747095777665,-150.44038464177856,-73.02097715159906
9,1,inverse_num_params,subsample,90.0,-73.03492042768306,-73.01688654080908,-637.6321171721298,-73.00036700875964
9,1,inverse_num_params,subsample,91.0,-73.03454372142915,-73.01747095777665,-279.3737513713748,-73.01485081536796
9,1,inverse_num_params,subsample,92.0,-73.03492042768306,-73.01688654080908,-479.36917532631696,-73.0090067292898
9,1,inverse_num_params,subsample,93.0,-73.03492042768306,-73.01688654080908,513.9029306564139,-73.04682467938238
9,1,inverse_num_params,subsample,94.0,-73.03454372142915,-73.02577794686009,-76.06182607772156,-73.02808713381273
9,1,inverse_num_params,subsample,95.0,-73.03454372142915,-73.03300422928675,-26.262970009115804,-73.03249388186656
9,1,inverse_num_params,subsample,96.0,-73.03492042768306,-73.01747095777665,-686.0957012855224,-73.00049188912406
9,1,inverse_num_params,subsample,97.0,-73.03346635156348,-73.01688654080908,202.73170180443233,-73.03019350451692
9,1,inverse_num_params,subsample,98.0,-73.03492042768306,-73.03300422928675,-22.03050766593068,-73.03297576439596
9,1,inverse_num_params,subsample,99.0,-73.03492042768306,-73.02812854579523,205.12012614087365,-73.03980405138768
