instance,band,scaling,sample_type,sample_index,min_energy,max_energy,slope,intercept
0,0,variance,global,,-16.86229162557492,-16.84700147613425,-0.4456085483267847,-16.85748211491431
0,0,variance,subsample,0.0,-16.86229162557492,-16.84700147613425,-0.9685178151679383,-16.856563030331802
0,0,variance,subsample,1.0,-16.862156009574402,-16.84700147613425,-0.25787083404823685,-16.857543150093598
0,0,variance,subsample,2.0,-16.86229162557492,-16.84700147613425,-0.702869571395169,-16.85635337202428
0,0,variance,subsample,3.0,-16.86229162557492,-16.84700147613425,-0.7679225560056157,-16.855958776673447
0,0,variance,subsample,4.0,-16.862156009574402,-16.855288614416985,17.185852105817588,-16.85971472486518
0,0,variance,subsample,5.0,-16.86229162557492,-16.85500955956761,-0.3568283834368032,-16.8579718623828
0,0,variance,subsample,6.0,-16.861276428774797,-16.85502022568587,27.783207341062713,-16.859130726047407
0,0,variance,subsample,7.0,-16.861276428774797,-16.85500955956761,1.161633070925893,-16.85842073333039
0,0,variance,subsample,8.0,-16.86229162557492,-16.84700147613425,-0.8814879192581702,-16.85704657614006
0,0,variance,subsample,9.0,-16.862156009574402,-16.85502022568587,14.652604446842526,-16.85906994879516
0,0,variance,subsample,10.0,-16.862156009574402,-16.84700147613425,0.7236272898617622,-16.857074454264303
0,0,variance,subsample,11.0,-16.86229162557492,-16.84700147613425,-1.055149606618338,-16.85609681742173
0,0,variance,subsample,12.0,-16.86229162557492,-16.855288614416985,-0.549516432309374,-16.858720483113785
0,0,variance,subsample,13.0,-16.86229162557492,-16.84700147613425,-0.8668910295146472,-16.85711557123191
0,0,variance,subsample,14.0,-16.861276428774797,-16.85500955956761,1.3385143315190606,-16.858957686014165
0,0,variance,subsample,15.0,-16.86229162557492,-16.84700147613425,-0.8914915681178148,-16.85701340458442
0,0,variance,subsample,16.0,-16.86229162557492,-16.857923065887235,-0.37906269219634187,-16.859753311770127
0,0,variance,subsample,17.0,-16.86229162557492,-16.84700147613425,-1.178235004762124,-16.855332606611718
0,0,variance,subsample,18.0,-16.86229162557492,-16.85502022568587,-0.6710213876507075,-16.85810547895934
0,0,variance,subsample,19.0,-16.86229162557492,-16.84700147613425,-0.9736724034002319,-16.856529586908835
0,0,variance,subsample,20.0,-16.86229162557492,-16.855288614416985,-0.5807346026143595,-16.858580703703712
0,0,variance,subsample,21.0,-16.862156009574402,-16.85500955956761,1.5915553159988673,-16.859814263076203
0,0,variance,subsample,22.0,-16.86229162557492,-16.85500955956761,-0.17855223115916036,-16.85886766069022
0,0,variance,subsample,23.0,-16.862156009574402,-16.85500955956761,1.3704055032823494,-16.85899033961503
0,0,variance,subsample,24.0,-16.86075235542591,-16.85500955956761,1.1275589641321726,-16.858544544248634
0,0,variance,subsample,25.0,-16.862156009574402,-16.85500955956761,1.3162855922628685,-16.859056525670255
0,0,variance,subsample,26.0,-16.862156009574402,-16.84700147613425,0.33061569721961614,-16.85727616662752
0,0,variance,subsample,27.0,-16.86229162557492,-16.85502022568587,-0.7011503606418716,-16.857950103757762
0,0,variance,subsample,28.0,-16.86229162557492,-16.85500955956761,-0.5369224580451252,-16.85708895239999
0,0,variance,subsample,29.0,-16.86229162557492,-16.84700147613425,-0.98349564440902,-16.85640660018701
0,0,variance,subsample,30.0,-16.862156009574402,-16.85500955956761,1.0933562950385227,-16.858473132512284
0,0,variance,subsample,31.0,-16.86229162557492,-16.85500955956761,-0.11201963419806422,-16.859217980961912
0,0,variance,subsample,32.0,-16.86229162557492,-16.85500955956761,-0.504856641238678,-16.85724599335819
0,0,variance,subsample,33.0,-16.86229162557492,-16.84700147613425,-0.9741441868980807,-16.856507228179648
0,0,variance,subsample,34.0,-16.86229162557492,-16.84700147613425,-0.5698459476601019,-16.856945544479977
0,0,variance,subsample,35.0,-16.862156009574402,-16.85502022568587,2.6191136374444897,-16.859006367299944
0,0,variance,subsample,36.0,-16.86229162557492,-16.857923065887235,-0.4444572739942124,-16.859423719522248
0,0,variance,subsample,37.0,-16.86075235542591,-16.85500955956761,1.2381910277097519,-16.858674692360896
0,0,variance,subsample,38.0,-16.86229162557492,-16.855288614416985,-0.6176030592813906,-16.85837865546512
0,0,variance,subsample,39.0,-16.86229162557492,-16.84700147613425,-1.027785021567324,-16.85628469301708
0,0,variance,subsample,40.0,-16.86229162557492,-16.84700147613425,-0.8690241927340828,-16.857127991056508
0,0,variance,subsample,41.0,-16.86229162557492,-16.85502022568587,-0.7224971744782029,-16.8579604446082
0,0,variance,subsample,42.0,-16.86229162557492,-16.84700147613425,-0.7824840688691557,-16.85763816223912
0,0,variance,subsample,43.0,-16.861276428774797,-16.84700147613425,0.8653223926830184,-16.857653996836454
0,0,variance,subsample,44.0,-16.862156009574402,-16.85500955956761,1.1312386566198884,-16.858305915125282
0,0,variance,subsample,45.0,-16.86229162557492,-16.84700147613425,-0.8346704328665355,-16.855760784073897
0,0,variance,subsample,46.0,-16.862156009574402,-16.84700147613425,-0.4535991576108137,-16.857288423650772
0,0,variance,subsample,47.0,-16.862156009574402,-16.84700147613425,0.7047438207950706,-16.857025675667863
0,0,variance,subsample,48.0,-16.862156009574402,-16.84700147613425,168.31757939411125,-16.86082305040519
0,0,variance,subsample,49.0,-16.86229162557492,-16.85502022568587,-0.6588269394724026,-16.85839348681599
0,0,variance,subsample,50.0,-16.86229162557492,-16.85500955956761,-0.37165041152616796,-16.857895122231746
0,0,variance,subsample,51.0,-16.862156009574402,-16.85500955956761,1.4192969780213471,-16.859180250426128
0,0,variance,subsample,52.0,-16.86229162557492,-16.85500955956761,-0.374667469938422,-16.857930151571374
0,0,variance,subsample,53.0,-16.862156009574402,-16.85500955956761,1.0843323034654786,-16.858460801377866
0,0,variance,subsample,54.0,-16.86229162557492,-16.85500955956761,-0.1515059650965166,-16.859024522625834
0,0,variance,subsample,55.0,-16.861276428774797,-16.85500955956761,1.1800891034433785,-16.85853194615404
0,0,variance,subsample,56.0,-16.86229162557492,-16.85500955956761,-0.32109842978597813,-16.858106136535593
0,0,variance,subsample,57.0,-16.862156009574402,-16.84700147613425,0.7212548700080844,-16.857184407134717
0,0,variance,subsample,58.0,-16.862156009574402,-16.85500955956761,1.5117188103385402,-16.859613785697743
0,0,variance,subsample,59.0,-16.861276428774797,-16.84700147613425,-0.5594849189946987,-16.857106705596493
0,0,variance,subsample,60.0,-16.862156009574402,-16.84700147613425,-0.28128261139104876,-16.857202587457618
0,0,variance,subsample,61.0,-16.86229162557492,-16.85500955956761,-0.14970428888645873,-16.858922585213403
0,0,variance,subsample,62.0,-16.86229162557492,-16.855288614416985,-0.593516225893405,-16.858654224059364
0,0,variance,subsample,63.0,-16.86229162557492,-16.84700147613425,-0.7544586058457737,-16.856001103346397
0,0,variance,subsample,64.0,-16.86229162557492,-16.855288614416985,-0.4907012180131881,-16.859227643014613
0,0,variance,subsample,65.0,-16.86229162557492,-16.84700147613425,-0.9484253224011776,-16.85664636354068
0,0,variance,subsample,66.0,-16.86229162557492,-16.85500955956761,-0.33360836893566637,-16.858109658830433
0,0,variance,subsample,67.0,-16.862156009574402,-16.84700147613425,105.1123016700109,-16.860537467732293
0,0,variance,subsample,68.0,-16.86229162557492,-16.85500955956761,-0.6265359430040743,-16.856708161555517
0,0,variance,subsample,69.0,-16.862156009574402,-16.85502022568587,86.20211067309197,-16.860340129653196
0,0,variance,subsample,70.0,-16.86229162557492,-16.84700147613425,-0.660361683305866,-16.856487725444122
0,0,variance,subsample,71.0,-16.862156009574402,-16.84700147613425,-0.30086793658892763,-16.856861051927897
0,0,variance,subsample,72.0,-16.86229162557492,-16.84700147613425,-1.0980936525037273,-16.854539177786695
0,0,variance,subsample,73.0,-16.862156009574402,-16.84700147613425,-0.8948969089002734,-16.856442879756056
0,0,variance,subsample,74.0,-16.862156009574402,-16.84700147613425,12.138454670964903,-16.858054880901264
0,0,variance,subsample,75.0,-16.86229162557492,-16.85739171319005,-0.45904433553887963,-16.85957809273751
0,0,variance,subsample,76.0,-16.86229162557492,-16.85502022568587,-0.731559851694061,-16.857812487053717
0,0,variance,subsample,77.0,-16.86229162557492,-16.84700147613425,-0.5944802530152333,-16.856817500101755
0,0,variance,subsample,78.0,-16.86229162557492,-16.85500955956761,-0.22902568126858125,-16.85864988924632
0,0,variance,subsample,79.0,-16.86229162557492,-16.85502022568587,-0.6626329368963917,-16.858250703821064
0,0,variance,subsample,80.0,-16.862156009574402,-16.85502022568587,18.133377104020514,-16.85982796565247
0,0,variance,subsample,81.0,-16.862156009574402,-16.84700147613425,95.03475239652002,-16.859959768047844
0,0,variance,subsample,82.0,-16.86229162557492,-16.84700147613425,-0.8368030054529269,-16.85730974476503
0,0,variance,subsample,83.0,-16.862156009574402,-16.855288614416985,3.4884970512970788,-16.859621776696102
0,0,variance,subsample,84.0,-16.86229162557492,-16.84700147613425,-0.8767955428406945,-16.857098353961014
0,0,variance,subsample,85.0,-16.86229162557492,-16.85502022568587,-0.6757185190907004,-16.858172773849127
0,0,variance,subsample,86.0,-16.86229162557492,-16.855288614416985,-0.6485673293084836,-16.858238621398886
0,0,variance,subsample,87.0,-16.862156009574402,-16.85500955956761,1.511718810338846,-16.85961378569774
0,0,variance,subsample,88.0,-16.86229162557492,-16.857923065887235,-0.5173938141206371,-16.859032392263284
0,0,variance,subsample,89.0,-16.86229162557492,-16.84700147613425,-0.6940264915801132,-16.858155185215107
0,0,variance,subsample,90.0,-16.86229162557492,-16.84700147613425,-0.894911596784981,-16.855490617462234
0,0,variance,subsample,91.0,-16.862156009574402,-16.85500955956761,1.3749303905452097,-16.859050830453448
0,0,variance,subsample,92.0,-16.86229162557492,-16.85500955956761,-0.212343445583323,-16.858642918290997
0,0,variance,subsample,93.0,-16.862156009574402,-16.85502022568587,2.0052624292852004,-16.859380399401545
0,0,variance,subsample,94.0,-16.86229162557492,-16.85502022568587,-0.8384416378365784,-16.85724717232937
0,0,variance,subsample,95.0,-16.861276428774797,-16.85500955956761,1.0683409907887587,-16.85830913326001
0,0,variance,subsample,96.0,-16.86229162557492,-16.85502022568587,-0.6804233575809849,-16.858285674795056
0,0,variance,subsample,97.0,-16.861276428774797,-16.85500955956761,1.1161682462069336,-16.85828400784211
0,0,variance,subsample,98.0,-16.861276428774797,-16.85500955956761,1.2075846218590747,-16.858551481298928
0,0,variance,subsample,99.0,-16.86229162557492,-16.84700147613425,-1.2630768866382942,-16.85504799840153
0,0,inverse_num_params,global,,-16.86229162557492,-16.84700147613425,1.0548631843505567,-16.859433951202444
0,0,inverse_num_params,subsample,0.0,-16.86229162557492,-16.85739171319005,0.2750218554655691,-16.860209434781517
0,0,inverse_num_params,subsample,1.0,-16.86229162557492,-16.85502022568587,0.33143111937101905,-16.859507538270133
0,0,inverse_num_params,subsample,2.0,-16.86229162557492,-16.85500955956761,-0.12709086244858692,-16.8571292027947
0,0,inverse_num_params,subsample,3.0,-16.861276428774797,-16.85500955956761,-0.7381347644476245,-16.85677252273085
0,0,inverse_num_params,subsample,4.0,-16.86229162557492,-16.84700147613425,1.4960714291889663,-16.858793442792408
0,0,inverse_num_params,subsample,5.0,-16.861276428774797,-16.84700147613425,1.5242958217081815,-16.85970016982909
0,0,inverse_num_params,subsample,6.0,-16.86229162557492,-16.85500955956761,0.45690025456152655,-16.85952748670049
0,0,inverse_num_params,subsample,7.0,-16.861276428774797,-16.855288614416985,-0.3744452751125237,-16.857979082289226
0,0,inverse_num_params,subsample,8.0,-16.861276428774797,-16.84700147613425,1.6472502326663478,-16.860856075266113
0,0,inverse_num_params,subsample,9.0,-16.861276428774797,-16.85502022568587,-0.7747080063101853,-16.856646930582052
0,0,inverse_num_params,subsample,10.0,-16.86229162557492,-16.85500955956761,0.3713697577817223,-16.859138346657325
0,0,inverse_num_params,subsample,11.0,-16.861276428774797,-16.85500955956761,-0.7670771605643236,-16.856400061016306
0,0,inverse_num_params,subsample,12.0,-16.86229162557492,-16.85500955956761,0.9154160463629452,-16.861038749606426
0,0,inverse_num_params,subsample,13.0,-16.862156009574402,-16.84700147613425,0.8958427054351149,-16.85760799896837
0,0,inverse_num_params,subsample,14.0,-16.86229162557492,-16.85500955956761,0.48324779882857977,-16.859553701621135
0,0,inverse_num_params,subsample,15.0,-16.86229162557492,-16.85500955956761,0.6919467888134622,-16.860256005953403
0,0,inverse_num_params,subsample,16.0,-16.862156009574402,-16.84700147613425,2.141560983650605,-16.85969341079779
0,0,inverse_num_params,subsample,17.0,-16.86229162557492,-16.84700147613425,4.384627890563999,-16.86239042718126
0,0,inverse_num_params,subsample,18.0,-16.86229162557492,-16.84700147613425,4.335089806907245,-16.862678393006362
0,0,inverse_num_params,subsample,19.0,-16.861276428774797,-16.85502022568587,-0.2600256390007178,-16.858400151827574
0,0,inverse_num_params,subsample,20.0,-16.86229162557492,-16.85500955956761,1.1146720710445714,-16.860017311780425
0,0,inverse_num_params,subsample,21.0,-16.861276428774797,-16.85502022568587,-0.4376390553839044,-16.857868359979552
0,0,inverse_num_params,subsample,22.0,-16.862156009574402,-16.85500955956761,0.052834157666621244,-16.85818367847986
0,0,inverse_num_params,subsample,23.0,-16.861276428774797,-16.85500955956761,-0.7128646292660733,-16.85685006642953
0,0,inverse_num_params,subsample,24.0,-16.86229162557492,-16.85502022568587,0.36379645044175163,-16.859575350522398
0,0,inverse_num_params,subsample,25.0,-16.862156009574402,-16.85500955956761,0.14266263773122817,-16.858673129051652
0,0,inverse_num_params,subsample,26.0,-16.861276428774797,-16.85502022568587,-0.8257644144478117,-16.856555292212345
0,0,inverse_num_params,subsample,27.0,-16.86075235542591,-16.84700147613425,2.06790390874035,-16.859271986245723
0,0,inverse_num_params,subsample,28.0,-16.86229162557492,-16.85500955956761,0.37136975778162445,-16.859138346657332
0,0,inverse_num_params,subsample,29.0,-16.86229162557492,-16.855288614416985,0.26406120679009043,-16.85925671663422
0,0,inverse_num_params,subsample,30.0,-16.861276428774797,-16.85502022568587,-1.4600034301417752,-16.856169186411147
0,0,inverse_num_params,subsample,31.0,-16.861276428774797,-16.84700147613425,1.1907365297444035,-16.859891314077608
0,0,inverse_num_params,subsample,32.0,-16.862156009574402,-16.84700147613425,2.293014715437788,-16.86164354301161
0,0,inverse_num_params,subsample,33.0,-16.861276428774797,-16.855288614416985,-1.079505502830913,-16.856920842723607
0,0,inverse_num_params,subsample,34.0,-16.86229162557492,-16.84700147613425,1.8642495663118928,-16.86147878705434
0,0,inverse_num_params,subsample,35.0,-16.861276428774797,-16.85502022568587,-0.5503662772254941,-16.85739381028936
0,0,inverse_num_params,subsample,36.0,-16.86229162557492,-16.84700147613425,2.4555957121972076,-16.86203996487496
0,0,inverse_num_params,subsample,37.0,-16.859263052907462,-16.84700147613425,1.3861997418677012,-16.857911720824557
0,0,inverse_num_params,subsample,38.0,-16.86229162557492,-16.85502022568587,-0.6310275620777771,-16.85800885981731
0,0,inverse_num_params,subsample,39.0,-16.86229162557492,-16.85500955956761,-1.244012441723739,-16.857447828023073
0,0,inverse_num_params,subsample,40.0,-16.86229162557492,-16.85500955956761,-1.499492723626333,-16.85638015059393
0,0,inverse_num_params,subsample,41.0,-16.862156009574402,-16.84700147613425,2.0926528521317977,-16.860999566310433
0,0,inverse_num_params,subsample,42.0,-16.861276428774797,-16.84700147613425,1.2860647275785815,-16.858981680744805
0,0,inverse_num_params,subsample,43.0,-16.861276428774797,-16.85500955956761,-2.0305949664512966,-16.855820307219457
0,0,inverse_num_params,subsample,44.0,-16.86229162557492,-16.84700147613425,1.9776960208067718,-16.86058782013948
0,0,inverse_num_params,subsample,45.0,-16.86229162557492,-16.85500955956761,-0.33357562375154093,-16.856863446274836
0,0,inverse_num_params,subsample,46.0,-16.862156009574402,-16.85500955956761,-0.7102668020965774,-16.857772799115452
0,0,inverse_num_params,subsample,47.0,-16.86229162557492,-16.84700147613425,1.1118808772154176,-16.859032928538795
0,0,inverse_num_params,subsample,48.0,-16.86229162557492,-16.84700147613425,1.283062447545797,-16.85897301454576
0,0,inverse_num_params,subsample,49.0,-16.862156009574402,-16.84700147613425,2.4431645377780242,-16.8638490836043
0,0,inverse_num_params,subsample,50.0,-16.861276428774797,-16.84700147613425,2.0361488627663857,-16.859770910048788
0,0,inverse_num_params,subsample,51.0,-16.862156009574402,-16.85500955956761,-0.3142093198466407,-16.857952045296617
0,0,inverse_num_params,subsample,52.0,-16.86229162557492,-16.84700147613425,4.628001104241516,-16.86278902331389
0,0,inverse_num_params,subsample,53.0,-16.86075235542591,-16.85500955956761,-0.20108907050405855,-16.857595135118856
0,0,inverse_num_params,subsample,54.0,-16.86229162557492,-16.85500955956761,0.13360523184848866,-16.85943031471365
0,0,inverse_num_params,subsample,55.0,-16.86229162557492,-16.84700147613425,4.776284445836585,-16.86318353950016
0,0,inverse_num_params,subsample,56.0,-16.862156009574402,-16.84700147613425,2.1092700709192993,-16.86198873068943
0,0,inverse_num_params,subsample,57.0,-16.862156009574402,-16.84700147613425,0.9416147708669274,-16.858309668726765
0,0,inverse_num_params,subsample,58.0,-16.86229162557492,-16.855288614416985,-0.06322926933103731,-16.85871695245609
0,0,inverse_num_params,subsample,59.0,-16.861276428774797,-16.84700147613425,0.7850150974437604,-16.858493512659688
0,0,inverse_num_params,subsample,60.0,-16.862156009574402,-16.84700147613425,1.3502404520296463,-16.859028444966526
0,0,inverse_num_params,subsample,61.0,-16.862156009574402,-16.84700147613425,1.937909703623094,-16.860693039536905
0,0,inverse_num_params,subsample,62.0,-16.862156009574402,-16.855288614416985,-0.09158327612535185,-16.858903786137795
0,0,inverse_num_params,subsample,63.0,-16.86229162557492,-16.84700147613425,1.6407026077585825,-16.860533780302706
0,0,inverse_num_params,subsample,64.0,-16.86229162557492,-16.855288614416985,0.2639097176167015,-16.859674857439504
0,0,inverse_num_params,subsample,65.0,-16.86229162557492,-16.84700147613425,2.225831300121177,-16.86130007214445
0,0,inverse_num_params,subsample,66.0,-16.862156009574402,-16.84700147613425,2.792468555819661,-16.861521892873686
0,0,inverse_num_params,subsample,67.0,-16.86075235542591,-16.84700147613425,1.1935446947427943,-16.857552044184974
0,0,inverse_num_params,subsample,68.0,-16.862156009574402,-16.85500955956761,-0.12250281906843577,-16.857304137621945
0,0,inverse_num_params,subsample,69.0,-16.86229162557492,-16.85502022568587,0.14552794249342083,-16.858661329559286
0,0,inverse_num_params,subsample,70.0,-16.859369515946145,-16.84700147613425,1.370515390692123,-16.859490176632903
0,0,inverse_num_params,subsample,71.0,-16.861276428774797,-16.85500955956761,-0.6956130870629417,-16.856668387412288
0,0,inverse_num_params,subsample,72.0,-16.862156009574402,-16.85502022568587,-0.24665258660357858,-16.85757389658032
0,0,inverse_num_params,subsample,73.0,-16.861276428774797,-16.84700147613425,1.6094956304673873,-16.861279800660856
0,0,inverse_num_params,subsample,74.0,-16.86229162557492,-16.84700147613425,1.6383068884866006,-16.86071697933536
0,0,inverse_num_params,subsample,75.0,-16.86229162557492,-16.84700147613425,2.4470171093071524,-16.86074960787504
0,0,inverse_num_params,subsample,76.0,-16.86229162557492,-16.84700147613425,1.786975031300007,-16.860620272465546
0,0,inverse_num_params,subsample,77.0,-16.86229162557492,-16.84700147613425,3.9445059036431505,-16.860177587209186
0,0,inverse_num_params,subsample,78.0,-16.862156009574402,-16.85502022568587,-3.6652088382909156,-16.855077218567285
0,0,inverse_num_params,subsample,79.0,-16.86229162557492,-16.84700147613425,1.215750596549982,-16.85917759951933
0,0,inverse_num_params,subsample,80.0,-16.86229162557492,-16.85500955956761,-0.20555644996371095,-16.85883188571962
0,0,inverse_num_params,subsample,81.0,-16.862156009574402,-16.84700147613425,1.811706406935064,-16.85992667424763
0,0,inverse_num_params,subsample,82.0,-16.861276428774797,-16.855288614416985,-0.670476243124018,-16.85701981169146
0,0,inverse_num_params,subsample,83.0,-16.861276428774797,-16.84700147613425,0.53375993491288,-16.85753124562614
0,0,inverse_num_params,subsample,84.0,-16.86229162557492,-16.84700147613425,1.1118808772155802,-16.8590329285388
0,0,inverse_num_params,subsample,85.0,-16.862156009574402,-16.84700147613425,1.8481505706128807,-16.860053500446956
0,0,inverse_num_params,subsample,86.0,-16.859369515946145,-16.84700147613425,1.3393950081630088,-16.858168982468474
0,0,inverse_num_params,subsample,87.0,-16.86229162557492,-16.84700147613425,1.7690162191689667,-16.859212486823225
0,0,inverse_num_params,subsample,88.0,-16.86075235542591,-16.85500955956761,-0.32029240944377735,-16.85723944335051
0,0,inverse_num_params,subsample,89.0,-16.86229162557492,-16.85500955956761,-0.1425558863232717,-16.859093116099785
0,0,inverse_num_params,subsample,90.0,-16.86229162557492,-16.84700147613425,1.788432845342266,-16.859498865871764
0,0,inverse_num_params,subsample,91.0,-16.86229162557492,-16.84700147613425,4.1391226175333635,-16.861838211332614
0,0,inverse_num_params,subsample,92.0,-16.86229162557492,-16.85500955956761,-0.1087850277712301,-16.85857888395871
0,0,inverse_num_params,subsample,93.0,-16.86229162557492,-16.84700147613425,1.5194718003935235,-16.860935275219006
0,0,inverse_num_params,subsample,94.0,-16.86229162557492,-16.85500955956761,0.24304288068541674,-16.858642039337354
0,0,inverse_num_params,subsample,95.0,-16.862156009574402,-16.84700147613425,1.4677712227676702,-16.860205279075224
0,0,inverse_num_params,subsample,96.0,-16.859369515946145,-16.84700147613425,0.6933551118139929,-16.857191263344486
0,0,inverse_num_params,subsample,97.0,-16.86075235542591,-16.84700147613425,1.8999895858301545,-16.858760182424234
0,0,inverse_num_params,subsample,98.0,-16.86229162557492,-16.84700147613425,1.4042810084281208,-16.859821970292213
0,0,inverse_num_params,subsample,99.0,-16.86075235542591,-16.855288614416985,-0.15334793244057746,-16.857944592171037
0,1,variance,global,,-16.502171079839062,-16.489615540113064,0.2341169392795775,-16.496403867490038
0,1,variance,subsample,0.0,-16.500412834968106,-16.490030861897562,0.2560227718274215,-16.49620566845809
0,1,variance,subsample,1.0,-16.502171079839062,-16.492130823046402,0.09522878827764632,-16.496560314432912
0,1,variance,subsample,2.0,-16.502171079839062,-16.49164651799675,0.3469807572313725,-16.496597792315075
0,1,variance,subsample,3.0,-16.502171079839062,-16.489615540113064,0.2557142774356723,-16.496501038504345
0,1,variance,subsample,4.0,-16.502171079839062,-16.489615540113064,0.03570187977415822,-16.495646429116196
0,1,variance,subsample,5.0,-16.499819345774704,-16.489615540113064,0.2731197663296868,-16.495934672015906
0,1,variance,subsample,6.0,-16.502171079839062,-16.489615540113064,0.13234588377935078,-16.496088932705185
0,1,variance,subsample,7.0,-16.500412834968106,-16.489615540113064,0.3096007522153872,-16.496089916897496
0,1,variance,subsample,8.0,-16.500412834968106,-16.489615540113064,0.22273782333022613,-16.496203044838538
0,1,variance,subsample,9.0,-16.500238726758397,-16.489615540113064,0.218886165668563,-16.496090248196644
0,1,variance,subsample,10.0,-16.502171079839062,-16.490030861897562,0.2573442431589025,-16.496758781991012
0,1,variance,subsample,11.0,-16.500238726758397,-16.49164651799675,0.45857533700162134,-16.49724996797847
0,1,variance,subsample,12.0,-16.500412834968106,-16.489615540113064,0.12708253498382832,-16.49616861608942
0,1,variance,subsample,13.0,-16.502171079839062,-16.489615540113064,0.15344820437434104,-16.496207000988097
0,1,variance,subsample,14.0,-16.502171079839062,-16.490030861897562,0.2026485370088827,-16.49657657668035
0,1,variance,subsample,15.0,-16.502171079839062,-16.489615540113064,-0.021684794960374093,-16.49583088746713
0,1,variance,subsample,16.0,-16.502171079839062,-16.489615540113064,-0.16388449732794613,-16.495913116756114
0,1,variance,subsample,17.0,-16.500412834968106,-16.489615540113064,0.2689714952189218,-16.496451281776164
0,1,variance,subsample,18.0,-16.500238726758397,-16.49164651799675,0.2509696644940173,-16.497086507147944
0,1,variance,subsample,19.0,-16.500412834968106,-16.489615540113064,0.22618448805787084,-16.496179586013017
0,1,variance,subsample,20.0,-16.502171079839062,-16.489615540113064,0.17639204462921862,-16.496574753610858
0,1,variance,subsample,21.0,-16.502171079839062,-16.49164651799675,0.2936376826429426,-16.497046958697304
0,1,variance,subsample,22.0,-16.500412834968106,-16.489615540113064,0.37388210070631955,-16.496538159788113
0,1,variance,subsample,23.0,-16.502171079839062,-16.489615540113064,0.03811866806894872,-16.496275723172726
0,1,variance,subsample,24.0,-16.502171079839062,-16.489615540113064,-0.14675237549576273,-16.495826198335575
0,1,variance,subsample,25.0,-16.500238726758397,-16.490030861897562,0.3284304607014462,-16.496339242194068
0,1,variance,subsample,26.0,-16.502171079839062,-16.49164651799675,0.18954201005316235,-16.497052824704717
0,1,variance,subsample,27.0,-16.500238726758397,-16.489615540113064,0.07771359243394584,-16.495754154915133
0,1,variance,subsample,28.0,-16.502171079839062,-16.490030861897562,-0.02370105288268911,-16.496312984275395
0,1,variance,subsample,29.0,-16.502171079839062,-16.489615540113064,0.21178555727214146,-16.49679847599169
0,1,variance,subsample,30.0,-16.500412834968106,-16.49203223332305,0.35991025371898633,-16.496746915594404
0,1,variance,subsample,31.0,-16.500412834968106,-16.489615540113064,-0.4036329345159294,-16.496048927989143
0,1,variance,subsample,32.0,-16.500238726758397,-16.49164651799675,0.381290285600789,-16.496779788757575
0,1,variance,subsample,33.0,-16.497898774574384,-16.490030861897562,0.46116842779983314,-16.496225175317782
0,1,variance,subsample,34.0,-16.500412834968106,-16.490030861897562,0.39669280866989687,-16.49611413104425
0,1,variance,subsample,35.0,-16.500412834968106,-16.49164651799675,0.37720612731878744,-16.496637498255403
0,1,variance,subsample,36.0,-16.500412834968106,-16.489615540113064,0.08401678104586903,-16.49671492416628
0,1,variance,subsample,37.0,-16.502171079839062,-16.489615540113064,0.35388502762030954,-16.497242075122482
0,1,variance,subsample,38.0,-16.500412834968106,-16.489615540113064,0.2269255268526792,-16.496521620197814
0,1,variance,subsample,39.0,-16.502171079839062,-16.490030861897562,0.3058086527834061,-16.496804469423257
0,1,variance,subsample,40.0,-16.49977777090435,-16.489615540113064,0.30543147374347784,-16.49580192312856
0,1,variance,subsample,41.0,-16.500412834968106,-16.489615540113064,0.18105616916425524,-16.495828840520222
0,1,variance,subsample,42.0,-16.500412834968106,-16.49164651799675,0.41280184415321197,-16.49686340583813
0,1,variance,subsample,43.0,-16.502171079839062,-16.490030861897562,0.30411258090653,-16.496407522301507
0,1,variance,subsample,44.0,-16.499819345774704,-16.489615540113064,0.33559250931309015,-16.496072817379893
0,1,variance,subsample,45.0,-16.498521713684756,-16.49340408846088,0.06804819656259886,-16.496310760659807
0,1,variance,subsample,46.0,-16.500412834968106,-16.489615540113064,0.3117221390392392,-16.496124868289222
0,1,variance,subsample,47.0,-16.502171079839062,-16.489615540113064,0.17259431178382084,-16.496469190066502
0,1,variance,subsample,48.0,-16.500238726758397,-16.49164651799675,0.3970483353907202,-16.49703103621845
0,1,variance,subsample,49.0,-16.502171079839062,-16.490030861897562,0.1788650502243754,-16.496608300525935
0,1,variance,subsample,50.0,-16.502171079839062,-16.489615540113064,0.03553470615220633,-16.496632424413097
0,1,variance,subsample,51.0,-16.502171079839062,-16.489615540113064,0.19096942163381456,-16.496058819495182
0,1,variance,subsample,52.0,-16.502171079839062,-16.49164651799675,0.3181818857837426,-16.496799596378406
0,1,variance,subsample,53.0,-16.502171079839062,-16.490030861897562,0.24850304962929085,-16.49671925124137
0,1,variance,subsample,54.0,-16.502171079839062,-16.49164651799675,0.3525355043010658,-16.496799084048643
0,1,variance,subsample,55.0,-16.502171079839062,-16.490030861897562,0.216281773676985,-16.496346842650837
0,1,variance,subsample,56.0,-16.500238726758397,-16.490030861897562,0.30887856971973676,-16.496391091227327
0,1,variance,subsample,57.0,-16.502171079839062,-16.489615540113064,0.25855472492371473,-16.496534217905666
0,1,variance,subsample,58.0,-16.500412834968106,-16.489615540113064,0.2273081670662295,-16.496162397105547
0,1,variance,subsample,59.0,-16.502171079839062,-16.489615540113064,-0.01712388347727581,-16.495824530665672
0,1,variance,subsample,60.0,-16.49977777090435,-16.492130823046402,0.3546945038682673,-16.496256369832146
0,1,variance,subsample,61.0,-16.502171079839062,-16.490030861897562,0.3393884704507554,-16.49657280466514
0,1,variance,subsample,62.0,-16.502171079839062,-16.490030861897562,0.2099424803076248,-16.496256763429493
0,1,variance,subsample,63.0,-16.500238726758397,-16.489615540113064,0.263405412596596,-16.496182229365324
0,1,variance,subsample,64.0,-16.500412834968106,-16.489615540113064,0.33356029057508557,-16.49570957152981
0,1,variance,subsample,65.0,-16.500412834968106,-16.489615540113064,0.38364248920820515,-16.49642949547622
0,1,variance,subsample,66.0,-16.500238726758397,-16.490030861897562,0.3655278925037428,-16.496327028485126
0,1,variance,subsample,67.0,-16.500412834968106,-16.490030861897562,0.4855773469946353,-16.496440693522906
0,1,variance,subsample,68.0,-16.499819345774704,-16.489615540113064,0.286172402837557,-16.49624517206511
0,1,variance,subsample,69.0,-16.497898774574384,-16.489615540113064,0.39889382508214605,-16.49574637777271
0,1,variance,subsample,70.0,-16.498521713684756,-16.489615540113064,0.5648427849179323,-16.49621531727555
0,1,variance,subsample,71.0,-16.502171079839062,-16.490030861897562,0.2969549586815185,-16.49675564563412
0,1,variance,subsample,72.0,-16.500412834968106,-16.489615540113064,0.2823335405780176,-16.496210595055388
0,1,variance,subsample,73.0,-16.500412834968106,-16.490030861897562,0.33589049585984,-16.49603916242397
0,1,variance,subsample,74.0,-16.500412834968106,-16.489615540113064,0.26705954566925905,-16.496423790361764
0,1,variance,subsample,75.0,-16.500412834968106,-16.490030861897562,0.432794072560669,-16.496497938766616
0,1,variance,subsample,76.0,-16.500238726758397,-16.489615540113064,0.34998655933987327,-16.495709381200683
0,1,variance,subsample,77.0,-16.502171079839062,-16.49164651799675,0.2758039014001363,-16.496626953067093
0,1,variance,subsample,78.0,-16.500238726758397,-16.489615540113064,-0.1732980464998022,-16.495866797254315
0,1,variance,subsample,79.0,-16.502171079839062,-16.489615540113064,0.22941244515329462,-16.49648611859384
0,1,variance,subsample,80.0,-16.500412834968106,-16.49203223332305,0.10236811010353539,-16.49659035750168
0,1,variance,subsample,81.0,-16.502171079839062,-16.489615540113064,0.17239169380056218,-16.496583967480095
0,1,variance,subsample,82.0,-16.500412834968106,-16.489615540113064,0.07218576282808366,-16.496369850522235
0,1,variance,subsample,83.0,-16.502171079839062,-16.492130823046402,0.21108799926577035,-16.496638370492295
0,1,variance,subsample,84.0,-16.502171079839062,-16.49164651799675,0.26429789785978663,-16.496957503490627
0,1,variance,subsample,85.0,-16.499819345774704,-16.490030861897562,0.13920465517342595,-16.496166160149496
0,1,variance,subsample,86.0,-16.500412834968106,-16.49164651799675,0.37041878332984846,-16.497294381357403
0,1,variance,subsample,87.0,-16.502171079839062,-16.489615540113064,0.08604601010644995,-16.49619827546678
0,1,variance,subsample,88.0,-16.502171079839062,-16.490030861897562,0.15494105692667542,-16.4964779090857
0,1,variance,subsample,89.0,-16.502171079839062,-16.489615540113064,0.2539266413205723,-16.496067215997407
0,1,variance,subsample,90.0,-16.502171079839062,-16.489615540113064,0.27314124183182675,-16.496589633209233
0,1,variance,subsample,91.0,-16.49977777090435,-16.489615540113064,0.30260847128853025,-16.495919353130066
0,1,variance,subsample,92.0,-16.502171079839062,-16.489615540113064,0.07750151565478362,-16.496348520698053
0,1,variance,subsample,93.0,-16.498521713684756,-16.490030861897562,0.27609936350175235,-16.495869615871197
0,1,variance,subsample,94.0,-16.502171079839062,-16.489615540113064,0.13112909278456872,-16.49595651956661
0,1,variance,subsample,95.0,-16.500412834968106,-16.489615540113064,0.16788472084331102,-16.496237959623446
0,1,variance,subsample,96.0,-16.500238726758397,-16.49203223332305,0.385773813504717,-16.496724583476468
0,1,variance,subsample,97.0,-16.499819345774704,-16.489615540113064,0.1583187564994977,-16.495719155911832
0,1,variance,subsample,98.0,-16.502171079839062,-16.490030861897562,-0.062464893963367706,-16.496513111453993
0,1,variance,subsample,99.0,-16.502171079839062,-16.49164651799675,0.30810047818804687,-16.497071433813506
0,1,inverse_num_params,global,,-16.502171079839062,-16.489615540113064,-0.45978694587003277,-16.495183428061498
0,1,inverse_num_params,subsample,0.0,-16.502171079839062,-16.489615540113064,-1.0870304325604643,-16.493930243759586
0,1,inverse_num_params,subsample,1.0,-16.502171079839062,-16.490030861897562,-1.1143017440303757,-16.494950902423255
0,1,inverse_num_params,subsample,2.0,-16.502171079839062,-16.490030861897562,-0.6455933718068596,-16.494699614452415
0,1,inverse_num_params,subsample,3.0,-16.502171079839062,-16.489615540113064,-0.8518444266585696,-16.49453566951914
0,1,inverse_num_params,subsample,4.0,-16.500412834968106,-16.490030861897562,0.36131416560918433,-16.49613864407092
0,1,inverse_num_params,subsample,5.0,-16.500412834968106,-16.490030861897562,-0.8449862410194872,-16.495101491740048
0,1,inverse_num_params,subsample,6.0,-16.502171079839062,-16.489615540113064,-0.733091188774024,-16.49498505421693
0,1,inverse_num_params,subsample,7.0,-16.499819345774704,-16.490030861897562,0.020241926269975796,-16.49575812091369
0,1,inverse_num_params,subsample,8.0,-16.500412834968106,-16.49164651799675,-0.48323059174101807,-16.495263066947505
0,1,inverse_num_params,subsample,9.0,-16.502171079839062,-16.49164651799675,-0.6948400224439616,-16.494757660392846
0,1,inverse_num_params,subsample,10.0,-16.502171079839062,-16.489615540113064,-0.9224790805526933,-16.493947796084488
0,1,inverse_num_params,subsample,11.0,-16.500238726758397,-16.489615540113064,-0.4391959213579105,-16.49528269106234
0,1,inverse_num_params,subsample,12.0,-16.500412834968106,-16.49164651799675,-0.08170691877377734,-16.49534540458797
0,1,inverse_num_params,subsample,13.0,-16.500412834968106,-16.490030861897562,0.21261005517138234,-16.496186295477834
0,1,inverse_num_params,subsample,14.0,-16.502171079839062,-16.49164651799675,-0.6202148923892835,-16.49532348087089
0,1,inverse_num_params,subsample,15.0,-16.497898774574384,-16.489615540113064,-0.41750775083849767,-16.49483418802382
0,1,inverse_num_params,subsample,16.0,-16.500238726758397,-16.49203223332305,-0.3420256068455562,-16.4956187202789
0,1,inverse_num_params,subsample,17.0,-16.500412834968106,-16.49164651799675,-0.25185224555558106,-16.495479839024522
0,1,inverse_num_params,subsample,18.0,-16.502171079839062,-16.489615540113064,-0.6460517515570536,-16.49481199192372
0,1,inverse_num_params,subsample,19.0,-16.502171079839062,-16.49164651799675,-0.5701277495454379,-16.49467190358084
0,1,inverse_num_params,subsample,20.0,-16.500412834968106,-16.489615540113064,-0.26213790523254915,-16.49591114879448
0,1,inverse_num_params,subsample,21.0,-16.502171079839062,-16.490030861897562,-0.5998803251501249,-16.494753868417238
0,1,inverse_num_params,subsample,22.0,-16.500238726758397,-16.489615540113064,-0.4833972182723569,-16.494665112974197
0,1,inverse_num_params,subsample,23.0,-16.502171079839062,-16.490030861897562,-0.6080949498763358,-16.49485223256709
0,1,inverse_num_params,subsample,24.0,-16.502171079839062,-16.490030861897562,-0.31635536094222694,-16.495664366198092
0,1,inverse_num_params,subsample,25.0,-16.502171079839062,-16.489615540113064,-0.8892557325832201,-16.49445851457621
0,1,inverse_num_params,subsample,26.0,-16.499819345774704,-16.489615540113064,0.40161830142539073,-16.496067293916802
0,1,inverse_num_params,subsample,27.0,-16.498521713684756,-16.490030861897562,-0.1743311957466079,-16.495167749660805
0,1,inverse_num_params,subsample,28.0,-16.500412834968106,-16.489615540113064,-0.29838134543528755,-16.495860129920278
0,1,inverse_num_params,subsample,29.0,-16.502171079839062,-16.492130823046402,-0.13488741322090206,-16.496160701015835
0,1,inverse_num_params,subsample,30.0,-16.502171079839062,-16.489615540113064,-0.7886035342080183,-16.49440527743156
0,1,inverse_num_params,subsample,31.0,-16.502171079839062,-16.489615540113064,-0.8092288121327351,-16.494662571659497
0,1,inverse_num_params,subsample,32.0,-16.502171079839062,-16.489615540113064,-0.6513108638079573,-16.494443855307157
0,1,inverse_num_params,subsample,33.0,-16.502171079839062,-16.490030861897562,-0.8780281046289304,-16.494960383788726
0,1,inverse_num_params,subsample,34.0,-16.502171079839062,-16.489615540113064,-0.46312393499257104,-16.495107732102195
0,1,inverse_num_params,subsample,35.0,-16.500412834968106,-16.49164651799675,-0.4690412051555796,-16.495632410226154
0,1,inverse_num_params,subsample,36.0,-16.500412834968106,-16.490030861897562,-0.19677907639729633,-16.4953522662647
0,1,inverse_num_params,subsample,37.0,-16.502171079839062,-16.489615540113064,-1.027892397216492,-16.493982389165705
0,1,inverse_num_params,subsample,38.0,-16.502171079839062,-16.489615540113064,-0.4179392572749482,-16.495121954980792
0,1,inverse_num_params,subsample,39.0,-16.500412834968106,-16.489615540113064,-0.022599221103347705,-16.496056709821463
0,1,inverse_num_params,subsample,40.0,-16.502171079839062,-16.489615540113064,-0.9101214094780515,-16.494234702441208
0,1,inverse_num_params,subsample,41.0,-16.500238726758397,-16.489615540113064,-0.32646033405585223,-16.495045220128127
0,1,inverse_num_params,subsample,42.0,-16.502171079839062,-16.49203223332305,-0.5867022656076778,-16.495046646535208
0,1,inverse_num_params,subsample,43.0,-16.502171079839062,-16.489615540113064,-0.20694173432430332,-16.495523724337456
0,1,inverse_num_params,subsample,44.0,-16.502171079839062,-16.49164651799675,-0.390284180911809,-16.495463150191007
0,1,inverse_num_params,subsample,45.0,-16.500412834968106,-16.49164651799675,-0.05785637818734414,-16.495901142756892
0,1,inverse_num_params,subsample,46.0,-16.500412834968106,-16.49164651799675,-0.6168116347655743,-16.495381886085575
0,1,inverse_num_params,subsample,47.0,-16.49977777090435,-16.490030861897562,-0.20909451439317522,-16.49529115368091
0,1,inverse_num_params,subsample,48.0,-16.500412834968106,-16.49164651799675,-0.18762631030881255,-16.49573790410535
0,1,inverse_num_params,subsample,49.0,-16.502171079839062,-16.49203223332305,-0.350523789564051,-16.495842645196255
0,1,inverse_num_params,subsample,50.0,-16.500412834968106,-16.489615540113064,-0.08773370079112223,-16.495518941196934
0,1,inverse_num_params,subsample,51.0,-16.499819345774704,-16.490030861897562,-0.02502502193937922,-16.49547811224083
0,1,inverse_num_params,subsample,52.0,-16.499819345774704,-16.49164651799675,0.7542145701988131,-16.496845832518975
0,1,inverse_num_params,subsample,53.0,-16.500412834968106,-16.489615540113064,-0.4277338946972043,-16.495012228930573
0,1,inverse_num_params,subsample,54.0,-16.499819345774704,-16.489615540113064,-0.058959107475767554,-16.49588145415613
0,1,inverse_num_params,subsample,55.0,-16.500412834968106,-16.489615540113064,-0.771185538332663,-16.4947874625812
0,1,inverse_num_params,subsample,56.0,-16.500412834968106,-16.489615540113064,-0.36141473845669897,-16.495356864967928
0,1,inverse_num_params,subsample,57.0,-16.500412834968106,-16.489615540113064,-0.40512900014146286,-16.495083215615075
0,1,inverse_num_params,subsample,58.0,-16.500412834968106,-16.489615540113064,-0.26228760750814406,-16.495424500267784
0,1,inverse_num_params,subsample,59.0,-16.502171079839062,-16.489615540113064,-0.8071367040436183,-16.494937241718148
0,1,inverse_num_params,subsample,60.0,-16.500412834968106,-16.49203223332305,-0.35006483229711505,-16.495808492757817
0,1,inverse_num_params,subsample,61.0,-16.500238726758397,-16.49164651799675,-0.12783494517593208,-16.495647017891926
0,1,inverse_num_params,subsample,62.0,-16.49977777090435,-16.492586281285046,-0.03738124320648807,-16.496101616500596
0,1,inverse_num_params,subsample,63.0,-16.502171079839062,-16.489615540113064,-1.0155941198132934,-16.494187302478412
0,1,inverse_num_params,subsample,64.0,-16.502171079839062,-16.490030861897562,-0.6986162974640991,-16.495203110588694
0,1,inverse_num_params,subsample,65.0,-16.500238726758397,-16.49164651799675,-0.2418127889897337,-16.495604556070685
0,1,inverse_num_params,subsample,66.0,-16.502171079839062,-16.489615540113064,-0.7429492458735999,-16.494413936157674
0,1,inverse_num_params,subsample,67.0,-16.500238726758397,-16.490030861897562,-0.5061741734945947,-16.494612657733324
0,1,inverse_num_params,subsample,68.0,-16.500412834968106,-16.489615540113064,-0.278336187473767,-16.494827633528423
0,1,inverse_num_params,subsample,69.0,-16.502171079839062,-16.489615540113064,-1.0121786864487599,-16.494272352205524
0,1,inverse_num_params,subsample,70.0,-16.500238726758397,-16.490030861897562,-0.30843649756019037,-16.495455213497944
0,1,inverse_num_params,subsample,71.0,-16.502171079839062,-16.489615540113064,-0.6621858017442601,-16.495014730851903
0,1,inverse_num_params,subsample,72.0,-16.502171079839062,-16.489615540113064,-0.3197165910293699,-16.49537077209947
0,1,inverse_num_params,subsample,73.0,-16.500238726758397,-16.489615540113064,-0.40115594818465494,-16.495305637751258
0,1,inverse_num_params,subsample,74.0,-16.502171079839062,-16.490030861897562,-0.9933882404890668,-16.494203032329285
0,1,inverse_num_params,subsample,75.0,-16.500412834968106,-16.489615540113064,-0.045566127064015555,-16.495957287809464
0,1,inverse_num_params,subsample,76.0,-16.502171079839062,-16.489615540113064,-0.9504450315782315,-16.493632409094857
0,1,inverse_num_params,subsample,77.0,-16.500412834968106,-16.489615540113064,-0.3974747356095077,-16.494988488464866
0,1,inverse_num_params,subsample,78.0,-16.500238726758397,-16.489615540113064,-0.49696189605467217,-16.495000974292388
0,1,inverse_num_params,subsample,79.0,-16.502171079839062,-16.49164651799675,-1.0625548501768198,-16.494016215416387
0,1,inverse_num_params,subsample,80.0,-16.500238726758397,-16.489615540113064,-0.6140856372450479,-16.49466232992985
0,1,inverse_num_params,subsample,81.0,-16.502171079839062,-16.489615540113064,-0.7328255697933983,-16.494281964554773
0,1,inverse_num_params,subsample,82.0,-16.499819345774704,-16.49203223332305,0.12026787019784081,-16.496117264603395
0,1,inverse_num_params,subsample,83.0,-16.502171079839062,-16.490030861897562,-0.7924075729397927,-16.49420139008594
0,1,inverse_num_params,subsample,84.0,-16.502171079839062,-16.490030861897562,-0.6684826694700623,-16.494762471379616
0,1,inverse_num_params,subsample,85.0,-16.500412834968106,-16.489615540113064,-0.2546380769478454,-16.495492987405203
0,1,inverse_num_params,subsample,86.0,-16.499819345774704,-16.489615540113064,-0.10806681704420698,-16.49532177953289
0,1,inverse_num_params,subsample,87.0,-16.49977777090435,-16.489615540113064,-0.11448618116345423,-16.49568120091899
0,1,inverse_num_params,subsample,88.0,-16.500412834968106,-16.489615540113064,-0.10056125791984825,-16.49603672259325
0,1,inverse_num_params,subsample,89.0,-16.500412834968106,-16.490030861897562,-0.2663413537159811,-16.495628755455872
0,1,inverse_num_params,subsample,90.0,-16.499819345774704,-16.489615540113064,0.27861037676705547,-16.495796083468974
0,1,inverse_num_params,subsample,91.0,-16.500412834968106,-16.489615540113064,-0.6877247031010971,-16.494564406911874
0,1,inverse_num_params,subsample,92.0,-16.502171079839062,-16.490030861897562,-0.7594621676663574,-16.49558367841248
0,1,inverse_num_params,subsample,93.0,-16.500412834968106,-16.489615540113064,-0.470043746845289,-16.495202279062067
0,1,inverse_num_params,subsample,94.0,-16.502171079839062,-16.489615540113064,-1.0737148611439546,-16.493722204696976
0,1,inverse_num_params,subsample,95.0,-16.500412834968106,-16.490030861897562,-0.12528968157892198,-16.49575233049151
0,1,inverse_num_params,subsample,96.0,-16.502171079839062,-16.489615540113064,-0.6670588077936469,-16.49496902888665
0,1,inverse_num_params,subsample,97.0,-16.500238726758397,-16.49164651799675,0.12716190293547763,-16.496073287064974
0,1,inverse_num_params,subsample,98.0,-16.500412834968106,-16.49164651799675,-0.14211884752588375,-16.49596113369662
0,1,inverse_num_params,subsample,99.0,-16.502171079839062,-16.490030861897562,-1.0538384087350263,-16.49432582986044
1,0,variance,global,,-17.065425921127368,-17.047532246086586,-0.05417139324824074,-17.058411059760378
1,0,variance,subsample,0.0,-17.064523387461783,-17.050988746935772,-0.007909872504459552,-17.058664847860026
1,0,variance,subsample,1.0,-17.065425921127368,-17.050988746935772,-0.00035985666750062837,-17.058656987991228
1,0,variance,subsample,2.0,-17.061995295320635,-17.050988746935772,0.026735994202332653,-17.058392884589235
1,0,variance,subsample,3.0,-17.065425921127368,-17.047532246086586,-0.14391515367127825,-17.05850388471784
1,0,variance,subsample,4.0,-17.061995295320635,-17.047532246086586,-0.22699943017241003,-17.057450025744608
1,0,variance,subsample,5.0,-17.064523387461783,-17.051926623370917,-0.08329033172832677,-17.058799039894627
1,0,variance,subsample,6.0,-17.065425921127368,-17.047532246086586,0.01353710319528682,-17.058633653260497
1,0,variance,subsample,7.0,-17.065425921127368,-17.047532246086586,-0.04020286944645143,-17.05807265471409
1,0,variance,subsample,8.0,-17.065425921127368,-17.047532246086586,-0.3034090795273151,-17.05786442776912
1,0,variance,subsample,9.0,-17.06214076977295,-17.050988746935772,0.16219485884518742,-17.05879588086752
1,0,variance,subsample,10.0,-17.065425921127368,-17.047532246086586,-0.11223974168691754,-17.058201141911738
1,0,variance,subsample,11.0,-17.065425921127368,-17.047532246086586,-0.10873763339043573,-17.05823044199908
1,0,variance,subsample,12.0,-17.065425921127368,-17.047532246086586,-0.20243656640221636,-17.058005206297302
1,0,variance,subsample,13.0,-17.061995295320635,-17.047532246086586,0.009870427995031903,-17.05817834031142
1,0,variance,subsample,14.0,-17.064523387461783,-17.051926623370917,0.0016204787680910318,-17.05860472796817
1,0,variance,subsample,15.0,-17.064523387461783,-17.05529913787228,0.08540556167719295,-17.059493797775747
1,0,variance,subsample,16.0,-17.064449669033745,-17.047532246086586,-0.09861979300656094,-17.05837282253288
1,0,variance,subsample,17.0,-17.065425921127368,-17.051926623370917,-0.2863578546597025,-17.058079031751717
1,0,variance,subsample,18.0,-17.064449669033745,-17.047532246086586,-0.0659062571493106,-17.05861468058132
1,0,variance,subsample,19.0,-17.064449669033745,-17.050988746935772,0.04022285114358753,-17.05876963391643
1,0,variance,subsample,20.0,-17.064192521838546,-17.047532246086586,0.013563173854240032,-17.058311371018476
1,0,variance,subsample,21.0,-17.065425921127368,-17.047532246086586,-0.1391263369859832,-17.05799082444228
1,0,variance,subsample,22.0,-17.06214076977295,-17.047532246086586,0.11675225175769355,-17.058424314770377
1,0,variance,subsample,23.0,-17.064523387461783,-17.047532246086586,-0.04935084335051829,-17.05820697891934
1,0,variance,subsample,24.0,-17.065425921127368,-17.05246070742346,-0.3873895711053588,-17.057904047441372
1,0,variance,subsample,25.0,-17.06214076977295,-17.047532246086586,0.007227293387467793,-17.058799403611136
1,0,variance,subsample,26.0,-17.064523387461783,-17.047532246086586,0.07309964366861513,-17.0585776416241
1,0,variance,subsample,27.0,-17.065425921127368,-17.047532246086586,-0.009567374490822572,-17.058197052938947
1,0,variance,subsample,28.0,-17.065425921127368,-17.05246070742346,-0.06241704667283215,-17.05853747841168
1,0,variance,subsample,29.0,-17.064523387461783,-17.047532246086586,-0.07470212408538388,-17.058311046076746
1,0,variance,subsample,30.0,-17.064449669033745,-17.050988746935772,0.08480628394870135,-17.059025027586003
1,0,variance,subsample,31.0,-17.065425921127368,-17.047532246086586,-0.08824688978992876,-17.058078146353864
1,0,variance,subsample,32.0,-17.065425921127368,-17.051926623370917,-0.0734223746088521,-17.05852819330262
1,0,variance,subsample,33.0,-17.064192521838546,-17.051926623370917,0.20627515421659096,-17.058957030009914
1,0,variance,subsample,34.0,-17.065425921127368,-17.050988746935772,-0.18036504724263336,-17.05846898413486
1,0,variance,subsample,35.0,-17.065425921127368,-17.047532246086586,-0.261842512081621,-17.05778596319872
1,0,variance,subsample,36.0,-17.065425921127368,-17.050988746935772,0.10273414541058674,-17.05912437360586
1,0,variance,subsample,37.0,-17.064449669033745,-17.047532246086586,-0.04974747806481249,-17.058239520176684
1,0,variance,subsample,38.0,-17.064523387461783,-17.051926623370917,0.055562780027640875,-17.058662127765473
1,0,variance,subsample,39.0,-17.065425921127368,-17.050988746935772,0.062354967631548686,-17.05894170159195
1,0,variance,subsample,40.0,-17.064523387461783,-17.047532246086586,0.010880340892071266,-17.058480920980777
1,0,variance,subsample,41.0,-17.064523387461783,-17.051926623370917,0.035049070971332016,-17.058533324698768
1,0,variance,subsample,42.0,-17.065425921127368,-17.047532246086586,0.005712885844964079,-17.058096798263005
1,0,variance,subsample,43.0,-17.065425921127368,-17.050988746935772,0.05668461005683288,-17.05884252470343
1,0,variance,subsample,44.0,-17.064523387461783,-17.050988746935772,-0.05623190103330671,-17.05846916916331
1,0,variance,subsample,45.0,-17.064192521838546,-17.051926623370917,0.2068696906991328,-17.05941074532874
1,0,variance,subsample,46.0,-17.064192521838546,-17.047532246086586,-0.009952592978775373,-17.05818447632142
1,0,variance,subsample,47.0,-17.065425921127368,-17.047532246086586,-0.11079146759481055,-17.058442831162612
1,0,variance,subsample,48.0,-17.065425921127368,-17.047532246086586,-0.07073288567875001,-17.05846039987091
1,0,variance,subsample,49.0,-17.064449669033745,-17.050988746935772,0.01973923039149058,-17.05842266699101
1,0,variance,subsample,50.0,-17.06214076977295,-17.050988746935772,0.037180456579078494,-17.058368480472865
1,0,variance,subsample,51.0,-17.064523387461783,-17.051926623370917,0.023875923497081942,-17.05856814585993
1,0,variance,subsample,52.0,-17.064192521838546,-17.047532246086586,0.14161147464060067,-17.05874175127947
1,0,variance,subsample,53.0,-17.064523387461783,-17.050988746935772,-0.14597086705030946,-17.05758232622791
1,0,variance,subsample,54.0,-17.065425921127368,-17.05246070742346,-0.07654647591276391,-17.058525047060193
1,0,variance,subsample,55.0,-17.065425921127368,-17.047532246086586,-0.07307606380362541,-17.058280212560895
1,0,variance,subsample,56.0,-17.064523387461783,-17.047532246086586,-0.023299933420462274,-17.058284698921565
1,0,variance,subsample,57.0,-17.065425921127368,-17.047532246086586,-0.0672384616763677,-17.05874606282346
1,0,variance,subsample,58.0,-17.065425921127368,-17.047532246086586,-0.1403806435675872,-17.057982720780647
1,0,variance,subsample,59.0,-17.065425921127368,-17.047532246086586,-0.1677672218847754,-17.057546423926834
1,0,variance,subsample,60.0,-17.065425921127368,-17.047532246086586,-0.2579840510245384,-17.058083173184677
1,0,variance,subsample,61.0,-17.064449669033745,-17.047532246086586,0.027139435667580855,-17.05844595307234
1,0,variance,subsample,62.0,-17.064523387461783,-17.05246070742346,-0.05121500462452784,-17.058976104485286
1,0,variance,subsample,63.0,-17.065425921127368,-17.050988746935772,0.028745531021375705,-17.058677884272512
1,0,variance,subsample,64.0,-17.064523387461783,-17.050988746935772,0.04075838778797207,-17.058796780721767
1,0,variance,subsample,65.0,-17.065425921127368,-17.05246070742346,0.0032324692597589214,-17.05876138405652
1,0,variance,subsample,66.0,-17.061512204162632,-17.047532246086586,0.019369085549384872,-17.057984826642425
1,0,variance,subsample,67.0,-17.065425921127368,-17.05246070742346,-0.09409882345112192,-17.058869650614604
1,0,variance,subsample,68.0,-17.065425921127368,-17.051926623370917,-0.17600070519716993,-17.058391047213888
1,0,variance,subsample,69.0,-17.065425921127368,-17.050988746935772,-0.1843392173151194,-17.058057126152747
1,0,variance,subsample,70.0,-17.065425921127368,-17.047532246086586,-0.2758171760795868,-17.057861753985172
1,0,variance,subsample,71.0,-17.065425921127368,-17.047532246086586,0.02956808719276355,-17.058457255030305
1,0,variance,subsample,72.0,-17.065425921127368,-17.047532246086586,-0.03897326823615438,-17.058430314561953
1,0,variance,subsample,73.0,-17.064523387461783,-17.047532246086586,-0.3770739464789773,-17.057116932429615
1,0,variance,subsample,74.0,-17.064523387461783,-17.047532246086586,-0.01225436800997184,-17.05876216079315
1,0,variance,subsample,75.0,-17.065425921127368,-17.047532246086586,-0.2535917159935315,-17.05754195087631
1,0,variance,subsample,76.0,-17.064449669033745,-17.051926623370917,0.0720416467597044,-17.058855155172964
1,0,variance,subsample,77.0,-17.064523387461783,-17.051926623370917,0.10318444930815207,-17.059158681553374
1,0,variance,subsample,78.0,-17.064523387461783,-17.051926623370917,-0.014455494646605619,-17.058306441379962
1,0,variance,subsample,79.0,-17.064449669033745,-17.05246070742346,-0.10713265261567329,-17.058528309561165
1,0,variance,subsample,80.0,-17.065425921127368,-17.05246070742346,0.011968334314887901,-17.05900020968598
1,0,variance,subsample,81.0,-17.064523387461783,-17.047532246086586,0.016663670749324393,-17.058128028607012
1,0,variance,subsample,82.0,-17.065425921127368,-17.047532246086586,-0.05019293502143577,-17.058317575581473
1,0,variance,subsample,83.0,-17.064192521838546,-17.050988746935772,0.0609589380756645,-17.05854059596595
1,0,variance,subsample,84.0,-17.064523387461783,-17.050988746935772,-0.0003659655587322688,-17.058420854808016
1,0,variance,subsample,85.0,-17.064449669033745,-17.047532246086586,-0.11181341834317247,-17.057808433790168
1,0,variance,subsample,86.0,-17.064523387461783,-17.050988746935772,0.03885685107517919,-17.058860619862255
1,0,variance,subsample,87.0,-17.064523387461783,-17.05246070742346,0.16686571203211642,-17.058895039559072
1,0,variance,subsample,88.0,-17.06214076977295,-17.047532246086586,0.0947688825360755,-17.058460476620898
1,0,variance,subsample,89.0,-17.064192521838546,-17.051926623370917,-0.008986371476453505,-17.05893750718688
1,0,variance,subsample,90.0,-17.065425921127368,-17.051926623370917,0.06852487045787124,-17.058723514910053
1,0,variance,subsample,91.0,-17.064523387461783,-17.050988746935772,-0.16926209754225727,-17.05812453046938
1,0,variance,subsample,92.0,-17.065425921127368,-17.050988746935772,-0.12427115683647477,-17.058517379205274
1,0,variance,subsample,93.0,-17.064523387461783,-17.047532246086586,0.018102806878281422,-17.058520894926726
1,0,variance,subsample,94.0,-17.064523387461783,-17.050988746935772,0.07135971999867671,-17.05889543859103
1,0,variance,subsample,95.0,-17.065425921127368,-17.047532246086586,-0.18670109479020122,-17.057554256693773
1,0,variance,subsample,96.0,-17.065425921127368,-17.05246070742346,-0.05490398313669365,-17.058947937759164
1,0,variance,subsample,97.0,-17.064523387461783,-17.047532246086586,-0.3173965348299828,-17.05762416328658
1,0,variance,subsample,98.0,-17.064523387461783,-17.047532246086586,0.020570678340251416,-17.057981401188112
1,0,variance,subsample,99.0,-17.064523387461783,-17.047532246086586,-0.17615200436460204,-17.057550848072637
1,0,inverse_num_params,global,,-17.065425921127368,-17.047532246086586,-0.37420483108933045,-17.057685103530705
1,0,inverse_num_params,subsample,0.0,-17.065425921127368,-17.050988746935772,0.1480101900445307,-17.059264101880665
1,0,inverse_num_params,subsample,1.0,-17.064523387461783,-17.05246070742346,-0.7559299653408681,-17.057117399916308
1,0,inverse_num_params,subsample,2.0,-17.064449669033745,-17.050988746935772,-0.005081582964824605,-17.058861072057052
1,0,inverse_num_params,subsample,3.0,-17.064523387461783,-17.047532246086586,-0.29430755486421384,-17.05769265386166
1,0,inverse_num_params,subsample,4.0,-17.064523387461783,-17.050988746935772,-0.08959127057741734,-17.058059514811852
1,0,inverse_num_params,subsample,5.0,-17.065425921127368,-17.047532246086586,-0.6236034281326237,-17.056989697447165
1,0,inverse_num_params,subsample,6.0,-17.064523387461783,-17.047532246086586,-0.2811176107971652,-17.0580282977489
1,0,inverse_num_params,subsample,7.0,-17.064523387461783,-17.047532246086586,-0.30464203616601704,-17.05763615325757
1,0,inverse_num_params,subsample,8.0,-17.064449669033745,-17.047532246086586,-0.22302008849049612,-17.058069744061765
1,0,inverse_num_params,subsample,9.0,-17.065425921127368,-17.047532246086586,-0.24116950113758256,-17.05807452199833
1,0,inverse_num_params,subsample,10.0,-17.064449669033745,-17.050988746935772,-0.3266916449244845,-17.057558799447243
1,0,inverse_num_params,subsample,11.0,-17.065425921127368,-17.050988746935772,-0.15581596304420656,-17.05837801802201
1,0,inverse_num_params,subsample,12.0,-17.06214076977295,-17.047532246086586,-0.6946197388664921,-17.0565177228074
1,0,inverse_num_params,subsample,13.0,-17.065425921127368,-17.047532246086586,-0.34193968748747594,-17.057711766411668
1,0,inverse_num_params,subsample,14.0,-17.064192521838546,-17.047532246086586,0.012320260855591866,-17.058358932060873
1,0,inverse_num_params,subsample,15.0,-17.065425921127368,-17.047532246086586,-0.1986713868059636,-17.05805324126014
1,0,inverse_num_params,subsample,16.0,-17.064523387461783,-17.051926623370917,-0.1864882070656393,-17.058033777102224
1,0,inverse_num_params,subsample,17.0,-17.065425921127368,-17.052820576320396,-0.2135583481730281,-17.05876004130082
1,0,inverse_num_params,subsample,18.0,-17.065425921127368,-17.047532246086586,-0.7477056428483483,-17.056757890499124
1,0,inverse_num_params,subsample,19.0,-17.064523387461783,-17.047532246086586,-0.39566551400493993,-17.057495542060813
1,0,inverse_num_params,subsample,20.0,-17.065425921127368,-17.047532246086586,-0.4564519278564859,-17.057433493245153
1,0,inverse_num_params,subsample,21.0,-17.064523387461783,-17.050988746935772,-0.33371903473816406,-17.058165663862297
1,0,inverse_num_params,subsample,22.0,-17.065425921127368,-17.047532246086586,-0.7596513013144927,-17.05669129845085
1,0,inverse_num_params,subsample,23.0,-17.065425921127368,-17.055269696522508,-0.20502093250386727,-17.058806422171596
1,0,inverse_num_params,subsample,24.0,-17.064523387461783,-17.047532246086586,-0.4766627980058383,-17.05754785941557
1,0,inverse_num_params,subsample,25.0,-17.065425921127368,-17.050988746935772,-0.2432160347693493,-17.058064874155576
1,0,inverse_num_params,subsample,26.0,-17.065425921127368,-17.050988746935772,-0.39629026804296613,-17.05744966307467
1,0,inverse_num_params,subsample,27.0,-17.065425921127368,-17.051926623370917,-0.21136352701403943,-17.05835960081067
1,0,inverse_num_params,subsample,28.0,-17.064523387461783,-17.047532246086586,-0.4172852394530692,-17.057635435105038
1,0,inverse_num_params,subsample,29.0,-17.065425921127368,-17.047532246086586,-0.6705986680306663,-17.056907068672224
1,0,inverse_num_params,subsample,30.0,-17.064523387461783,-17.047532246086586,-0.25200084717626936,-17.058299111983285
1,0,inverse_num_params,subsample,31.0,-17.064449669033745,-17.052820576320396,-0.304215545134546,-17.058227225343863
1,0,inverse_num_params,subsample,32.0,-17.064192521838546,-17.050988746935772,-0.13899793377064604,-17.058307333140373
1,0,inverse_num_params,subsample,33.0,-17.065425921127368,-17.050988746935772,-0.4568983980178997,-17.057332867888306
1,0,inverse_num_params,subsample,34.0,-17.064449669033745,-17.047532246086586,-0.7615794689478026,-17.05619237821688
1,0,inverse_num_params,subsample,35.0,-17.065425921127368,-17.05246070742346,-0.3727955016843873,-17.058231301320163
1,0,inverse_num_params,subsample,36.0,-17.064449669033745,-17.050988746935772,-0.058772481434152174,-17.058627273532952
1,0,inverse_num_params,subsample,37.0,-17.061234504058437,-17.047532246086586,-0.6910140306947893,-17.05598675572939
1,0,inverse_num_params,subsample,38.0,-17.065425921127368,-17.047532246086586,-0.7257986437748813,-17.0565331111634
1,0,inverse_num_params,subsample,39.0,-17.064449669033745,-17.047532246086586,-0.5756575515209328,-17.05707004726025
1,0,inverse_num_params,subsample,40.0,-17.061995295320635,-17.050988746935772,-0.26368278649002846,-17.057474701268305
1,0,inverse_num_params,subsample,41.0,-17.064523387461783,-17.051926623370917,-0.19027839611698077,-17.05825693041553
1,0,inverse_num_params,subsample,42.0,-17.065425921127368,-17.047532246086586,-0.3710166071636398,-17.057435578320828
1,0,inverse_num_params,subsample,43.0,-17.065425921127368,-17.047532246086586,-0.32852647200448876,-17.058269461799647
1,0,inverse_num_params,subsample,44.0,-17.065425921127368,-17.047532246086586,-0.4441319410132657,-17.05760687953968
1,0,inverse_num_params,subsample,45.0,-17.064523387461783,-17.047532246086586,-0.6306725576092973,-17.05721939317176
1,0,inverse_num_params,subsample,46.0,-17.065425921127368,-17.050988746935772,-0.1064708143307833,-17.058864432137376
1,0,inverse_num_params,subsample,47.0,-17.065425921127368,-17.051926623370917,-0.7328441552938552,-17.05666149561235
1,0,inverse_num_params,subsample,48.0,-17.065425921127368,-17.050988746935772,-0.011331144590526147,-17.058996815440867
1,0,inverse_num_params,subsample,49.0,-17.064449669033745,-17.047532246086586,-0.6075196300196619,-17.05698410754707
1,0,inverse_num_params,subsample,50.0,-17.065425921127368,-17.050988746935772,-0.31021878174228135,-17.058274808648058
1,0,inverse_num_params,subsample,51.0,-17.065425921127368,-17.047532246086586,-0.4154153090783214,-17.057508278538577
1,0,inverse_num_params,subsample,52.0,-17.065425921127368,-17.047532246086586,-0.4254130269335884,-17.057595146771302
1,0,inverse_num_params,subsample,53.0,-17.065425921127368,-17.050988746935772,-0.28390657685837095,-17.058063585917772
1,0,inverse_num_params,subsample,54.0,-17.065425921127368,-17.051926623370917,-0.2680872811299795,-17.05817533043304
1,0,inverse_num_params,subsample,55.0,-17.065425921127368,-17.047532246086586,-0.5132772573924536,-17.057104142481155
1,0,inverse_num_params,subsample,56.0,-17.064449669033745,-17.050988746935772,-0.5109750051499632,-17.05672474285828
1,0,inverse_num_params,subsample,57.0,-17.064523387461783,-17.047532246086586,-0.4135177038738936,-17.05712941945291
1,0,inverse_num_params,subsample,58.0,-17.065425921127368,-17.047532246086586,-0.4215588972362468,-17.057770485167996
1,0,inverse_num_params,subsample,59.0,-17.064192521838546,-17.047532246086586,-0.6576063174483469,-17.056462980897336
1,0,inverse_num_params,subsample,60.0,-17.065425921127368,-17.047532246086586,-0.4434117005250979,-17.056866622124563
1,0,inverse_num_params,subsample,61.0,-17.065425921127368,-17.051926623370917,-0.36026876514592016,-17.058289559248934
1,0,inverse_num_params,subsample,62.0,-17.065425921127368,-17.050988746935772,-0.24718891070932653,-17.057712507409693
1,0,inverse_num_params,subsample,63.0,-17.065425921127368,-17.047532246086586,-0.41296894012153434,-17.05755552535543
1,0,inverse_num_params,subsample,64.0,-17.064449669033745,-17.047532246086586,-0.6590312585220847,-17.056857012111625
1,0,inverse_num_params,subsample,65.0,-17.065425921127368,-17.047532246086586,-0.10643275079236725,-17.058518335579755
1,0,inverse_num_params,subsample,66.0,-17.065425921127368,-17.047532246086586,-0.49522913880359115,-17.057720556294765
1,0,inverse_num_params,subsample,67.0,-17.065425921127368,-17.047532246086586,-0.42510615432008503,-17.057272867286834
1,0,inverse_num_params,subsample,68.0,-17.064449669033745,-17.050988746935772,-0.5657337075637695,-17.056862686995217
1,0,inverse_num_params,subsample,69.0,-17.065425921127368,-17.047532246086586,-0.501747713908712,-17.05753672194483
1,0,inverse_num_params,subsample,70.0,-17.065425921127368,-17.051926623370917,-0.655339604386589,-17.057533961423992
1,0,inverse_num_params,subsample,71.0,-17.064449669033745,-17.050988746935772,-0.19563859787569332,-17.05810963855606
1,0,inverse_num_params,subsample,72.0,-17.065425921127368,-17.051926623370917,-0.29655706643354257,-17.058217679594115
1,0,inverse_num_params,subsample,73.0,-17.065425921127368,-17.047532246086586,-0.3179937715303826,-17.057540887158417
1,0,inverse_num_params,subsample,74.0,-17.065425921127368,-17.055269696522508,-0.20928584628770486,-17.05829374980538
1,0,inverse_num_params,subsample,75.0,-17.064523387461783,-17.051926623370917,-0.27160795886137096,-17.058189692622957
1,0,inverse_num_params,subsample,76.0,-17.065425921127368,-17.047532246086586,-0.2678453565526846,-17.05777056650159
1,0,inverse_num_params,subsample,77.0,-17.065425921127368,-17.047532246086586,-0.5896234508574638,-17.05716098491235
1,0,inverse_num_params,subsample,78.0,-17.065425921127368,-17.050988746935772,-0.14207697379122822,-17.05849881366838
1,0,inverse_num_params,subsample,79.0,-17.065425921127368,-17.047532246086586,-0.5866100074417606,-17.057255730377122
1,0,inverse_num_params,subsample,80.0,-17.064449669033745,-17.047532246086586,-0.12858718060079302,-17.05822931465996
1,0,inverse_num_params,subsample,81.0,-17.0615655849717,-17.050988746935772,-0.5320544470330065,-17.0569037053864
1,0,inverse_num_params,subsample,82.0,-17.065425921127368,-17.047532246086586,-0.5191690667856741,-17.05733315146578
1,0,inverse_num_params,subsample,83.0,-17.065425921127368,-17.047532246086586,-0.5076895217765798,-17.05727728968598
1,0,inverse_num_params,subsample,84.0,-17.064192521838546,-17.047532246086586,-0.44578430143278786,-17.057437141642026
1,0,inverse_num_params,subsample,85.0,-17.065425921127368,-17.047532246086586,-0.21032268300205276,-17.05771462235626
1,0,inverse_num_params,subsample,86.0,-17.064523387461783,-17.047532246086586,-0.49665529436366773,-17.057153052266237
1,0,inverse_num_params,subsample,87.0,-17.064449669033745,-17.052820576320396,-0.32960432491784614,-17.05805614874936
1,0,inverse_num_params,subsample,88.0,-17.065425921127368,-17.050988746935772,-0.1921351712156322,-17.05814228466631
1,0,inverse_num_params,subsample,89.0,-17.064523387461783,-17.052820576320396,-0.3807288029771922,-17.058323798363556
1,0,inverse_num_params,subsample,90.0,-17.0615655849717,-17.047532246086586,-0.5966519930238762,-17.056706857340682
1,0,inverse_num_params,subsample,91.0,-17.065425921127368,-17.051926623370917,-0.335411619739674,-17.05823993739803
1,0,inverse_num_params,subsample,92.0,-17.065425921127368,-17.050988746935772,-0.19413870729595298,-17.05805286605671
1,0,inverse_num_params,subsample,93.0,-17.065425921127368,-17.047532246086586,-0.3661603697366886,-17.057831780348483
1,0,inverse_num_params,subsample,94.0,-17.064523387461783,-17.047532246086586,-0.40428491425866925,-17.05751575517984
1,0,inverse_num_params,subsample,95.0,-17.065425921127368,-17.047532246086586,-0.44540240415730536,-17.05702024551298
1,0,inverse_num_params,subsample,96.0,-17.065425921127368,-17.050988746935772,-0.24666609817368917,-17.057998731712516
1,0,inverse_num_params,subsample,97.0,-17.065425921127368,-17.047532246086586,-0.476182813414387,-17.057413859258915
1,0,inverse_num_params,subsample,98.0,-17.065425921127368,-17.051926623370917,-0.41061436747733693,-17.0580359035418
1,0,inverse_num_params,subsample,99.0,-17.064449669033745,-17.051926623370917,-0.49080813143631735,-17.057446189902087
2,0,variance,global,,-19.86661143053158,-19.85121702767973,0.2714163921260983,-19.857321212428076
2,0,variance,subsample,0.0,-19.860994802886363,-19.85121702767973,0.35581409774889267,-19.85721024601622
2,0,variance,subsample,1.0,-19.86661143053158,-19.85121702767973,0.19532243603042473,-19.857154327261473
2,0,variance,subsample,2.0,-19.86169784785714,-19.85144473609915,0.2000281771163761,-19.8571775182309
2,0,variance,subsample,3.0,-19.86661143053158,-19.852622340709146,0.10730736719108397,-19.85706638695955
2,0,variance,subsample,4.0,-19.86661143053158,-19.853169097504644,0.4276489157192829,-19.858172190962254
2,0,variance,subsample,5.0,-19.86661143053158,-19.85144473609915,0.3338841607058531,-19.857300332601945
2,0,variance,subsample,6.0,-19.86661143053158,-19.85121702767973,0.42007070283079956,-19.857746090026037
2,0,variance,subsample,7.0,-19.860994802886363,-19.85144473609915,0.302898649205494,-19.85692629094009
2,0,variance,subsample,8.0,-19.86661143053158,-19.85121702767973,0.19808225489320613,-19.85723427404344
2,0,variance,subsample,9.0,-19.86169784785714,-19.85144473609915,0.3147363050922967,-19.85745592907535
2,0,variance,subsample,10.0,-19.86661143053158,-19.852622340709146,0.29633832059309634,-19.857533386610694
2,0,variance,subsample,11.0,-19.864953994190337,-19.85144473609915,0.3379099976642759,-19.857431239082125
2,0,variance,subsample,12.0,-19.861018110101696,-19.85121702767973,0.10719507346771615,-19.857073221962082
2,0,variance,subsample,13.0,-19.86661143053158,-19.85121702767973,0.22480139460304227,-19.856912921401523
2,0,variance,subsample,14.0,-19.864953994190337,-19.85121702767973,0.3418904047382494,-19.857577327935015
2,0,variance,subsample,15.0,-19.864953994190337,-19.85144473609915,0.3283814290214887,-19.857430769399407
2,0,variance,subsample,16.0,-19.864953994190337,-19.85144473609915,0.37663381357300174,-19.857626690129766
2,0,variance,subsample,17.0,-19.86661143053158,-19.853169097504644,0.2823946130045943,-19.857690007428097
2,0,variance,subsample,18.0,-19.86169784785714,-19.85121702767973,0.28025578775606014,-19.856569754524074
2,0,variance,subsample,19.0,-19.86661143053158,-19.852815016118576,0.14163370233845343,-19.857013869676926
2,0,variance,subsample,20.0,-19.861018110101696,-19.85144473609915,0.3485797465956097,-19.857001411610813
2,0,variance,subsample,21.0,-19.864953994190337,-19.85144473609915,0.39528444508255095,-19.857705098173046
2,0,variance,subsample,22.0,-19.86661143053158,-19.85121702767973,0.4146648476226488,-19.857263216797595
2,0,variance,subsample,23.0,-19.864953994190337,-19.85144473609915,0.4788259784129245,-19.857553448742497
2,0,variance,subsample,24.0,-19.86169784785714,-19.85144473609915,0.32033458115218155,-19.856960679397137
2,0,variance,subsample,25.0,-19.86169784785714,-19.85121702767973,0.1327942570034655,-19.856917905599214
2,0,variance,subsample,26.0,-19.86661143053158,-19.852622340709146,0.13899681059418034,-19.856715218730695
2,0,variance,subsample,27.0,-19.86661143053158,-19.85144473609915,0.5155743364141865,-19.85788068344706
2,0,variance,subsample,28.0,-19.86661143053158,-19.85144473609915,0.3281142532379944,-19.85746382320376
2,0,variance,subsample,29.0,-19.86661143053158,-19.85121702767973,0.23904777817696954,-19.857655253046183
2,0,variance,subsample,30.0,-19.86661143053158,-19.85144473609915,0.4509562587660385,-19.85774177018992
2,0,variance,subsample,31.0,-19.86661143053158,-19.852622340709146,0.21485428132145099,-19.857451080844545
2,0,variance,subsample,32.0,-19.860966629654424,-19.85144473609915,0.31093842691964296,-19.857097124751277
2,0,variance,subsample,33.0,-19.864953994190337,-19.852622340709146,0.3721129635956948,-19.857528929798445
2,0,variance,subsample,34.0,-19.86661143053158,-19.852815016118576,0.18915023922313784,-19.85722730975811
2,0,variance,subsample,35.0,-19.86169784785714,-19.85144473609915,0.40622564936270567,-19.857594321591737
2,0,variance,subsample,36.0,-19.860800267500675,-19.852622340709146,0.2519853788544719,-19.85709713070946
2,0,variance,subsample,37.0,-19.86661143053158,-19.85144473609915,0.12252060531479923,-19.857501519993644
2,0,variance,subsample,38.0,-19.864953994190337,-19.85121702767973,0.5339067570060692,-19.85774346691591
2,0,variance,subsample,39.0,-19.86661143053158,-19.85121702767973,0.43633163233639505,-19.85760515932454
2,0,variance,subsample,40.0,-19.864953994190337,-19.852815016118576,0.20699851487455387,-19.857617546062446
2,0,variance,subsample,41.0,-19.864953994190337,-19.85121702767973,0.15574281378572327,-19.85736826669571
2,0,variance,subsample,42.0,-19.86661143053158,-19.85121702767973,0.3192983425025641,-19.856718895152188
2,0,variance,subsample,43.0,-19.861018110101696,-19.852815016118576,0.2632430765993907,-19.856814486095278
2,0,variance,subsample,44.0,-19.86661143053158,-19.85121702767973,0.22681093264077756,-19.85760035478681
2,0,variance,subsample,45.0,-19.86169784785714,-19.852815016118576,0.2660452069074221,-19.856823935843742
2,0,variance,subsample,46.0,-19.864953994190337,-19.85121702767973,0.28906820084155044,-19.856871766835408
2,0,variance,subsample,47.0,-19.86169784785714,-19.852815016118576,0.22316336460262737,-19.857283723348598
2,0,variance,subsample,48.0,-19.86661143053158,-19.85144473609915,0.39363610446415476,-19.857731838917307
2,0,variance,subsample,49.0,-19.86661143053158,-19.85144473609915,0.301836928901802,-19.85764659505216
2,0,variance,subsample,50.0,-19.86661143053158,-19.85121702767973,0.38902357796821213,-19.85723042707013
2,0,variance,subsample,51.0,-19.86661143053158,-19.853169097504644,0.23250331492040024,-19.857573997289716
2,0,variance,subsample,52.0,-19.86661143053158,-19.85121702767973,-0.12915530167847644,-19.85716394845669
2,0,variance,subsample,53.0,-19.864953994190337,-19.852815016118576,0.15943665275159696,-19.857366167148378
2,0,variance,subsample,54.0,-19.86169784785714,-19.852815016118576,0.20785165841387074,-19.857004176342855
2,0,variance,subsample,55.0,-19.86661143053158,-19.85121702767973,-0.2679932408804209,-19.85723764008415
2,0,variance,subsample,56.0,-19.86169784785714,-19.852815016118576,0.22028861837500638,-19.856751784960338
2,0,variance,subsample,57.0,-19.86661143053158,-19.85144473609915,0.4113968143243594,-19.857561927175315
2,0,variance,subsample,58.0,-19.86661143053158,-19.852622340709146,0.12218022733500387,-19.85723422906288
2,0,variance,subsample,59.0,-19.864953994190337,-19.85121702767973,0.2559598038659994,-19.857537480733093
2,0,variance,subsample,60.0,-19.86661143053158,-19.85121702767973,0.20254033347313477,-19.856996523454992
2,0,variance,subsample,61.0,-19.86661143053158,-19.85121702767973,0.2829959775405126,-19.857071716789193
2,0,variance,subsample,62.0,-19.86661143053158,-19.85121702767973,0.1801825323356789,-19.857055174734676
2,0,variance,subsample,63.0,-19.86661143053158,-19.85144473609915,0.2753501755318464,-19.85758662715467
2,0,variance,subsample,64.0,-19.86661143053158,-19.85121702767973,-0.008029978521350003,-19.857289937910867
2,0,variance,subsample,65.0,-19.864953994190337,-19.85121702767973,0.2937591388220114,-19.85743552361228
2,0,variance,subsample,66.0,-19.86661143053158,-19.852622340709146,0.14864264766983645,-19.857108885911238
2,0,variance,subsample,67.0,-19.864953994190337,-19.85121702767973,0.4069254670465541,-19.857537029151498
2,0,variance,subsample,68.0,-19.864953994190337,-19.85121702767973,0.07923625076784534,-19.856643549939
2,0,variance,subsample,69.0,-19.86661143053158,-19.852815016118576,0.21086002534514411,-19.857467620871688
2,0,variance,subsample,70.0,-19.864953994190337,-19.852622340709146,0.34635399515024223,-19.85752844340572
2,0,variance,subsample,71.0,-19.86661143053158,-19.85121702767973,0.27945758399354786,-19.857392278501592
2,0,variance,subsample,72.0,-19.86169784785714,-19.85144473609915,0.2634634375785973,-19.857170470301206
2,0,variance,subsample,73.0,-19.864953994190337,-19.853169097504644,0.2439923118235799,-19.85726192348429
2,0,variance,subsample,74.0,-19.864953994190337,-19.852622340709146,0.30479592111915754,-19.857334451352216
2,0,variance,subsample,75.0,-19.86661143053158,-19.85121702767973,0.151370473950167,-19.8574964782485
2,0,variance,subsample,76.0,-19.86661143053158,-19.85121702767973,0.07055453490818166,-19.85766641848032
2,0,variance,subsample,77.0,-19.861018110101696,-19.85121702767973,0.3097398613401323,-19.857302838860992
2,0,variance,subsample,78.0,-19.86661143053158,-19.85121702767973,-0.05031092490135378,-19.856870713092942
2,0,variance,subsample,79.0,-19.860994802886363,-19.85144473609915,0.3774989562837983,-19.857266832799574
2,0,variance,subsample,80.0,-19.86661143053158,-19.85121702767973,0.2323267029456196,-19.857042187378028
2,0,variance,subsample,81.0,-19.86661143053158,-19.85121702767973,-0.09787014123182264,-19.85715484410013
2,0,variance,subsample,82.0,-19.86169784785714,-19.85121702767973,0.4075252307642711,-19.857725592437788
2,0,variance,subsample,83.0,-19.86661143053158,-19.85121702767973,0.18011740451860464,-19.857276198025005
2,0,variance,subsample,84.0,-19.864953994190337,-19.85121702767973,0.3195940292682806,-19.857506875372955
2,0,variance,subsample,85.0,-19.861018110101696,-19.85144473609915,0.3790099068402383,-19.857273118484837
2,0,variance,subsample,86.0,-19.864953994190337,-19.85121702767973,0.2612694623329502,-19.857118167050615
2,0,variance,subsample,87.0,-19.864953994190337,-19.85121702767973,0.17838532283173056,-19.857521993775705
2,0,variance,subsample,88.0,-19.864953994190337,-19.853169097504644,0.18977277780455062,-19.857308259300062
2,0,variance,subsample,89.0,-19.86169784785714,-19.852622340709146,0.07105191081800626,-19.856947427144863
2,0,variance,subsample,90.0,-19.860614186085044,-19.85121702767973,0.2381766285220039,-19.856625857875642
2,0,variance,subsample,91.0,-19.86661143053158,-19.852622340709146,0.14091858280047895,-19.8575847762932
2,0,variance,subsample,92.0,-19.86661143053158,-19.85121702767973,0.18965121000796537,-19.857844170074664
2,0,variance,subsample,93.0,-19.864953994190337,-19.85121702767973,0.22294734823644277,-19.85735699118435
2,0,variance,subsample,94.0,-19.86169784785714,-19.85144473609915,0.348165543425269,-19.8574276968259
2,0,variance,subsample,95.0,-19.864953994190337,-19.85144473609915,0.2654627820794232,-19.857086398343245
2,0,variance,subsample,96.0,-19.864953994190337,-19.85121702767973,0.3068826281586854,-19.856835984851056
2,0,variance,subsample,97.0,-19.864953994190337,-19.85121702767973,0.18163407060117961,-19.8569902352336
2,0,variance,subsample,98.0,-19.86661143053158,-19.85121702767973,0.24213121134161975,-19.85720186753154
2,0,variance,subsample,99.0,-19.86661143053158,-19.852815016118576,-0.1635770088198316,-19.85733833175993
2,0,inverse_num_params,global,,-19.86661143053158,-19.85121702767973,0.7025482505670795,-19.85778814986899
2,0,inverse_num_params,subsample,0.0,-19.864953994190337,-19.85121702767973,1.189109984299896,-19.858650911838872
2,0,inverse_num_params,subsample,1.0,-19.860994802886363,-19.85121702767973,1.1800384660784757,-19.857869628977795
2,0,inverse_num_params,subsample,2.0,-19.86661143053158,-19.852622340709146,0.7912366612501085,-19.858093035478152
2,0,inverse_num_params,subsample,3.0,-19.864953994190337,-19.85121702767973,0.2652088532367984,-19.857098162442302
2,0,inverse_num_params,subsample,4.0,-19.864953994190337,-19.85144473609915,0.8769912001829963,-19.857745672379643
2,0,inverse_num_params,subsample,5.0,-19.864953994190337,-19.85144473609915,0.5771021294610682,-19.85749719753977
2,0,inverse_num_params,subsample,6.0,-19.864953994190337,-19.85144473609915,1.1424343193249606,-19.85863242967609
2,0,inverse_num_params,subsample,7.0,-19.864953994190337,-19.852622340709146,0.44161788332771745,-19.85762009731125
2,0,inverse_num_params,subsample,8.0,-19.864953994190337,-19.85121702767973,0.1318401038840578,-19.856428108189352
2,0,inverse_num_params,subsample,9.0,-19.86661143053158,-19.85121702767973,0.2674714668557965,-19.857492927250853
2,0,inverse_num_params,subsample,10.0,-19.864953994190337,-19.853169097504644,0.9302505876969477,-19.85831568878606
2,0,inverse_num_params,subsample,11.0,-19.86661143053158,-19.85121702767973,0.40180370516204666,-19.857716814638056
2,0,inverse_num_params,subsample,12.0,-19.864953994190337,-19.853169097504644,0.28751324181568133,-19.85768171555367
2,0,inverse_num_params,subsample,13.0,-19.86661143053158,-19.85121702767973,1.4560480932620217,-19.858671094126546
2,0,inverse_num_params,subsample,14.0,-19.86661143053158,-19.85144473609915,0.842376941385342,-19.857665188821798
2,0,inverse_num_params,subsample,15.0,-19.864953994190337,-19.853169097504644,1.1395336319513214,-19.858399140909647
2,0,inverse_num_params,subsample,16.0,-19.86661143053158,-19.85121702767973,1.0609767752620216,-19.858023200458447
2,0,inverse_num_params,subsample,17.0,-19.86661143053158,-19.852815016118576,1.210499251488053,-19.85911891416357
2,0,inverse_num_params,subsample,18.0,-19.864953994190337,-19.85121702767973,0.6200994041139898,-19.85749605280959
2,0,inverse_num_params,subsample,19.0,-19.86661143053158,-19.85121702767973,0.9353510445017594,-19.857970223916062
2,0,inverse_num_params,subsample,20.0,-19.86661143053158,-19.85144473609915,0.8937828554978141,-19.858453804383664
2,0,inverse_num_params,subsample,21.0,-19.86661143053158,-19.852622340709146,1.1865623466473036,-19.858648567191796
2,0,inverse_num_params,subsample,22.0,-19.86661143053158,-19.85121702767973,0.9607332766513971,-19.858306986791323
2,0,inverse_num_params,subsample,23.0,-19.86169784785714,-19.85121702767973,0.7825059928853361,-19.85770066083431
2,0,inverse_num_params,subsample,24.0,-19.860966629654424,-19.85121702767973,0.6405729246950719,-19.857459632683714
2,0,inverse_num_params,subsample,25.0,-19.860994802886363,-19.85121702767973,0.06355157435719204,-19.857160914147634
2,0,inverse_num_params,subsample,26.0,-19.864953994190337,-19.85144473609915,0.42370520435895415,-19.857455859940817
2,0,inverse_num_params,subsample,27.0,-19.86661143053158,-19.85144473609915,0.3372808652256312,-19.857092847040438
2,0,inverse_num_params,subsample,28.0,-19.86661143053158,-19.85144473609915,0.6485542629128355,-19.85811402922623
2,0,inverse_num_params,subsample,29.0,-19.86661143053158,-19.85144473609915,0.617122419286168,-19.857537838504285
2,0,inverse_num_params,subsample,30.0,-19.86661143053158,-19.85121702767973,0.68552877003553,-19.85791936092427
2,0,inverse_num_params,subsample,31.0,-19.86661143053158,-19.85144473609915,1.644518232503635,-19.858800430461777
2,0,inverse_num_params,subsample,32.0,-19.86661143053158,-19.852622340709146,0.39632620016591014,-19.857535621326583
2,0,inverse_num_params,subsample,33.0,-19.860994802886363,-19.85144473609915,0.4265058674479628,-19.8574317470577
2,0,inverse_num_params,subsample,34.0,-19.861018110101696,-19.852622340709146,0.46289880441845355,-19.857456538959582
2,0,inverse_num_params,subsample,35.0,-19.861018110101696,-19.853181454006,0.7902262347389212,-19.857833484532662
2,0,inverse_num_params,subsample,36.0,-19.860994802886363,-19.85144473609915,0.1881903338356451,-19.856980216714998
2,0,inverse_num_params,subsample,37.0,-19.86169784785714,-19.85144473609915,1.0359656986724555,-19.858247528684025
2,0,inverse_num_params,subsample,38.0,-19.86661143053158,-19.85121702767973,0.22897151339892127,-19.857264074803147
2,0,inverse_num_params,subsample,39.0,-19.860541196092832,-19.852622340709146,0.8326330614572461,-19.857774127831366
2,0,inverse_num_params,subsample,40.0,-19.86169784785714,-19.85121702767973,0.567711482001301,-19.8571489852606
2,0,inverse_num_params,subsample,41.0,-19.86661143053158,-19.85121702767973,-0.0678990581036876,-19.856887322491712
2,0,inverse_num_params,subsample,42.0,-19.860994802886363,-19.85121702767973,0.6557291216824267,-19.857471290173333
2,0,inverse_num_params,subsample,43.0,-19.86661143053158,-19.85121702767973,1.946438412508066,-19.859283659570952
2,0,inverse_num_params,subsample,44.0,-19.86661143053158,-19.85121702767973,1.3152520834770223,-19.858728270416215
2,0,inverse_num_params,subsample,45.0,-19.86661143053158,-19.85121702767973,-0.028162179679889304,-19.856610309412485
2,0,inverse_num_params,subsample,46.0,-19.860994802886363,-19.852815016118576,1.1054924802515427,-19.85761808269659
2,0,inverse_num_params,subsample,47.0,-19.86661143053158,-19.85144473609915,0.11810333265252858,-19.857297495823868
2,0,inverse_num_params,subsample,48.0,-19.86661143053158,-19.852815016118576,1.0471579931149395,-19.858623561840748
2,0,inverse_num_params,subsample,49.0,-19.86661143053158,-19.85121702767973,0.07001265201876783,-19.857280743237663
2,0,inverse_num_params,subsample,50.0,-19.861018110101696,-19.85144473609915,0.6078854602356532,-19.857575033543675
2,0,inverse_num_params,subsample,51.0,-19.864953994190337,-19.852815016118576,0.8022088849966235,-19.85825719836241
2,0,inverse_num_params,subsample,52.0,-19.86661143053158,-19.852622340709146,0.777859544788346,-19.858183879760464
2,0,inverse_num_params,subsample,53.0,-19.86169784785714,-19.85121702767973,0.4471872595318318,-19.85781110208644
2,0,inverse_num_params,subsample,54.0,-19.86661143053158,-19.85121702767973,0.6138096462449879,-19.85791775838959
2,0,inverse_num_params,subsample,55.0,-19.86661143053158,-19.85121702767973,0.6754420685839234,-19.858077965873882
2,0,inverse_num_params,subsample,56.0,-19.864953994190337,-19.85121702767973,0.2584445817260816,-19.857152126319676
2,0,inverse_num_params,subsample,57.0,-19.86661143053158,-19.85121702767973,0.461406704177494,-19.857571154878016
2,0,inverse_num_params,subsample,58.0,-19.86661143053158,-19.85144473609915,0.34186154790058265,-19.85741816250501
2,0,inverse_num_params,subsample,59.0,-19.86661143053158,-19.852622340709146,1.6411959456560539,-19.85917929181476
2,0,inverse_num_params,subsample,60.0,-19.864953994190337,-19.85121702767973,0.7423249958412935,-19.8580005002465
2,0,inverse_num_params,subsample,61.0,-19.86661143053158,-19.85144473609915,0.6446094281267848,-19.85783935687877
2,0,inverse_num_params,subsample,62.0,-19.86661143053158,-19.8534975394208,0.7993381302623245,-19.85823302199812
2,0,inverse_num_params,subsample,63.0,-19.864953994190337,-19.853169097504644,0.9691908640713665,-19.858318648023797
2,0,inverse_num_params,subsample,64.0,-19.86169784785714,-19.85144473609915,-0.027796866712926225,-19.856763427807405
2,0,inverse_num_params,subsample,65.0,-19.864953994190337,-19.85121702767973,0.9885283005838962,-19.858618500136718
2,0,inverse_num_params,subsample,66.0,-19.86169784785714,-19.85121702767973,0.33059118653046526,-19.85736339247711
2,0,inverse_num_params,subsample,67.0,-19.861018110101696,-19.85121702767973,0.8236040719777941,-19.85782756946963
2,0,inverse_num_params,subsample,68.0,-19.860800267500675,-19.85121702767973,0.8328698546827669,-19.85694886163996
2,0,inverse_num_params,subsample,69.0,-19.86169784785714,-19.85144473609915,0.3594275368002073,-19.85711446648692
2,0,inverse_num_params,subsample,70.0,-19.86661143053158,-19.85121702767973,0.6502618930484491,-19.858070457119872
2,0,inverse_num_params,subsample,71.0,-19.864953994190337,-19.85121702767973,1.0834676566349506,-19.85844410552739
2,0,inverse_num_params,subsample,72.0,-19.864953994190337,-19.85121702767973,0.49207018596755236,-19.8573521499586
2,0,inverse_num_params,subsample,73.0,-19.864953994190337,-19.85121702767973,0.9726450969293206,-19.857941349414773
2,0,inverse_num_params,subsample,74.0,-19.864953994190337,-19.853181454006,1.074745944288227,-19.85844213231039
2,0,inverse_num_params,subsample,75.0,-19.86169784785714,-19.852622340709146,1.5221764903180877,-19.85891234331621
2,0,inverse_num_params,subsample,76.0,-19.86661143053158,-19.852815016118576,1.4338178095993248,-19.858835523820858
2,0,inverse_num_params,subsample,77.0,-19.86661143053158,-19.85144473609915,1.7460747063325912,-19.859096550132424
2,0,inverse_num_params,subsample,78.0,-19.86661143053158,-19.852815016118576,0.35622445680931497,-19.857884169583155
2,0,inverse_num_params,subsample,79.0,-19.86661143053158,-19.852622340709146,0.9018059764826019,-19.858180197329773
2,0,inverse_num_params,subsample,80.0,-19.864953994190337,-19.852622340709146,0.0998262817175739,-19.85738270694836
2,0,inverse_num_params,subsample,81.0,-19.86661143053158,-19.85121702767973,0.6322734901775683,-19.857654780107104
2,0,inverse_num_params,subsample,82.0,-19.86169784785714,-19.85121702767973,1.3311828931544665,-19.85796615372451
2,0,inverse_num_params,subsample,83.0,-19.86169784785714,-19.85121702767973,0.42750999602517303,-19.857187332596713
2,0,inverse_num_params,subsample,84.0,-19.86661143053158,-19.85144473609915,1.0427820577311198,-19.858060114188117
2,0,inverse_num_params,subsample,85.0,-19.864953994190337,-19.85121702767973,-0.038069420693405784,-19.85687303982433
2,0,inverse_num_params,subsample,86.0,-19.86661143053158,-19.85121702767973,-0.5316853843258865,-19.856224415669313
2,0,inverse_num_params,subsample,87.0,-19.861018110101696,-19.85144473609915,0.3356271707697262,-19.85699220281043
2,0,inverse_num_params,subsample,88.0,-19.86661143053158,-19.85121702767973,1.0856231634869578,-19.858618393824937
2,0,inverse_num_params,subsample,89.0,-19.86661143053158,-19.85121702767973,0.18595512240984435,-19.85661741603258
2,0,inverse_num_params,subsample,90.0,-19.861018110101696,-19.85144473609915,0.8379611486378591,-19.85789665340686
2,0,inverse_num_params,subsample,91.0,-19.860800267500675,-19.85144473609915,0.42480037996150966,-19.857022667802223
2,0,inverse_num_params,subsample,92.0,-19.86661143053158,-19.85144473609915,0.9891663033008594,-19.85826504749446
2,0,inverse_num_params,subsample,93.0,-19.86661143053158,-19.85144473609915,1.2819986583611964,-19.85841767557164
2,0,inverse_num_params,subsample,94.0,-19.86661143053158,-19.85144473609915,-0.3221650620339889,-19.856834393603823
2,0,inverse_num_params,subsample,95.0,-19.86661143053158,-19.85121702767973,0.09736593947117636,-19.856920042301233
2,0,inverse_num_params,subsample,96.0,-19.864953994190337,-19.85121702767973,0.30365933520107347,-19.85691509152022
2,0,inverse_num_params,subsample,97.0,-19.864953994190337,-19.8534975394208,1.4827482005214037,-19.85904643170393
2,0,inverse_num_params,subsample,98.0,-19.86661143053158,-19.853212125651986,1.416998557858906,-19.859530666034384
2,0,inverse_num_params,subsample,99.0,-19.864953994190337,-19.852622340709146,0.6370298521058188,-19.857517991046265
3,0,variance,global,,-18.464754966728606,-18.433918602403136,0.17038304058632617,-18.455478754530027
3,0,variance,subsample,0.0,-18.464754966728606,-18.448122270228648,0.2523174874438072,-18.455986618713137
3,0,variance,subsample,1.0,-18.464754966728606,-18.433918602403136,0.15337077687762463,-18.455239375002616
3,0,variance,subsample,2.0,-18.464754966728606,-18.433918602403136,0.16820746228069677,-18.455246442551648
3,0,variance,subsample,3.0,-18.46045743038013,-18.433918602403136,0.17627484861365333,-18.454991843613712
3,0,variance,subsample,4.0,-18.464754966728606,-18.433918602403136,0.11859096966639895,-18.45498770488813
3,0,variance,subsample,5.0,-18.464754966728606,-18.44588801080384,0.21880735624628758,-18.455749629347366
3,0,variance,subsample,6.0,-18.464754966728606,-18.442465955239445,0.1835560016623398,-18.45526768112942
3,0,variance,subsample,7.0,-18.464754966728606,-18.433918602403136,0.1816345089674645,-18.45569728928618
3,0,variance,subsample,8.0,-18.46045743038013,-18.433918602403136,0.18686151066331083,-18.455141421744802
3,0,variance,subsample,9.0,-18.464754966728606,-18.433918602403136,0.007106714693356565,-18.4553120414623
3,0,variance,subsample,10.0,-18.464754966728606,-18.442465955239445,0.2463794064863518,-18.45606274239558
3,0,variance,subsample,11.0,-18.464754966728606,-18.433918602403136,0.1251852739413982,-18.455198504510452
3,0,variance,subsample,12.0,-18.464754966728606,-18.433918602403136,0.18123704665477655,-18.45533901942256
3,0,variance,subsample,13.0,-18.45983662956605,-18.433918602403136,0.1571242031860811,-18.455465756772906
3,0,variance,subsample,14.0,-18.460238724088835,-18.442465955239445,0.15814635595644205,-18.455116672755945
3,0,variance,subsample,15.0,-18.464754966728606,-18.442465955239445,0.17712692499261073,-18.455907708829574
3,0,variance,subsample,16.0,-18.46045743038013,-18.433918602403136,0.16611664081558386,-18.455071934095674
3,0,variance,subsample,17.0,-18.460238724088835,-18.433918602403136,0.1159201563639118,-18.454820850222053
3,0,variance,subsample,18.0,-18.46045743038013,-18.433918602403136,0.08629465496506784,-18.455012463936306
3,0,variance,subsample,19.0,-18.460238724088835,-18.448122270228648,0.15643781726980666,-18.45561031838859
3,0,variance,subsample,20.0,-18.46045743038013,-18.442465955239445,0.16447758007427804,-18.45547980958956
3,0,variance,subsample,21.0,-18.46045743038013,-18.433918602403136,0.19863798328919083,-18.455268991618606
3,0,variance,subsample,22.0,-18.464754966728606,-18.450287577920495,0.28833854566461636,-18.456289044665624
3,0,variance,subsample,23.0,-18.464754966728606,-18.44588801080384,0.29390951392679765,-18.456013962696815
3,0,variance,subsample,24.0,-18.464754966728606,-18.433918602403136,0.09572410775605937,-18.454821956202686
3,0,variance,subsample,25.0,-18.46045743038013,-18.433918602403136,0.17251588214840854,-18.4556546039047
3,0,variance,subsample,26.0,-18.464754966728606,-18.433918602403136,0.1593877297755329,-18.455332951060033
3,0,variance,subsample,27.0,-18.45944948369263,-18.433918602403136,0.057296650136020526,-18.454584804551498
3,0,variance,subsample,28.0,-18.464754966728606,-18.442465955239445,0.174993122219288,-18.455920320837865
3,0,variance,subsample,29.0,-18.45983662956605,-18.433918602403136,0.14379497652058823,-18.455243277996022
3,0,variance,subsample,30.0,-18.464754966728606,-18.433918602403136,0.22343551069876183,-18.455252961048387
3,0,variance,subsample,31.0,-18.464754966728606,-18.442465955239445,0.3599654179400205,-18.45618992715849
3,0,variance,subsample,32.0,-18.45983662956605,-18.433918602403136,0.22204310458697957,-18.45552716129268
3,0,variance,subsample,33.0,-18.46045743038013,-18.448122270228648,0.27497340226707073,-18.455722579714042
3,0,variance,subsample,34.0,-18.460238724088835,-18.433918602403136,0.10614363002994376,-18.45477698214271
3,0,variance,subsample,35.0,-18.46045743038013,-18.433918602403136,0.11661546238739966,-18.455715076163848
3,0,variance,subsample,36.0,-18.460238724088835,-18.442465955239445,0.0902853560538606,-18.45538580366716
3,0,variance,subsample,37.0,-18.464754966728606,-18.433918602403136,0.02487060536846748,-18.45476013733823
3,0,variance,subsample,38.0,-18.464754966728606,-18.433918602403136,0.2510229054517192,-18.455934737506187
3,0,variance,subsample,39.0,-18.46045743038013,-18.433918602403136,0.2087344578727194,-18.4551044099827
3,0,variance,subsample,40.0,-18.46045743038013,-18.433918602403136,0.11439582916076761,-18.45513056188824
3,0,variance,subsample,41.0,-18.460238724088835,-18.442465955239445,0.17653727692702564,-18.455608456631346
3,0,variance,subsample,42.0,-18.46045743038013,-18.442465955239445,0.07057599141876433,-18.45540364779103
3,0,variance,subsample,43.0,-18.46045743038013,-18.442465955239445,0.042616894874650146,-18.455035177064097
3,0,variance,subsample,44.0,-18.464754966728606,-18.442465955239445,0.34862795855957535,-18.456046729210648
3,0,variance,subsample,45.0,-18.464754966728606,-18.44588801080384,0.25099531162171146,-18.45619029899221
3,0,variance,subsample,46.0,-18.464754966728606,-18.433918602403136,0.1055474836564421,-18.455125189336616
3,0,variance,subsample,47.0,-18.46045743038013,-18.433918602403136,0.19872026064349504,-18.455129836151666
3,0,variance,subsample,48.0,-18.464754966728606,-18.433918602403136,0.21151619598042218,-18.455532832252224
3,0,variance,subsample,49.0,-18.460238724088835,-18.433918602403136,0.09846041982288856,-18.45491065322456
3,0,variance,subsample,50.0,-18.464754966728606,-18.433918602403136,0.1145096371895863,-18.454899356590193
3,0,variance,subsample,51.0,-18.464754966728606,-18.433918602403136,0.10050730378219411,-18.454939992820815
3,0,variance,subsample,52.0,-18.464754966728606,-18.433918602403136,-0.055571874988517886,-18.454982708419212
3,0,variance,subsample,53.0,-18.45944948369263,-18.45150611731409,0.23847609986621549,-18.455906655685066
3,0,variance,subsample,54.0,-18.464754966728606,-18.433918602403136,0.10935269694077239,-18.455294332705993
3,0,variance,subsample,55.0,-18.464754966728606,-18.433918602403136,0.0906547977327431,-18.455282407568543
3,0,variance,subsample,56.0,-18.464754966728606,-18.450155294184288,0.30827084361562074,-18.456501150954402
3,0,variance,subsample,57.0,-18.464754966728606,-18.442465955239445,0.2126429878860703,-18.455690113735503
3,0,variance,subsample,58.0,-18.464754966728606,-18.44588801080384,0.29283461150046275,-18.456001433761415
3,0,variance,subsample,59.0,-18.46045743038013,-18.44588801080384,0.19821697825998463,-18.45535752585544
3,0,variance,subsample,60.0,-18.464754966728606,-18.433918602403136,0.23679844405057165,-18.455476116728658
3,0,variance,subsample,61.0,-18.464754966728606,-18.442465955239445,0.2524903205840634,-18.455834020846233
3,0,variance,subsample,62.0,-18.46045743038013,-18.433918602403136,0.13978688224042438,-18.455439274300296
3,0,variance,subsample,63.0,-18.46045743038013,-18.433918602403136,0.023315341362324667,-18.454418889671455
3,0,variance,subsample,64.0,-18.464754966728606,-18.442465955239445,0.22856091140494236,-18.455869398113688
3,0,variance,subsample,65.0,-18.46045743038013,-18.442465955239445,0.02671372517772093,-18.455418511160406
3,0,variance,subsample,66.0,-18.460238724088835,-18.44588801080384,0.1650925100707311,-18.45578802982325
3,0,variance,subsample,67.0,-18.460238724088835,-18.451677314463854,0.11193394151975812,-18.456027702754437
3,0,variance,subsample,68.0,-18.464754966728606,-18.44588801080384,0.2560757847240399,-18.45593813831028
3,0,variance,subsample,69.0,-18.460238724088835,-18.433918602403136,0.01955808171161222,-18.45517229703293
3,0,variance,subsample,70.0,-18.460238724088835,-18.44588801080384,0.20486574809902336,-18.455377395495887
3,0,variance,subsample,71.0,-18.46045743038013,-18.442465955239445,0.1863765599886825,-18.45562731473811
3,0,variance,subsample,72.0,-18.46045743038013,-18.433918602403136,0.09604480564656212,-18.454961336848733
3,0,variance,subsample,73.0,-18.464754966728606,-18.433918602403136,0.04211248614089016,-18.455196451383625
3,0,variance,subsample,74.0,-18.460238724088835,-18.442465955239445,0.25862937719681384,-18.455394167866952
3,0,variance,subsample,75.0,-18.46045743038013,-18.442465955239445,0.2188976665928058,-18.45565925434371
3,0,variance,subsample,76.0,-18.460238724088835,-18.433918602403136,0.13581319782989468,-18.455092123956465
3,0,variance,subsample,77.0,-18.464754966728606,-18.433918602403136,0.220380854182423,-18.455971389663496
3,0,variance,subsample,78.0,-18.460238724088835,-18.433918602403136,0.1249578741452887,-18.455215018484203
3,0,variance,subsample,79.0,-18.464754966728606,-18.433918602403136,0.16297370452057244,-18.45546144297228
3,0,variance,subsample,80.0,-18.45983662956605,-18.442465955239445,0.19542819494689112,-18.455554635878848
3,0,variance,subsample,81.0,-18.46045743038013,-18.44588801080384,0.2825748087509304,-18.456170276243558
3,0,variance,subsample,82.0,-18.464754966728606,-18.442465955239445,0.22089828416307242,-18.455568872419782
3,0,variance,subsample,83.0,-18.464754966728606,-18.44588801080384,0.3314620595974715,-18.456184109155547
3,0,variance,subsample,84.0,-18.464754966728606,-18.433918602403136,0.13222088516844657,-18.45527484778136
3,0,variance,subsample,85.0,-18.464754966728606,-18.451677314463854,0.23855193431522584,-18.456269518762163
3,0,variance,subsample,86.0,-18.464754966728606,-18.442465955239445,0.15079409569333832,-18.45551096810839
3,0,variance,subsample,87.0,-18.464754966728606,-18.433918602403136,0.15042271067796428,-18.455268688794668
3,0,variance,subsample,88.0,-18.464754966728606,-18.448122270228648,0.2681943462380845,-18.45602784330761
3,0,variance,subsample,89.0,-18.464754966728606,-18.433918602403136,0.18707383148336681,-18.45532124540655
3,0,variance,subsample,90.0,-18.464754966728606,-18.433918602403136,0.30874054517509675,-18.45557423631509
3,0,variance,subsample,91.0,-18.45983662956605,-18.442465955239445,0.10486907264004783,-18.455345688760232
3,0,variance,subsample,92.0,-18.464754966728606,-18.433918602403136,0.09777824876394825,-18.454958203775973
3,0,variance,subsample,93.0,-18.464754966728606,-18.450287577920495,0.20949215571718477,-18.45613093472472
3,0,variance,subsample,94.0,-18.460238724088835,-18.433918602403136,0.142372360395212,-18.455286418488157
3,0,variance,subsample,95.0,-18.460238724088835,-18.433918602403136,0.05506701836261174,-18.454666310232223
3,0,variance,subsample,96.0,-18.46045743038013,-18.433918602403136,0.028021570023659438,-18.45488440582002
3,0,variance,subsample,97.0,-18.464754966728606,-18.442465955239445,0.17742046302209583,-18.455627088254406
3,0,variance,subsample,98.0,-18.464754966728606,-18.433918602403136,0.2644002570245942,-18.45561002850409
3,0,variance,subsample,99.0,-18.46045743038013,-18.433918602403136,0.0005534441788246074,-18.454490741928865
3,0,inverse_num_params,global,,-18.464754966728606,-18.433918602403136,-0.00027695633043841206,-18.455104457376223
3,0,inverse_num_params,subsample,0.0,-18.46045743038013,-18.433918602403136,0.07467362528471282,-18.454695133283995
3,0,inverse_num_params,subsample,1.0,-18.464754966728606,-18.433918602403136,0.11732608626044794,-18.45479146562576
3,0,inverse_num_params,subsample,2.0,-18.460238724088835,-18.433918602403136,-0.028690592790952568,-18.454844008127353
3,0,inverse_num_params,subsample,3.0,-18.464754966728606,-18.433918602403136,-0.2624384926443016,-18.454848983643675
3,0,inverse_num_params,subsample,4.0,-18.464754966728606,-18.433918602403136,-0.024362589046447433,-18.454998065863812
3,0,inverse_num_params,subsample,5.0,-18.46045743038013,-18.44588801080384,0.018264839198393407,-18.455326685473754
3,0,inverse_num_params,subsample,6.0,-18.464754966728606,-18.442465955239445,0.01193824761277477,-18.455364908626635
3,0,inverse_num_params,subsample,7.0,-18.464754966728606,-18.442465955239445,0.13154725443549783,-18.455773089027417
3,0,inverse_num_params,subsample,8.0,-18.45944948369263,-18.433918602403136,-0.1678237117272588,-18.45461053625818
3,0,inverse_num_params,subsample,9.0,-18.464754966728606,-18.433918602403136,-0.13753238830679673,-18.454690790985392
3,0,inverse_num_params,subsample,10.0,-18.46045743038013,-18.433918602403136,-0.2684190637879723,-18.45418370427174
3,0,inverse_num_params,subsample,11.0,-18.464754966728606,-18.442465955239445,-0.130487122971865,-18.45493267142707
3,0,inverse_num_params,subsample,12.0,-18.46045743038013,-18.442465955239445,0.04707387945846927,-18.455252674261086
3,0,inverse_num_params,subsample,13.0,-18.46045743038013,-18.442465955239445,0.16502278960827887,-18.455336858991153
3,0,inverse_num_params,subsample,14.0,-18.464754966728606,-18.433918602403136,0.03477041377190946,-18.45509820957987
3,0,inverse_num_params,subsample,15.0,-18.464754966728606,-18.433918602403136,-0.33612660253986176,-18.454457469269165
3,0,inverse_num_params,subsample,16.0,-18.45944948369263,-18.442465955239445,0.258755051823527,-18.455405630989524
3,0,inverse_num_params,subsample,17.0,-18.460238724088835,-18.433918602403136,-0.3108650237336665,-18.454263381519265
3,0,inverse_num_params,subsample,18.0,-18.464754966728606,-18.433918602403136,-0.05758558971073183,-18.454998083029384
3,0,inverse_num_params,subsample,19.0,-18.46045743038013,-18.442465955239445,0.02795389962857407,-18.45509296174916
3,0,inverse_num_params,subsample,20.0,-18.46045743038013,-18.433918602403136,-0.18210862891888477,-18.454483508747128
3,0,inverse_num_params,subsample,21.0,-18.460238724088835,-18.433918602403136,0.03548416152131699,-18.454825517905615
3,0,inverse_num_params,subsample,22.0,-18.464754966728606,-18.442465955239445,0.6341694617077333,-18.456585415701504
3,0,inverse_num_params,subsample,23.0,-18.45983662956605,-18.442465955239445,0.14899899139146186,-18.455375421890125
3,0,inverse_num_params,subsample,24.0,-18.46045743038013,-18.433918602403136,-0.15087482886203576,-18.454649009207706
3,0,inverse_num_params,subsample,25.0,-18.464754966728606,-18.433918602403136,-0.08741593956138492,-18.45434280526239
3,0,inverse_num_params,subsample,26.0,-18.464754966728606,-18.448122270228648,0.28603854234672255,-18.455965727922607
3,0,inverse_num_params,subsample,27.0,-18.464754966728606,-18.442465955239445,-0.016104250952465204,-18.455394340755397
3,0,inverse_num_params,subsample,28.0,-18.464754966728606,-18.433918602403136,-0.19810069426229907,-18.45453923228662
3,0,inverse_num_params,subsample,29.0,-18.464754966728606,-18.44588801080384,0.001437942308260444,-18.45518350250287
3,0,inverse_num_params,subsample,30.0,-18.464754966728606,-18.433918602403136,-0.002907819133115101,-18.454878305870277
3,0,inverse_num_params,subsample,31.0,-18.460238724088835,-18.448122270228648,-0.029957012913091708,-18.45516254608492
3,0,inverse_num_params,subsample,32.0,-18.464754966728606,-18.433918602403136,0.1126245163638642,-18.455431626119744
3,0,inverse_num_params,subsample,33.0,-18.46045743038013,-18.433918602403136,-0.022209724588572937,-18.455031803583026
3,0,inverse_num_params,subsample,34.0,-18.464754966728606,-18.433918602403136,-0.19259893364744907,-18.45498658093027
3,0,inverse_num_params,subsample,35.0,-18.464754966728606,-18.433918602403136,-0.1166468699962572,-18.45469591201415
3,0,inverse_num_params,subsample,36.0,-18.464754966728606,-18.442465955239445,-0.17126136487695945,-18.455091630466338
3,0,inverse_num_params,subsample,37.0,-18.46045743038013,-18.433918602403136,-0.21227717499595047,-18.454800509198996
3,0,inverse_num_params,subsample,38.0,-18.464754966728606,-18.448122270228648,0.2629874089546813,-18.455794123145136
3,0,inverse_num_params,subsample,39.0,-18.464754966728606,-18.442465955239445,0.30966582612419813,-18.455964324786166
3,0,inverse_num_params,subsample,40.0,-18.46045743038013,-18.433918602403136,-0.3877846585384046,-18.454166626399534
3,0,inverse_num_params,subsample,41.0,-18.460238724088835,-18.433918602403136,0.2090485584469827,-18.45525940877825
3,0,inverse_num_params,subsample,42.0,-18.45983662956605,-18.433918602403136,-0.17250752162741892,-18.454429661551078
3,0,inverse_num_params,subsample,43.0,-18.46045743038013,-18.442465955239445,0.08287232068090712,-18.455186191982566
3,0,inverse_num_params,subsample,44.0,-18.46045743038013,-18.442465955239445,0.1716482287783447,-18.455431372253756
3,0,inverse_num_params,subsample,45.0,-18.464754966728606,-18.433918602403136,-0.14061528557735883,-18.454238711633746
3,0,inverse_num_params,subsample,46.0,-18.460238724088835,-18.433918602403136,-0.022548706471029932,-18.454527579437737
3,0,inverse_num_params,subsample,47.0,-18.464754966728606,-18.44588801080384,0.14025339575425688,-18.45586990285766
3,0,inverse_num_params,subsample,48.0,-18.464754966728606,-18.44588801080384,0.27492130716550356,-18.45620491829949
3,0,inverse_num_params,subsample,49.0,-18.464754966728606,-18.433918602403136,-0.010245018582590118,-18.45495946266095
3,0,inverse_num_params,subsample,50.0,-18.46045743038013,-18.433918602403136,-0.11261542997083378,-18.454650500194578
3,0,inverse_num_params,subsample,51.0,-18.46045743038013,-18.442465955239445,0.438473382682066,-18.45557768435376
3,0,inverse_num_params,subsample,52.0,-18.464754966728606,-18.442465955239445,0.14576239757421686,-18.4553371077504
3,0,inverse_num_params,subsample,53.0,-18.464754966728606,-18.442465955239445,-0.07160843510990182,-18.454838846303016
3,0,inverse_num_params,subsample,54.0,-18.45983662956605,-18.433918602403136,-0.17612134482853906,-18.454160110915634
3,0,inverse_num_params,subsample,55.0,-18.46045743038013,-18.433918602403136,-0.15876841179948759,-18.454783859764223
3,0,inverse_num_params,subsample,56.0,-18.464754966728606,-18.433918602403136,-0.11307845570016906,-18.45499809957721
3,0,inverse_num_params,subsample,57.0,-18.464754966728606,-18.433918602403136,0.21623170214788595,-18.455372666780963
3,0,inverse_num_params,subsample,58.0,-18.464754966728606,-18.433918602403136,0.011636554737813849,-18.455320214223168
3,0,inverse_num_params,subsample,59.0,-18.464754966728606,-18.442465955239445,0.08367934668771806,-18.45552462674329
3,0,inverse_num_params,subsample,60.0,-18.464754966728606,-18.433918602403136,-0.3031310552212979,-18.454250119063097
3,0,inverse_num_params,subsample,61.0,-18.45944948369263,-18.450287577920495,0.16768868100751236,-18.455555486456294
3,0,inverse_num_params,subsample,62.0,-18.46045743038013,-18.44588801080384,0.2769047006415656,-18.456028811837395
3,0,inverse_num_params,subsample,63.0,-18.46045743038013,-18.433918602403136,-0.15042911364226885,-18.454685457036252
3,0,inverse_num_params,subsample,64.0,-18.46045743038013,-18.442465955239445,0.0367989908415097,-18.45524744316223
3,0,inverse_num_params,subsample,65.0,-18.45944948369263,-18.433918602403136,-0.0012870604227024846,-18.45460519794603
3,0,inverse_num_params,subsample,66.0,-18.46045743038013,-18.433918602403136,-0.31903949156293926,-18.45410992977703
3,0,inverse_num_params,subsample,67.0,-18.464754966728606,-18.442465955239445,0.2145583818132285,-18.455777944065325
3,0,inverse_num_params,subsample,68.0,-18.464754966728606,-18.448122270228648,0.36648266657746686,-18.456368141388964
3,0,inverse_num_params,subsample,69.0,-18.464754966728606,-18.448122270228648,0.4736378719839607,-18.456257762989523
3,0,inverse_num_params,subsample,70.0,-18.464754966728606,-18.44588801080384,-0.01875854272201418,-18.455225922434966
3,0,inverse_num_params,subsample,71.0,-18.45983662956605,-18.433918602403136,-0.18002194872358182,-18.454630617527684
3,0,inverse_num_params,subsample,72.0,-18.464754966728606,-18.433918602403136,0.058668257509399274,-18.45531882819486
3,0,inverse_num_params,subsample,73.0,-18.45944948369263,-18.44588801080384,-0.07621261361766855,-18.455058943510892
3,0,inverse_num_params,subsample,74.0,-18.460238724088835,-18.433918602403136,-0.17629370557775784,-18.45498542897957
3,0,inverse_num_params,subsample,75.0,-18.464754966728606,-18.433918602403136,0.09642647757969694,-18.45477122652642
3,0,inverse_num_params,subsample,76.0,-18.46045743038013,-18.433918602403136,-0.28157224708348566,-18.454450054413595
3,0,inverse_num_params,subsample,77.0,-18.464754966728606,-18.433918602403136,0.24081546894945768,-18.455433896064047
3,0,inverse_num_params,subsample,78.0,-18.464754966728606,-18.448122270228648,0.08336372211504607,-18.4555663824585
3,0,inverse_num_params,subsample,79.0,-18.460238724088835,-18.433918602403136,-0.33233839170913404,-18.454436110898705
3,0,inverse_num_params,subsample,80.0,-18.464754966728606,-18.433918602403136,0.011019028006781695,-18.45504649240834
3,0,inverse_num_params,subsample,81.0,-18.464754966728606,-18.433918602403136,-0.061615992701984985,-18.45497946977233
3,0,inverse_num_params,subsample,82.0,-18.46045743038013,-18.433918602403136,-0.11032474982109733,-18.45485989036026
3,0,inverse_num_params,subsample,83.0,-18.464754966728606,-18.433918602403136,-0.36347820601523523,-18.454406242054713
3,0,inverse_num_params,subsample,84.0,-18.460238724088835,-18.442465955239445,0.1407049527187149,-18.45534140245019
3,0,inverse_num_params,subsample,85.0,-18.464754966728606,-18.442465955239445,0.15522897697368163,-18.455257444915116
3,0,inverse_num_params,subsample,86.0,-18.459396729893054,-18.433918602403136,-0.12590214042831793,-18.454662543822185
3,0,inverse_num_params,subsample,87.0,-18.464754966728606,-18.448122270228648,0.08256175428915268,-18.455304281241638
3,0,inverse_num_params,subsample,88.0,-18.46045743038013,-18.442465955239445,0.10122510730495685,-18.455227770715453
3,0,inverse_num_params,subsample,89.0,-18.459396729893054,-18.433918602403136,-0.45321160919918085,-18.45437708002203
3,0,inverse_num_params,subsample,90.0,-18.46045743038013,-18.44588801080384,-0.09779633140834507,-18.45558019205739
3,0,inverse_num_params,subsample,91.0,-18.46045743038013,-18.433918602403136,-0.12151664602394188,-18.45419239151727
3,0,inverse_num_params,subsample,92.0,-18.46045743038013,-18.442465955239445,-0.3456201807287674,-18.4544553239492
3,0,inverse_num_params,subsample,93.0,-18.464754966728606,-18.442465955239445,-0.2161159802894058,-18.45448612761052
3,0,inverse_num_params,subsample,94.0,-18.464754966728606,-18.44588801080384,0.38218340790534133,-18.455777069320376
3,0,inverse_num_params,subsample,95.0,-18.460238724088835,-18.433918602403136,-0.015702043805507552,-18.454925945857898
3,0,inverse_num_params,subsample,96.0,-18.464754966728606,-18.433918602403136,-0.040262928663498135,-18.454994457205867
3,0,inverse_num_params,subsample,97.0,-18.464754966728606,-18.451677314463854,0.4391185481803355,-18.45645575947515
3,0,inverse_num_params,subsample,98.0,-18.460238724088835,-18.433918602403136,-0.10164915916825075,-18.45480361050647
3,0,inverse_num_params,subsample,99.0,-18.46045743038013,-18.448122270228648,0.1710863564019843,-18.455388077101283
3,1,variance,global,,-17.855750756438066,-17.849988449864373,0.045105269443230955,-17.852248330481412
3,1,variance,subsample,0.0,-17.855750756438066,-17.849988449864373,-1.6088639975571863,-17.851750582690887
3,1,variance,subsample,1.0,-17.855750756438066,-17.849988449864373,-1.8627817834009175,-17.850655584076378
3,1,variance,subsample,2.0,-17.855750756438066,-17.850405596877724,0.16420632273975996,-17.85285551863633
3,1,variance,subsample,3.0,-17.855750756438066,-17.850747659335326,-1.7198963597319727,-17.85105110302001
3,1,variance,subsample,4.0,-17.855750756438066,-17.850747659335326,-1.719896359729818,-17.851051103020012
3,1,variance,subsample,5.0,-17.855750756438066,-17.849988449864373,-1.975453306607347,-17.850349867616742
3,1,variance,subsample,6.0,-17.855750756438066,-17.849988449864373,-1.8627817834005367,-17.85065558407638
3,1,variance,subsample,7.0,-17.850747659335326,-17.849988449864373,-0.004878644970445271,-17.850368515138374
3,1,variance,subsample,8.0,-17.855750756438066,-17.849988449864373,-1.6088639975540524,-17.851750582690894
3,1,variance,subsample,9.0,-17.855750756438066,-17.850405596877724,0.16420632273975996,-17.85285551863633
3,1,variance,subsample,10.0,-17.855750756438066,-17.849988449864373,-1.975453306607347,-17.850349867616742
3,1,variance,subsample,11.0,-17.855750756438066,-17.850405596877724,0.7119320176219582,-17.856163263975258
3,1,variance,subsample,12.0,-17.855750756438066,-17.850405596877724,0.1642063227393199,-17.85285551863632
3,1,variance,subsample,13.0,-17.850747659335326,-17.849988449864373,-0.004878644968587067,-17.850368515138374
3,1,variance,subsample,14.0,-17.854761957815946,-17.850405596877724,0.2978525256205142,-17.852756344127958
3,1,variance,subsample,15.0,-17.854761957815946,-17.850747659335326,-7.271405682682775,-17.851050431104905
3,1,variance,subsample,16.0,-17.855750756438066,-17.850405596877724,0.16420632273895175,-17.85285551863632
3,1,variance,subsample,17.0,-17.854761957815946,-17.849988449864373,0.2409229729518143,-17.852354899680645
3,1,variance,subsample,18.0,-17.851354957504157,-17.849988449864373,53.71554026331198,-17.851056355853764
3,1,variance,subsample,19.0,-17.850747659335326,-17.849988449864373,-0.004878644969296482,-17.85036851513837
3,1,variance,subsample,20.0,-17.854761957815946,-17.849988449864373,-8.723822652179766,-17.850290545284775
3,1,variance,subsample,21.0,-17.851354957504157,-17.849988449864373,0.03641680864646985,-17.85067297731541
3,1,variance,subsample,22.0,-17.855750756438066,-17.850405596877724,0.16420632273937028,-17.852855518636325
3,1,variance,subsample,23.0,-17.851354957504157,-17.849988449864373,0.03641680864479363,-17.850672977315412
3,1,variance,subsample,24.0,-17.855750756438066,-17.851354957504157,-1.2592214851617038,-17.852594606470152
3,1,variance,subsample,25.0,-17.850747659335326,-17.849988449864373,-0.004878644970445271,-17.850368515138374
3,1,variance,subsample,26.0,-17.855750756438066,-17.850405596877724,0.1642063227393199,-17.85285551863632
3,1,variance,subsample,27.0,-17.854761957815946,-17.850405596877724,0.2978525256190941,-17.85275634412796
3,1,variance,subsample,28.0,-17.851354957504157,-17.850405596877724,0.08735116639974844,-17.85105131549935
3,1,variance,subsample,29.0,-17.851354957504157,-17.849988449864373,53.71554026361767,-17.851056355853764
3,1,variance,subsample,30.0,-17.854761957815946,-17.849988449864373,-8.723822652155006,-17.850290545284793
3,1,variance,subsample,31.0,-17.855750756438066,-17.850747659335326,-1.7198963597317034,-17.851051103020005
3,1,variance,subsample,32.0,-17.854761957815946,-17.849988449864373,-8.083755773013726,-17.85060573840243
3,1,variance,subsample,33.0,-17.855750756438066,-17.850747659335326,-1.4147204774122017,-17.852224138898723
3,1,variance,subsample,34.0,-17.855750756438066,-17.849988449864373,-1.975453306601815,-17.850349867616742
3,1,variance,subsample,35.0,-17.854761957815946,-17.850747659335326,-7.271405682693135,-17.851050431104895
3,1,variance,subsample,36.0,-17.855750756438066,-17.849988449864373,-1.975453306601815,-17.850349867616742
3,1,variance,subsample,37.0,-17.855750756438066,-17.849988449864373,0.07431764021087041,-17.852299573258215
3,1,variance,subsample,38.0,-17.850747659335326,-17.849988449864373,-0.004878644969296482,-17.85036851513837
3,1,variance,subsample,39.0,-17.855750756438066,-17.849988449864373,0.07431764020779746,-17.8522995732582
3,1,variance,subsample,40.0,-17.855750756438066,-17.850747659335326,-1.7198963597363808,-17.851051103020005
3,1,variance,subsample,41.0,-17.850747659335326,-17.849988449864373,-0.004878644968587067,-17.850368515138374
3,1,variance,subsample,42.0,-17.855750756438066,-17.850747659335326,-1.7198963597399006,-17.851051103020005
3,1,variance,subsample,43.0,-17.851354957504157,-17.850405596877724,0.08735116639974844,-17.85105131549935
3,1,variance,subsample,44.0,-17.854761957815946,-17.850747659335326,-7.271405682693135,-17.851050431104895
3,1,variance,subsample,45.0,-17.855750756438066,-17.850747659335326,-1.7198963597319727,-17.85105110302001
3,1,variance,subsample,46.0,-17.854761957815946,-17.849988449864373,-8.723822652179766,-17.850290545284775
3,1,variance,subsample,47.0,-17.851354957504157,-17.849988449864373,53.71554026347568,-17.85105635585376
3,1,variance,subsample,48.0,-17.854761957815946,-17.849988449864373,-8.723822652151528,-17.850290545284793
3,1,variance,subsample,49.0,-17.855750756438066,-17.850747659335326,-1.4147204774077895,-17.852224138898734
3,1,variance,subsample,50.0,-17.855750756438066,-17.849988449864373,0.07431764021087041,-17.852299573258215
3,1,variance,subsample,51.0,-17.851354957504157,-17.849988449864373,53.71554026292532,-17.851056355853764
3,1,variance,subsample,52.0,-17.851354957504157,-17.849988449864373,53.71554026369184,-17.85105635585376
3,1,variance,subsample,53.0,-17.855750756438066,-17.849988449864373,-1.8627817834031706,-17.85065558407638
3,1,variance,subsample,54.0,-17.855750756438066,-17.850405596877724,0.23757430389155565,-17.85330557284496
3,1,variance,subsample,55.0,-17.851354957504157,-17.849988449864373,53.71554026369184,-17.85105635585376
3,1,variance,subsample,56.0,-17.855750756438066,-17.849988449864373,0.07431764020779746,-17.8522995732582
3,1,variance,subsample,57.0,-17.854761957815946,-17.850405596877724,0.3447939769641703,-17.853082446987557
3,1,variance,subsample,58.0,-17.854761957815946,-17.850405596877724,0.344793976961902,-17.853082446987546
3,1,variance,subsample,59.0,-17.854761957815946,-17.849988449864373,0.2409229729513349,-17.852354899680645
3,1,variance,subsample,60.0,-17.854761957815946,-17.850405596877724,0.344793976961902,-17.853082446987546
3,1,variance,subsample,61.0,-17.854761957815946,-17.849988449864373,-8.083755772979881,-17.850605738402436
3,1,variance,subsample,62.0,-17.854761957815946,-17.850747659335326,-7.271405682686255,-17.851050431104905
3,1,variance,subsample,63.0,-17.854761957815946,-17.850747659335326,-7.271405682693135,-17.851050431104895
3,1,variance,subsample,64.0,-17.854761957815946,-17.849988449864373,-8.0837557729876,-17.85060573840243
3,1,variance,subsample,65.0,-17.855750756438066,-17.849988449864373,-1.6088639975540524,-17.851750582690894
3,1,variance,subsample,66.0,-17.854761957815946,-17.850405596877724,0.3447939769641703,-17.853082446987557
3,1,variance,subsample,67.0,-17.851354957504157,-17.850405596877724,0.08735116639974844,-17.85105131549935
3,1,variance,subsample,68.0,-17.855750756438066,-17.850405596877724,0.23757430389052206,-17.853305572844953
3,1,variance,subsample,69.0,-17.855750756438066,-17.850405596877724,0.23757430389218248,-17.85330557284496
3,1,variance,subsample,70.0,-17.851354957504157,-17.850405596877724,0.08735116639909173,-17.85105131549935
3,1,variance,subsample,71.0,-17.855750756438066,-17.850747659335326,-1.4147204774077895,-17.852224138898734
3,1,variance,subsample,72.0,-17.855750756438066,-17.850747659335326,-1.414720477408194,-17.85222413889873
3,1,variance,subsample,73.0,-17.854761957815946,-17.849988449864373,0.24092297295301304,-17.852354899680655
3,1,variance,subsample,74.0,-17.855750756438066,-17.850405596877724,0.7119320176216787,-17.85616326397526
3,1,variance,subsample,75.0,-17.855750756438066,-17.849988449864373,-1.9754533066075046,-17.85034986761675
3,1,variance,subsample,76.0,-17.851354957504157,-17.849988449864373,0.03641680864646985,-17.85067297731541
3,1,variance,subsample,77.0,-17.855750756438066,-17.850405596877724,0.16420632273895175,-17.85285551863632
3,1,variance,subsample,78.0,-17.854761957815946,-17.850405596877724,0.34479397696269765,-17.853082446987553
3,1,variance,subsample,79.0,-17.855750756438066,-17.850405596877724,0.16420632273895175,-17.85285551863632
3,1,variance,subsample,80.0,-17.855750756438066,-17.850405596877724,0.23757430389253992,-17.853305572844967
3,1,variance,subsample,81.0,-17.855750756438066,-17.849988449864373,-1.6088639975527745,-17.851750582690897
3,1,variance,subsample,82.0,-17.855750756438066,-17.849988449864373,0.07431764021087041,-17.852299573258215
3,1,variance,subsample,83.0,-17.855750756438066,-17.849988449864373,-1.6088639975577463,-17.851750582690894
3,1,variance,subsample,84.0,-17.854761957815946,-17.850405596877724,0.29785252561944453,-17.85275634412796
3,1,variance,subsample,85.0,-17.854761957815946,-17.849988449864373,-8.723822652151528,-17.850290545284793
3,1,variance,subsample,86.0,-17.854761957815946,-17.849988449864373,0.24092297295219448,-17.85235489968065
3,1,variance,subsample,87.0,-17.855750756438066,-17.849988449864373,-1.6088639975540524,-17.851750582690894
3,1,variance,subsample,88.0,-17.851354957504157,-17.849988449864373,53.71554026369184,-17.85105635585376
3,1,variance,subsample,89.0,-17.851354957504157,-17.849988449864373,0.036416808646042825,-17.85067297731541
3,1,variance,subsample,90.0,-17.851354957504157,-17.849988449864373,0.036416808646042825,-17.85067297731541
3,1,variance,subsample,91.0,-17.851354957504157,-17.849988449864373,53.71554026331198,-17.851056355853764
3,1,variance,subsample,92.0,-17.855750756438066,-17.850405596877724,0.1642063227394691,-17.852855518636336
3,1,variance,subsample,93.0,-17.855750756438066,-17.850747659335326,-1.719896359729818,-17.851051103020012
3,1,variance,subsample,94.0,-17.855750756438066,-17.849988449864373,0.07431764020779746,-17.8522995732582
3,1,variance,subsample,95.0,-17.854761957815946,-17.850405596877724,0.344793976961902,-17.853082446987546
3,1,variance,subsample,96.0,-17.854761957815946,-17.850747659335326,-7.271405682682775,-17.851050431104905
3,1,variance,subsample,97.0,-17.855750756438066,-17.849988449864373,-1.608863997556173,-17.85175058269089
3,1,variance,subsample,98.0,-17.854761957815946,-17.850747659335326,-7.271405682699246,-17.851050431104905
3,1,variance,subsample,99.0,-17.854761957815946,-17.849988449864373,0.2409229729518143,-17.852354899680645
3,1,inverse_num_params,global,,-17.855750756438066,-17.849988449864373,1.3071190932820562,-17.853845137331373
3,1,inverse_num_params,subsample,0.0,-17.855750756438066,-17.850405596877724,0.16375242394044084,-17.852696926399574
3,1,inverse_num_params,subsample,1.0,-17.855750756438066,-17.849988449864373,1.5667884436018478,-17.85449884820096
3,1,inverse_num_params,subsample,2.0,-17.855750756438066,-17.850405596877724,-6.384988036900666,-17.84758432005455
3,1,inverse_num_params,subsample,3.0,-17.855750756438066,-17.849988449864373,2.9576819854838976,-17.85802366336126
3,1,inverse_num_params,subsample,4.0,-17.854761957815946,-17.849988449864373,1.3404147013665018,-17.85369083233469
3,1,inverse_num_params,subsample,5.0,-17.851354957504157,-17.849988449864373,0.36976084239966006,-17.851209399558712
3,1,inverse_num_params,subsample,6.0,-17.851354957504157,-17.849988449864373,0.43718294075785175,-17.85140415278101
3,1,inverse_num_params,subsample,7.0,-17.851354957504157,-17.849988449864373,0.3697608423945011,-17.8512093995587
3,1,inverse_num_params,subsample,8.0,-17.854761957815946,-17.849988449864373,1.3404147013650636,-17.853690832334685
3,1,inverse_num_params,subsample,9.0,-17.850747659335326,-17.849988449864373,0.32988069228243194,-17.850849326730376
3,1,inverse_num_params,subsample,10.0,-17.854761957815946,-17.849988449864373,2.442030791983205,-17.856087221068677
3,1,inverse_num_params,subsample,11.0,-17.855750756438066,-17.849988449864373,2.957681985482119,-17.858023663361255
3,1,inverse_num_params,subsample,12.0,-17.854761957815946,-17.850405596877724,2.6896096960198728,-17.85507443251167
3,1,inverse_num_params,subsample,13.0,-17.851354957504157,-17.850405596877724,-0.9133382930623052,-17.84988941815014
3,1,inverse_num_params,subsample,14.0,-17.854761957815946,-17.849988449864373,2.442030791988919,-17.856087221068695
3,1,inverse_num_params,subsample,15.0,-17.855750756438066,-17.850747659335326,-0.9241042688296756,-17.85159853220394
3,1,inverse_num_params,subsample,16.0,-17.850747659335326,-17.849988449864373,0.32988069228243194,-17.850849326730376
3,1,inverse_num_params,subsample,17.0,-17.855750756438066,-17.851354957504157,5.206336642562175,-17.859916179762653
3,1,inverse_num_params,subsample,18.0,-17.854761957815946,-17.850405596877724,0.36240864883134555,-17.852263567713756
3,1,inverse_num_params,subsample,19.0,-17.855750756438066,-17.850405596877724,0.16375242394669226,-17.852696926399595
3,1,inverse_num_params,subsample,20.0,-17.855750756438066,-17.850747659335326,-10.099834588371998,-17.84494898664907
3,1,inverse_num_params,subsample,21.0,-17.855750756438066,-17.850747659335326,-10.099834588358593,-17.844948986649083
3,1,inverse_num_params,subsample,22.0,-17.854761957815946,-17.850405596877724,2.689609696012173,-17.855074432511664
3,1,inverse_num_params,subsample,23.0,-17.855750756438066,-17.850405596877724,-11.324719101067316,-17.84203557443719
3,1,inverse_num_params,subsample,24.0,-17.854761957815946,-17.849988449864373,1.3404147013665018,-17.85369083233469
3,1,inverse_num_params,subsample,25.0,-17.855750756438066,-17.849988449864373,3.1524386220595932,-17.857914768093874
3,1,inverse_num_params,subsample,26.0,-17.850747659335326,-17.849988449864373,0.3298806922895534,-17.85084932673038
3,1,inverse_num_params,subsample,27.0,-17.851354957504157,-17.849988449864373,0.36976084239966006,-17.851209399558712
3,1,inverse_num_params,subsample,28.0,-17.855750756438066,-17.850405596877724,0.16375242394154374,-17.85269692639959
3,1,inverse_num_params,subsample,29.0,-17.855750756438066,-17.850747659335326,-10.09983458836576,-17.84494898664907
3,1,inverse_num_params,subsample,30.0,-17.855750756438066,-17.849988449864373,1.2765066507428395,-17.854061074778826
3,1,inverse_num_params,subsample,31.0,-17.855750756438066,-17.849988449864373,1.2765066507441831,-17.85406107477882
3,1,inverse_num_params,subsample,32.0,-17.854761957815946,-17.849988449864373,1.3404147013650636,-17.853690832334685
3,1,inverse_num_params,subsample,33.0,-17.855750756438066,-17.850405596877724,0.16375242394669226,-17.852696926399595
3,1,inverse_num_params,subsample,34.0,-17.855750756438066,-17.849988449864373,2.9576819854863423,-17.85802366336127
3,1,inverse_num_params,subsample,35.0,-17.851354957504157,-17.849988449864373,0.4371829407601902,-17.851404152781026
3,1,inverse_num_params,subsample,36.0,-17.854761957815946,-17.850405596877724,0.3624086488475136,-17.852263567713763
3,1,inverse_num_params,subsample,37.0,-17.855750756438066,-17.849988449864373,1.5667884436055255,-17.85449884820097
3,1,inverse_num_params,subsample,38.0,-17.855750756438066,-17.851354957504157,5.206336642562175,-17.859916179762653
3,1,inverse_num_params,subsample,39.0,-17.855750756438066,-17.850405596877724,0.16375242394044084,-17.852696926399574
3,1,inverse_num_params,subsample,40.0,-17.851354957504157,-17.849988449864373,0.4371829407581839,-17.851404152781015
3,1,inverse_num_params,subsample,41.0,-17.855750756438066,-17.850405596877724,0.16375242394044084,-17.852696926399574
3,1,inverse_num_params,subsample,42.0,-17.855750756438066,-17.849988449864373,3.1524386220595932,-17.857914768093874
3,1,inverse_num_params,subsample,43.0,-17.855750756438066,-17.850747659335326,-10.09983458836576,-17.84494898664907
3,1,inverse_num_params,subsample,44.0,-17.855750756438066,-17.850747659335326,-10.099834588367866,-17.844948986649072
3,1,inverse_num_params,subsample,45.0,-17.855750756438066,-17.851354957504157,5.206336642553672,-17.85991617976265
3,1,inverse_num_params,subsample,46.0,-17.855750756438066,-17.849988449864373,3.1524386220635345,-17.85791476809388
3,1,inverse_num_params,subsample,47.0,-17.851354957504157,-17.850405596877724,-0.9133382930610675,-17.849889418150145
3,1,inverse_num_params,subsample,48.0,-17.855750756438066,-17.850405596877724,-11.324719101061762,-17.842035574437194
3,1,inverse_num_params,subsample,49.0,-17.855750756438066,-17.850747659335326,-10.099834588371998,-17.84494898664907
3,1,inverse_num_params,subsample,50.0,-17.855750756438066,-17.849988449864373,2.957681985483059,-17.858023663361262
3,1,inverse_num_params,subsample,51.0,-17.850747659335326,-17.849988449864373,0.32988069228243194,-17.850849326730376
3,1,inverse_num_params,subsample,52.0,-17.851354957504157,-17.849988449864373,0.43718294075785175,-17.85140415278101
3,1,inverse_num_params,subsample,53.0,-17.854761957815946,-17.849988449864373,2.4420307919889717,-17.85608722106869
3,1,inverse_num_params,subsample,54.0,-17.855750756438066,-17.851354957504157,5.206336642553672,-17.85991617976265
3,1,inverse_num_params,subsample,55.0,-17.851354957504157,-17.850405596877724,-0.9133382930623052,-17.84988941815014
3,1,inverse_num_params,subsample,56.0,-17.855750756438066,-17.850405596877724,-6.384988036900666,-17.84758432005455
3,1,inverse_num_params,subsample,57.0,-17.854761957815946,-17.850405596877724,2.689609696011637,-17.85507443251166
3,1,inverse_num_params,subsample,58.0,-17.854761957815946,-17.850747659335326,1.1659729769528613,-17.85345617970629
3,1,inverse_num_params,subsample,59.0,-17.855750756438066,-17.849988449864373,1.2765066507476612,-17.854061074778834
3,1,inverse_num_params,subsample,60.0,-17.851354957504157,-17.850405596877724,-0.9133382930623052,-17.84988941815014
3,1,inverse_num_params,subsample,61.0,-17.851354957504157,-17.850405596877724,-0.9133382930610675,-17.849889418150145
3,1,inverse_num_params,subsample,62.0,-17.855750756438066,-17.849988449864373,1.2765066507458638,-17.854061074778834
3,1,inverse_num_params,subsample,63.0,-17.854761957815946,-17.850405596877724,2.6896096960198728,-17.85507443251167
3,1,inverse_num_params,subsample,64.0,-17.854761957815946,-17.849988449864373,1.5475599620605929,-17.853982496899523
3,1,inverse_num_params,subsample,65.0,-17.854761957815946,-17.850747659335326,1.1659729769454112,-17.853456179706285
3,1,inverse_num_params,subsample,66.0,-17.854761957815946,-17.850405596877724,2.689609696011637,-17.85507443251166
3,1,inverse_num_params,subsample,67.0,-17.854761957815946,-17.849988449864373,2.4420307919885897,-17.85608722106869
3,1,inverse_num_params,subsample,68.0,-17.855750756438066,-17.849988449864373,1.5667884436042232,-17.85449884820096
3,1,inverse_num_params,subsample,69.0,-17.851354957504157,-17.849988449864373,0.4371829407581839,-17.851404152781015
3,1,inverse_num_params,subsample,70.0,-17.855750756438066,-17.849988449864373,3.1524386220608047,-17.857914768093877
3,1,inverse_num_params,subsample,71.0,-17.854761957815946,-17.849988449864373,1.547559962058877,-17.853982496899526
3,1,inverse_num_params,subsample,72.0,-17.851354957504157,-17.849988449864373,0.43718294076068703,-17.851404152781015
3,1,inverse_num_params,subsample,73.0,-17.855750756438066,-17.849988449864373,1.2765066507415102,-17.854061074778823
3,1,inverse_num_params,subsample,74.0,-17.851354957504157,-17.849988449864373,0.36976084239798995,-17.851209399558712
3,1,inverse_num_params,subsample,75.0,-17.854761957815946,-17.850747659335326,1.1659729769454112,-17.853456179706285
3,1,inverse_num_params,subsample,76.0,-17.855750756438066,-17.851354957504157,5.206336642562175,-17.859916179762653
3,1,inverse_num_params,subsample,77.0,-17.854761957815946,-17.849988449864373,1.5475599620605929,-17.853982496899523
3,1,inverse_num_params,subsample,78.0,-17.854761957815946,-17.850747659335326,1.1659729769547882,-17.853456179706292
3,1,inverse_num_params,subsample,79.0,-17.855750756438066,-17.849988449864373,2.957681985483059,-17.858023663361262
3,1,inverse_num_params,subsample,80.0,-17.854761957815946,-17.850405596877724,0.36240864883134555,-17.852263567713756
3,1,inverse_num_params,subsample,81.0,-17.855750756438066,-17.850747659335326,-0.9241042688275274,-17.85159853220394
3,1,inverse_num_params,subsample,82.0,-17.854761957815946,-17.850747659335326,1.1659729769454112,-17.853456179706285
3,1,inverse_num_params,subsample,83.0,-17.855750756438066,-17.851354957504157,5.206336642567074,-17.859916179762656
3,1,inverse_num_params,subsample,84.0,-17.851354957504157,-17.850405596877724,-0.9133382930578836,-17.849889418150156
3,1,inverse_num_params,subsample,85.0,-17.855750756438066,-17.851354957504157,5.206336642567074,-17.859916179762656
3,1,inverse_num_params,subsample,86.0,-17.855750756438066,-17.850405596877724,0.16375242394669226,-17.852696926399595
3,1,inverse_num_params,subsample,87.0,-17.854761957815946,-17.850405596877724,0.36240864883134555,-17.852263567713756
3,1,inverse_num_params,subsample,88.0,-17.855750756438066,-17.849988449864373,2.957681985483971,-17.858023663361266
3,1,inverse_num_params,subsample,89.0,-17.855750756438066,-17.849988449864373,1.5667884435977666,-17.854498848200954
3,1,inverse_num_params,subsample,90.0,-17.851354957504157,-17.849988449864373,0.4371829407601902,-17.851404152781026
3,1,inverse_num_params,subsample,91.0,-17.851354957504157,-17.849988449864373,0.3697608423945011,-17.8512093995587
3,1,inverse_num_params,subsample,92.0,-17.855750756438066,-17.850405596877724,-11.324719101076907,-17.84203557443718
3,1,inverse_num_params,subsample,93.0,-17.854761957815946,-17.850405596877724,0.36240864883767077,-17.852263567713763
3,1,inverse_num_params,subsample,94.0,-17.854761957815946,-17.850405596877724,0.36240864883939944,-17.85226356771376
3,1,inverse_num_params,subsample,95.0,-17.854761957815946,-17.849988449864373,1.547559962054986,-17.853982496899523
3,1,inverse_num_params,subsample,96.0,-17.855750756438066,-17.849988449864373,3.1524386220598064,-17.85791476809388
3,1,inverse_num_params,subsample,97.0,-17.855750756438066,-17.851354957504157,5.206336642568452,-17.859916179762664
3,1,inverse_num_params,subsample,98.0,-17.855750756438066,-17.849988449864373,1.5667884435978676,-17.854498848200958
3,1,inverse_num_params,subsample,99.0,-17.855750756438066,-17.849988449864373,1.2765066507428395,-17.854061074778826
3,2,variance,global,,-17.372989988553915,-17.35350022933198,-0.14974351013713524,-17.362080529835822
3,2,variance,subsample,0.0,-17.37043169554208,-17.356309099765983,-0.6312016348085491,-17.36061920272221
3,2,variance,subsample,1.0,-17.37043169554208,-17.356212488367316,-0.9234104851793333,-17.35912999164166
3,2,variance,subsample,2.0,-17.36917572209744,-17.35350022933198,0.5190865261079133,-17.36408522838242
3,2,variance,subsample,3.0,-17.37043169554208,-17.358860832660287,-0.17347747221963816,-17.363611711796583
3,2,variance,subsample,4.0,-17.37043169554208,-17.35350022933198,-0.2425467552637993,-17.3600129105002
3,2,variance,subsample,5.0,-17.36917572209744,-17.35350022933198,0.3197958886817477,-17.364014541572992
3,2,variance,subsample,6.0,-17.37043169554208,-17.35350022933198,-0.04836343890959749,-17.361637905897016
3,2,variance,subsample,7.0,-17.366659948654736,-17.356309099765983,-0.24373646054134762,-17.36011817180177
3,2,variance,subsample,8.0,-17.372989988553915,-17.35990218929526,-0.4183910208124475,-17.362186656076457
3,2,variance,subsample,9.0,-17.372989988553915,-17.35350022933198,-0.011939038033251102,-17.363193468393604
3,2,variance,subsample,10.0,-17.37043169554208,-17.356212488367316,-0.3191444932017518,-17.3623107899168
3,2,variance,subsample,11.0,-17.372989988553915,-17.35350022933198,0.45467784788680937,-17.36399823123105
3,2,variance,subsample,12.0,-17.372989988553915,-17.35350022933198,-0.17296561134989638,-17.36285644213653
3,2,variance,subsample,13.0,-17.372989988553915,-17.356309099765983,-1.2276004874526814,-17.35780062053819
3,2,variance,subsample,14.0,-17.372989988553915,-17.35350022933198,-0.36177810951811334,-17.36281529943708
3,2,variance,subsample,15.0,-17.372989988553915,-17.356212488367316,-0.37592778213232536,-17.361046015291265
3,2,variance,subsample,16.0,-17.36917572209744,-17.356309099765983,0.47221557890012544,-17.363742020183945
3,2,variance,subsample,17.0,-17.366659948654736,-17.356309099765983,-0.21199393787197546,-17.361008951269564
3,2,variance,subsample,18.0,-17.366884399955932,-17.35350022933198,0.6524641905279117,-17.364999562489846
3,2,variance,subsample,19.0,-17.366884399955932,-17.356212488367316,0.07639824610387964,-17.361445685433132
3,2,variance,subsample,20.0,-17.36917572209744,-17.356309099765983,0.28061915038984153,-17.364148099730123
3,2,variance,subsample,21.0,-17.372989988553915,-17.35350022933198,-0.03753612311512404,-17.361638535115446
3,2,variance,subsample,22.0,-17.372989988553915,-17.356212488367316,-0.8897179653446172,-17.358611114833803
3,2,variance,subsample,23.0,-17.37043169554208,-17.35350022933198,0.3337800274642152,-17.363248253308495
3,2,variance,subsample,24.0,-17.372989988553915,-17.356212488367316,-0.22122178345589152,-17.36208938448647
3,2,variance,subsample,25.0,-17.372989988553915,-17.358690862094026,-0.6629871830675935,-17.36080277805586
3,2,variance,subsample,26.0,-17.37043169554208,-17.35350022933198,-0.26938496851406996,-17.360233452566497
3,2,variance,subsample,27.0,-17.372989988553915,-17.356212488367316,-0.4226273339012832,-17.360929611514948
3,2,variance,subsample,28.0,-17.372989988553915,-17.356309099765983,-0.33538573996164095,-17.362759199205595
3,2,variance,subsample,29.0,-17.37043169554208,-17.356212488367316,-1.3136978378777997,-17.359415260463965
3,2,variance,subsample,30.0,-17.372989988553915,-17.356309099765983,-1.1153270191693994,-17.35880482935168
3,2,variance,subsample,31.0,-17.372989988553915,-17.35350022933198,-0.4814730260006654,-17.361077048501183
3,2,variance,subsample,32.0,-17.37043169554208,-17.356212488367316,-0.8790921420291075,-17.35830036830977
3,2,variance,subsample,33.0,-17.36917572209744,-17.35350022933198,0.5200129000360978,-17.3647038648893
3,2,variance,subsample,34.0,-17.372989988553915,-17.35350022933198,-0.43997168605952935,-17.362133010653086
3,2,variance,subsample,35.0,-17.372989988553915,-17.35350022933198,-0.05757852856787972,-17.36457420390057
3,2,variance,subsample,36.0,-17.372989988553915,-17.35350022933198,0.050260571002330987,-17.36345974315353
3,2,variance,subsample,37.0,-17.366659948654736,-17.356309099765983,0.29110768122692476,-17.36383908972304
3,2,variance,subsample,38.0,-17.372989988553915,-17.356212488367316,-0.6438362580459317,-17.360648349198975
3,2,variance,subsample,39.0,-17.372989988553915,-17.356309099765983,-0.7148765548584377,-17.360801025556604
3,2,variance,subsample,40.0,-17.37043169554208,-17.356212488367316,-0.5920028423487306,-17.359723908747693
3,2,variance,subsample,41.0,-17.372989988553915,-17.35350022933198,-0.5193222698839204,-17.360954157384192
3,2,variance,subsample,42.0,-17.366884399955932,-17.356212488367316,0.23160421205276563,-17.361941792247013
3,2,variance,subsample,43.0,-17.372989988553915,-17.356212488367316,-0.6077528722549496,-17.360337563719806
3,2,variance,subsample,44.0,-17.36917572209744,-17.356212488367316,0.04024194324813747,-17.36318018156907
3,2,variance,subsample,45.0,-17.372989988553915,-17.358690862094026,0.0910526885116053,-17.36419497108439
3,2,variance,subsample,46.0,-17.372989988553915,-17.356309099765983,-0.3343059618418354,-17.36098256457562
3,2,variance,subsample,47.0,-17.372989988553915,-17.35350022933198,-0.36034014143714643,-17.361582970871098
3,2,variance,subsample,48.0,-17.372989988553915,-17.35350022933198,0.4824477549363109,-17.365461302518465
3,2,variance,subsample,49.0,-17.372989988553915,-17.35350022933198,-0.0686947583735834,-17.361149673777994
3,2,variance,subsample,50.0,-17.37043169554208,-17.356212488367316,-0.6418309050500154,-17.36067400418588
3,2,variance,subsample,51.0,-17.37043169554208,-17.35350022933198,-0.035046770277606616,-17.361440145210256
3,2,variance,subsample,52.0,-17.37043169554208,-17.356309099765983,-0.2326597720077709,-17.36217110378851
3,2,variance,subsample,53.0,-17.372989988553915,-17.356212488367316,-0.4893179071773891,-17.3612233079548
3,2,variance,subsample,54.0,-17.372989988553915,-17.358860832660287,-0.550499220134812,-17.361716345788608
3,2,variance,subsample,55.0,-17.37043169554208,-17.35350022933198,0.037959756404648326,-17.363130814558865
3,2,variance,subsample,56.0,-17.372989988553915,-17.35350022933198,0.3860578088291004,-17.366099043419904
3,2,variance,subsample,57.0,-17.37043169554208,-17.35350022933198,0.04786285378051302,-17.361823968166647
3,2,variance,subsample,58.0,-17.366884399955932,-17.358690862094026,0.19294174921390764,-17.363010977962055
3,2,variance,subsample,59.0,-17.372989988553915,-17.35350022933198,0.01220514528082256,-17.363489636473894
3,2,variance,subsample,60.0,-17.37043169554208,-17.356309099765983,-0.3411328515364411,-17.36163495213062
3,2,variance,subsample,61.0,-17.372989988553915,-17.356309099765983,-0.7289423374419743,-17.359944828280234
3,2,variance,subsample,62.0,-17.372989988553915,-17.35350022933198,-0.040754008913849955,-17.361338879189393
3,2,variance,subsample,63.0,-17.372989988553915,-17.35350022933198,0.16421916921460059,-17.36309623037868
3,2,variance,subsample,64.0,-17.37043169554208,-17.35350022933198,0.1267441949780059,-17.363128874949233
3,2,variance,subsample,65.0,-17.37043169554208,-17.356212488367316,-0.2890156748409898,-17.362485857701234
3,2,variance,subsample,66.0,-17.37043169554208,-17.356212488367316,-0.5505219068585188,-17.360052127528153
3,2,variance,subsample,67.0,-17.372989988553915,-17.35350022933198,-0.13559166713248713,-17.36254470620616
3,2,variance,subsample,68.0,-17.36917572209744,-17.356212488367316,-0.3074729252048717,-17.361992496487847
3,2,variance,subsample,69.0,-17.37043169554208,-17.35350022933198,0.17628690837078695,-17.363359550985827
3,2,variance,subsample,70.0,-17.36463775857691,-17.35350022933198,0.03982930694487852,-17.36074865506055
3,2,variance,subsample,71.0,-17.36917572209744,-17.35350022933198,0.492592237314342,-17.364076533293403
3,2,variance,subsample,72.0,-17.372989988553915,-17.35350022933198,-0.10852067204737018,-17.361498342088694
3,2,variance,subsample,73.0,-17.372989988553915,-17.35350022933198,-0.1512801303163828,-17.36125020743701
3,2,variance,subsample,74.0,-17.372989988553915,-17.356212488367316,-1.7204620279396,-17.35785884793334
3,2,variance,subsample,75.0,-17.36917572209744,-17.356212488367316,0.011112787288815856,-17.362316510846817
3,2,variance,subsample,76.0,-17.372989988553915,-17.35350022933198,0.33024704172625735,-17.36492239679143
3,2,variance,subsample,77.0,-17.372989988553915,-17.358860832660287,-0.9206737108116109,-17.360208984076984
3,2,variance,subsample,78.0,-17.372989988553915,-17.356309099765983,-0.034432579798969326,-17.363005369790773
3,2,variance,subsample,79.0,-17.372989988553915,-17.356309099765983,-0.16106894087611706,-17.36235108456891
3,2,variance,subsample,80.0,-17.366659948654736,-17.35350022933198,0.39151465645951233,-17.363075954720866
3,2,variance,subsample,81.0,-17.372989988553915,-17.358690862094026,-0.6912297946888494,-17.361260648311035
3,2,variance,subsample,82.0,-17.37043169554208,-17.35350022933198,0.3011640004164243,-17.364362629936654
3,2,variance,subsample,83.0,-17.36917572209744,-17.35350022933198,0.5579733172969553,-17.364765574976534
3,2,variance,subsample,84.0,-17.372989988553915,-17.356212488367316,-1.1413030827224622,-17.35814680060053
3,2,variance,subsample,85.0,-17.37043169554208,-17.356212488367316,-0.39073189611106557,-17.360315224059978
3,2,variance,subsample,86.0,-17.36917572209744,-17.356212488367316,-0.45383100011684807,-17.36203307637331
3,2,variance,subsample,87.0,-17.372989988553915,-17.356309099765983,-0.686545959711784,-17.36142687450829
3,2,variance,subsample,88.0,-17.372989988553915,-17.35350022933198,-0.2734538958572391,-17.360471740472388
3,2,variance,subsample,89.0,-17.372989988553915,-17.358690862094026,-0.34489160424729715,-17.36243604984892
3,2,variance,subsample,90.0,-17.372989988553915,-17.356309099765983,-0.8160424082220743,-17.359459100791412
3,2,variance,subsample,91.0,-17.372989988553915,-17.35350022933198,0.24601714020225593,-17.365833853251996
3,2,variance,subsample,92.0,-17.37043169554208,-17.35350022933198,0.09159792756478237,-17.36309806014583
3,2,variance,subsample,93.0,-17.372989988553915,-17.358690862094026,-0.6581105114935082,-17.359992441251705
3,2,variance,subsample,94.0,-17.372989988553915,-17.356212488367316,-0.6390193554309526,-17.360108750914623
3,2,variance,subsample,95.0,-17.372989988553915,-17.35350022933198,-0.44718006867604687,-17.36010525651724
3,2,variance,subsample,96.0,-17.372989988553915,-17.356309099765983,-0.15149449699296766,-17.362618296853306
3,2,variance,subsample,97.0,-17.37043169554208,-17.35350022933198,0.2531284687188899,-17.36374880878798
3,2,variance,subsample,98.0,-17.37043169554208,-17.35350022933198,0.168693994154387,-17.36297453571746
3,2,variance,subsample,99.0,-17.37043169554208,-17.35350022933198,-0.0537788617278586,-17.361830813245
3,2,inverse_num_params,global,,-17.372989988553915,-17.35350022933198,-1.4807040514621697,-17.36134970319436
3,2,inverse_num_params,subsample,0.0,-17.37043169554208,-17.35350022933198,-3.878447575036359,-17.358336515478864
3,2,inverse_num_params,subsample,1.0,-17.372989988553915,-17.35350022933198,5.414226010131015,-17.36699798783406
3,2,inverse_num_params,subsample,2.0,-17.366884399955932,-17.356309099765983,-0.7450923638479918,-17.361061995430276
3,2,inverse_num_params,subsample,3.0,-17.37043169554208,-17.35350022933198,-2.1334620028061053,-17.360765782483156
3,2,inverse_num_params,subsample,4.0,-17.37043169554208,-17.35350022933198,-10.70969973179122,-17.353469234860512
3,2,inverse_num_params,subsample,5.0,-17.365499464353398,-17.35350022933198,-2.6955395294211293,-17.35802809863421
3,2,inverse_num_params,subsample,6.0,-17.372989988553915,-17.35350022933198,4.2913919568296395,-17.36660236306647
3,2,inverse_num_params,subsample,7.0,-17.37043169554208,-17.35350022933198,-3.1829362635142915,-17.358671048100128
3,2,inverse_num_params,subsample,8.0,-17.37043169554208,-17.356212488367316,-1.8682198682289088,-17.361489745307964
3,2,inverse_num_params,subsample,9.0,-17.372989988553915,-17.35350022933198,1.7823300337376682,-17.363290508317302
3,2,inverse_num_params,subsample,10.0,-17.372989988553915,-17.358690862094026,2.899337150970156,-17.367496155305695
3,2,inverse_num_params,subsample,11.0,-17.37043169554208,-17.356212488367316,-1.7264906377188078,-17.361078428914198
3,2,inverse_num_params,subsample,12.0,-17.37043169554208,-17.356309099765983,-7.723148281408153,-17.354933988950382
3,2,inverse_num_params,subsample,13.0,-17.36622367917638,-17.35350022933198,-3.9614446246434847,-17.358057169615787
3,2,inverse_num_params,subsample,14.0,-17.372989988553915,-17.356212488367316,-4.614282238427512,-17.36087555889259
3,2,inverse_num_params,subsample,15.0,-17.366659948654736,-17.35350022933198,-2.318726967997542,-17.359078071277967
3,2,inverse_num_params,subsample,16.0,-17.372989988553915,-17.356212488367316,13.427000882299367,-17.374356729209595
3,2,inverse_num_params,subsample,17.0,-17.366884399955932,-17.35350022933198,-0.5424515473218764,-17.361288696617407
3,2,inverse_num_params,subsample,18.0,-17.37043169554208,-17.35350022933198,-5.645102482887687,-17.35608950705253
3,2,inverse_num_params,subsample,19.0,-17.37043169554208,-17.35350022933198,-11.932665177911888,-17.350959010623992
3,2,inverse_num_params,subsample,20.0,-17.37043169554208,-17.356212488367316,-2.4723913718240307,-17.360109305883654
3,2,inverse_num_params,subsample,21.0,-17.372989988553915,-17.356212488367316,0.8583701891778482,-17.362419462642848
3,2,inverse_num_params,subsample,22.0,-17.36917572209744,-17.356212488367316,3.1773357767546564,-17.365816727528244
3,2,inverse_num_params,subsample,23.0,-17.37043169554208,-17.35350022933198,-9.935258041493407,-17.354578128350177
3,2,inverse_num_params,subsample,24.0,-17.372989988553915,-17.35350022933198,-2.8804415497494604,-17.35866754670955
3,2,inverse_num_params,subsample,25.0,-17.372989988553915,-17.35350022933198,-2.0121759440390146,-17.360810101718876
3,2,inverse_num_params,subsample,26.0,-17.366659948654736,-17.356212488367316,-5.571338124588526,-17.35701153452653
3,2,inverse_num_params,subsample,27.0,-17.37043169554208,-17.35350022933198,-3.8102402227388312,-17.358543494894366
3,2,inverse_num_params,subsample,28.0,-17.372989988553915,-17.35350022933198,-3.7562375440669338,-17.359560394601438
3,2,inverse_num_params,subsample,29.0,-17.372989988553915,-17.356212488367316,3.758482234308833,-17.368210596029368
3,2,inverse_num_params,subsample,30.0,-17.372989988553915,-17.356212488367316,-4.239860308278886,-17.359886414572006
3,2,inverse_num_params,subsample,31.0,-17.36917572209744,-17.356212488367316,0.31869344684026546,-17.361993739349902
3,2,inverse_num_params,subsample,32.0,-17.372989988553915,-17.356212488367316,-3.340822163029454,-17.361084671359805
3,2,inverse_num_params,subsample,33.0,-17.372989988553915,-17.358690862094026,3.473769898786779,-17.367184343660618
3,2,inverse_num_params,subsample,34.0,-17.372989988553915,-17.35350022933198,-2.705761681519513,-17.359980888458594
3,2,inverse_num_params,subsample,35.0,-17.36917572209744,-17.356309099765983,2.9902611697491888,-17.365762617438072
3,2,inverse_num_params,subsample,36.0,-17.366884399955932,-17.35350022933198,-4.88465071484886,-17.357524897698738
3,2,inverse_num_params,subsample,37.0,-17.372989988553915,-17.356212488367316,-6.430724075660106,-17.357356314113346
3,2,inverse_num_params,subsample,38.0,-17.372989988553915,-17.356309099765983,-0.3102364009457371,-17.364324196173644
3,2,inverse_num_params,subsample,39.0,-17.36917572209744,-17.356212488367316,1.4652909474142406,-17.36318748511238
3,2,inverse_num_params,subsample,40.0,-17.37043169554208,-17.356212488367316,-4.723639665360197,-17.358709022136257
3,2,inverse_num_params,subsample,41.0,-17.372989988553915,-17.356309099765983,2.1259832208537546,-17.366263160745444
3,2,inverse_num_params,subsample,42.0,-17.372989988553915,-17.356309099765983,-0.6378090775478082,-17.36317362613485
3,2,inverse_num_params,subsample,43.0,-17.366884399955932,-17.35350022933198,-2.6667114907619003,-17.35964170135611
3,2,inverse_num_params,subsample,44.0,-17.36917572209744,-17.35350022933198,-1.2236112827566827,-17.360094214116184
3,2,inverse_num_params,subsample,45.0,-17.37043169554208,-17.35350022933198,-9.562292225919569,-17.35362109980141
3,2,inverse_num_params,subsample,46.0,-17.36917572209744,-17.356309099765983,3.5584728800674847,-17.365405147503008
3,2,inverse_num_params,subsample,47.0,-17.36917572209744,-17.356309099765983,1.6607438542585438,-17.36446147987618
3,2,inverse_num_params,subsample,48.0,-17.372989988553915,-17.35350022933198,-11.951141824940771,-17.353345387481554
3,2,inverse_num_params,subsample,49.0,-17.366884399955932,-17.35350022933198,-4.04093317752043,-17.358380581494657
3,2,inverse_num_params,subsample,50.0,-17.372989988553915,-17.35350022933198,-1.6963394203799003,-17.361349553402505
3,2,inverse_num_params,subsample,51.0,-17.372989988553915,-17.35350022933198,-5.274972302550829,-17.357686119966573
3,2,inverse_num_params,subsample,52.0,-17.37043169554208,-17.35350022933198,-7.723531484833563,-17.35345100572388
3,2,inverse_num_params,subsample,53.0,-17.372989988553915,-17.35350022933198,2.9159802141737923,-17.364074204603796
3,2,inverse_num_params,subsample,54.0,-17.37043169554208,-17.356212488367316,-0.9793147087140974,-17.361849425615432
3,2,inverse_num_params,subsample,55.0,-17.372989988553915,-17.356212488367316,5.330166560342585,-17.368160007841052
3,2,inverse_num_params,subsample,56.0,-17.372989988553915,-17.356212488367316,2.4186012048590197,-17.36337634604139
3,2,inverse_num_params,subsample,57.0,-17.36917572209744,-17.35350022933198,1.9155151342050059,-17.363111121491443
3,2,inverse_num_params,subsample,58.0,-17.372989988553915,-17.356309099765983,-0.9427015099552485,-17.36216436505749
3,2,inverse_num_params,subsample,59.0,-17.36917572209744,-17.35350022933198,-8.968963934615074,-17.35471858516643
3,2,inverse_num_params,subsample,60.0,-17.37043169554208,-17.356212488367316,-1.2753119366947439,-17.361464779678574
3,2,inverse_num_params,subsample,61.0,-17.372989988553915,-17.356212488367316,0.7525328805313779,-17.3641984235556
3,2,inverse_num_params,subsample,62.0,-17.36917572209744,-17.35350022933198,-0.8685301126221328,-17.360984708476657
3,2,inverse_num_params,subsample,63.0,-17.372989988553915,-17.356309099765983,-0.8443182165133705,-17.3630365729859
3,2,inverse_num_params,subsample,64.0,-17.36917572209744,-17.35350022933198,-5.819536691040442,-17.356211048054604
3,2,inverse_num_params,subsample,65.0,-17.37043169554208,-17.356309099765983,-0.5095873722841479,-17.3624208131368
3,2,inverse_num_params,subsample,66.0,-17.36622367917638,-17.356212488367316,2.027131649370743,-17.362775454542582
3,2,inverse_num_params,subsample,67.0,-17.36917572209744,-17.356212488367316,1.5347442864884568,-17.362664587949325
3,2,inverse_num_params,subsample,68.0,-17.37043169554208,-17.356212488367316,-1.8543668605402477,-17.361397412718468
3,2,inverse_num_params,subsample,69.0,-17.37043169554208,-17.35350022933198,-3.084857926545638,-17.3600248987302
3,2,inverse_num_params,subsample,70.0,-17.372989988553915,-17.35350022933198,4.592714485706023,-17.365546832401545
3,2,inverse_num_params,subsample,71.0,-17.372989988553915,-17.356212488367316,-6.840530480759743,-17.357039058184167
3,2,inverse_num_params,subsample,72.0,-17.372989988553915,-17.358860832660287,0.5676778305461869,-17.36492670577393
3,2,inverse_num_params,subsample,73.0,-17.372989988553915,-17.356212488367316,1.8341517216627072,-17.365784483891943
3,2,inverse_num_params,subsample,74.0,-17.36917572209744,-17.356212488367316,-1.1841525225612903,-17.361876090652064
3,2,inverse_num_params,subsample,75.0,-17.37043169554208,-17.356309099765983,-1.6401251919430717,-17.36187794654522
3,2,inverse_num_params,subsample,76.0,-17.36917572209744,-17.358690862094026,2.3971726631000343,-17.365373238938723
3,2,inverse_num_params,subsample,77.0,-17.37043169554208,-17.359996628875088,1.3286681299200616,-17.365215120644795
3,2,inverse_num_params,subsample,78.0,-17.37043169554208,-17.356212488367316,-1.0622462071922152,-17.362051353366752
3,2,inverse_num_params,subsample,79.0,-17.37043169554208,-17.35350022933198,-7.121055974576952,-17.354141637220533
3,2,inverse_num_params,subsample,80.0,-17.372989988553915,-17.358690862094026,4.494561364455553,-17.368134813502095
3,2,inverse_num_params,subsample,81.0,-17.37043169554208,-17.35350022933198,-16.381953856948396,-17.345277082394727
3,2,inverse_num_params,subsample,82.0,-17.372989988553915,-17.356212488367316,-7.784372710336533,-17.355063872886173
3,2,inverse_num_params,subsample,83.0,-17.37043169554208,-17.356212488367316,-3.085262189002531,-17.35881578684054
3,2,inverse_num_params,subsample,84.0,-17.372989988553915,-17.356212488367316,6.506101849998394,-17.369034698449266
3,2,inverse_num_params,subsample,85.0,-17.37043169554208,-17.35350022933198,-9.314986556585843,-17.354626266688825
3,2,inverse_num_params,subsample,86.0,-17.36917572209744,-17.356309099765983,-2.8463299745416455,-17.360432469813468
3,2,inverse_num_params,subsample,87.0,-17.372989988553915,-17.35350022933198,-0.9016035634738296,-17.361964958549155
3,2,inverse_num_params,subsample,88.0,-17.366884399955932,-17.356212488367316,2.786087039537822,-17.36402555730446
3,2,inverse_num_params,subsample,89.0,-17.36917572209744,-17.35350022933198,-3.061386526832724,-17.35887305034973
3,2,inverse_num_params,subsample,90.0,-17.37043169554208,-17.358860832660287,-2.8236471983821354,-17.36039968860031
3,2,inverse_num_params,subsample,91.0,-17.372989988553915,-17.356212488367316,1.5289556979981764,-17.366078032158395
3,2,inverse_num_params,subsample,92.0,-17.372989988553915,-17.35350022933198,0.19401314666926697,-17.36318562694262
3,2,inverse_num_params,subsample,93.0,-17.37043169554208,-17.35350022933198,-3.604780852108169,-17.3591248262636
3,2,inverse_num_params,subsample,94.0,-17.372989988553915,-17.35350022933198,-9.885601162154495,-17.355842131039502
3,2,inverse_num_params,subsample,95.0,-17.37043169554208,-17.356309099765983,-3.2809050288205417,-17.35896486538606
3,2,inverse_num_params,subsample,96.0,-17.372989988553915,-17.35350022933198,1.8282176447368552,-17.363508626976557
3,2,inverse_num_params,subsample,97.0,-17.37043169554208,-17.356212488367316,-4.208234354351555,-17.359677568479793
3,2,inverse_num_params,subsample,98.0,-17.372989988553915,-17.35350022933198,4.692228258649407,-17.36557122709971
3,2,inverse_num_params,subsample,99.0,-17.372989988553915,-17.356212488367316,7.534123661470577,-17.370269057538234
4,0,variance,global,,-17.36530016082868,-17.340022754193942,2.4829732539994303,-17.35799695546021
4,0,variance,subsample,0.0,-17.36013256118172,-17.340022754193942,2.9386573788615666,-17.359498077806364
4,0,variance,subsample,1.0,-17.36530016082868,-17.348333632127,2.308551222516229,-17.35788553549456
4,0,variance,subsample,2.0,-17.35774046561874,-17.340022754193942,2.5467695751005963,-17.355982317159853
4,0,variance,subsample,3.0,-17.36530016082868,-17.340022754193942,3.216327606615991,-17.359589996613817
4,0,variance,subsample,4.0,-17.36013256118172,-17.348333632127,1.6488023003279075,-17.358201189252647
4,0,variance,subsample,5.0,-17.36530016082868,-17.348333632127,2.3066247307542644,-17.358063185349234
4,0,variance,subsample,6.0,-17.3576125178229,-17.348333632127,1.430382942780563,-17.357086497432135
4,0,variance,subsample,7.0,-17.36530016082868,-17.340022754193942,3.2279468449242303,-17.360110401221128
4,0,variance,subsample,8.0,-17.36013256118172,-17.348333632127,1.257419430510154,-17.35681310944817
4,0,variance,subsample,9.0,-17.36013256118172,-17.340022754193942,2.5042226173419366,-17.35673559449999
4,0,variance,subsample,10.0,-17.36013256118172,-17.340022754193942,2.8062076036805563,-17.356666882598184
4,0,variance,subsample,11.0,-17.35774046561874,-17.351745825831177,-16.927685161306478,-17.354343877531218
4,0,variance,subsample,12.0,-17.358241906993644,-17.348333632127,1.9395813511752704,-17.357181001713464
4,0,variance,subsample,13.0,-17.36530016082868,-17.340022754193942,3.0031848403086983,-17.35947782678015
4,0,variance,subsample,14.0,-17.36013256118172,-17.348333632127,1.8077521049041454,-17.356715789648504
4,0,variance,subsample,15.0,-17.36530016082868,-17.340022754193942,2.993248574171719,-17.358617726472147
4,0,variance,subsample,16.0,-17.36530016082868,-17.348333632127,2.395936687557339,-17.35839830086053
4,0,variance,subsample,17.0,-17.36530016082868,-17.348333632127,2.1629679384171454,-17.359378798499527
4,0,variance,subsample,18.0,-17.36013256118172,-17.348333632127,1.886888437403557,-17.357639365960946
4,0,variance,subsample,19.0,-17.36530016082868,-17.348333632127,2.032710944480755,-17.357694304814196
4,0,variance,subsample,20.0,-17.358241906993644,-17.340022754193942,2.9209275605097544,-17.35899994061475
4,0,variance,subsample,21.0,-17.36013256118172,-17.348333632127,1.1393125074330352,-17.35641700656945
4,0,variance,subsample,22.0,-17.36530016082868,-17.340022754193942,2.8837538090265045,-17.359276295438978
4,0,variance,subsample,23.0,-17.36013256118172,-17.348333632127,2.1754711454067963,-17.358478292720832
4,0,variance,subsample,24.0,-17.36013256118172,-17.348333632127,1.3530540844105339,-17.35743140704208
4,0,variance,subsample,25.0,-17.36013256118172,-17.351745825831177,-2.930705847556203,-17.355324020069602
4,0,variance,subsample,26.0,-17.35774046561874,-17.354104935483416,-0.6801706838802842,-17.356069874622584
4,0,variance,subsample,27.0,-17.36530016082868,-17.348333632127,2.085102231203028,-17.357960746745327
4,0,variance,subsample,28.0,-17.36530016082868,-17.340022754193942,3.1335608510588218,-17.357463002991434
4,0,variance,subsample,29.0,-17.358241906993644,-17.340022754193942,2.7639369371888485,-17.357124681406727
4,0,variance,subsample,30.0,-17.36530016082868,-17.340022754193942,3.2856257845089276,-17.359293049716772
4,0,variance,subsample,31.0,-17.358241906993644,-17.351745825831177,-1.1479419521400227,-17.35545503869048
4,0,variance,subsample,32.0,-17.36530016082868,-17.340022754193942,3.305385463311039,-17.358955108078742
4,0,variance,subsample,33.0,-17.3576125178229,-17.340022754193942,2.363243822664692,-17.356721273232534
4,0,variance,subsample,34.0,-17.36530016082868,-17.340022754193942,3.2303242103143313,-17.358578029126466
4,0,variance,subsample,35.0,-17.36530016082868,-17.356109122554848,0.5380621037217994,-17.358725643454104
4,0,variance,subsample,36.0,-17.36530016082868,-17.340022754193942,2.7700302405972694,-17.358608585680486
4,0,variance,subsample,37.0,-17.36530016082868,-17.340022754193942,3.1028734831001095,-17.358084276706112
4,0,variance,subsample,38.0,-17.35774046561874,-17.348333632127,1.0886503803991796,-17.355637631912266
4,0,variance,subsample,39.0,-17.36530016082868,-17.354104935483416,-4.451050868353909,-17.357011717624008
4,0,variance,subsample,40.0,-17.36013256118172,-17.351745825831177,-1.2855899338426493,-17.355625339167318
4,0,variance,subsample,41.0,-17.36013256118172,-17.340022754193942,2.901582699030058,-17.356921477356227
4,0,variance,subsample,42.0,-17.358241906993644,-17.340022754193942,2.6154851114571,-17.357862482977655
4,0,variance,subsample,43.0,-17.36530016082868,-17.340022754193942,3.294038095048034,-17.35876040638362
4,0,variance,subsample,44.0,-17.3576125178229,-17.340022754193942,2.4989074481568014,-17.35732071505683
4,0,variance,subsample,45.0,-17.36530016082868,-17.340022754193942,3.3522528948929455,-17.359055387865116
4,0,variance,subsample,46.0,-17.35774046561874,-17.348333632127,1.7559414310877313,-17.35556491457793
4,0,variance,subsample,47.0,-17.358241906993644,-17.340022754193942,2.6851665801133637,-17.356748159900906
4,0,variance,subsample,48.0,-17.36530016082868,-17.340022754193942,3.0970291797101233,-17.358740816761273
4,0,variance,subsample,49.0,-17.36530016082868,-17.340022754193942,2.9374675600724642,-17.358063942853075
4,0,variance,subsample,50.0,-17.36013256118172,-17.348333632127,1.617239039527774,-17.357879075518024
4,0,variance,subsample,51.0,-17.35774046561874,-17.340022754193942,2.4543787254687164,-17.355532830866437
4,0,variance,subsample,52.0,-17.36013256118172,-17.340022754193942,2.7447265449362392,-17.358421417370078
4,0,variance,subsample,53.0,-17.36013256118172,-17.340022754193942,2.952902253304637,-17.358645228687998
4,0,variance,subsample,54.0,-17.36530016082868,-17.340022754193942,3.30879816003223,-17.35895252273383
4,0,variance,subsample,55.0,-17.36530016082868,-17.356116627330803,0.5353657441346737,-17.358707780572907
4,0,variance,subsample,56.0,-17.35774046561874,-17.340022754193942,2.6435392379411793,-17.356418280282302
4,0,variance,subsample,57.0,-17.36530016082868,-17.340022754193942,3.1720443027509018,-17.358239613606425
4,0,variance,subsample,58.0,-17.358241906993644,-17.348333632127,1.7122844005493203,-17.35804244848983
4,0,variance,subsample,59.0,-17.36013256118172,-17.351745825831177,-1.5368637966649796,-17.355145912260454
4,0,variance,subsample,60.0,-17.36530016082868,-17.348333632127,1.9939472818806754,-17.356727354644303
4,0,variance,subsample,61.0,-17.35774046561874,-17.348333632127,1.9465281976812814,-17.357036488839277
4,0,variance,subsample,62.0,-17.36530016082868,-17.340022754193942,3.2826856773447184,-17.360529201306925
4,0,variance,subsample,63.0,-17.36530016082868,-17.340022754193942,2.715446824080517,-17.358378744418133
4,0,variance,subsample,64.0,-17.36530016082868,-17.348333632127,2.339078913587808,-17.35873230485851
4,0,variance,subsample,65.0,-17.36013256118172,-17.348333632127,1.4977604000936557,-17.357598472848917
4,0,variance,subsample,66.0,-17.36530016082868,-17.348333632127,2.5007684693998438,-17.359028728323782
4,0,variance,subsample,67.0,-17.36530016082868,-17.348333632127,2.6068085460550923,-17.35979651740993
4,0,variance,subsample,68.0,-17.35774046561874,-17.340022754193942,2.744911140620206,-17.356160561522262
4,0,variance,subsample,69.0,-17.35774046561874,-17.340022754193942,2.72955949863205,-17.356089828465763
4,0,variance,subsample,70.0,-17.35774046561874,-17.340022754193942,2.948994952786189,-17.357056652116746
4,0,variance,subsample,71.0,-17.358241906993644,-17.340022754193942,2.916855153399316,-17.356402858761797
4,0,variance,subsample,72.0,-17.358241906993644,-17.340022754193942,2.927687741202808,-17.356457543910327
4,0,variance,subsample,73.0,-17.35774046561874,-17.348333632127,1.2005027172079465,-17.356022386258605
4,0,variance,subsample,74.0,-17.358241906993644,-17.348333632127,1.3061934390452279,-17.3568953112012
4,0,variance,subsample,75.0,-17.36530016082868,-17.348333632127,1.5832937961379483,-17.35746700310301
4,0,variance,subsample,76.0,-17.36013256118172,-17.340022754193942,2.50309640599251,-17.357754009295707
4,0,variance,subsample,77.0,-17.36530016082868,-17.340022754193942,3.2120416780753227,-17.358397200931506
4,0,variance,subsample,78.0,-17.35774046561874,-17.348333632127,1.8427991625941602,-17.35667686067712
4,0,variance,subsample,79.0,-17.36013256118172,-17.354104935483416,-0.9584216279814416,-17.3561642434135
4,0,variance,subsample,80.0,-17.36530016082868,-17.340022754193942,2.9285748866243755,-17.357890011692252
4,0,variance,subsample,81.0,-17.3576125178229,-17.340022754193942,2.4987376320578276,-17.357591006349573
4,0,variance,subsample,82.0,-17.36530016082868,-17.348333632127,2.5649848701586317,-17.36081546985936
4,0,variance,subsample,83.0,-17.36530016082868,-17.354104935483416,0.06426117251832976,-17.357778842661624
4,0,variance,subsample,84.0,-17.36530016082868,-17.340022754193942,2.647899942316241,-17.357599016944768
4,0,variance,subsample,85.0,-17.36013256118172,-17.354104935483416,-1.0343979844101248,-17.35636103942657
4,0,variance,subsample,86.0,-17.36013256118172,-17.348333632127,1.4904793965052758,-17.357569844976986
4,0,variance,subsample,87.0,-17.36530016082868,-17.348333632127,2.1176470816132738,-17.357844568488492
4,0,variance,subsample,88.0,-17.358241906993644,-17.351745825831177,-1.906520881422282,-17.355570908986746
4,0,variance,subsample,89.0,-17.36530016082868,-17.348333632127,1.9865115004699132,-17.358009023252865
4,0,variance,subsample,90.0,-17.36530016082868,-17.348333632127,2.1640337532814913,-17.35810513345037
4,0,variance,subsample,91.0,-17.36530016082868,-17.348333632127,1.9326204344391393,-17.357196644650443
4,0,variance,subsample,92.0,-17.36013256118172,-17.348333632127,1.6695637802124184,-17.35707953023436
4,0,variance,subsample,93.0,-17.36530016082868,-17.348333632127,1.8815636779307012,-17.358854410745355
4,0,variance,subsample,94.0,-17.36530016082868,-17.340022754193942,2.8941087229519202,-17.358169934285577
4,0,variance,subsample,95.0,-17.36530016082868,-17.354104935483416,-0.032630758646138465,-17.357929021017938
4,0,variance,subsample,96.0,-17.36530016082868,-17.340022754193942,3.1276672632202307,-17.358162570366744
4,0,variance,subsample,97.0,-17.36530016082868,-17.340022754193942,3.0823459617374183,-17.359546890110195
4,0,variance,subsample,98.0,-17.358241906993644,-17.351745825831177,-7.095411998104381,-17.354855520713937
4,0,variance,subsample,99.0,-17.36013256118172,-17.340022754193942,3.0164784898341988,-17.35757716159788
4,0,inverse_num_params,global,,-17.36530016082868,-17.340022754193942,1.0144244037118795,-17.357264198153874
4,0,inverse_num_params,subsample,0.0,-17.36013256118172,-17.356269965301397,-0.975324809537571,-17.355523213341122
4,0,inverse_num_params,subsample,1.0,-17.35774046561874,-17.348333632127,2.950820114503963,-17.36015607830151
4,0,inverse_num_params,subsample,2.0,-17.36013256118172,-17.340022754193942,-1.0353880192970586,-17.350333994013624
4,0,inverse_num_params,subsample,3.0,-17.358241906993644,-17.351745825831177,-1.1614915383486533,-17.353930707035264
4,0,inverse_num_params,subsample,4.0,-17.36530016082868,-17.340022754193942,4.350676261958412,-17.360884427395444
4,0,inverse_num_params,subsample,5.0,-17.35774046561874,-17.356109122554848,0.040113518293937084,-17.356717289965616
4,0,inverse_num_params,subsample,6.0,-17.36530016082868,-17.348333632127,2.962560787615514,-17.36170682748205
4,0,inverse_num_params,subsample,7.0,-17.36530016082868,-17.354104935483416,1.046142850727953,-17.35931425423009
4,0,inverse_num_params,subsample,8.0,-17.36530016082868,-17.356116627330803,0.22758280789518115,-17.358837635739743
4,0,inverse_num_params,subsample,9.0,-17.36530016082868,-17.351745825831177,-0.1970864048058412,-17.35758649533519
4,0,inverse_num_params,subsample,10.0,-17.36013256118172,-17.348333632127,0.4227498825881743,-17.35639674599008
4,0,inverse_num_params,subsample,11.0,-17.3576125178229,-17.340022754193942,1.5976926037646282,-17.356028662601076
4,0,inverse_num_params,subsample,12.0,-17.36013256118172,-17.354104935483416,-1.0454923949428108,-17.35495263734742
4,0,inverse_num_params,subsample,13.0,-17.36530016082868,-17.340022754193942,4.124732820772677,-17.360343875652685
4,0,inverse_num_params,subsample,14.0,-17.36530016082868,-17.340022754193942,3.2532133398250305,-17.360623770572907
4,0,inverse_num_params,subsample,15.0,-17.36530016082868,-17.354104935483416,6.68683634135364,-17.3652221974845
4,0,inverse_num_params,subsample,16.0,-17.358241906993644,-17.340022754193942,2.3643805909108235,-17.35722579830226
4,0,inverse_num_params,subsample,17.0,-17.36530016082868,-17.340022754193942,3.2687499043952823,-17.360236520386536
4,0,inverse_num_params,subsample,18.0,-17.36013256118172,-17.340022754193942,-1.9269333655721514,-17.35011728045221
4,0,inverse_num_params,subsample,19.0,-17.35774046561874,-17.340022754193942,3.3247335510423,-17.358713677548746
4,0,inverse_num_params,subsample,20.0,-17.36013256118172,-17.340022754193942,0.5732966946407217,-17.354723139232775
4,0,inverse_num_params,subsample,21.0,-17.36530016082868,-17.356116627330803,1.2365404117349312,-17.359749989951393
4,0,inverse_num_params,subsample,22.0,-17.36013256118172,-17.354104935483416,-1.221119193557826,-17.35445179267527
4,0,inverse_num_params,subsample,23.0,-17.358241906993644,-17.340022754193942,2.2412122428873307,-17.356909634365174
4,0,inverse_num_params,subsample,24.0,-17.36530016082868,-17.351745825831177,-0.15636419586791375,-17.35756283285905
4,0,inverse_num_params,subsample,25.0,-17.358241906993644,-17.351745825831177,-0.9358815297137567,-17.354653619529714
4,0,inverse_num_params,subsample,26.0,-17.35774046561874,-17.354104935483416,-0.10741087079882401,-17.3562977093075
4,0,inverse_num_params,subsample,27.0,-17.36013256118172,-17.340022754193942,-0.8669539364640944,-17.350535265274445
4,0,inverse_num_params,subsample,28.0,-17.358241906993644,-17.354104935483416,-0.4609272993877829,-17.355991791628256
4,0,inverse_num_params,subsample,29.0,-17.358241906993644,-17.340022754193942,-0.9517280823870204,-17.352337203050805
4,0,inverse_num_params,subsample,30.0,-17.36013256118172,-17.348333632127,0.6910061298516528,-17.356787157932825
4,0,inverse_num_params,subsample,31.0,-17.36530016082868,-17.340022754193942,2.8837271729849876,-17.360478414558422
4,0,inverse_num_params,subsample,32.0,-17.35774046561874,-17.351745825831177,-0.2739873582740622,-17.355251879088133
4,0,inverse_num_params,subsample,33.0,-17.358241906993644,-17.348333632127,2.353452838553948,-17.359451909098087
4,0,inverse_num_params,subsample,34.0,-17.36530016082868,-17.340022754193942,3.3187790703593105,-17.36083793571785
4,0,inverse_num_params,subsample,35.0,-17.358241906993644,-17.348333632127,1.701126006002934,-17.35861228755605
4,0,inverse_num_params,subsample,36.0,-17.358241906993644,-17.340022754193942,-0.27148297521799125,-17.353782161657975
4,0,inverse_num_params,subsample,37.0,-17.36013256118172,-17.340022754193942,-1.4160589110452295,-17.352233760515652
4,0,inverse_num_params,subsample,38.0,-17.358241906993644,-17.348333632127,2.2202000174679273,-17.35883803952969
4,0,inverse_num_params,subsample,39.0,-17.36530016082868,-17.348333632127,3.1432176041670674,-17.362942157403594
4,0,inverse_num_params,subsample,40.0,-17.36530016082868,-17.351745825831177,1.9628997888893465,-17.35992047650761
4,0,inverse_num_params,subsample,41.0,-17.36530016082868,-17.348333632127,1.554781221266005,-17.359611668057923
4,0,inverse_num_params,subsample,42.0,-17.36530016082868,-17.354104935483416,-0.14596045418283618,-17.358017054129483
4,0,inverse_num_params,subsample,43.0,-17.358241906993644,-17.356109122554848,-0.649790152115202,-17.35560558822995
4,0,inverse_num_params,subsample,44.0,-17.358241906993644,-17.351745825831177,-1.4887519289661497,-17.353930888143896
4,0,inverse_num_params,subsample,45.0,-17.358241906993644,-17.356109122554848,-1.033138299528682,-17.35535116449864
4,0,inverse_num_params,subsample,46.0,-17.36530016082868,-17.340022754193942,14.675788474525282,-17.373742527634242
4,0,inverse_num_params,subsample,47.0,-17.36013256118172,-17.340022754193942,0.16310646178236168,-17.353064835935083
4,0,inverse_num_params,subsample,48.0,-17.36530016082868,-17.340022754193942,1.9482010243806374,-17.358438953984546
4,0,inverse_num_params,subsample,49.0,-17.358241906993644,-17.351745825831177,-0.8874644274053818,-17.355140019020336
4,0,inverse_num_params,subsample,50.0,-17.36013256118172,-17.340022754193942,-0.07436282950647305,-17.35249623550024
4,0,inverse_num_params,subsample,51.0,-17.36013256118172,-17.340022754193942,-1.7189729868478727,-17.3508686050463
4,0,inverse_num_params,subsample,52.0,-17.36530016082868,-17.348333632127,3.314047020768649,-17.361555886015203
4,0,inverse_num_params,subsample,53.0,-17.36013256118172,-17.351745825831177,-2.1746599704583076,-17.351596547654182
4,0,inverse_num_params,subsample,54.0,-17.36530016082868,-17.348333632127,2.3188357772136556,-17.363076893302406
4,0,inverse_num_params,subsample,55.0,-17.36013256118172,-17.340022754193942,-0.5424203515503715,-17.35208160471468
4,0,inverse_num_params,subsample,56.0,-17.356482512078017,-17.340022754193942,2.777725455373395,-17.35659095391096
4,0,inverse_num_params,subsample,57.0,-17.36530016082868,-17.354104935483416,1.8688368592328002,-17.36114915358264
4,0,inverse_num_params,subsample,58.0,-17.36013256118172,-17.354104935483416,-1.246737726111308,-17.35486023663178
4,0,inverse_num_params,subsample,59.0,-17.35774046561874,-17.340022754193942,2.972273869386595,-17.357607994348022
4,0,inverse_num_params,subsample,60.0,-17.358241906993644,-17.340022754193942,-0.41748971652189,-17.353184761143293
4,0,inverse_num_params,subsample,61.0,-17.36530016082868,-17.340022754193942,1.5115176385041076,-17.35776914457657
4,0,inverse_num_params,subsample,62.0,-17.36013256118172,-17.340022754193942,-1.9090551089841155,-17.3512455515064
4,0,inverse_num_params,subsample,63.0,-17.36013256118172,-17.351745825831177,-1.6948611098059465,-17.353290945863588
4,0,inverse_num_params,subsample,64.0,-17.358241906993644,-17.348333632127,1.351906985751014,-17.35743559844278
4,0,inverse_num_params,subsample,65.0,-17.358241906993644,-17.348333632127,2.3373373741993677,-17.359454857795253
4,0,inverse_num_params,subsample,66.0,-17.35774046561874,-17.340022754193942,1.2459828578743093,-17.356160599793906
4,0,inverse_num_params,subsample,67.0,-17.36013256118172,-17.351745825831177,-1.5590073245472849,-17.353403955517
4,0,inverse_num_params,subsample,68.0,-17.36013256118172,-17.356116627330803,-1.1932083025312978,-17.35536661118693
4,0,inverse_num_params,subsample,69.0,-17.36013256118172,-17.340022754193942,-2.6711008528955693,-17.348588883102714
4,0,inverse_num_params,subsample,70.0,-17.36530016082868,-17.340022754193942,2.9315753117943584,-17.359115091560703
4,0,inverse_num_params,subsample,71.0,-17.36013256118172,-17.348333632127,0.5344733789884315,-17.35681349984513
4,0,inverse_num_params,subsample,72.0,-17.36013256118172,-17.340022754193942,-0.9910586473083184,-17.353215215857904
4,0,inverse_num_params,subsample,73.0,-17.358241906993644,-17.351745825831177,-1.0029006213109621,-17.354213242503484
4,0,inverse_num_params,subsample,74.0,-17.35774046561874,-17.348333632127,2.0400140224933154,-17.359147233350768
4,0,inverse_num_params,subsample,75.0,-17.36530016082868,-17.354104935483416,1.921080983945126,-17.3602510169762
4,0,inverse_num_params,subsample,76.0,-17.36530016082868,-17.348333632127,3.023738772293557,-17.361379642481708
4,0,inverse_num_params,subsample,77.0,-17.36530016082868,-17.351745825831177,-0.2416813448402522,-17.357298849393036
4,0,inverse_num_params,subsample,78.0,-17.358241906993644,-17.340022754193942,2.0839070358195793,-17.357223012982
4,0,inverse_num_params,subsample,79.0,-17.36013256118172,-17.348333632127,0.6667682466978485,-17.357282155553072
4,0,inverse_num_params,subsample,80.0,-17.35774046561874,-17.340022754193942,19.903859947405397,-17.381133462794914
4,0,inverse_num_params,subsample,81.0,-17.36530016082868,-17.348333632127,3.2431208052489953,-17.362635549169937
4,0,inverse_num_params,subsample,82.0,-17.35774046561874,-17.348333632127,1.8185593514331875,-17.357981751906603
4,0,inverse_num_params,subsample,83.0,-17.35774046561874,-17.348333632127,1.824943043222228,-17.358056656273945
4,0,inverse_num_params,subsample,84.0,-17.36013256118172,-17.340022754193942,0.4401725443770469,-17.354188774823385
4,0,inverse_num_params,subsample,85.0,-17.36530016082868,-17.354104935483416,-0.24642085169384922,-17.357380433531993
4,0,inverse_num_params,subsample,86.0,-17.36530016082868,-17.340022754193942,2.0008719270397477,-17.359010500906574
4,0,inverse_num_params,subsample,87.0,-17.3576125178229,-17.348333632127,1.8001053024630538,-17.358071732002927
4,0,inverse_num_params,subsample,88.0,-17.36530016082868,-17.340022754193942,0.23305745831976646,-17.356874505065747
4,0,inverse_num_params,subsample,89.0,-17.36013256118172,-17.348333632127,0.7442937486676402,-17.357139175700418
4,0,inverse_num_params,subsample,90.0,-17.36530016082868,-17.340022754193942,0.12582506718878433,-17.356521787562
4,0,inverse_num_params,subsample,91.0,-17.36013256118172,-17.348333632127,0.9042994307679578,-17.357616737471204
4,0,inverse_num_params,subsample,92.0,-17.358241906993644,-17.348333632127,1.3519069857509969,-17.357435598442784
4,0,inverse_num_params,subsample,93.0,-17.36013256118172,-17.340022754193942,0.2600078693229415,-17.353800926898703
4,0,inverse_num_params,subsample,94.0,-17.36013256118172,-17.340022754193942,-2.0020879180267945,-17.349955569045665
4,0,inverse_num_params,subsample,95.0,-17.358241906993644,-17.340022754193942,1.2543587214228267,-17.35576551765758
4,0,inverse_num_params,subsample,96.0,-17.36013256118172,-17.340022754193942,-3.2953716143692158,-17.3470167206441
4,0,inverse_num_params,subsample,97.0,-17.36013256118172,-17.340022754193942,0.3774425992549438,-17.354355213110555
4,0,inverse_num_params,subsample,98.0,-17.36530016082868,-17.356109122554848,-0.10678477892281871,-17.35835397767499
4,0,inverse_num_params,subsample,99.0,-17.36530016082868,-17.348333632127,3.6801961486701646,-17.361540609266886
4,1,variance,global,,-17.260482273423197,-17.234890643719172,0.24944874324931765,-17.253682586897092
4,1,variance,subsample,0.0,-17.260482273423197,-17.234890643719172,0.4429524451372212,-17.254012511341177
4,1,variance,subsample,1.0,-17.257597267616923,-17.245655721384377,0.023498579314236226,-17.253792698758872
4,1,variance,subsample,2.0,-17.260482273423197,-17.234890643719172,0.2490325600475222,-17.253282093117246
4,1,variance,subsample,3.0,-17.260482273423197,-17.24173843436451,0.3525742780709855,-17.253924214446094
4,1,variance,subsample,4.0,-17.25909587048408,-17.241761372014125,0.16837122873715785,-17.254172580052415
4,1,variance,subsample,5.0,-17.260482273423197,-17.234890643719172,0.28611027441757003,-17.253540948968283
4,1,variance,subsample,6.0,-17.25909587048408,-17.24173843436451,0.09220324632699105,-17.25331718607252
4,1,variance,subsample,7.0,-17.260482273423197,-17.234890643719172,0.22944721082524314,-17.25381788581394
4,1,variance,subsample,8.0,-17.260482273423197,-17.245655721384377,0.2703785845951967,-17.254172340074664
4,1,variance,subsample,9.0,-17.260482273423197,-17.24873892233928,0.5134283451290383,-17.255314930857303
4,1,variance,subsample,10.0,-17.25909587048408,-17.234890643719172,0.18806848594076148,-17.253339813072643
4,1,variance,subsample,11.0,-17.260482273423197,-17.245655721384377,0.408392136457307,-17.25461022731342
4,1,variance,subsample,12.0,-17.260482273423197,-17.234890643719172,0.28910314022369693,-17.254037580820107
4,1,variance,subsample,13.0,-17.260482273423197,-17.24173843436451,0.1997445545580411,-17.253887616729944
4,1,variance,subsample,14.0,-17.25856784552289,-17.234890643719172,0.2140125548617435,-17.25314830989565
4,1,variance,subsample,15.0,-17.257597267616923,-17.234890643719172,0.20630134460925023,-17.253122060539734
4,1,variance,subsample,16.0,-17.260482273423197,-17.234890643719172,0.44387112651521005,-17.253506907296455
4,1,variance,subsample,17.0,-17.25856784552289,-17.234890643719172,0.33076289285930216,-17.25333401044853
4,1,variance,subsample,18.0,-17.260482273423197,-17.234890643719172,0.25100809547608266,-17.25397921785442
4,1,variance,subsample,19.0,-17.25909587048408,-17.234890643719172,0.22113370129193036,-17.252830632371502
4,1,variance,subsample,20.0,-17.25856784552289,-17.234890643719172,0.36032047802475575,-17.253093083699323
4,1,variance,subsample,21.0,-17.260482273423197,-17.24173843436451,0.33369418947931284,-17.253513502248545
4,1,variance,subsample,22.0,-17.25909587048408,-17.24173843436451,0.31195266702570323,-17.254122970713823
4,1,variance,subsample,23.0,-17.25909587048408,-17.234890643719172,0.33802239049841426,-17.25335241650608
4,1,variance,subsample,24.0,-17.25909587048408,-17.234890643719172,0.20176296231827587,-17.25243910987397
4,1,variance,subsample,25.0,-17.25630970461048,-17.247958325555192,0.38756750141807994,-17.254208983475497
4,1,variance,subsample,26.0,-17.260482273423197,-17.234890643719172,0.2680592085553671,-17.2530809979551
4,1,variance,subsample,27.0,-17.260482273423197,-17.24173843436451,0.18627378584447343,-17.253397627656184
4,1,variance,subsample,28.0,-17.260482273423197,-17.234890643719172,0.15089961918355094,-17.253187261370737
4,1,variance,subsample,29.0,-17.25856784552289,-17.234890643719172,0.4076216034105749,-17.25316167807516
4,1,variance,subsample,30.0,-17.257597267616923,-17.24173843436451,0.05861602358548287,-17.253241340981514
4,1,variance,subsample,31.0,-17.260482273423197,-17.234890643719172,0.2539770699555499,-17.252807708286646
4,1,variance,subsample,32.0,-17.256547736484777,-17.24173843436451,0.1166101721019776,-17.252823693927464
4,1,variance,subsample,33.0,-17.260482273423197,-17.241761372014125,0.394742263205832,-17.25428183044022
4,1,variance,subsample,34.0,-17.260482273423197,-17.234890643719172,0.011144486796497552,-17.25358561757031
4,1,variance,subsample,35.0,-17.260482273423197,-17.234890643719172,0.2734013172330039,-17.253468749559172
4,1,variance,subsample,36.0,-17.260482273423197,-17.241761372014125,0.2772071910589995,-17.253943525634877
4,1,variance,subsample,37.0,-17.25856784552289,-17.234890643719172,0.19586053420881547,-17.252527207090562
4,1,variance,subsample,38.0,-17.25909587048408,-17.234890643719172,0.3699302447591318,-17.253510118685462
4,1,variance,subsample,39.0,-17.25909587048408,-17.234890643719172,0.4929160473532945,-17.254353727907745
4,1,variance,subsample,40.0,-17.260482273423197,-17.234890643719172,0.3974145431161383,-17.25351483221297
4,1,variance,subsample,41.0,-17.25909587048408,-17.245655721384377,0.17625555340322777,-17.254295449796313
4,1,variance,subsample,42.0,-17.260482273423197,-17.234890643719172,0.2323369604790732,-17.253186282970603
4,1,variance,subsample,43.0,-17.25909587048408,-17.234890643719172,0.20259217370806723,-17.252836758768947
4,1,variance,subsample,44.0,-17.25909587048408,-17.241761372014125,0.24044753821333478,-17.254187955585596
4,1,variance,subsample,45.0,-17.25909587048408,-17.24173843436451,0.17194632225854864,-17.253825433903142
4,1,variance,subsample,46.0,-17.25909587048408,-17.24173843436451,0.30027308770577,-17.253617537963866
4,1,variance,subsample,47.0,-17.260482273423197,-17.234890643719172,0.15399533294075765,-17.253378828940203
4,1,variance,subsample,48.0,-17.257028221139894,-17.24173843436451,0.4096266662972602,-17.253806280834247
4,1,variance,subsample,49.0,-17.260482273423197,-17.234890643719172,0.10139045412039663,-17.252978775617336
4,1,variance,subsample,50.0,-17.25856784552289,-17.24173843436451,0.36649612586337493,-17.254038727814102
4,1,variance,subsample,51.0,-17.25909587048408,-17.234890643719172,0.019796290777270745,-17.25328688958005
4,1,variance,subsample,52.0,-17.260482273423197,-17.24173843436451,0.43557392957838553,-17.254047289104353
4,1,variance,subsample,53.0,-17.260482273423197,-17.24173843436451,0.16642292516745805,-17.254089371777898
4,1,variance,subsample,54.0,-17.25909587048408,-17.247958325555192,0.4253426565863065,-17.254362864285717
4,1,variance,subsample,55.0,-17.25909587048408,-17.24173843436451,0.15679990371194275,-17.25348304317664
4,1,variance,subsample,56.0,-17.257597267616923,-17.249593468446395,0.23099569884267518,-17.25460378919796
4,1,variance,subsample,57.0,-17.260482273423197,-17.234890643719172,0.37357842692484355,-17.253672106165048
4,1,variance,subsample,58.0,-17.260482273423197,-17.234890643719172,0.2700297244963108,-17.253445709484907
4,1,variance,subsample,59.0,-17.260482273423197,-17.24173843436451,0.2553402225217592,-17.253479615404096
4,1,variance,subsample,60.0,-17.257597267616923,-17.24173843436451,0.1600897012874735,-17.25324751253283
4,1,variance,subsample,61.0,-17.25909587048408,-17.234890643719172,0.3795622663210499,-17.253643967154474
4,1,variance,subsample,62.0,-17.260482273423197,-17.234890643719172,0.2928115386134362,-17.253771086632604
4,1,variance,subsample,63.0,-17.260482273423197,-17.234890643719172,0.22219833939519745,-17.253357956295595
4,1,variance,subsample,64.0,-17.25909587048408,-17.24173843436451,0.09095019166912863,-17.254232146902474
4,1,variance,subsample,65.0,-17.25856784552289,-17.234890643719172,0.32824943538136014,-17.25349446231006
4,1,variance,subsample,66.0,-17.25909587048408,-17.241761372014125,0.14481896918031276,-17.254483129509804
4,1,variance,subsample,67.0,-17.257597267616923,-17.234890643719172,0.09566398425091105,-17.253053453813056
4,1,variance,subsample,68.0,-17.25909587048408,-17.234890643719172,0.40096019191651233,-17.253536586972118
4,1,variance,subsample,69.0,-17.260482273423197,-17.241761372014125,0.4342146210114974,-17.25433917397374
4,1,variance,subsample,70.0,-17.25856784552289,-17.24173843436451,0.3304967351538412,-17.254005644240284
4,1,variance,subsample,71.0,-17.260482273423197,-17.241761372014125,0.20364378472833428,-17.254394971995303
4,1,variance,subsample,72.0,-17.25856784552289,-17.234890643719172,0.06843867174870455,-17.25308779050945
4,1,variance,subsample,73.0,-17.25909587048408,-17.234890643719172,0.20811950646961308,-17.253502574339713
4,1,variance,subsample,74.0,-17.25856784552289,-17.245655721384377,0.13035799079746843,-17.253965980616556
4,1,variance,subsample,75.0,-17.25909587048408,-17.234890643719172,-0.26096019828558675,-17.252944664258052
4,1,variance,subsample,76.0,-17.260482273423197,-17.24873892233928,0.2873280780582925,-17.254676766980538
4,1,variance,subsample,77.0,-17.25909587048408,-17.24173843436451,0.3860051080936534,-17.25365765074723
4,1,variance,subsample,78.0,-17.25909587048408,-17.241761372014125,0.14593465532459077,-17.253815193557152
4,1,variance,subsample,79.0,-17.260482273423197,-17.24173843436451,0.4154769115648227,-17.25372476274868
4,1,variance,subsample,80.0,-17.25856784552289,-17.234890643719172,0.23853836438120793,-17.254359113670567
4,1,variance,subsample,81.0,-17.260482273423197,-17.234890643719172,0.19452631130038034,-17.253551131206777
4,1,variance,subsample,82.0,-17.257028221139894,-17.24173843436451,0.1638415304062883,-17.25332950167108
4,1,variance,subsample,83.0,-17.260482273423197,-17.247958325555192,0.31019704566710066,-17.254567445638834
4,1,variance,subsample,84.0,-17.260482273423197,-17.247958325555192,0.4626654215109364,-17.254662367942668
4,1,variance,subsample,85.0,-17.260482273423197,-17.245655721384377,0.4428077834990445,-17.25438160508802
4,1,variance,subsample,86.0,-17.260482273423197,-17.234890643719172,0.25684115089878984,-17.253325650105314
4,1,variance,subsample,87.0,-17.25909587048408,-17.241761372014125,-0.01087828937695429,-17.25356624110947
4,1,variance,subsample,88.0,-17.260482273423197,-17.24173843436451,0.19595912219144243,-17.253425470374896
4,1,variance,subsample,89.0,-17.257597267616923,-17.234890643719172,0.19439863024148193,-17.25285851790831
4,1,variance,subsample,90.0,-17.25909587048408,-17.234890643719172,0.2358997247405245,-17.253814326348483
4,1,variance,subsample,91.0,-17.260482273423197,-17.234890643719172,0.1441576633182147,-17.25340086982077
4,1,variance,subsample,92.0,-17.25909587048408,-17.24173843436451,0.12738030251378898,-17.25310866377067
4,1,variance,subsample,93.0,-17.260482273423197,-17.24173843436451,0.19462816519704063,-17.254097545520246
4,1,variance,subsample,94.0,-17.260482273423197,-17.234890643719172,0.17142364232883436,-17.2536104669789
4,1,variance,subsample,95.0,-17.25856784552289,-17.245655721384377,0.3039903705960666,-17.25437823897125
4,1,variance,subsample,96.0,-17.260482273423197,-17.24173843436451,0.3012672202757994,-17.25376990812514
4,1,variance,subsample,97.0,-17.25909587048408,-17.234890643719172,0.3197470276767523,-17.253481591447446
4,1,variance,subsample,98.0,-17.260482273423197,-17.234890643719172,0.14397965003971844,-17.253869899091168
4,1,variance,subsample,99.0,-17.260482273423197,-17.241761372014125,0.33003712923108297,-17.254535176611853
4,1,inverse_num_params,global,,-17.260482273423197,-17.234890643719172,-0.6429570876277579,-17.252121696390322
4,1,inverse_num_params,subsample,0.0,-17.260482273423197,-17.24173843436451,-0.442920366716973,-17.253048713244816
4,1,inverse_num_params,subsample,1.0,-17.260482273423197,-17.234890643719172,-0.834019120121207,-17.252311172973243
4,1,inverse_num_params,subsample,2.0,-17.25909587048408,-17.234890643719172,-1.0833868874459205,-17.25105485939865
4,1,inverse_num_params,subsample,3.0,-17.25909587048408,-17.234890643719172,-0.7085252855801906,-17.252007499387435
4,1,inverse_num_params,subsample,4.0,-17.260482273423197,-17.234890643719172,-1.700199626944319,-17.249551313896106
4,1,inverse_num_params,subsample,5.0,-17.260482273423197,-17.234890643719172,-1.0020086811167401,-17.251312616003624
4,1,inverse_num_params,subsample,6.0,-17.25909587048408,-17.234890643719172,-0.5316139912837622,-17.252116279452054
4,1,inverse_num_params,subsample,7.0,-17.25909587048408,-17.241761372014125,0.1559976252307389,-17.253312318316112
4,1,inverse_num_params,subsample,8.0,-17.25909587048408,-17.234890643719172,-0.901440005343076,-17.25203676966899
4,1,inverse_num_params,subsample,9.0,-17.257597267616923,-17.24173843436451,-0.18277379317282888,-17.252975697628425
4,1,inverse_num_params,subsample,10.0,-17.260482273423197,-17.234890643719172,-0.7052080861396226,-17.251670332449812
4,1,inverse_num_params,subsample,11.0,-17.260482273423197,-17.234890643719172,-0.6532341052337236,-17.25191378866586
4,1,inverse_num_params,subsample,12.0,-17.25909587048408,-17.24173843436451,-0.6134358893403318,-17.252773359132288
4,1,inverse_num_params,subsample,13.0,-17.260482273423197,-17.234890643719172,-0.9858323539225144,-17.251109601532868
4,1,inverse_num_params,subsample,14.0,-17.25909587048408,-17.24173843436451,-0.4795761048232297,-17.252893975330903
4,1,inverse_num_params,subsample,15.0,-17.257028221139894,-17.234890643719172,-0.7544546218292907,-17.251950513592003
4,1,inverse_num_params,subsample,16.0,-17.257597267616923,-17.234890643719172,-0.93231823548779,-17.251146259387333
4,1,inverse_num_params,subsample,17.0,-17.260482273423197,-17.234890643719172,-1.353497629761178,-17.251126234564882
4,1,inverse_num_params,subsample,18.0,-17.25909587048408,-17.234890643719172,-0.2738827158956773,-17.252359410080476
4,1,inverse_num_params,subsample,19.0,-17.25909587048408,-17.234890643719172,-0.19744319292315757,-17.25191151208572
4,1,inverse_num_params,subsample,20.0,-17.260482273423197,-17.241761372014125,-0.1053057101176835,-17.253108105629984
4,1,inverse_num_params,subsample,21.0,-17.25909587048408,-17.234890643719172,-1.1980013072781408,-17.25151064119657
4,1,inverse_num_params,subsample,22.0,-17.25856784552289,-17.24173843436451,-1.0855906317739021,-17.251126457867283
4,1,inverse_num_params,subsample,23.0,-17.260482273423197,-17.245655721384377,-0.16124714862675088,-17.253801590779656
4,1,inverse_num_params,subsample,24.0,-17.260482273423197,-17.245655721384377,-0.11389123972915896,-17.253914559885512
4,1,inverse_num_params,subsample,25.0,-17.260482273423197,-17.234890643719172,-1.459229992383283,-17.25058679333947
4,1,inverse_num_params,subsample,26.0,-17.260482273423197,-17.24173843436451,-0.2629540738122519,-17.25370304715377
4,1,inverse_num_params,subsample,27.0,-17.25909587048408,-17.24873892233928,0.022005059880249336,-17.254118778077125
4,1,inverse_num_params,subsample,28.0,-17.257597267616923,-17.24173843436451,-0.2572434093854781,-17.252732515906857
4,1,inverse_num_params,subsample,29.0,-17.260482273423197,-17.234890643719172,-0.8778924543226025,-17.251146967093973
4,1,inverse_num_params,subsample,30.0,-17.25909587048408,-17.24173843436451,-0.13127935269824215,-17.252715659688235
4,1,inverse_num_params,subsample,31.0,-17.25856784552289,-17.234890643719172,-1.2493141309415197,-17.2512000987533
4,1,inverse_num_params,subsample,32.0,-17.260482273423197,-17.234890643719172,-0.8693351739519974,-17.25178007900192
4,1,inverse_num_params,subsample,33.0,-17.256547736484777,-17.241761372014125,-0.16205412137311323,-17.252856269801317
4,1,inverse_num_params,subsample,34.0,-17.260482273423197,-17.241761372014125,-0.500747032416821,-17.252697455722142
4,1,inverse_num_params,subsample,35.0,-17.25909587048408,-17.234890643719172,-0.8146145900822362,-17.25186929707943
4,1,inverse_num_params,subsample,36.0,-17.257597267616923,-17.24173843436451,-0.4157513824436283,-17.252622183644103
4,1,inverse_num_params,subsample,37.0,-17.260482273423197,-17.234890643719172,-0.9397742063296519,-17.251786377986104
4,1,inverse_num_params,subsample,38.0,-17.25909587048408,-17.234890643719172,-0.9161542371418331,-17.250962019021486
4,1,inverse_num_params,subsample,39.0,-17.257597267616923,-17.24173843436451,-0.08968616424461238,-17.25324521975513
4,1,inverse_num_params,subsample,40.0,-17.25856784552289,-17.241761372014125,-0.446898855523476,-17.252674360502382
4,1,inverse_num_params,subsample,41.0,-17.25909587048408,-17.24173843436451,-0.7793776292648936,-17.251793907070876
4,1,inverse_num_params,subsample,42.0,-17.25909587048408,-17.241761372014125,-0.16880837342178867,-17.25306511221376
4,1,inverse_num_params,subsample,43.0,-17.25909587048408,-17.24173843436451,-0.3108202927066608,-17.253053241927514
4,1,inverse_num_params,subsample,44.0,-17.25909587048408,-17.24173843436451,0.17348935070810997,-17.25340690633964
4,1,inverse_num_params,subsample,45.0,-17.25909587048408,-17.24873892233928,0.07308362787710172,-17.25406757364573
4,1,inverse_num_params,subsample,46.0,-17.257028221139894,-17.234890643719172,-0.7963572252232582,-17.25113939867302
4,1,inverse_num_params,subsample,47.0,-17.25909587048408,-17.24173843436451,0.09083735186522926,-17.253804633735783
4,1,inverse_num_params,subsample,48.0,-17.25909587048408,-17.234890643719172,-1.1722962664274872,-17.25175473519167
4,1,inverse_num_params,subsample,49.0,-17.260482273423197,-17.234890643719172,-0.662107071705223,-17.25229755215544
4,1,inverse_num_params,subsample,50.0,-17.260482273423197,-17.234890643719172,-0.791287679606426,-17.25238737762132
4,1,inverse_num_params,subsample,51.0,-17.260482273423197,-17.245655721384377,-0.6179602236266587,-17.25285582713846
4,1,inverse_num_params,subsample,52.0,-17.260482273423197,-17.234890643719172,-0.9809772867922243,-17.251779980187653
4,1,inverse_num_params,subsample,53.0,-17.260482273423197,-17.241761372014125,-1.0400757467767188,-17.251618574109916
4,1,inverse_num_params,subsample,54.0,-17.260482273423197,-17.234890643719172,-1.5126428129919727,-17.24928154923215
4,1,inverse_num_params,subsample,55.0,-17.25856784552289,-17.241761372014125,-0.31166491302998667,-17.25299896474493
4,1,inverse_num_params,subsample,56.0,-17.25909587048408,-17.234890643719172,-0.4708090283462594,-17.25214846461863
4,1,inverse_num_params,subsample,57.0,-17.260482273423197,-17.24173843436451,-0.8516781005431361,-17.25147025679296
4,1,inverse_num_params,subsample,58.0,-17.25909587048408,-17.234890643719172,-0.44089858087573225,-17.251728286129758
4,1,inverse_num_params,subsample,59.0,-17.25909587048408,-17.234890643719172,-0.6269060146217716,-17.25195932701117
4,1,inverse_num_params,subsample,60.0,-17.260482273423197,-17.241761372014125,-0.5523767157868107,-17.252663063750823
4,1,inverse_num_params,subsample,61.0,-17.260482273423197,-17.245655721384377,-0.375059478059376,-17.253098459066624
4,1,inverse_num_params,subsample,62.0,-17.25909587048408,-17.24173843436451,-0.12159124257001117,-17.253164559331694
4,1,inverse_num_params,subsample,63.0,-17.257028221139894,-17.241761372014125,0.33126849822432824,-17.25371577602205
4,1,inverse_num_params,subsample,64.0,-17.25909587048408,-17.234890643719172,-0.4638464135041657,-17.25216866701454
4,1,inverse_num_params,subsample,65.0,-17.260482273423197,-17.234890643719172,-1.1022366557329433,-17.25144929503706
4,1,inverse_num_params,subsample,66.0,-17.257028221139894,-17.234890643719172,-0.3469781611618683,-17.25176729888703
4,1,inverse_num_params,subsample,67.0,-17.257597267616923,-17.24173843436451,-0.15741212766431611,-17.252320445267102
4,1,inverse_num_params,subsample,68.0,-17.260482273423197,-17.234890643719172,-1.5990271361164696,-17.250204603034735
4,1,inverse_num_params,subsample,69.0,-17.260482273423197,-17.234890643719172,-0.7149262971860929,-17.251708563720648
4,1,inverse_num_params,subsample,70.0,-17.25856784552289,-17.24173843436451,-0.7003804431367295,-17.251496922220866
4,1,inverse_num_params,subsample,71.0,-17.260482273423197,-17.24173843436451,-0.9709190080631004,-17.252594492739185
4,1,inverse_num_params,subsample,72.0,-17.260482273423197,-17.234890643719172,-1.0751918217392369,-17.251373861588192
4,1,inverse_num_params,subsample,73.0,-17.25909587048408,-17.249593468446395,-0.023640642283616595,-17.254014570727318
4,1,inverse_num_params,subsample,74.0,-17.260482273423197,-17.24173843436451,-0.8210744198600667,-17.251441553052132
4,1,inverse_num_params,subsample,75.0,-17.260482273423197,-17.234890643719172,-1.2642058917852557,-17.250044861932963
4,1,inverse_num_params,subsample,76.0,-17.260482273423197,-17.241761372014125,-0.3215556519454031,-17.253323047305383
4,1,inverse_num_params,subsample,77.0,-17.25909587048408,-17.234890643719172,-0.48004569059836183,-17.252501231083148
4,1,inverse_num_params,subsample,78.0,-17.260482273423197,-17.234890643719172,-1.2109099607820575,-17.25056702096222
4,1,inverse_num_params,subsample,79.0,-17.260482273423197,-17.234890643719172,-0.5258939314177248,-17.25213639374823
4,1,inverse_num_params,subsample,80.0,-17.260482273423197,-17.247958325555192,-0.6317714349180668,-17.252936625533465
4,1,inverse_num_params,subsample,81.0,-17.260482273423197,-17.234890643719172,-0.7134162211022606,-17.251457854004236
4,1,inverse_num_params,subsample,82.0,-17.25856784552289,-17.247958325555192,-0.387556013101398,-17.253349866354462
4,1,inverse_num_params,subsample,83.0,-17.260482273423197,-17.234890643719172,-0.6038830363073626,-17.251752419101084
4,1,inverse_num_params,subsample,84.0,-17.260482273423197,-17.234890643719172,-1.4038577310533134,-17.24997115166014
4,1,inverse_num_params,subsample,85.0,-17.260482273423197,-17.234890643719172,-0.9081923756154379,-17.251956410028797
4,1,inverse_num_params,subsample,86.0,-17.25909587048408,-17.234890643719172,-0.8006425631005429,-17.25154571377591
4,1,inverse_num_params,subsample,87.0,-17.260482273423197,-17.234890643719172,-1.253417285021142,-17.250982206576946
4,1,inverse_num_params,subsample,88.0,-17.25909587048408,-17.234890643719172,-0.5799110256725768,-17.251948553907656
4,1,inverse_num_params,subsample,89.0,-17.260482273423197,-17.24173843436451,-1.3755902481379174,-17.25012441801275
4,1,inverse_num_params,subsample,90.0,-17.260482273423197,-17.245655721384377,-1.2132483980513413,-17.25133466056135
4,1,inverse_num_params,subsample,91.0,-17.260482273423197,-17.241761372014125,-0.18825433833496089,-17.253392050822235
4,1,inverse_num_params,subsample,92.0,-17.25909587048408,-17.234890643719172,-0.4458558471070942,-17.251938500794644
4,1,inverse_num_params,subsample,93.0,-17.25909587048408,-17.234890643719172,-0.805825404323947,-17.251253934815796
4,1,inverse_num_params,subsample,94.0,-17.257597267616923,-17.234890643719172,-1.5500910302271942,-17.25019200425958
4,1,inverse_num_params,subsample,95.0,-17.260482273423197,-17.234890643719172,-1.0412863458002948,-17.252042122737613
4,1,inverse_num_params,subsample,96.0,-17.257597267616923,-17.245655721384377,-0.42081681258643777,-17.252739301526468
4,1,inverse_num_params,subsample,97.0,-17.25856784552289,-17.24173843436451,-0.049305701529571776,-17.253123535812204
4,1,inverse_num_params,subsample,98.0,-17.260482273423197,-17.234890643719172,-1.2647399167188886,-17.25030027210178
4,1,inverse_num_params,subsample,99.0,-17.25909587048408,-17.24173843436451,-0.18112643225093064,-17.252415412572955
5,0,variance,global,,-23.231479790483476,-23.19633421952252,0.41598633692520526,-23.216777797891336
5,0,variance,subsample,0.0,-23.228855924640136,-23.19633421952252,0.3983034144512822,-23.216443073094627
5,0,variance,subsample,1.0,-23.23028358089825,-23.208166717487806,0.561088632742404,-23.21759846513163
5,0,variance,subsample,2.0,-23.231479790483476,-23.204089650772097,0.5155308473205656,-23.216788877192553
5,0,variance,subsample,3.0,-23.23028358089825,-23.19633421952252,0.39085981393575586,-23.21691108654709
5,0,variance,subsample,4.0,-23.227236722828962,-23.208166717487806,0.5518651214672706,-23.21709614986603
5,0,variance,subsample,5.0,-23.231479790483476,-23.208166717487806,0.5551859934580081,-23.21763670781401
5,0,variance,subsample,6.0,-23.231479790483476,-23.204089650772097,0.2772967233876985,-23.2168179230791
5,0,variance,subsample,7.0,-23.23028358089825,-23.19633421952252,0.26334540884950364,-23.216192748092766
5,0,variance,subsample,8.0,-23.23028358089825,-23.204089650772097,0.5430676118134722,-23.217240577883974
5,0,variance,subsample,9.0,-23.227236722828962,-23.19633421952252,0.27387812843803755,-23.215934704691392
5,0,variance,subsample,10.0,-23.23028358089825,-23.19633421952252,0.3870834556502557,-23.21655931764211
5,0,variance,subsample,11.0,-23.228855924640136,-23.19633421952252,0.22081764167374354,-23.216169249847383
5,0,variance,subsample,12.0,-23.228855924640136,-23.204089650772097,0.4247164773602344,-23.216555270613078
5,0,variance,subsample,13.0,-23.231479790483476,-23.204089650772097,0.3946004918344363,-23.216948295154904
5,0,variance,subsample,14.0,-23.231479790483476,-23.19633421952252,0.4937544455772269,-23.216818930674673
5,0,variance,subsample,15.0,-23.23028358089825,-23.19633421952252,0.3357340379757418,-23.216532684749694
5,0,variance,subsample,16.0,-23.231479790483476,-23.19633421952252,0.3582049401916336,-23.216550159918093
5,0,variance,subsample,17.0,-23.229830371480446,-23.19633421952252,0.5982027073448032,-23.2170519064346
5,0,variance,subsample,18.0,-23.229830371480446,-23.19633421952252,0.591742789639545,-23.21714309946356
5,0,variance,subsample,19.0,-23.228855924640136,-23.208166717487806,0.4876525379826971,-23.217104890816703
5,0,variance,subsample,20.0,-23.231479790483476,-23.19633421952252,0.26458568531141236,-23.217061329198707
5,0,variance,subsample,21.0,-23.231479790483476,-23.19633421952252,0.2908345993507791,-23.216840750591132
5,0,variance,subsample,22.0,-23.23028358089825,-23.208166717487806,0.47602628974158956,-23.216906269392958
5,0,variance,subsample,23.0,-23.231479790483476,-23.19633421952252,0.35507456615357025,-23.21635409340023
5,0,variance,subsample,24.0,-23.23028358089825,-23.19633421952252,0.35030037265725655,-23.21587107257197
5,0,variance,subsample,25.0,-23.231479790483476,-23.19633421952252,0.35927021411042187,-23.215855667666812
5,0,variance,subsample,26.0,-23.231479790483476,-23.19633421952252,0.5178490883277875,-23.21712921186996
5,0,variance,subsample,27.0,-23.231479790483476,-23.204089650772097,0.4601770430257187,-23.21657205482062
5,0,variance,subsample,28.0,-23.231479790483476,-23.204089650772097,0.3516971469919408,-23.217375469470454
5,0,variance,subsample,29.0,-23.231479790483476,-23.20851746596725,0.44447712148911706,-23.216937087496124
5,0,variance,subsample,30.0,-23.23028358089825,-23.208394230731543,0.31646864694372845,-23.21657914686527
5,0,variance,subsample,31.0,-23.231479790483476,-23.19633421952252,0.41596109155197974,-23.217015029059393
5,0,variance,subsample,32.0,-23.23028358089825,-23.19633421952252,0.4731144870291267,-23.21701744805676
5,0,variance,subsample,33.0,-23.23028358089825,-23.208394230731543,0.4037483606680067,-23.216997080943365
5,0,variance,subsample,34.0,-23.227236722828962,-23.19633421952252,0.48000038829822206,-23.216434223505022
5,0,variance,subsample,35.0,-23.231479790483476,-23.208394230731543,0.3864395891267868,-23.217113816573487
5,0,variance,subsample,36.0,-23.23028358089825,-23.19633421952252,0.5616510518991992,-23.21696664545108
5,0,variance,subsample,37.0,-23.229830371480446,-23.19633421952252,0.46270355690832254,-23.21711942687607
5,0,variance,subsample,38.0,-23.231479790483476,-23.208394230731543,0.43272251686176905,-23.21700154542665
5,0,variance,subsample,39.0,-23.231479790483476,-23.204089650772097,0.6015282055728791,-23.21720395888621
5,0,variance,subsample,40.0,-23.23028358089825,-23.19633421952252,0.4639048410568871,-23.216669491343634
5,0,variance,subsample,41.0,-23.231479790483476,-23.208166717487806,0.590276260887418,-23.217612345374118
5,0,variance,subsample,42.0,-23.231479790483476,-23.204089650772097,0.3485988490035805,-23.2168467318657
5,0,variance,subsample,43.0,-23.229830371480446,-23.208166717487806,0.6108538958857966,-23.217509816980726
5,0,variance,subsample,44.0,-23.228855924640136,-23.204089650772097,0.3865892770534208,-23.21644358861328
5,0,variance,subsample,45.0,-23.228855924640136,-23.19633421952252,0.3304558363492385,-23.21590386331425
5,0,variance,subsample,46.0,-23.231479790483476,-23.208525688620927,0.46966508022244147,-23.217264554178836
5,0,variance,subsample,47.0,-23.231479790483476,-23.19633421952252,0.5266940165448923,-23.21656522920125
5,0,variance,subsample,48.0,-23.228855924640136,-23.19633421952252,0.4412749029122464,-23.2168331658491
5,0,variance,subsample,49.0,-23.231479790483476,-23.204089650772097,0.42880071545511356,-23.216476515519822
5,0,variance,subsample,50.0,-23.231479790483476,-23.19633421952252,0.38317652477997727,-23.2160351114583
5,0,variance,subsample,51.0,-23.23028358089825,-23.19633421952252,0.24657522097451642,-23.216749579394513
5,0,variance,subsample,52.0,-23.231479790483476,-23.204089650772097,0.47086191450540205,-23.21670914684385
5,0,variance,subsample,53.0,-23.231479790483476,-23.208166717487806,0.5042408978837603,-23.217234161346955
5,0,variance,subsample,54.0,-23.23028358089825,-23.204089650772097,0.4439586537127712,-23.21682671836413
5,0,variance,subsample,55.0,-23.23028358089825,-23.19633421952252,0.2933376648230021,-23.21620101695417
5,0,variance,subsample,56.0,-23.228855924640136,-23.204089650772097,0.4293957643683684,-23.21648189135779
5,0,variance,subsample,57.0,-23.23028358089825,-23.19633421952252,0.36393964133462636,-23.216465180544485
5,0,variance,subsample,58.0,-23.231479790483476,-23.19633421952252,0.39140707351417126,-23.21701257085992
5,0,variance,subsample,59.0,-23.231479790483476,-23.208394230731543,0.5271738083163016,-23.217113367154514
5,0,variance,subsample,60.0,-23.231479790483476,-23.19633421952252,0.47712164961493314,-23.216717784551467
5,0,variance,subsample,61.0,-23.229830371480446,-23.19633421952252,0.21127892345044566,-23.215794417670523
5,0,variance,subsample,62.0,-23.227236722828962,-23.19633421952252,0.4430498245317314,-23.21701547887239
5,0,variance,subsample,63.0,-23.225126208643324,-23.208394230731543,0.32970839516361267,-23.21694629061765
5,0,variance,subsample,64.0,-23.227236722828962,-23.19633421952252,0.3730344343474449,-23.21661575537883
5,0,variance,subsample,65.0,-23.231479790483476,-23.19633421952252,0.43640064782367355,-23.21690004746782
5,0,variance,subsample,66.0,-23.231479790483476,-23.208166717487806,0.6085115361976638,-23.218095708676245
5,0,variance,subsample,67.0,-23.231479790483476,-23.204089650772097,0.5112820055177966,-23.217121965356107
5,0,variance,subsample,68.0,-23.228855924640136,-23.19633421952252,0.2572527037687466,-23.216319905428406
5,0,variance,subsample,69.0,-23.231479790483476,-23.19633421952252,0.394020813866098,-23.216816787473423
5,0,variance,subsample,70.0,-23.228855924640136,-23.204089650772097,0.29197129457219245,-23.215893795894115
5,0,variance,subsample,71.0,-23.231479790483476,-23.19633421952252,0.535847450414388,-23.21674302571912
5,0,variance,subsample,72.0,-23.23028358089825,-23.204089650772097,0.4775068935259379,-23.217239846090738
5,0,variance,subsample,73.0,-23.228855924640136,-23.204089650772097,0.41827015001773116,-23.21636203177569
5,0,variance,subsample,74.0,-23.23028358089825,-23.19633421952252,0.30403076414696534,-23.216770396877816
5,0,variance,subsample,75.0,-23.231479790483476,-23.208166717487806,0.5108722749523371,-23.217310248294833
5,0,variance,subsample,76.0,-23.231479790483476,-23.19633421952252,0.4492891016712576,-23.21699998674304
5,0,variance,subsample,77.0,-23.231479790483476,-23.204089650772097,0.36445878862477976,-23.216716636615526
5,0,variance,subsample,78.0,-23.231479790483476,-23.204089650772097,0.40170419290744386,-23.216659736135743
5,0,variance,subsample,79.0,-23.229830371480446,-23.19633421952252,0.34693798452342056,-23.216292920010822
5,0,variance,subsample,80.0,-23.231479790483476,-23.208394230731543,0.5416248860083479,-23.21726938403421
5,0,variance,subsample,81.0,-23.231479790483476,-23.204089650772097,0.5286730400912086,-23.217160870101946
5,0,variance,subsample,82.0,-23.231479790483476,-23.204089650772097,0.4958257317272551,-23.217002836307813
5,0,variance,subsample,83.0,-23.231479790483476,-23.19633421952252,0.34875907020030844,-23.216429489374075
5,0,variance,subsample,84.0,-23.229830371480446,-23.19633421952252,0.5069786986429157,-23.21661216283317
5,0,variance,subsample,85.0,-23.23028358089825,-23.19633421952252,0.46790935364230674,-23.216581031039823
5,0,variance,subsample,86.0,-23.231479790483476,-23.204089650772097,0.5314552098827521,-23.216999905334983
5,0,variance,subsample,87.0,-23.229830371480446,-23.19633421952252,0.3956229495613058,-23.216170267324653
5,0,variance,subsample,88.0,-23.231479790483476,-23.19633421952252,0.5132885412771847,-23.21666018492452
5,0,variance,subsample,89.0,-23.23028358089825,-23.208166717487806,0.3167978867956874,-23.21669305208214
5,0,variance,subsample,90.0,-23.229830371480446,-23.19633421952252,0.3687221038774911,-23.216331165854825
5,0,variance,subsample,91.0,-23.23028358089825,-23.204089650772097,0.39503913280079483,-23.216269287495233
5,0,variance,subsample,92.0,-23.229830371480446,-23.19633421952252,0.3787344456116206,-23.216436633232487
5,0,variance,subsample,93.0,-23.231479790483476,-23.204089650772097,0.4926454281259581,-23.216884448439554
5,0,variance,subsample,94.0,-23.231479790483476,-23.204089650772097,0.5522385730692034,-23.21735614014941
5,0,variance,subsample,95.0,-23.231479790483476,-23.19633421952252,0.43749393855184115,-23.21675340671041
5,0,variance,subsample,96.0,-23.229830371480446,-23.19633421952252,0.5007119246070236,-23.216931300879672
5,0,variance,subsample,97.0,-23.231479790483476,-23.204089650772097,0.343684199220379,-23.21683803115049
5,0,variance,subsample,98.0,-23.231479790483476,-23.204089650772097,0.41945131974029953,-23.2169336005997
5,0,variance,subsample,99.0,-23.229830371480446,-23.19633421952252,0.4621698905202493,-23.216642196283022
5,0,inverse_num_params,global,,-23.231479790483476,-23.19633421952252,0.1740534674487986,-23.21620796072687
5,0,inverse_num_params,subsample,0.0,-23.231479790483476,-23.204089650772097,0.2304447023275746,-23.216623778631238
5,0,inverse_num_params,subsample,1.0,-23.23028358089825,-23.208166717487806,0.47131881999504643,-23.216520005673136
5,0,inverse_num_params,subsample,2.0,-23.231479790483476,-23.208166717487806,1.1404059328130645,-23.21906031645827
5,0,inverse_num_params,subsample,3.0,-23.23028358089825,-23.204089650772097,0.3067606711113426,-23.216744195994263
5,0,inverse_num_params,subsample,4.0,-23.231479790483476,-23.19633421952252,0.24378796090411445,-23.216392858772384
5,0,inverse_num_params,subsample,5.0,-23.23028358089825,-23.20851746596725,0.6442704077483388,-23.217743749173174
5,0,inverse_num_params,subsample,6.0,-23.231479790483476,-23.19633421952252,0.07305337433150638,-23.215391131442082
5,0,inverse_num_params,subsample,7.0,-23.224808111992264,-23.204089650772097,-0.38991449406473117,-23.214564285824427
5,0,inverse_num_params,subsample,8.0,-23.231479790483476,-23.208394230731543,0.6195311099267722,-23.21773097731917
5,0,inverse_num_params,subsample,9.0,-23.228855924640136,-23.20851746596725,0.2451320695897708,-23.216644252906352
5,0,inverse_num_params,subsample,10.0,-23.231479790483476,-23.208166717487806,0.25516267970646633,-23.216031811163063
5,0,inverse_num_params,subsample,11.0,-23.229830371480446,-23.19633421952252,-0.18943543021884987,-23.215338510338174
5,0,inverse_num_params,subsample,12.0,-23.231479790483476,-23.19633421952252,0.5178973611078012,-23.217188823081496
5,0,inverse_num_params,subsample,13.0,-23.228855924640136,-23.19633421952252,-0.03322841506414826,-23.215202622288007
5,0,inverse_num_params,subsample,14.0,-23.229830371480446,-23.208394230731543,0.11305542063072514,-23.21533563102266
5,0,inverse_num_params,subsample,15.0,-23.23028358089825,-23.20851746596725,0.2627568852519598,-23.21622405147617
5,0,inverse_num_params,subsample,16.0,-23.231479790483476,-23.204089650772097,0.6330145702494352,-23.217493100635412
5,0,inverse_num_params,subsample,17.0,-23.23028358089825,-23.208394230731543,0.13489680099746787,-23.21672082920672
5,0,inverse_num_params,subsample,18.0,-23.231479790483476,-23.19633421952252,-0.3190968605107812,-23.214679077473512
5,0,inverse_num_params,subsample,19.0,-23.23028358089825,-23.19633421952252,-0.3290869405494252,-23.21475406397243
5,0,inverse_num_params,subsample,20.0,-23.23028358089825,-23.204089650772097,-0.042506911870074084,-23.215692937044487
5,0,inverse_num_params,subsample,21.0,-23.229830371480446,-23.208166717487806,0.16195167006780156,-23.21615094563456
5,0,inverse_num_params,subsample,22.0,-23.231479790483476,-23.204089650772097,0.4178981580320708,-23.21698702566654
5,0,inverse_num_params,subsample,23.0,-23.231479790483476,-23.204089650772097,0.47598749126048934,-23.217277303324618
5,0,inverse_num_params,subsample,24.0,-23.23028358089825,-23.208394230731543,0.24895346879611663,-23.21666972608644
5,0,inverse_num_params,subsample,25.0,-23.229830371480446,-23.204089650772097,0.535252435964342,-23.21686148096063
5,0,inverse_num_params,subsample,26.0,-23.231479790483476,-23.19633421952252,0.6407103986428341,-23.217758405988825
5,0,inverse_num_params,subsample,27.0,-23.231479790483476,-23.19633421952252,-0.33520043318898557,-23.214608835541597
5,0,inverse_num_params,subsample,28.0,-23.231479790483476,-23.208166717487806,0.7337361670507548,-23.217647377705106
5,0,inverse_num_params,subsample,29.0,-23.231479790483476,-23.19633421952252,-0.2107733469090237,-23.214691004934604
5,0,inverse_num_params,subsample,30.0,-23.224574725437307,-23.19633421952252,-0.5814093719538178,-23.213527914624574
5,0,inverse_num_params,subsample,31.0,-23.231479790483476,-23.19633421952252,0.3196690717546252,-23.216844110928164
5,0,inverse_num_params,subsample,32.0,-23.225126208643324,-23.19633421952252,0.6891567030355281,-23.21666809919035
5,0,inverse_num_params,subsample,33.0,-23.229830371480446,-23.208166717487806,-0.12618521884634662,-23.215561365630762
5,0,inverse_num_params,subsample,34.0,-23.231479790483476,-23.208166717487806,0.8993018380229582,-23.218009682445253
5,0,inverse_num_params,subsample,35.0,-23.23028358089825,-23.20851746596725,0.09105364205393532,-23.216260672177903
5,0,inverse_num_params,subsample,36.0,-23.23028358089825,-23.208394230731543,0.35207153015709153,-23.21700984571738
5,0,inverse_num_params,subsample,37.0,-23.23028358089825,-23.19633421952252,-0.018682936568449535,-23.21537637000725
5,0,inverse_num_params,subsample,38.0,-23.231479790483476,-23.208166717487806,0.2814079408885753,-23.21709017078353
5,0,inverse_num_params,subsample,39.0,-23.23028358089825,-23.19633421952252,0.21117976364540833,-23.21619705490632
5,0,inverse_num_params,subsample,40.0,-23.231479790483476,-23.208394230731543,0.21726620572425917,-23.216352079430326
5,0,inverse_num_params,subsample,41.0,-23.231479790483476,-23.19633421952252,0.48890340339226007,-23.217087160837334
5,0,inverse_num_params,subsample,42.0,-23.231479790483476,-23.208166717487806,0.14556031217195828,-23.216382718527
5,0,inverse_num_params,subsample,43.0,-23.231479790483476,-23.204089650772097,-0.006238819455638907,-23.21594481655025
5,0,inverse_num_params,subsample,44.0,-23.227236722828962,-23.19633421952252,0.09303464724129645,-23.21601333178812
5,0,inverse_num_params,subsample,45.0,-23.229830371480446,-23.204089650772097,0.05743623511742202,-23.215769494797275
5,0,inverse_num_params,subsample,46.0,-23.231479790483476,-23.204089650772097,0.6263150076144689,-23.217912002230484
5,0,inverse_num_params,subsample,47.0,-23.231479790483476,-23.19633421952252,0.0008113300580872329,-23.215529329091357
5,0,inverse_num_params,subsample,48.0,-23.224574725437307,-23.204089650772097,-0.1596305896419011,-23.21503307508599
5,0,inverse_num_params,subsample,49.0,-23.231479790483476,-23.19633421952252,0.07751569606941579,-23.215556493348743
5,0,inverse_num_params,subsample,50.0,-23.231479790483476,-23.19633421952252,0.4652554020901114,-23.21648851147341
5,0,inverse_num_params,subsample,51.0,-23.231479790483476,-23.19633421952252,0.24462322250950447,-23.216611729701654
5,0,inverse_num_params,subsample,52.0,-23.231479790483476,-23.19633421952252,0.21195514318429484,-23.21616842351915
5,0,inverse_num_params,subsample,53.0,-23.228855924640136,-23.204089650772097,0.3411807857064192,-23.21687941367722
5,0,inverse_num_params,subsample,54.0,-23.231479790483476,-23.204089650772097,0.20167296661883635,-23.21597710704189
5,0,inverse_num_params,subsample,55.0,-23.231479790483476,-23.19633421952252,0.5164885447584864,-23.21683651826941
5,0,inverse_num_params,subsample,56.0,-23.231479790483476,-23.204089650772097,0.23367101715798175,-23.216432992801916
5,0,inverse_num_params,subsample,57.0,-23.229830371480446,-23.19633421952252,0.2508800915821142,-23.215677299118575
5,0,inverse_num_params,subsample,58.0,-23.231479790483476,-23.19633421952252,-0.03829421318229104,-23.215712093613607
5,0,inverse_num_params,subsample,59.0,-23.231479790483476,-23.19633421952252,-0.08844463477498052,-23.215188567379503
5,0,inverse_num_params,subsample,60.0,-23.231479790483476,-23.19633421952252,0.06975117295351771,-23.216138217605117
5,0,inverse_num_params,subsample,61.0,-23.231479790483476,-23.19633421952252,0.08557026068522824,-23.215919060774585
5,0,inverse_num_params,subsample,62.0,-23.23028358089825,-23.208394230731543,0.07215372895479619,-23.216284380436743
5,0,inverse_num_params,subsample,63.0,-23.231479790483476,-23.19633421952252,-0.10764167680406557,-23.215905305075456
5,0,inverse_num_params,subsample,64.0,-23.23028358089825,-23.19633421952252,0.17133012180935625,-23.216106728994188
5,0,inverse_num_params,subsample,65.0,-23.231479790483476,-23.19633421952252,0.11333198781308358,-23.21596076095158
5,0,inverse_num_params,subsample,66.0,-23.23028358089825,-23.19633421952252,0.07656070578074639,-23.21633420687636
5,0,inverse_num_params,subsample,67.0,-23.23028358089825,-23.19633421952252,0.07697057415337044,-23.215849721168116
5,0,inverse_num_params,subsample,68.0,-23.228855924640136,-23.19633421952252,-0.06135904273517148,-23.216069084117613
5,0,inverse_num_params,subsample,69.0,-23.231479790483476,-23.19633421952252,0.00680122104257497,-23.215783591253874
5,0,inverse_num_params,subsample,70.0,-23.231479790483476,-23.19633421952252,0.18798282312334982,-23.216462013856532
5,0,inverse_num_params,subsample,71.0,-23.227236722828962,-23.19633421952252,-0.20762212058184162,-23.21530288596704
5,0,inverse_num_params,subsample,72.0,-23.23028358089825,-23.19633421952252,0.02908042367164136,-23.21569036877224
5,0,inverse_num_params,subsample,73.0,-23.231479790483476,-23.19633421952252,0.09989719912019057,-23.215764668585486
5,0,inverse_num_params,subsample,74.0,-23.231479790483476,-23.204089650772097,0.4282746563453177,-23.217213070177326
5,0,inverse_num_params,subsample,75.0,-23.231479790483476,-23.208166717487806,-0.4511018341850664,-23.214772755137428
5,0,inverse_num_params,subsample,76.0,-23.231479790483476,-23.19633421952252,0.5151231333613709,-23.217249360352152
5,0,inverse_num_params,subsample,77.0,-23.23028358089825,-23.19633421952252,0.08737130675976605,-23.21602754152032
5,0,inverse_num_params,subsample,78.0,-23.231479790483476,-23.19633421952252,0.1310952414221495,-23.216067657125148
5,0,inverse_num_params,subsample,79.0,-23.231479790483476,-23.208166717487806,0.506578774157908,-23.21711499541975
5,0,inverse_num_params,subsample,80.0,-23.231479790483476,-23.204089650772097,-0.03593471800770132,-23.215358724154505
5,0,inverse_num_params,subsample,81.0,-23.23028358089825,-23.204089650772097,0.5231030287525529,-23.21712859637786
5,0,inverse_num_params,subsample,82.0,-23.23028358089825,-23.208166717487806,0.136738776490407,-23.216254380729268
5,0,inverse_num_params,subsample,83.0,-23.231479790483476,-23.19633421952252,0.19870161110418896,-23.215857435684782
5,0,inverse_num_params,subsample,84.0,-23.231479790483476,-23.19633421952252,0.5630314436396106,-23.217087193612965
5,0,inverse_num_params,subsample,85.0,-23.231479790483476,-23.208166717487806,0.5203976088596696,-23.217026695331604
5,0,inverse_num_params,subsample,86.0,-23.23028358089825,-23.19633421952252,-0.22706255703341413,-23.21516445135186
5,0,inverse_num_params,subsample,87.0,-23.229830371480446,-23.19633421952252,-0.03687857053016384,-23.215288066886146
5,0,inverse_num_params,subsample,88.0,-23.231479790483476,-23.19633421952252,-0.10020999436727467,-23.21536765442565
5,0,inverse_num_params,subsample,89.0,-23.23028358089825,-23.19633421952252,0.24621915760030214,-23.216255133584337
5,0,inverse_num_params,subsample,90.0,-23.231479790483476,-23.204089650772097,0.10238934628216914,-23.215968510616342
5,0,inverse_num_params,subsample,91.0,-23.23028358089825,-23.208394230731543,0.8555867584063443,-23.217996771352993
5,0,inverse_num_params,subsample,92.0,-23.225126208643324,-23.19633421952252,-0.23117465204251705,-23.21522965172781
5,0,inverse_num_params,subsample,93.0,-23.23028358089825,-23.204089650772097,0.29768070262163415,-23.216590920888674
5,0,inverse_num_params,subsample,94.0,-23.231479790483476,-23.19633421952252,0.16258710139942495,-23.216067360545846
5,0,inverse_num_params,subsample,95.0,-23.231479790483476,-23.208394230731543,0.2599244821740919,-23.217034391965054
5,0,inverse_num_params,subsample,96.0,-23.23028358089825,-23.19633421952252,0.19144735375190747,-23.21622529258797
5,0,inverse_num_params,subsample,97.0,-23.231479790483476,-23.19633421952252,0.051257434276627926,-23.21594233389806
5,0,inverse_num_params,subsample,98.0,-23.228855924640136,-23.204089650772097,0.14476450826295156,-23.216270957107778
5,0,inverse_num_params,subsample,99.0,-23.23028358089825,-23.204089650772097,0.004833882027941515,-23.215363798325757
6,0,variance,global,,-18.758185809592923,-18.73879768606919,0.45320995239106787,-18.750054911382318
6,0,variance,subsample,0.0,-18.758185809592923,-18.73879768606919,0.5445594344060515,-18.750381971551178
6,0,variance,subsample,1.0,-18.758185809592923,-18.73879768606919,0.5906603578258305,-18.750120997761094
6,0,variance,subsample,2.0,-18.758185809592923,-18.740898504720302,0.3922663221523321,-18.749758066462594
6,0,variance,subsample,3.0,-18.757085780126467,-18.740809008741756,0.33637444586196247,-18.749900209009326
6,0,variance,subsample,4.0,-18.758185809592923,-18.740809008741756,0.5186708630242441,-18.750514534925
6,0,variance,subsample,5.0,-18.757085780126467,-18.740809008741756,0.3807496612317754,-18.749581863677385
6,0,variance,subsample,6.0,-18.758185809592923,-18.743044466468277,0.39725415769070177,-18.749871304488302
6,0,variance,subsample,7.0,-18.758185809592923,-18.740809008741756,0.4878737760017048,-18.75003887451152
6,0,variance,subsample,8.0,-18.757085780126467,-18.73879768606919,0.42702233198835804,-18.75013551998894
6,0,variance,subsample,9.0,-18.75682800340209,-18.740809008741756,0.5472951432951211,-18.749608885330257
6,0,variance,subsample,10.0,-18.758185809592923,-18.740809008741756,0.7016348835580059,-18.750283274671908
6,0,variance,subsample,11.0,-18.758185809592923,-18.741459060518505,0.444944936019697,-18.750861195452103
6,0,variance,subsample,12.0,-18.758185809592923,-18.743044466468277,0.42451020875144657,-18.750572177642542
6,0,variance,subsample,13.0,-18.758185809592923,-18.73879768606919,0.5534973673370379,-18.74997432149109
6,0,variance,subsample,14.0,-18.758185809592923,-18.73879768606919,0.4044368206064656,-18.75003898595381
6,0,variance,subsample,15.0,-18.758185809592923,-18.73879768606919,0.49781139375295147,-18.749836248683614
6,0,variance,subsample,16.0,-18.758185809592923,-18.73879768606919,0.6883469185104297,-18.750314404509584
6,0,variance,subsample,17.0,-18.758185809592923,-18.741459060518505,0.48981569874453845,-18.75010525870642
6,0,variance,subsample,18.0,-18.758185809592923,-18.743409924321792,0.3050606442824621,-18.75025835031568
6,0,variance,subsample,19.0,-18.755431960172224,-18.740898504720302,0.3709494263234259,-18.750326102574615
6,0,variance,subsample,20.0,-18.758185809592923,-18.73879768606919,0.5815474756038062,-18.750083479652112
6,0,variance,subsample,21.0,-18.758185809592923,-18.740809008741756,0.387297651188847,-18.749933096359033
6,0,variance,subsample,22.0,-18.757085780126467,-18.741459060518505,0.43621621629459406,-18.750295805361624
6,0,variance,subsample,23.0,-18.758185809592923,-18.740898504720302,0.4505280920877813,-18.749973502587103
6,0,variance,subsample,24.0,-18.758185809592923,-18.73879768606919,0.48022597862709215,-18.750083997959596
6,0,variance,subsample,25.0,-18.757085780126467,-18.73879768606919,0.4870981627727869,-18.750430971165613
6,0,variance,subsample,26.0,-18.758185809592923,-18.740809008741756,0.5638940365426459,-18.75042039214383
6,0,variance,subsample,27.0,-18.75682800340209,-18.740809008741756,0.521312461207283,-18.75016183670559
6,0,variance,subsample,28.0,-18.758185809592923,-18.73879768606919,0.695028739822589,-18.75045425970027
6,0,variance,subsample,29.0,-18.758185809592923,-18.73879768606919,0.5741901570958357,-18.750010854760554
6,0,variance,subsample,30.0,-18.758185809592923,-18.740809008741756,0.46548393226282814,-18.74984619480183
6,0,variance,subsample,31.0,-18.757085780126467,-18.73879768606919,0.5891011979368463,-18.749765421176388
6,0,variance,subsample,32.0,-18.754814260059046,-18.73879768606919,0.44260957638352666,-18.749846290942692
6,0,variance,subsample,33.0,-18.758185809592923,-18.740809008741756,0.6165064556447881,-18.75079977995612
6,0,variance,subsample,34.0,-18.758185809592923,-18.73879768606919,0.4550491584192989,-18.749966894066944
6,0,variance,subsample,35.0,-18.75682800340209,-18.73879768606919,0.49107433890376867,-18.750162935811527
6,0,variance,subsample,36.0,-18.758185809592923,-18.73879768606919,0.558266243764641,-18.75025749138352
6,0,variance,subsample,37.0,-18.758185809592923,-18.73879768606919,0.6257843712621981,-18.749902390830393
6,0,variance,subsample,38.0,-18.758185809592923,-18.73879768606919,0.4510910696631284,-18.749883477337143
6,0,variance,subsample,39.0,-18.758185809592923,-18.73879768606919,0.6234202128673036,-18.750363264125713
6,0,variance,subsample,40.0,-18.758185809592923,-18.73879768606919,0.6251572875692444,-18.750188717498926
6,0,variance,subsample,41.0,-18.75682800340209,-18.740809008741756,0.3914675690499956,-18.749932934037666
6,0,variance,subsample,42.0,-18.757085780126467,-18.743044466468277,0.45343337758013874,-18.75034130454207
6,0,variance,subsample,43.0,-18.758185809592923,-18.740809008741756,0.472818026049998,-18.75006039521259
6,0,variance,subsample,44.0,-18.758185809592923,-18.740809008741756,0.2571696080758435,-18.749914537767456
6,0,variance,subsample,45.0,-18.75682800340209,-18.73879768606919,0.3947617850369531,-18.74975558041126
6,0,variance,subsample,46.0,-18.755366711115165,-18.740898504720302,0.41459127097413456,-18.74972365901306
6,0,variance,subsample,47.0,-18.758185809592923,-18.73879768606919,0.4496923570333396,-18.74980483891174
6,0,variance,subsample,48.0,-18.755366711115165,-18.73879768606919,0.5046812161362698,-18.750057764622344
6,0,variance,subsample,49.0,-18.75682800340209,-18.740809008741756,0.4901055163035627,-18.750158149701882
6,0,variance,subsample,50.0,-18.758185809592923,-18.73879768606919,0.4791358169868057,-18.75033492412649
6,0,variance,subsample,51.0,-18.758185809592923,-18.73879768606919,0.5271671310638144,-18.750413965319897
6,0,variance,subsample,52.0,-18.758185809592923,-18.740809008741756,0.5649600387752863,-18.750763251037196
6,0,variance,subsample,53.0,-18.75503326630759,-18.73879768606919,0.3790609410102482,-18.749634952312103
6,0,variance,subsample,54.0,-18.757085780126467,-18.73879768606919,0.4077140736303071,-18.749864814972852
6,0,variance,subsample,55.0,-18.757085780126467,-18.740898504720302,0.16614874315422043,-18.749079877204856
6,0,variance,subsample,56.0,-18.758185809592923,-18.740809008741756,0.347584150853809,-18.750040366947903
6,0,variance,subsample,57.0,-18.758185809592923,-18.73879768606919,0.6828468005953422,-18.750314131455198
6,0,variance,subsample,58.0,-18.758185809592923,-18.73879768606919,0.5961908443550399,-18.749630111393778
6,0,variance,subsample,59.0,-18.75682800340209,-18.73879768606919,0.6461121660492417,-18.75032369067825
6,0,variance,subsample,60.0,-18.75682800340209,-18.73879768606919,0.6082405523310477,-18.749906527446136
6,0,variance,subsample,61.0,-18.75682800340209,-18.740898504720302,0.3772726765836991,-18.7499106525615
6,0,variance,subsample,62.0,-18.758185809592923,-18.740809008741756,0.6954636918551776,-18.75059342517895
6,0,variance,subsample,63.0,-18.757085780126467,-18.73879768606919,0.4795003793843841,-18.75023511238163
6,0,variance,subsample,64.0,-18.757085780126467,-18.740898504720302,0.19919388057127183,-18.74998003597713
6,0,variance,subsample,65.0,-18.757085780126467,-18.73879768606919,0.5825064000607258,-18.750114652168648
6,0,variance,subsample,66.0,-18.757085780126467,-18.73879768606919,0.6255420180782106,-18.750798277470373
6,0,variance,subsample,67.0,-18.758185809592923,-18.740898504720302,0.31961748545460184,-18.75011265158495
6,0,variance,subsample,68.0,-18.758185809592923,-18.743044466468277,0.4365271033784371,-18.749975713463755
6,0,variance,subsample,69.0,-18.758185809592923,-18.73879768606919,0.5732493078981348,-18.749886397259523
6,0,variance,subsample,70.0,-18.758185809592923,-18.741459060518505,0.5218509472364703,-18.750057455089358
6,0,variance,subsample,71.0,-18.758185809592923,-18.740809008741756,0.5040248183734001,-18.750038270948185
6,0,variance,subsample,72.0,-18.758185809592923,-18.740809008741756,0.534528248235882,-18.750250013923186
6,0,variance,subsample,73.0,-18.755366711115165,-18.740809008741756,0.491551088904531,-18.750019505517145
6,0,variance,subsample,74.0,-18.758185809592923,-18.740898504720302,0.4419820982206767,-18.749949063484255
6,0,variance,subsample,75.0,-18.758185809592923,-18.740898504720302,0.4531939615765563,-18.749597824680553
6,0,variance,subsample,76.0,-18.757085780126467,-18.73879768606919,0.23413761260303165,-18.749534029402774
6,0,variance,subsample,77.0,-18.758185809592923,-18.73879768606919,0.6355544162604889,-18.750806069099927
6,0,variance,subsample,78.0,-18.757085780126467,-18.73879768606919,0.3705442634833086,-18.750002356034354
6,0,variance,subsample,79.0,-18.754814260059046,-18.73879768606919,0.4030251906972719,-18.749530575716477
6,0,variance,subsample,80.0,-18.755431960172224,-18.73879768606919,0.4391276575761723,-18.749854322103463
6,0,variance,subsample,81.0,-18.757085780126467,-18.741459060518505,0.41494084773678036,-18.749973797115775
6,0,variance,subsample,82.0,-18.757085780126467,-18.740809008741756,0.3875220870080212,-18.74966589194458
6,0,variance,subsample,83.0,-18.757085780126467,-18.740809008741756,0.40129068204279406,-18.750005046106164
6,0,variance,subsample,84.0,-18.757085780126467,-18.740809008741756,0.489481922376655,-18.75010852190065
6,0,variance,subsample,85.0,-18.758185809592923,-18.73879768606919,0.15889035812797245,-18.749304025131636
6,0,variance,subsample,86.0,-18.758185809592923,-18.740809008741756,0.3296131424164319,-18.750037937435433
6,0,variance,subsample,87.0,-18.75682800340209,-18.73879768606919,0.2887375698754302,-18.749741092203827
6,0,variance,subsample,88.0,-18.75682800340209,-18.740809008741756,0.3353022990437075,-18.750171088012767
6,0,variance,subsample,89.0,-18.75682800340209,-18.740898504720302,0.09197798309186146,-18.749082830127886
6,0,variance,subsample,90.0,-18.758185809592923,-18.73879768606919,0.2182118176726036,-18.749531286571003
6,0,variance,subsample,91.0,-18.757085780126467,-18.73879768606919,0.352609402933091,-18.74982273361928
6,0,variance,subsample,92.0,-18.758185809592923,-18.73879768606919,0.7213739878676185,-18.750431710083326
6,0,variance,subsample,93.0,-18.757085780126467,-18.73879768606919,0.5502432090509137,-18.75024482724165
6,0,variance,subsample,94.0,-18.758185809592923,-18.740809008741756,0.6243482732750663,-18.750559213941816
6,0,variance,subsample,95.0,-18.758185809592923,-18.743044466468277,0.2194991891988422,-18.749449569161563
6,0,variance,subsample,96.0,-18.758185809592923,-18.73879768606919,0.4761852334610237,-18.74988286687296
6,0,variance,subsample,97.0,-18.755431960172224,-18.73879768606919,0.5708761939200548,-18.750028444616422
6,0,variance,subsample,98.0,-18.758185809592923,-18.740809008741756,0.48201728501118307,-18.75062668448003
6,0,variance,subsample,99.0,-18.758185809592923,-18.73879768606919,0.49470517191592106,-18.750209753351744
6,0,inverse_num_params,global,,-18.758185809592923,-18.73879768606919,1.0374879466736586,-18.750495779002286
6,0,inverse_num_params,subsample,0.0,-18.758185809592923,-18.740809008741756,1.6201397856492854,-18.75153007398163
6,0,inverse_num_params,subsample,1.0,-18.758185809592923,-18.73879768606919,0.9692204136463297,-18.750223515567974
6,0,inverse_num_params,subsample,2.0,-18.758185809592923,-18.741459060518505,0.9020425883122438,-18.750468351312254
6,0,inverse_num_params,subsample,3.0,-18.75503326630759,-18.73879768606919,1.2194421976496679,-18.750731728696824
6,0,inverse_num_params,subsample,4.0,-18.757085780126467,-18.73879768606919,0.25671258776213546,-18.74941843967956
6,0,inverse_num_params,subsample,5.0,-18.758185809592923,-18.73879768606919,0.7342232999878271,-18.750661831331996
6,0,inverse_num_params,subsample,6.0,-18.75682800340209,-18.740809008741756,0.7380694323043719,-18.75000381518293
6,0,inverse_num_params,subsample,7.0,-18.758185809592923,-18.73879768606919,1.8367778919672402,-18.752053867000743
6,0,inverse_num_params,subsample,8.0,-18.757085780126467,-18.740898504720302,0.6531010371041782,-18.750301283419784
6,0,inverse_num_params,subsample,9.0,-18.758185809592923,-18.73879768606919,1.1675388374097817,-18.7508826692864
6,0,inverse_num_params,subsample,10.0,-18.755366711115165,-18.744182532795644,0.18304621097241056,-18.749566917292825
6,0,inverse_num_params,subsample,11.0,-18.755431960172224,-18.741459060518505,0.7809444282794794,-18.750056678522487
6,0,inverse_num_params,subsample,12.0,-18.757085780126467,-18.73879768606919,0.9727320134253206,-18.749935432111243
6,0,inverse_num_params,subsample,13.0,-18.757085780126467,-18.73879768606919,1.1559594231664625,-18.75037013079163
6,0,inverse_num_params,subsample,14.0,-18.757085780126467,-18.73879768606919,1.521852265813995,-18.750306013115637
6,0,inverse_num_params,subsample,15.0,-18.75682800340209,-18.740809008741756,1.4656307473116372,-18.751407560807728
6,0,inverse_num_params,subsample,16.0,-18.757085780126467,-18.740809008741756,1.1764485025178832,-18.750468376026085
6,0,inverse_num_params,subsample,17.0,-18.757085780126467,-18.73879768606919,0.7700622310128584,-18.750261589402182
6,0,inverse_num_params,subsample,18.0,-18.757085780126467,-18.741459060518505,1.1842068464646383,-18.750504792232004
6,0,inverse_num_params,subsample,19.0,-18.758185809592923,-18.73879768606919,1.1585938240216311,-18.750699239387025
6,0,inverse_num_params,subsample,20.0,-18.758185809592923,-18.740809008741756,1.061238612413973,-18.750491887481587
6,0,inverse_num_params,subsample,21.0,-18.75682800340209,-18.73879768606919,0.6568672746925155,-18.74934402877278
6,0,inverse_num_params,subsample,22.0,-18.757085780126467,-18.73879768606919,1.374164664384395,-18.75115469696566
6,0,inverse_num_params,subsample,23.0,-18.758185809592923,-18.73879768606919,0.8318488985661957,-18.75019360237259
6,0,inverse_num_params,subsample,24.0,-18.757085780126467,-18.73879768606919,1.9503362630887278,-18.751287122591318
6,0,inverse_num_params,subsample,25.0,-18.758185809592923,-18.73879768606919,1.3517960629220989,-18.750584886369545
6,0,inverse_num_params,subsample,26.0,-18.757085780126467,-18.73879768606919,2.1877322737284044,-18.751402782884764
6,0,inverse_num_params,subsample,27.0,-18.758185809592923,-18.740898504720302,0.49310360402883385,-18.750512616172006
6,0,inverse_num_params,subsample,28.0,-18.757085780126467,-18.73879768606919,1.3681594617449915,-18.75100282322309
6,0,inverse_num_params,subsample,29.0,-18.755366711115165,-18.73879768606919,0.5944700149096103,-18.749702290970255
6,0,inverse_num_params,subsample,30.0,-18.755431960172224,-18.73879768606919,1.377238506678329,-18.75056205509897
6,0,inverse_num_params,subsample,31.0,-18.758185809592923,-18.73879768606919,1.3827451650977207,-18.75035499132992
6,0,inverse_num_params,subsample,32.0,-18.758185809592923,-18.73879768606919,1.3459211735033425,-18.750751784867724
6,0,inverse_num_params,subsample,33.0,-18.758185809592923,-18.740809008741756,0.961227708860718,-18.7506877735614
6,0,inverse_num_params,subsample,34.0,-18.758185809592923,-18.73879768606919,1.8137612601899262,-18.751474891450204
6,0,inverse_num_params,subsample,35.0,-18.757085780126467,-18.740898504720302,0.7896177359034897,-18.75020359493717
6,0,inverse_num_params,subsample,36.0,-18.758185809592923,-18.73879768606919,1.3959610633391055,-18.750502254715904
6,0,inverse_num_params,subsample,37.0,-18.75682800340209,-18.740809008741756,1.2197236556648643,-18.750547118004224
6,0,inverse_num_params,subsample,38.0,-18.75682800340209,-18.73879768606919,0.9169221424685732,-18.75006328508297
6,0,inverse_num_params,subsample,39.0,-18.75682800340209,-18.741459060518505,0.90948922067091,-18.750076326282457
6,0,inverse_num_params,subsample,40.0,-18.75682800340209,-18.73879768606919,1.2904611835714703,-18.750373480256698
6,0,inverse_num_params,subsample,41.0,-18.758185809592923,-18.73879768606919,0.8497553113824557,-18.750285323403368
6,0,inverse_num_params,subsample,42.0,-18.758185809592923,-18.740809008741756,1.243435529228563,-18.751562421376903
6,0,inverse_num_params,subsample,43.0,-18.758185809592923,-18.741459060518505,1.0486700593003118,-18.750578502536563
6,0,inverse_num_params,subsample,44.0,-18.757085780126467,-18.73879768606919,0.8686620313471157,-18.750538178071753
6,0,inverse_num_params,subsample,45.0,-18.75682800340209,-18.73879768606919,1.2478685008848156,-18.75042256104911
6,0,inverse_num_params,subsample,46.0,-18.758185809592923,-18.740809008741756,0.9754173809093964,-18.74996421133909
6,0,inverse_num_params,subsample,47.0,-18.755431960172224,-18.73879768606919,0.36045367650903337,-18.74970425880694
6,0,inverse_num_params,subsample,48.0,-18.758185809592923,-18.73879768606919,0.6869023347305484,-18.74958527542277
6,0,inverse_num_params,subsample,49.0,-18.758185809592923,-18.73879768606919,1.5063741842865666,-18.7511503395395
6,0,inverse_num_params,subsample,50.0,-18.758185809592923,-18.740809008741756,0.7250312065352281,-18.749967398895617
6,0,inverse_num_params,subsample,51.0,-18.758185809592923,-18.73879768606919,0.6197810447560723,-18.74967237811468
6,0,inverse_num_params,subsample,52.0,-18.758185809592923,-18.73879768606919,0.897802219190819,-18.75112898534816
6,0,inverse_num_params,subsample,53.0,-18.758185809592923,-18.741459060518505,1.1605306556335813,-18.75049807069924
6,0,inverse_num_params,subsample,54.0,-18.757085780126467,-18.73879768606919,0.9851447193351597,-18.750406679880225
6,0,inverse_num_params,subsample,55.0,-18.758185809592923,-18.73879768606919,1.6791331333182256,-18.75129417592701
6,0,inverse_num_params,subsample,56.0,-18.758185809592923,-18.740809008741756,1.0633285942596444,-18.75099498419597
6,0,inverse_num_params,subsample,57.0,-18.757085780126467,-18.73879768606919,0.8565012278942561,-18.750493183600142
6,0,inverse_num_params,subsample,58.0,-18.758185809592923,-18.740809008741756,1.2563328044021036,-18.751613598442397
6,0,inverse_num_params,subsample,59.0,-18.757085780126467,-18.740898504720302,1.219602144319461,-18.75113447658454
6,0,inverse_num_params,subsample,60.0,-18.75682800340209,-18.740809008741756,1.392658904179301,-18.751093362565445
6,0,inverse_num_params,subsample,61.0,-18.758185809592923,-18.73879768606919,1.3344313536791603,-18.750872931649262
6,0,inverse_num_params,subsample,62.0,-18.757085780126467,-18.740809008741756,1.5226794733684033,-18.750889036755936
6,0,inverse_num_params,subsample,63.0,-18.758185809592923,-18.740809008741756,1.2853887582483718,-18.75067623960693
6,0,inverse_num_params,subsample,64.0,-18.758185809592923,-18.73879768606919,1.1091813827867105,-18.751319140495845
6,0,inverse_num_params,subsample,65.0,-18.758185809592923,-18.73879768606919,1.5620091682380581,-18.75084424844665
6,0,inverse_num_params,subsample,66.0,-18.755366711115165,-18.73879768606919,0.46052317528675807,-18.74928940439319
6,0,inverse_num_params,subsample,67.0,-18.758185809592923,-18.740809008741756,0.7433260251811273,-18.750147070565852
6,0,inverse_num_params,subsample,68.0,-18.758185809592923,-18.73879768606919,0.9924119622111733,-18.75094897288805
6,0,inverse_num_params,subsample,69.0,-18.758185809592923,-18.743409924321792,0.9070300017401731,-18.750572412639023
6,0,inverse_num_params,subsample,70.0,-18.758185809592923,-18.740898504720302,0.704697711661556,-18.750155320285902
6,0,inverse_num_params,subsample,71.0,-18.757085780126467,-18.740809008741756,1.790958700445345,-18.751369995258898
6,0,inverse_num_params,subsample,72.0,-18.75682800340209,-18.73879768606919,1.2600938914194346,-18.74996585707038
6,0,inverse_num_params,subsample,73.0,-18.758185809592923,-18.740809008741756,0.7349754159392545,-18.75002316109419
6,0,inverse_num_params,subsample,74.0,-18.758185809592923,-18.743409924321792,0.8553341565485776,-18.750866873877452
6,0,inverse_num_params,subsample,75.0,-18.758185809592923,-18.73879768606919,1.6076641253875126,-18.75114426263762
6,0,inverse_num_params,subsample,76.0,-18.757085780126467,-18.73879768606919,1.1602462915261893,-18.75043496124988
6,0,inverse_num_params,subsample,77.0,-18.75682800340209,-18.741459060518505,1.3391156830762805,-18.750609626076567
6,0,inverse_num_params,subsample,78.0,-18.758185809592923,-18.73879768606919,0.9229559761276972,-18.750111224346618
6,0,inverse_num_params,subsample,79.0,-18.757085780126467,-18.73879768606919,0.17217068727729604,-18.749274649172904
6,0,inverse_num_params,subsample,80.0,-18.75682800340209,-18.740898504720302,0.6156624849032766,-18.749990413682312
6,0,inverse_num_params,subsample,81.0,-18.758185809592923,-18.740809008741756,1.1979760782155893,-18.750797884302468
6,0,inverse_num_params,subsample,82.0,-18.758185809592923,-18.73879768606919,0.9585436979525922,-18.750515820676874
6,0,inverse_num_params,subsample,83.0,-18.757085780126467,-18.73879768606919,0.9769153428592987,-18.750392776001277
6,0,inverse_num_params,subsample,84.0,-18.75682800340209,-18.73879768606919,0.8830349255090061,-18.75026786062326
6,0,inverse_num_params,subsample,85.0,-18.758185809592923,-18.740809008741756,1.3774716434316325,-18.751414068749096
6,0,inverse_num_params,subsample,86.0,-18.75682800340209,-18.740898504720302,0.811942636762306,-18.750542604374786
6,0,inverse_num_params,subsample,87.0,-18.758185809592923,-18.740898504720302,0.22239689470143661,-18.74955219482324
6,0,inverse_num_params,subsample,88.0,-18.757085780126467,-18.740898504720302,1.6201886663482974,-18.751415978781647
6,0,inverse_num_params,subsample,89.0,-18.758185809592923,-18.740809008741756,1.1390707450519182,-18.75063785679372
6,0,inverse_num_params,subsample,90.0,-18.758185809592923,-18.73879768606919,0.746581501936669,-18.74994842264771
6,0,inverse_num_params,subsample,91.0,-18.755366711115165,-18.740809008741756,0.762215841232148,-18.749696635296687
6,0,inverse_num_params,subsample,92.0,-18.757085780126467,-18.73879768606919,0.8528108413163462,-18.749968579463737
6,0,inverse_num_params,subsample,93.0,-18.757085780126467,-18.741459060518505,0.8904913553185978,-18.7500524618024
6,0,inverse_num_params,subsample,94.0,-18.755431960172224,-18.73879768606919,0.6656197475105458,-18.749510226562595
6,0,inverse_num_params,subsample,95.0,-18.757085780126467,-18.740898504720302,0.6157911860212428,-18.75045068838169
6,0,inverse_num_params,subsample,96.0,-18.758185809592923,-18.740809008741756,0.9666619535534958,-18.75069528374702
6,0,inverse_num_params,subsample,97.0,-18.755366711115165,-18.740809008741756,1.6546715117336885,-18.75162178525308
6,0,inverse_num_params,subsample,98.0,-18.758185809592923,-18.73879768606919,0.38238143290374876,-18.749746425031713
6,0,inverse_num_params,subsample,99.0,-18.758185809592923,-18.73879768606919,0.7237217600547268,-18.749917199751174
7,0,variance,global,,-18.69291106147191,-18.670162332526377,0.23199421591935548,-18.68314588994174
7,0,variance,subsample,0.0,-18.691938047727948,-18.676076827164728,0.2375733006158619,-18.683494942297184
7,0,variance,subsample,1.0,-18.69291106147191,-18.670162332526377,0.24491741736689224,-18.682492150847615
7,0,variance,subsample,2.0,-18.69291106147191,-18.670162332526377,0.28418301272433394,-18.682796426133496
7,0,variance,subsample,3.0,-18.69291106147191,-18.670162332526377,-0.005477475256588655,-18.683277856271516
7,0,variance,subsample,4.0,-18.69171023026751,-18.670162332526377,-0.04578543191964746,-18.682568636898612
7,0,variance,subsample,5.0,-18.69291106147191,-18.67584958812186,0.13172255196037017,-18.683792893020694
7,0,variance,subsample,6.0,-18.69291106147191,-18.670162332526377,0.612550933563962,-18.684335735029528
7,0,variance,subsample,7.0,-18.69171023026751,-18.670162332526377,0.06382087366947561,-18.682849426284303
7,0,variance,subsample,8.0,-18.69291106147191,-18.676076827164728,0.3971963950886724,-18.683779106111604
7,0,variance,subsample,9.0,-18.691938047727948,-18.670162332526377,0.13013954057315313,-18.6829690460206
7,0,variance,subsample,10.0,-18.691938047727948,-18.676076827164728,0.4163440457512887,-18.683547804536012
7,0,variance,subsample,11.0,-18.691938047727948,-18.670162332526377,0.22562218477883406,-18.68239199010027
7,0,variance,subsample,12.0,-18.69291106147191,-18.676076827164728,0.5866147812767635,-18.6842620655825
7,0,variance,subsample,13.0,-18.69171023026751,-18.676076827164728,0.36179595929457253,-18.68274092485383
7,0,variance,subsample,14.0,-18.691938047727948,-18.670162332526377,0.09216406929450195,-18.683120341419727
7,0,variance,subsample,15.0,-18.691552241855135,-18.670162332526377,0.1747820378365666,-18.682459885590116
7,0,variance,subsample,16.0,-18.691938047727948,-18.670162332526377,0.3152895572173835,-18.682900214986393
7,0,variance,subsample,17.0,-18.691552241855135,-18.67584958812186,0.4451840199616117,-18.683038576500195
7,0,variance,subsample,18.0,-18.69291106147191,-18.67584958812186,-0.11504917992098464,-18.682898093925434
7,0,variance,subsample,19.0,-18.691938047727948,-18.676076827164728,0.3838647758018728,-18.683917663686604
7,0,variance,subsample,20.0,-18.69291106147191,-18.670162332526377,-0.01538224596669327,-18.682494484006018
7,0,variance,subsample,21.0,-18.691552241855135,-18.670162332526377,0.08654481340382489,-18.68271106654395
7,0,variance,subsample,22.0,-18.691552241855135,-18.676220231632485,0.3394754890636938,-18.683969936502866
7,0,variance,subsample,23.0,-18.69291106147191,-18.67584958812186,0.23094271575674932,-18.683360939590614
7,0,variance,subsample,24.0,-18.69291106147191,-18.670162332526377,0.16601712151320244,-18.68289525401753
7,0,variance,subsample,25.0,-18.69291106147191,-18.670162332526377,0.04490905473137744,-18.682883970171087
7,0,variance,subsample,26.0,-18.69291106147191,-18.670162332526377,0.284541445395582,-18.682887590625064
7,0,variance,subsample,27.0,-18.69291106147191,-18.670162332526377,0.20647357495768517,-18.683074672801794
7,0,variance,subsample,28.0,-18.691938047727948,-18.676076827164728,0.21769108143291754,-18.683420306220953
7,0,variance,subsample,29.0,-18.69171023026751,-18.670162332526377,-0.32551274092964,-18.68189222645564
7,0,variance,subsample,30.0,-18.69291106147191,-18.676076827164728,0.3349175192318837,-18.683052523362043
7,0,variance,subsample,31.0,-18.691938047727948,-18.67584958812186,0.31948011548808597,-18.683517039681526
7,0,variance,subsample,32.0,-18.69291106147191,-18.670162332526377,0.21856508191357613,-18.68286140467864
7,0,variance,subsample,33.0,-18.69291106147191,-18.670162332526377,0.2768351833812804,-18.68314558361866
7,0,variance,subsample,34.0,-18.691552241855135,-18.670162332526377,-0.017018518217061563,-18.682195048603216
7,0,variance,subsample,35.0,-18.69171023026751,-18.676076827164728,0.13830146105498795,-18.68247714650522
7,0,variance,subsample,36.0,-18.69291106147191,-18.670162332526377,0.11039914261385837,-18.683074724397464
7,0,variance,subsample,37.0,-18.69291106147191,-18.67584958812186,0.3507130799324109,-18.68415246527287
7,0,variance,subsample,38.0,-18.69291106147191,-18.670162332526377,0.2362372458939306,-18.682664813211495
7,0,variance,subsample,39.0,-18.69171023026751,-18.670162332526377,0.1486245032674955,-18.682901399867138
7,0,variance,subsample,40.0,-18.691938047727948,-18.676076827164728,0.3700853570034961,-18.68356426801277
7,0,variance,subsample,41.0,-18.69291106147191,-18.67584958812186,0.27366700731582094,-18.68396702606806
7,0,variance,subsample,42.0,-18.69291106147191,-18.67584958812186,0.35064267087291207,-18.683642244628974
7,0,variance,subsample,43.0,-18.69291106147191,-18.676076827164728,0.3592772163801354,-18.68344056464806
7,0,variance,subsample,44.0,-18.691938047727948,-18.676220231632485,0.27773099878706425,-18.683516680824063
7,0,variance,subsample,45.0,-18.69291106147191,-18.670162332526377,0.27583652017467936,-18.683472932189765
7,0,variance,subsample,46.0,-18.691206964992247,-18.67584958812186,0.27702317693158957,-18.683123296559476
7,0,variance,subsample,47.0,-18.69291106147191,-18.67704902295302,-0.15565971458293998,-18.683158767098007
7,0,variance,subsample,48.0,-18.691552241855135,-18.676220231632485,0.33473225241040994,-18.682968294232985
7,0,variance,subsample,49.0,-18.691938047727948,-18.67584958812186,0.2866493394480385,-18.683489404614015
7,0,variance,subsample,50.0,-18.69291106147191,-18.670162332526377,0.2378740441726043,-18.682878800917194
7,0,variance,subsample,51.0,-18.69291106147191,-18.670162332526377,0.36956371719598474,-18.6831714698843
7,0,variance,subsample,52.0,-18.691938047727948,-18.670162332526377,-0.051162783084480704,-18.682678260139486
7,0,variance,subsample,53.0,-18.691938047727948,-18.670162332526377,0.013683708975808773,-18.682857609253723
7,0,variance,subsample,54.0,-18.691552241855135,-18.67584958812186,0.16574397551475997,-18.682939211666856
7,0,variance,subsample,55.0,-18.69291106147191,-18.670162332526377,-0.1962636550644409,-18.682378624176696
7,0,variance,subsample,56.0,-18.69171023026751,-18.676076827164728,0.20608724584525895,-18.682803701041085
7,0,variance,subsample,57.0,-18.691938047727948,-18.670162332526377,0.1269893406935193,-18.682488324510675
7,0,variance,subsample,58.0,-18.69291106147191,-18.670162332526377,0.275333247352019,-18.683181924162362
7,0,variance,subsample,59.0,-18.69171023026751,-18.670162332526377,0.015559334042888026,-18.682338653948115
7,0,variance,subsample,60.0,-18.69291106147191,-18.67584958812186,0.33274577309760706,-18.683820828049157
7,0,variance,subsample,61.0,-18.69291106147191,-18.670162332526377,0.33553198189596145,-18.683013518851162
7,0,variance,subsample,62.0,-18.691938047727948,-18.670162332526377,0.22374980645877146,-18.68269212017114
7,0,variance,subsample,63.0,-18.69171023026751,-18.670162332526377,0.18263537089098889,-18.683035768065803
7,0,variance,subsample,64.0,-18.69291106147191,-18.677285261346068,0.30378546214652846,-18.6836532727693
7,0,variance,subsample,65.0,-18.69291106147191,-18.67704902295302,0.151054171924532,-18.68356120633233
7,0,variance,subsample,66.0,-18.69291106147191,-18.670162332526377,0.19411098903423646,-18.682580062165048
7,0,variance,subsample,67.0,-18.691552241855135,-18.670162332526377,-0.0027378123829074857,-18.68222153580209
7,0,variance,subsample,68.0,-18.691938047727948,-18.670162332526377,0.023442868262877614,-18.682733527157684
7,0,variance,subsample,69.0,-18.691938047727948,-18.67584958812186,0.1912928515589771,-18.682723451349524
7,0,variance,subsample,70.0,-18.69171023026751,-18.67584958812186,0.25888237733694114,-18.68295346250868
7,0,variance,subsample,71.0,-18.69171023026751,-18.67584958812186,0.10892398684516275,-18.683381870317426
7,0,variance,subsample,72.0,-18.69291106147191,-18.670162332526377,0.17387281342952127,-18.683164798672212
7,0,variance,subsample,73.0,-18.69171023026751,-18.67704902295302,0.04992049365925557,-18.682708268096025
7,0,variance,subsample,74.0,-18.69171023026751,-18.676076827164728,0.29769049451747026,-18.683537245406086
7,0,variance,subsample,75.0,-18.691938047727948,-18.676076827164728,0.21447761062471607,-18.68357312031243
7,0,variance,subsample,76.0,-18.69171023026751,-18.670162332526377,0.23149494576493243,-18.682711365559943
7,0,variance,subsample,77.0,-18.691206964992247,-18.67704902295302,0.30045847226540245,-18.683346969448166
7,0,variance,subsample,78.0,-18.69291106147191,-18.67704902295302,0.3042042434225869,-18.683389653310517
7,0,variance,subsample,79.0,-18.69171023026751,-18.67584958812186,0.125484742853009,-18.682742288785164
7,0,variance,subsample,80.0,-18.69291106147191,-18.677356762663816,0.35442995524005266,-18.68382636397486
7,0,variance,subsample,81.0,-18.691938047727948,-18.676220231632485,0.31463118748177854,-18.68333607558324
7,0,variance,subsample,82.0,-18.691938047727948,-18.67584958812186,0.25253152279968083,-18.68268705423986
7,0,variance,subsample,83.0,-18.691938047727948,-18.670162332526377,0.05847650231779443,-18.682905573332526
7,0,variance,subsample,84.0,-18.69291106147191,-18.67584958812186,0.2571168205436632,-18.683690560646962
7,0,variance,subsample,85.0,-18.691206964992247,-18.67584958812186,0.15158805522688956,-18.68258110008432
7,0,variance,subsample,86.0,-18.69291106147191,-18.67584958812186,0.2309484301054365,-18.683356175289315
7,0,variance,subsample,87.0,-18.691938047727948,-18.67704902295302,0.35686860973159507,-18.68317006979358
7,0,variance,subsample,88.0,-18.69291106147191,-18.670162332526377,0.4176780383109557,-18.684295600643456
7,0,variance,subsample,89.0,-18.691938047727948,-18.670162332526377,0.22429412137614393,-18.682824046719073
7,0,variance,subsample,90.0,-18.69291106147191,-18.67584958812186,0.43406365343983266,-18.683280389127944
7,0,variance,subsample,91.0,-18.69291106147191,-18.670162332526377,0.4650807707659484,-18.68400722881973
7,0,variance,subsample,92.0,-18.69111891957593,-18.676076827164728,0.3045234195247332,-18.68291152625141
7,0,variance,subsample,93.0,-18.69291106147191,-18.670162332526377,0.33626244655909543,-18.683060741995153
7,0,variance,subsample,94.0,-18.69291106147191,-18.677285261346068,0.2917875148676114,-18.683437836194067
7,0,variance,subsample,95.0,-18.69291106147191,-18.676076827164728,0.3843465575223114,-18.683954091541427
7,0,variance,subsample,96.0,-18.691938047727948,-18.670162332526377,0.20218535807688093,-18.683015277694885
7,0,variance,subsample,97.0,-18.69291106147191,-18.670162332526377,0.21013271183140098,-18.682772579874776
7,0,variance,subsample,98.0,-18.69291106147191,-18.67704902295302,0.3524673390051345,-18.683694250981304
7,0,variance,subsample,99.0,-18.691552241855135,-18.67584958812186,0.10409036198942198,-18.683036056850057
7,0,inverse_num_params,global,,-18.69291106147191,-18.670162332526377,0.4066841338077223,-18.683230728018824
7,0,inverse_num_params,subsample,0.0,-18.69291106147191,-18.676076827164728,0.47577999294992906,-18.682830147891195
7,0,inverse_num_params,subsample,1.0,-18.691938047727948,-18.670162332526377,0.15529949782618166,-18.682928850253006
7,0,inverse_num_params,subsample,2.0,-18.691938047727948,-18.67584958812186,0.4760838383058499,-18.682896582904064
7,0,inverse_num_params,subsample,3.0,-18.69171023026751,-18.67584958812186,0.32607720279722113,-18.68280308521955
7,0,inverse_num_params,subsample,4.0,-18.69291106147191,-18.670162332526377,0.2434100839390713,-18.68289354492938
7,0,inverse_num_params,subsample,5.0,-18.691938047727948,-18.676220231632485,0.3243509266921994,-18.68357212742754
7,0,inverse_num_params,subsample,6.0,-18.69171023026751,-18.67584958812186,0.3575600389375257,-18.68253746056542
7,0,inverse_num_params,subsample,7.0,-18.69291106147191,-18.670162332526377,0.3619006128259482,-18.682910486907343
7,0,inverse_num_params,subsample,8.0,-18.691938047727948,-18.670162332526377,0.6462024249009053,-18.683519706400414
7,0,inverse_num_params,subsample,9.0,-18.691938047727948,-18.670162332526377,0.08486882126395545,-18.68285682624035
7,0,inverse_num_params,subsample,10.0,-18.69291106147191,-18.677410705086153,0.45582375031485933,-18.684207742209455
7,0,inverse_num_params,subsample,11.0,-18.690587325033587,-18.670162332526377,-0.0687987845699802,-18.681694133340084
7,0,inverse_num_params,subsample,12.0,-18.691938047727948,-18.670162332526377,0.4244730520223521,-18.68329365429104
7,0,inverse_num_params,subsample,13.0,-18.691938047727948,-18.676076827164728,0.6495248588450253,-18.683714054266353
7,0,inverse_num_params,subsample,14.0,-18.69291106147191,-18.670162332526377,0.6920933386979373,-18.683773762882307
7,0,inverse_num_params,subsample,15.0,-18.69291106147191,-18.670162332526377,0.8164521167125317,-18.684005898010096
7,0,inverse_num_params,subsample,16.0,-18.69291106147191,-18.670162332526377,0.6264445938532089,-18.683116916782456
7,0,inverse_num_params,subsample,17.0,-18.69291106147191,-18.670162332526377,0.6716520983187949,-18.683698421785166
7,0,inverse_num_params,subsample,18.0,-18.691938047727948,-18.670162332526377,-0.03030922654815046,-18.682180264977305
7,0,inverse_num_params,subsample,19.0,-18.69291106147191,-18.67704902295302,0.47038772075403723,-18.68352984047159
7,0,inverse_num_params,subsample,20.0,-18.69291106147191,-18.670162332526377,0.6200432975744703,-18.68360235792694
7,0,inverse_num_params,subsample,21.0,-18.69291106147191,-18.676076827164728,0.7112250252912837,-18.683740197243367
7,0,inverse_num_params,subsample,22.0,-18.69291106147191,-18.676076827164728,0.8323310608777897,-18.684715038793662
7,0,inverse_num_params,subsample,23.0,-18.69171023026751,-18.670162332526377,0.1788064626584327,-18.682402351351254
7,0,inverse_num_params,subsample,24.0,-18.691938047727948,-18.676220231632485,0.3866154280618438,-18.683225836576955
7,0,inverse_num_params,subsample,25.0,-18.691938047727948,-18.670162332526377,-0.04089159738124501,-18.681980964436015
7,0,inverse_num_params,subsample,26.0,-18.69291106147191,-18.67584958812186,0.4585201985950348,-18.683232871392065
7,0,inverse_num_params,subsample,27.0,-18.691938047727948,-18.67584958812186,0.8750043690460749,-18.684371057000455
7,0,inverse_num_params,subsample,28.0,-18.691938047727948,-18.670162332526377,-0.13159031062350995,-18.6820071632703
7,0,inverse_num_params,subsample,29.0,-18.69171023026751,-18.670162332526377,0.09135300856496892,-18.6828298352699
7,0,inverse_num_params,subsample,30.0,-18.69291106147191,-18.670162332526377,1.036705811371428,-18.684243530626933
7,0,inverse_num_params,subsample,31.0,-18.69291106147191,-18.670162332526377,0.3163218181620045,-18.68285312472061
7,0,inverse_num_params,subsample,32.0,-18.691938047727948,-18.670162332526377,0.14650120717411694,-18.682478391795417
7,0,inverse_num_params,subsample,33.0,-18.69291106147191,-18.67584958812186,1.1454000170735124,-18.68482450306107
7,0,inverse_num_params,subsample,34.0,-18.69291106147191,-18.676076827164728,0.2447279538985812,-18.6829488393098
7,0,inverse_num_params,subsample,35.0,-18.691552241855135,-18.67584958812186,-0.03677754450505453,-18.68221408948902
7,0,inverse_num_params,subsample,36.0,-18.691206964992247,-18.67584958812186,0.028343758737596945,-18.683429046174897
7,0,inverse_num_params,subsample,37.0,-18.69291106147191,-18.670162332526377,0.7938616009057906,-18.68399096129375
7,0,inverse_num_params,subsample,38.0,-18.691552241855135,-18.670162332526377,0.46731407225413174,-18.682785226349957
7,0,inverse_num_params,subsample,39.0,-18.69291106147191,-18.676076827164728,0.7358556973878585,-18.683471491399242
7,0,inverse_num_params,subsample,40.0,-18.69291106147191,-18.670162332526377,0.6608742940404353,-18.683691686025462
7,0,inverse_num_params,subsample,41.0,-18.69291106147191,-18.670162332526377,0.5423571175343234,-18.683913879536657
7,0,inverse_num_params,subsample,42.0,-18.69291106147191,-18.67584958812186,0.7233432861681137,-18.68375866866328
7,0,inverse_num_params,subsample,43.0,-18.69291106147191,-18.670162332526377,0.5049388455065191,-18.68363455651331
7,0,inverse_num_params,subsample,44.0,-18.69291106147191,-18.676076827164728,0.8059587858810497,-18.684144506267863
7,0,inverse_num_params,subsample,45.0,-18.691938047727948,-18.670162332526377,0.629249929916552,-18.683582154152568
7,0,inverse_num_params,subsample,46.0,-18.69291106147191,-18.670162332526377,0.5238479751349169,-18.68251906546046
7,0,inverse_num_params,subsample,47.0,-18.69291106147191,-18.670162332526377,0.4490774470810336,-18.683713838466478
7,0,inverse_num_params,subsample,48.0,-18.69291106147191,-18.670162332526377,0.3155447752257339,-18.68290170758527
7,0,inverse_num_params,subsample,49.0,-18.69171023026751,-18.67584958812186,0.020828482943891394,-18.682484998820804
7,0,inverse_num_params,subsample,50.0,-18.69291106147191,-18.670162332526377,0.5637121753360076,-18.68385056581269
7,0,inverse_num_params,subsample,51.0,-18.69171023026751,-18.676076827164728,0.5350626237856418,-18.683287204662786
7,0,inverse_num_params,subsample,52.0,-18.691938047727948,-18.670162332526377,0.1763937855777617,-18.68254220048822
7,0,inverse_num_params,subsample,53.0,-18.69291106147191,-18.676220231632485,0.3477884756234968,-18.683371136133495
7,0,inverse_num_params,subsample,54.0,-18.69291106147191,-18.67584958812186,0.511914872990824,-18.683753490765703
7,0,inverse_num_params,subsample,55.0,-18.69171023026751,-18.676076827164728,0.7380076591301972,-18.684245378314042
7,0,inverse_num_params,subsample,56.0,-18.69291106147191,-18.67584958812186,0.5822378839215577,-18.683650013946476
7,0,inverse_num_params,subsample,57.0,-18.69291106147191,-18.67584958812186,0.31372607420475107,-18.683203360440213
7,0,inverse_num_params,subsample,58.0,-18.69291106147191,-18.670162332526377,0.7901738428256133,-18.68407520848532
7,0,inverse_num_params,subsample,59.0,-18.691938047727948,-18.670162332526377,0.5693929883676548,-18.68373585678213
7,0,inverse_num_params,subsample,60.0,-18.691938047727948,-18.677285261346068,0.5513564477633498,-18.684074005125392
7,0,inverse_num_params,subsample,61.0,-18.691552241855135,-18.676076827164728,0.5817376219847405,-18.683666147911023
7,0,inverse_num_params,subsample,62.0,-18.69171023026751,-18.670162332526377,0.2956734797667591,-18.682718204470966
7,0,inverse_num_params,subsample,63.0,-18.69291106147191,-18.676076827164728,0.5672774667491023,-18.68359630243411
7,0,inverse_num_params,subsample,64.0,-18.69171023026751,-18.67584958812186,0.19751653010733974,-18.683180793866658
7,0,inverse_num_params,subsample,65.0,-18.69291106147191,-18.67584958812186,0.8873654755463272,-18.684527808178192
7,0,inverse_num_params,subsample,66.0,-18.691206964992247,-18.676076827164728,0.4440998733929453,-18.68312630373256
7,0,inverse_num_params,subsample,67.0,-18.69171023026751,-18.67584958812186,0.859853208148403,-18.683666361502876
7,0,inverse_num_params,subsample,68.0,-18.691938047727948,-18.676076827164728,0.5764032278016394,-18.683730351060422
7,0,inverse_num_params,subsample,69.0,-18.69291106147191,-18.67584958812186,0.7627503312558934,-18.684146490166384
7,0,inverse_num_params,subsample,70.0,-18.691206964992247,-18.670162332526377,0.0077498550361733585,-18.682789583856852
7,0,inverse_num_params,subsample,71.0,-18.69291106147191,-18.67584958812186,1.315243847882851,-18.684996036147233
7,0,inverse_num_params,subsample,72.0,-18.69291106147191,-18.670162332526377,0.507077090004149,-18.683032630852146
7,0,inverse_num_params,subsample,73.0,-18.691206964992247,-18.670162332526377,0.11553736303264421,-18.682488748123983
7,0,inverse_num_params,subsample,74.0,-18.69291106147191,-18.670162332526377,-0.05214622639229384,-18.682492376072574
7,0,inverse_num_params,subsample,75.0,-18.69291106147191,-18.676076827164728,0.8590511723175477,-18.684457767876356
7,0,inverse_num_params,subsample,76.0,-18.69291106147191,-18.676220231632485,0.806320240412321,-18.68481012117487
7,0,inverse_num_params,subsample,77.0,-18.69171023026751,-18.676076827164728,0.17561620674369052,-18.683192248265392
7,0,inverse_num_params,subsample,78.0,-18.69291106147191,-18.67584958812186,0.4851887458672355,-18.683667272733953
7,0,inverse_num_params,subsample,79.0,-18.691938047727948,-18.670162332526377,0.8097233808036226,-18.683911297594996
7,0,inverse_num_params,subsample,80.0,-18.691938047727948,-18.676220231632485,0.1735148364164507,-18.682851322096244
7,0,inverse_num_params,subsample,81.0,-18.69291106147191,-18.67704902295302,0.2110518201812479,-18.68334094516761
7,0,inverse_num_params,subsample,82.0,-18.69291106147191,-18.67584958812186,0.40723017123218197,-18.683592056329115
7,0,inverse_num_params,subsample,83.0,-18.69171023026751,-18.67584958812186,0.5239463086847949,-18.683291360030115
7,0,inverse_num_params,subsample,84.0,-18.691552241855135,-18.676076827164728,0.3633200835093879,-18.68300643109181
7,0,inverse_num_params,subsample,85.0,-18.69171023026751,-18.67723534710751,0.8058087688167045,-18.68428357664663
7,0,inverse_num_params,subsample,86.0,-18.69171023026751,-18.676076827164728,0.3038910519387535,-18.68337116302651
7,0,inverse_num_params,subsample,87.0,-18.69291106147191,-18.670162332526377,-0.3729324842783787,-18.681553736186558
7,0,inverse_num_params,subsample,88.0,-18.69291106147191,-18.670162332526377,0.15740679288606066,-18.682569112775965
7,0,inverse_num_params,subsample,89.0,-18.691938047727948,-18.676076827164728,1.035160590462699,-18.684634267564647
7,0,inverse_num_params,subsample,90.0,-18.691938047727948,-18.67584958812186,0.5362710412192228,-18.68344623275621
7,0,inverse_num_params,subsample,91.0,-18.69291106147191,-18.67584958812186,0.861841442208878,-18.684115853654205
7,0,inverse_num_params,subsample,92.0,-18.691938047727948,-18.67584958812186,0.5462992312838763,-18.68374797518702
7,0,inverse_num_params,subsample,93.0,-18.691938047727948,-18.676076827164728,0.5207567554241612,-18.68343719597136
7,0,inverse_num_params,subsample,94.0,-18.69291106147191,-18.670162332526377,0.6505340426790871,-18.684236369426472
7,0,inverse_num_params,subsample,95.0,-18.69291106147191,-18.670162332526377,0.30243239691017104,-18.682514920777997
7,0,inverse_num_params,subsample,96.0,-18.691938047727948,-18.670162332526377,0.20678109852942603,-18.683092849611132
7,0,inverse_num_params,subsample,97.0,-18.691552241855135,-18.67584958812186,0.2136441283864889,-18.68269986692257
7,0,inverse_num_params,subsample,98.0,-18.691938047727948,-18.670162332526377,0.3691933502460731,-18.683553871187623
7,0,inverse_num_params,subsample,99.0,-18.69171023026751,-18.670162332526377,0.06973952857269775,-18.682458310482854
8,0,variance,global,,-16.878686566537915,-16.851827866843806,0.12483085894033534,-16.865473884731262
8,0,variance,subsample,0.0,-16.878686566537915,-16.851827866843806,0.07766483131984336,-16.86505323516108
8,0,variance,subsample,1.0,-16.878686566537915,-16.859297011315533,0.2646675513673998,-16.866102827940164
8,0,variance,subsample,2.0,-16.874330754947092,-16.851827866843806,-0.14375395184240064,-16.864992898743523
8,0,variance,subsample,3.0,-16.870813095514364,-16.859297011315533,0.2242620339033118,-16.86552389859437
8,0,variance,subsample,4.0,-16.878686566537915,-16.851827866843806,0.047752762905843356,-16.864950579976178
8,0,variance,subsample,5.0,-16.878686566537915,-16.851827866843806,0.1330836562124659,-16.86546865097326
8,0,variance,subsample,6.0,-16.874330754947092,-16.851827866843806,0.17047716465534454,-16.865306490969793
8,0,variance,subsample,7.0,-16.87474339124152,-16.851827866843806,0.30728048715262696,-16.865288571670796
8,0,variance,subsample,8.0,-16.878686566537915,-16.857534279352766,0.17080302196430433,-16.865641881202137
8,0,variance,subsample,9.0,-16.87474339124152,-16.859297011315533,0.37778676841447384,-16.866036292459015
8,0,variance,subsample,10.0,-16.870813095514364,-16.857534279352766,0.3543220666423222,-16.86565457490826
8,0,variance,subsample,11.0,-16.878686566537915,-16.859297011315533,0.21738768778617587,-16.86588693812871
8,0,variance,subsample,12.0,-16.870813095514364,-16.857534279352766,0.06181055787499864,-16.865019529006386
8,0,variance,subsample,13.0,-16.870813095514364,-16.859121949871188,0.18993946404374018,-16.865810392147328
8,0,variance,subsample,14.0,-16.870813095514364,-16.851827866843806,0.1055116299922805,-16.864758613127957
8,0,variance,subsample,15.0,-16.874330754947092,-16.851827866843806,0.02438343041605565,-16.86511492184249
8,0,variance,subsample,16.0,-16.870071756607427,-16.851827866843806,0.04762604412232836,-16.864926923868037
8,0,variance,subsample,17.0,-16.878686566537915,-16.851827866843806,-0.014901262855744352,-16.865201525631797
8,0,variance,subsample,18.0,-16.87474339124152,-16.851827866843806,0.12550597336634722,-16.86544815251076
8,0,variance,subsample,19.0,-16.878686566537915,-16.857534279352766,-0.016878581365193133,-16.86580478516604
8,0,variance,subsample,20.0,-16.87474339124152,-16.859914777595385,0.14089919975226056,-16.86567406158899
8,0,variance,subsample,21.0,-16.878686566537915,-16.859121949871188,0.3371723485760058,-16.866082041195654
8,0,variance,subsample,22.0,-16.87474339124152,-16.857534279352766,-0.0014976133406215631,-16.865681399336665
8,0,variance,subsample,23.0,-16.87474339124152,-16.859121949871188,0.14689776272877778,-16.8656209370051
8,0,variance,subsample,24.0,-16.878686566537915,-16.859121949871188,0.28284219420473133,-16.86609644299601
8,0,variance,subsample,25.0,-16.870813095514364,-16.857534279352766,0.1456074856372656,-16.865324625670166
8,0,variance,subsample,26.0,-16.870813095514364,-16.851827866843806,0.07326377638288824,-16.864984167486725
8,0,variance,subsample,27.0,-16.878686566537915,-16.857534279352766,0.1606569922969872,-16.865954549666895
8,0,variance,subsample,28.0,-16.878686566537915,-16.859914777595385,-0.11491355051063913,-16.86551304763004
8,0,variance,subsample,29.0,-16.878686566537915,-16.851827866843806,-0.036826519363214176,-16.865053553857305
8,0,variance,subsample,30.0,-16.878686566537915,-16.857534279352766,0.32493337917514564,-16.86604553271114
8,0,variance,subsample,31.0,-16.87474339124152,-16.851827866843806,0.21214638156908167,-16.86509512491833
8,0,variance,subsample,32.0,-16.868988807719397,-16.851827866843806,0.06410769739716307,-16.86467416358302
8,0,variance,subsample,33.0,-16.874330754947092,-16.851827866843806,-0.08263205386517514,-16.86464647967543
8,0,variance,subsample,34.0,-16.870813095514364,-16.851827866843806,0.19155080488364212,-16.865332617643556
8,0,variance,subsample,35.0,-16.87474339124152,-16.859914777595385,0.060848450451584706,-16.865751786821786
8,0,variance,subsample,36.0,-16.874330754947092,-16.851827866843806,0.09906079999331338,-16.86494753234559
8,0,variance,subsample,37.0,-16.870813095514364,-16.851827866843806,0.08371235485029492,-16.86517243234914
8,0,variance,subsample,38.0,-16.878686566537915,-16.859914777595385,0.18256767407026137,-16.86596084873927
8,0,variance,subsample,39.0,-16.87474339124152,-16.851827866843806,0.12396675098003164,-16.865193929965006
8,0,variance,subsample,40.0,-16.87474339124152,-16.851827866843806,0.08331392786042145,-16.865438296976595
8,0,variance,subsample,41.0,-16.878686566537915,-16.851827866843806,0.0011880999903368815,-16.865528564340085
8,0,variance,subsample,42.0,-16.878686566537915,-16.857534279352766,0.1577117723743439,-16.865372456353693
8,0,variance,subsample,43.0,-16.878686566537915,-16.851827866843806,0.2941957353155851,-16.865406426131575
8,0,variance,subsample,44.0,-16.870813095514364,-16.857534279352766,0.1509671629518595,-16.865308687551778
8,0,variance,subsample,45.0,-16.874330754947092,-16.857534279352766,0.07483101599745835,-16.86533336441472
8,0,variance,subsample,46.0,-16.878686566537915,-16.859121949871188,0.1686517173592063,-16.866009645157007
8,0,variance,subsample,47.0,-16.878686566537915,-16.857534279352766,0.1492116820808569,-16.865905474320687
8,0,variance,subsample,48.0,-16.874330754947092,-16.857534279352766,-0.08406914109394593,-16.864977959413505
8,0,variance,subsample,49.0,-16.87474339124152,-16.859121949871188,0.18539715666233875,-16.865691201017732
8,0,variance,subsample,50.0,-16.878686566537915,-16.859121949871188,0.09788363487950857,-16.865906183920423
8,0,variance,subsample,51.0,-16.878686566537915,-16.859121949871188,0.11821710683021594,-16.86558967256489
8,0,variance,subsample,52.0,-16.878686566537915,-16.859121949871188,0.22213317865199175,-16.865963709183045
8,0,variance,subsample,53.0,-16.878686566537915,-16.859121949871188,0.2529944877637161,-16.866260715015642
8,0,variance,subsample,54.0,-16.878686566537915,-16.851827866843806,0.10572622806930093,-16.865597840509267
8,0,variance,subsample,55.0,-16.874330754947092,-16.859121949871188,0.14220164787904327,-16.865533507990996
8,0,variance,subsample,56.0,-16.87474339124152,-16.857534279352766,0.02021438066661439,-16.865173117260454
8,0,variance,subsample,57.0,-16.87474339124152,-16.857534279352766,0.004578237990378769,-16.86546260491679
8,0,variance,subsample,58.0,-16.878686566537915,-16.857534279352766,0.3478479620558845,-16.865953262810674
8,0,variance,subsample,59.0,-16.878686566537915,-16.857534279352766,0.24205043568758822,-16.866188306308736
8,0,variance,subsample,60.0,-16.874330754947092,-16.857534279352766,0.09122005392019122,-16.865240591272297
8,0,variance,subsample,61.0,-16.878686566537915,-16.851827866843806,0.37914372481509223,-16.865577329795695
8,0,variance,subsample,62.0,-16.878686566537915,-16.851827866843806,0.04172110529558042,-16.86545261986815
8,0,variance,subsample,63.0,-16.868881933538404,-16.851827866843806,0.1342659387772611,-16.865099235614156
8,0,variance,subsample,64.0,-16.874330754947092,-16.851827866843806,0.020990690376330445,-16.865004071689754
8,0,variance,subsample,65.0,-16.868286256561323,-16.859505865240976,0.14509548151091786,-16.865256655906826
8,0,variance,subsample,66.0,-16.878686566537915,-16.851827866843806,0.2062681165531212,-16.865296477830572
8,0,variance,subsample,67.0,-16.878686566537915,-16.851827866843806,0.3176740061248655,-16.8659438866666
8,0,variance,subsample,68.0,-16.878686566537915,-16.859914777595385,0.19826836679426157,-16.86602789170383
8,0,variance,subsample,69.0,-16.874330754947092,-16.851827866843806,-0.097982206080388,-16.86467773831779
8,0,variance,subsample,70.0,-16.878686566537915,-16.857534279352766,0.24988560813363095,-16.8659339286062
8,0,variance,subsample,71.0,-16.878686566537915,-16.851827866843806,0.03384842094729432,-16.86511415353017
8,0,variance,subsample,72.0,-16.874330754947092,-16.851827866843806,-0.07096884026940957,-16.86504380394064
8,0,variance,subsample,73.0,-16.874330754947092,-16.857534279352766,0.04152125623957135,-16.86534580944511
8,0,variance,subsample,74.0,-16.87474339124152,-16.851827866843806,-0.06116957565910761,-16.865109066500025
8,0,variance,subsample,75.0,-16.87474339124152,-16.857534279352766,0.22376703849966093,-16.865506516795516
8,0,variance,subsample,76.0,-16.874330754947092,-16.851827866843806,0.005704661896182276,-16.8646096781035
8,0,variance,subsample,77.0,-16.878686566537915,-16.851827866843806,0.027052941020728305,-16.86527388643888
8,0,variance,subsample,78.0,-16.878686566537915,-16.859121949871188,0.33843358242047256,-16.86607844276396
8,0,variance,subsample,79.0,-16.87474339124152,-16.851827866843806,0.022364991380948794,-16.864959842432274
8,0,variance,subsample,80.0,-16.878686566537915,-16.859297011315533,0.24927236185123233,-16.866174615654085
8,0,variance,subsample,81.0,-16.87474339124152,-16.851827866843806,-0.02584981079776579,-16.864812440101858
8,0,variance,subsample,82.0,-16.878686566537915,-16.86000184487724,0.07108411308250875,-16.865813470354425
8,0,variance,subsample,83.0,-16.878686566537915,-16.859121949871188,0.0912943530903489,-16.86563849950886
8,0,variance,subsample,84.0,-16.878686566537915,-16.859297011315533,0.2374161115763175,-16.865638464360178
8,0,variance,subsample,85.0,-16.878686566537915,-16.851827866843806,0.13799851299089466,-16.86554835685238
8,0,variance,subsample,86.0,-16.87474339124152,-16.851827866843806,0.10110411383160796,-16.8651104729216
8,0,variance,subsample,87.0,-16.874330754947092,-16.859121949871188,0.03297668596597889,-16.865159748740343
8,0,variance,subsample,88.0,-16.870071756607427,-16.859121949871188,0.1069383321412281,-16.86519742623761
8,0,variance,subsample,89.0,-16.874330754947092,-16.859297011315533,-0.04406147965525638,-16.865366724893338
8,0,variance,subsample,90.0,-16.878686566537915,-16.859505865240976,0.1779452107940079,-16.865862487624856
8,0,variance,subsample,91.0,-16.87474339124152,-16.851827866843806,0.1920377583965628,-16.86550085167968
8,0,variance,subsample,92.0,-16.878686566537915,-16.857534279352766,0.15210440508481368,-16.866105968804796
8,0,variance,subsample,93.0,-16.878686566537915,-16.859121949871188,0.21715114251593406,-16.865947157510018
8,0,variance,subsample,94.0,-16.87474339124152,-16.857534279352766,0.3363995455876606,-16.86573678402024
8,0,variance,subsample,95.0,-16.874330754947092,-16.857534279352766,0.16164788468359106,-16.865230611692684
8,0,variance,subsample,96.0,-16.878686566537915,-16.857534279352766,0.315851274001529,-16.86614240742544
8,0,variance,subsample,97.0,-16.878686566537915,-16.857534279352766,0.4129730466169131,-16.86591598495085
8,0,variance,subsample,98.0,-16.870813095514364,-16.859121949871188,0.13608557427053564,-16.86540708816803
8,0,variance,subsample,99.0,-16.878686566537915,-16.851827866843806,0.2960111324037302,-16.865675055193407
8,0,inverse_num_params,global,,-16.878686566537915,-16.851827866843806,0.00016493628529404546,-16.865185940998007
8,0,inverse_num_params,subsample,0.0,-16.878686566537915,-16.851827866843806,-0.157407443199257,-16.864654609626964
8,0,inverse_num_params,subsample,1.0,-16.878686566537915,-16.851827866843806,0.2817883627443439,-16.865744012980425
8,0,inverse_num_params,subsample,2.0,-16.868303674060318,-16.857534279352766,-0.1796693851244048,-16.86462921446663
8,0,inverse_num_params,subsample,3.0,-16.868881933538404,-16.857534279352766,-0.2204289375077265,-16.864358696782354
8,0,inverse_num_params,subsample,4.0,-16.878686566537915,-16.851827866843806,0.24554045796741364,-16.865821567650727
8,0,inverse_num_params,subsample,5.0,-16.87474339124152,-16.851827866843806,0.5464809375779792,-16.866154512872157
8,0,inverse_num_params,subsample,6.0,-16.878686566537915,-16.857534279352766,-0.14378359162827528,-16.865318087692007
8,0,inverse_num_params,subsample,7.0,-16.87474339124152,-16.851827866843806,0.011814604373419371,-16.86483912976208
8,0,inverse_num_params,subsample,8.0,-16.870071756607427,-16.857534279352766,-0.04126250278629751,-16.864763537918115
8,0,inverse_num_params,subsample,9.0,-16.874330754947092,-16.857534279352766,0.16833922402522578,-16.865898339265634
8,0,inverse_num_params,subsample,10.0,-16.878686566537915,-16.851827866843806,-0.24258932372340675,-16.86470737246295
8,0,inverse_num_params,subsample,11.0,-16.87474339124152,-16.857534279352766,0.6198183850639876,-16.866091371196404
8,0,inverse_num_params,subsample,12.0,-16.87474339124152,-16.859505865240976,0.30386355366292545,-16.865996901214704
8,0,inverse_num_params,subsample,13.0,-16.87474339124152,-16.851827866843806,0.31264426256998784,-16.86577020038814
8,0,inverse_num_params,subsample,14.0,-16.87474339124152,-16.859297011315533,0.5574409619024768,-16.866469591670132
8,0,inverse_num_params,subsample,15.0,-16.87474339124152,-16.851827866843806,0.4387440893888232,-16.865941672711042
8,0,inverse_num_params,subsample,16.0,-16.878686566537915,-16.859297011315533,0.23449363619660923,-16.866198018900093
8,0,inverse_num_params,subsample,17.0,-16.878686566537915,-16.857534279352766,0.14992747821910696,-16.865450871310344
8,0,inverse_num_params,subsample,18.0,-16.87474339124152,-16.857534279352766,0.28001367914627673,-16.865677356501266
8,0,inverse_num_params,subsample,19.0,-16.87474339124152,-16.851827866843806,0.19303900760918385,-16.865714901358395
8,0,inverse_num_params,subsample,20.0,-16.874330754947092,-16.851827866843806,0.08782382255717733,-16.865221875699927
8,0,inverse_num_params,subsample,21.0,-16.87474339124152,-16.851827866843806,0.4391821795166292,-16.865823035992406
8,0,inverse_num_params,subsample,22.0,-16.878686566537915,-16.851827866843806,-0.47050820186170134,-16.863795136993538
8,0,inverse_num_params,subsample,23.0,-16.878686566537915,-16.851827866843806,-0.260593398518958,-16.864859303551487
8,0,inverse_num_params,subsample,24.0,-16.87474339124152,-16.859121949871188,0.11984173552498881,-16.86564483911426
8,0,inverse_num_params,subsample,25.0,-16.878686566537915,-16.851827866843806,-0.075789580948734,-16.865378825516167
8,0,inverse_num_params,subsample,26.0,-16.878686566537915,-16.859297011315533,-0.42868631121603784,-16.864911169998287
8,0,inverse_num_params,subsample,27.0,-16.87474339124152,-16.859121949871188,-0.028377353805045767,-16.8653888290404
8,0,inverse_num_params,subsample,28.0,-16.87474339124152,-16.851827866843806,-0.3236119797668818,-16.864529671135895
8,0,inverse_num_params,subsample,29.0,-16.874330754947092,-16.851827866843806,-0.07487006452023467,-16.864725470955733
8,0,inverse_num_params,subsample,30.0,-16.878686566537915,-16.859121949871188,-0.37807419878246923,-16.864723104798575
8,0,inverse_num_params,subsample,31.0,-16.87474339124152,-16.851827866843806,-0.055389699863541975,-16.86434214125165
8,0,inverse_num_params,subsample,32.0,-16.87474339124152,-16.859121949871188,-0.14207812827039631,-16.86485281156479
8,0,inverse_num_params,subsample,33.0,-16.87474339124152,-16.857534279352766,0.9127092823227837,-16.86661042022051
8,0,inverse_num_params,subsample,34.0,-16.878686566537915,-16.851827866843806,-0.24796442264566265,-16.864940648535587
8,0,inverse_num_params,subsample,35.0,-16.87474339124152,-16.857534279352766,0.26913319899542615,-16.865649965674276
8,0,inverse_num_params,subsample,36.0,-16.878686566537915,-16.851827866843806,-0.08621713910286478,-16.865097544719056
8,0,inverse_num_params,subsample,37.0,-16.87474339124152,-16.859297011315533,0.24738038862495032,-16.86605468450343
8,0,inverse_num_params,subsample,38.0,-16.868988807719397,-16.851827866843806,-0.2978209994029425,-16.863819215121577
8,0,inverse_num_params,subsample,39.0,-16.878686566537915,-16.857534279352766,0.46126153754938043,-16.866239835485906
8,0,inverse_num_params,subsample,40.0,-16.878686566537915,-16.851827866843806,-0.2877710250405403,-16.864809114485734
8,0,inverse_num_params,subsample,41.0,-16.87474339124152,-16.851827866843806,-0.16580034047561754,-16.864784359489768
8,0,inverse_num_params,subsample,42.0,-16.87474339124152,-16.857534279352766,0.7111161982733586,-16.866637820459356
8,0,inverse_num_params,subsample,43.0,-16.878686566537915,-16.859297011315533,-0.2094092043701832,-16.864626123161813
8,0,inverse_num_params,subsample,44.0,-16.878686566537915,-16.851827866843806,0.016212572654626684,-16.865103531163985
8,0,inverse_num_params,subsample,45.0,-16.878686566537915,-16.851827866843806,-0.1878256671640261,-16.86480685592567
8,0,inverse_num_params,subsample,46.0,-16.87474339124152,-16.851827866843806,0.12720810331583868,-16.864863845123796
8,0,inverse_num_params,subsample,47.0,-16.870813095514364,-16.851827866843806,-0.054096586159087905,-16.86518108889788
8,0,inverse_num_params,subsample,48.0,-16.870813095514364,-16.851827866843806,0.14816756909287795,-16.8648362898779
8,0,inverse_num_params,subsample,49.0,-16.874330754947092,-16.851827866843806,0.11002832354244078,-16.864767914209132
8,0,inverse_num_params,subsample,50.0,-16.878686566537915,-16.851827866843806,-0.03664082571877773,-16.86487143164544
8,0,inverse_num_params,subsample,51.0,-16.878686566537915,-16.851827866843806,-0.08398323477906505,-16.864996468818706
8,0,inverse_num_params,subsample,52.0,-16.878686566537915,-16.859297011315533,0.04755948359001344,-16.86551854274568
8,0,inverse_num_params,subsample,53.0,-16.87474339124152,-16.851827866843806,0.3229787368214735,-16.865495018429883
8,0,inverse_num_params,subsample,54.0,-16.87474339124152,-16.851827866843806,0.4269970914233039,-16.865772192465233
8,0,inverse_num_params,subsample,55.0,-16.878686566537915,-16.859121949871188,-0.013364095587417848,-16.865435117948444
8,0,inverse_num_params,subsample,56.0,-16.874330754947092,-16.851827866843806,0.19343442620417195,-16.865131936301967
8,0,inverse_num_params,subsample,57.0,-16.878686566537915,-16.851827866843806,0.1243594773237295,-16.865554038027007
8,0,inverse_num_params,subsample,58.0,-16.87474339124152,-16.859121949871188,0.5046624241812432,-16.86619295075853
8,0,inverse_num_params,subsample,59.0,-16.878686566537915,-16.851827866843806,-0.028011995359271413,-16.864853213779394
8,0,inverse_num_params,subsample,60.0,-16.878686566537915,-16.851827866843806,0.05990192857619449,-16.86532100381063
8,0,inverse_num_params,subsample,61.0,-16.870071756607427,-16.859121949871188,-0.15329147507035143,-16.86504290907861
8,0,inverse_num_params,subsample,62.0,-16.874330754947092,-16.851827866843806,0.15255415804909167,-16.864944824518453
8,0,inverse_num_params,subsample,63.0,-16.87474339124152,-16.851827866843806,0.3290301698924272,-16.865663541179835
8,0,inverse_num_params,subsample,64.0,-16.87474339124152,-16.857534279352766,0.6601736446860397,-16.866246280074556
8,0,inverse_num_params,subsample,65.0,-16.874330754947092,-16.857534279352766,0.04669072620377563,-16.864970541962563
8,0,inverse_num_params,subsample,66.0,-16.87474339124152,-16.857534279352766,0.1941360360730328,-16.865141501915623
8,0,inverse_num_params,subsample,67.0,-16.87474339124152,-16.857534279352766,0.3528765616002787,-16.866301068893645
8,0,inverse_num_params,subsample,68.0,-16.878686566537915,-16.859121949871188,0.16188117808330696,-16.865789137552365
8,0,inverse_num_params,subsample,69.0,-16.878686566537915,-16.851827866843806,-0.3216993539089364,-16.86432435466426
8,0,inverse_num_params,subsample,70.0,-16.878686566537915,-16.851827866843806,0.12058636154582546,-16.865568125437488
8,0,inverse_num_params,subsample,71.0,-16.878686566537915,-16.851827866843806,-0.1073455858843132,-16.864656367739634
8,0,inverse_num_params,subsample,72.0,-16.87474339124152,-16.857534279352766,0.017406424487942888,-16.865657337091818
8,0,inverse_num_params,subsample,73.0,-16.878686566537915,-16.851827866843806,-0.02517985389905532,-16.865424608480932
8,0,inverse_num_params,subsample,74.0,-16.874330754947092,-16.851827866843806,0.44557697377897276,-16.865907961720655
8,0,inverse_num_params,subsample,75.0,-16.878686566537915,-16.86000184487724,0.24198248414322798,-16.866214833324573
8,0,inverse_num_params,subsample,76.0,-16.870813095514364,-16.857534279352766,-0.3755178117052703,-16.8641941958312
8,0,inverse_num_params,subsample,77.0,-16.874330754947092,-16.859121949871188,-0.08749140770543365,-16.864917050670122
8,0,inverse_num_params,subsample,78.0,-16.878686566537915,-16.857534279352766,-0.13938287965701873,-16.865358827708206
8,0,inverse_num_params,subsample,79.0,-16.878686566537915,-16.851827866843806,0.19817325446005643,-16.865699751522946
8,0,inverse_num_params,subsample,80.0,-16.878686566537915,-16.851827866843806,-0.06777569332261195,-16.86487185175815
8,0,inverse_num_params,subsample,81.0,-16.87474339124152,-16.851827866843806,0.2753791760813645,-16.86568686999402
8,0,inverse_num_params,subsample,82.0,-16.878686566537915,-16.851827866843806,0.13514577937984212,-16.865447526146074
8,0,inverse_num_params,subsample,83.0,-16.87474339124152,-16.857534279352766,-0.17396351397795945,-16.86494125977797
8,0,inverse_num_params,subsample,84.0,-16.878686566537915,-16.851827866843806,-0.34234428052213606,-16.864280671509302
8,0,inverse_num_params,subsample,85.0,-16.874330754947092,-16.859297011315533,0.027655880571689065,-16.864930931368963
8,0,inverse_num_params,subsample,86.0,-16.874330754947092,-16.851827866843806,-0.22727940803447041,-16.864481235706446
8,0,inverse_num_params,subsample,87.0,-16.87474339124152,-16.851827866843806,0.3468193973005359,-16.865368124733397
8,0,inverse_num_params,subsample,88.0,-16.878686566537915,-16.851827866843806,-0.32303893651415405,-16.86462720014199
8,0,inverse_num_params,subsample,89.0,-16.874330754947092,-16.860150958487385,0.27891606917401846,-16.866200429920244
8,0,inverse_num_params,subsample,90.0,-16.878686566537915,-16.857534279352766,-0.30705986363796506,-16.864757664132753
8,0,inverse_num_params,subsample,91.0,-16.868988807719397,-16.857534279352766,-0.028055092392954863,-16.864900736410256
8,0,inverse_num_params,subsample,92.0,-16.878686566537915,-16.859505865240976,-0.49284276917187597,-16.86470414269795
8,0,inverse_num_params,subsample,93.0,-16.878686566537915,-16.86000184487724,0.11304127720001655,-16.86566123009207
8,0,inverse_num_params,subsample,94.0,-16.878686566537915,-16.859121949871188,-0.47207410614752243,-16.864113412113053
8,0,inverse_num_params,subsample,95.0,-16.878686566537915,-16.857534279352766,-0.4373034101735968,-16.86453423312651
8,0,inverse_num_params,subsample,96.0,-16.878686566537915,-16.851827866843806,-0.3026506328571256,-16.864162443375818
8,0,inverse_num_params,subsample,97.0,-16.878686566537915,-16.851827866843806,-0.3310273192121035,-16.864619871381446
8,0,inverse_num_params,subsample,98.0,-16.878686566537915,-16.857534279352766,-0.1995431994312948,-16.864707174145092
8,0,inverse_num_params,subsample,99.0,-16.87474339124152,-16.851827866843806,0.24032915668852564,-16.86531968592041
9,0,variance,global,,-18.533362295934882,-18.50556670014756,0.12416872745576064,-18.519629177982317
9,0,variance,subsample,0.0,-18.528835103523658,-18.509577658646762,0.35457537725698,-18.519644513461333
9,0,variance,subsample,1.0,-18.527173360510186,-18.511068693552414,0.07801977057051127,-18.519441246605563
9,0,variance,subsample,2.0,-18.533362295934882,-18.510936813076185,0.1699016230650242,-18.519393132508004
9,0,variance,subsample,3.0,-18.52823906598724,-18.509577658646762,0.1907701364323777,-18.519985688913398
9,0,variance,subsample,4.0,-18.533362295934882,-18.50556670014756,0.07515817900074606,-18.51944765404743
9,0,variance,subsample,5.0,-18.533362295934882,-18.509577658646762,0.13173770652325364,-18.51969581430771
9,0,variance,subsample,6.0,-18.533362295934882,-18.50556670014756,0.13785023670952837,-18.519623039543056
9,0,variance,subsample,7.0,-18.527173360510186,-18.50556670014756,0.15458007056289474,-18.51928091412083
9,0,variance,subsample,8.0,-18.528835103523658,-18.50556670014756,0.19489772298818073,-18.519426332274783
9,0,variance,subsample,9.0,-18.52823906598724,-18.50556670014756,0.08832670737713406,-18.51911086609865
9,0,variance,subsample,10.0,-18.533362295934882,-18.509577658646762,0.17063433892400556,-18.519874184556624
9,0,variance,subsample,11.0,-18.528835103523658,-18.513196969269618,0.22715830112628588,-18.520662577870997
9,0,variance,subsample,12.0,-18.533362295934882,-18.509577658646762,0.10145945038469388,-18.519933722075347
9,0,variance,subsample,13.0,-18.533362295934882,-18.50556670014756,0.024317768176014807,-18.519521432267528
9,0,variance,subsample,14.0,-18.533362295934882,-18.50556670014756,0.015006359221309789,-18.519007937854333
9,0,variance,subsample,15.0,-18.528835103523658,-18.50556670014756,0.23626688776298907,-18.51934421262142
9,0,variance,subsample,16.0,-18.533362295934882,-18.510936813076185,0.08468985716916874,-18.519651604203492
9,0,variance,subsample,17.0,-18.533362295934882,-18.511068693552414,0.08696554649137997,-18.519861608054274
9,0,variance,subsample,18.0,-18.528835103523658,-18.509577658646762,0.19866907267769415,-18.519598121238417
9,0,variance,subsample,19.0,-18.528835103523658,-18.509577658646762,0.2524982032127339,-18.52010123412662
9,0,variance,subsample,20.0,-18.526471838819333,-18.509577658646762,0.3276845555999668,-18.520053269722258
9,0,variance,subsample,21.0,-18.52823906598724,-18.509577658646762,0.23082035609191298,-18.519813899819404
9,0,variance,subsample,22.0,-18.533362295934882,-18.510936813076185,0.126373618403576,-18.519723402837688
9,0,variance,subsample,23.0,-18.533362295934882,-18.510936813076185,0.01986609370109629,-18.51965142135412
9,0,variance,subsample,24.0,-18.533362295934882,-18.50556670014756,-0.034413597245130566,-18.519260487790127
9,0,variance,subsample,25.0,-18.528835103523658,-18.509577658646762,0.19549252774625575,-18.519977454907714
9,0,variance,subsample,26.0,-18.533362295934882,-18.50556670014756,0.06417719963398394,-18.51971018367959
9,0,variance,subsample,27.0,-18.533362295934882,-18.509577658646762,0.26167762852035586,-18.52032366438528
9,0,variance,subsample,28.0,-18.533362295934882,-18.50556670014756,-0.03075263775724827,-18.519119138521162
9,0,variance,subsample,29.0,-18.533362295934882,-18.510936813076185,0.057321699889922945,-18.51967495892194
9,0,variance,subsample,30.0,-18.533362295934882,-18.50556670014756,0.16088746330241258,-18.51977750771266
9,0,variance,subsample,31.0,-18.528835103523658,-18.50556670014756,0.010021158405850458,-18.51909645884284
9,0,variance,subsample,32.0,-18.527173360510186,-18.509577658646762,0.2504149069002884,-18.52026412875297
9,0,variance,subsample,33.0,-18.533362295934882,-18.509577658646762,0.16399495677228842,-18.51943809764277
9,0,variance,subsample,34.0,-18.533362295934882,-18.511068693552414,0.07568101817843144,-18.51939343176825
9,0,variance,subsample,35.0,-18.533362295934882,-18.509577658646762,0.2091205962226118,-18.520299881805187
9,0,variance,subsample,36.0,-18.533362295934882,-18.509577658646762,0.2370864113369658,-18.51997885278854
9,0,variance,subsample,37.0,-18.533362295934882,-18.511198655759156,-0.1144145832158056,-18.51955283949586
9,0,variance,subsample,38.0,-18.533362295934882,-18.50556670014756,-0.08478561789020457,-18.518314914041365
9,0,variance,subsample,39.0,-18.533362295934882,-18.50556670014756,0.13992423933039796,-18.519000598270054
9,0,variance,subsample,40.0,-18.527173360510186,-18.50556670014756,0.15039292597662507,-18.519507337495668
9,0,variance,subsample,41.0,-18.533362295934882,-18.50556670014756,0.06356590775087703,-18.518911165912943
9,0,variance,subsample,42.0,-18.533362295934882,-18.509577658646762,0.08012080261572427,-18.519860754867572
9,0,variance,subsample,43.0,-18.528835103523658,-18.50556670014756,0.28962402769671636,-18.519502375465436
9,0,variance,subsample,44.0,-18.52823906598724,-18.50556670014756,0.24857869363392426,-18.519752025033846
9,0,variance,subsample,45.0,-18.533362295934882,-18.50556670014756,-0.0020731255862641022,-18.51940777732638
9,0,variance,subsample,46.0,-18.533362295934882,-18.50556670014756,-0.0860129206240283,-18.518691106467855
9,0,variance,subsample,47.0,-18.533362295934882,-18.509577658646762,0.17565723246829992,-18.51967424807087
9,0,variance,subsample,48.0,-18.52823906598724,-18.50556670014756,-0.03388540636166599,-18.518648028885252
9,0,variance,subsample,49.0,-18.52823906598724,-18.50556670014756,0.07751402362627563,-18.519726817977887
9,0,variance,subsample,50.0,-18.533362295934882,-18.510936813076185,0.06969040462846153,-18.51949569438222
9,0,variance,subsample,51.0,-18.528835103523658,-18.50556670014756,0.23968328067850175,-18.51964710270506
9,0,variance,subsample,52.0,-18.533362295934882,-18.50556670014756,0.0719171886152894,-18.519203895520548
9,0,variance,subsample,53.0,-18.528835103523658,-18.50556670014756,0.27329835467746566,-18.51971117780854
9,0,variance,subsample,54.0,-18.52823906598724,-18.50556670014756,0.20919527920469302,-18.519874360105774
9,0,variance,subsample,55.0,-18.528835103523658,-18.50556670014756,-0.0035641625909370836,-18.519097987127093
9,0,variance,subsample,56.0,-18.528835103523658,-18.509577658646762,0.13757493717221678,-18.519635847064823
9,0,variance,subsample,57.0,-18.52823906598724,-18.50556670014756,0.00011977956157650601,-18.519138089481686
9,0,variance,subsample,58.0,-18.527173360510186,-18.50556670014756,0.14624507656013916,-18.51959596061731
9,0,variance,subsample,59.0,-18.52823906598724,-18.510936813076185,0.08081695863278414,-18.519887002516942
9,0,variance,subsample,60.0,-18.533362295934882,-18.50556670014756,0.129492098340153,-18.519514919057997
9,0,variance,subsample,61.0,-18.533362295934882,-18.510936813076185,0.11045971379677674,-18.519721695228657
9,0,variance,subsample,62.0,-18.533362295934882,-18.50556670014756,-0.019790022644471886,-18.519318646639444
9,0,variance,subsample,63.0,-18.526471838819333,-18.511198655759156,0.20758717544506589,-18.51994445583648
9,0,variance,subsample,64.0,-18.533362295934882,-18.50556670014756,0.10603838197248233,-18.519864930755574
9,0,variance,subsample,65.0,-18.533362295934882,-18.511198655759156,-0.13678429272922363,-18.5194643914411
9,0,variance,subsample,66.0,-18.527173360510186,-18.510936813076185,0.20855494893656246,-18.520018431899977
9,0,variance,subsample,67.0,-18.528835103523658,-18.50556670014756,0.19516379067831371,-18.519813796826355
9,0,variance,subsample,68.0,-18.533362295934882,-18.510936813076185,0.16012488977950723,-18.519815723164452
9,0,variance,subsample,69.0,-18.533362295934882,-18.509577658646762,0.08782525965544895,-18.5196881138831
9,0,variance,subsample,70.0,-18.528835103523658,-18.50556670014756,0.2602627139500547,-18.51966733801113
9,0,variance,subsample,71.0,-18.533362295934882,-18.510936813076185,-0.049299973478926576,-18.519384879629
9,0,variance,subsample,72.0,-18.533362295934882,-18.511068693552414,0.11473955354105055,-18.519425461428245
9,0,variance,subsample,73.0,-18.528835103523658,-18.512996260418486,0.14769655815069843,-18.520049687564143
9,0,variance,subsample,74.0,-18.528835103523658,-18.50556670014756,0.2971485943022603,-18.520145755994008
9,0,variance,subsample,75.0,-18.525166087585493,-18.509577658646762,0.40146979902164204,-18.520298032506066
9,0,variance,subsample,76.0,-18.533362295934882,-18.510936813076185,0.08410923600818386,-18.519899967896905
9,0,variance,subsample,77.0,-18.528835103523658,-18.50556670014756,0.0623436916008196,-18.519168913824657
9,0,variance,subsample,78.0,-18.533362295934882,-18.509577658646762,0.16084097477542325,-18.520025386245976
9,0,variance,subsample,79.0,-18.528835103523658,-18.510936813076185,0.1999959629713769,-18.520077819383165
9,0,variance,subsample,80.0,-18.52823906598724,-18.50556670014756,-0.06534162832347186,-18.519028451264973
9,0,variance,subsample,81.0,-18.528835103523658,-18.509577658646762,0.21959860924170796,-18.519905581282234
9,0,variance,subsample,82.0,-18.528835103523658,-18.510936813076185,0.1306480834764829,-18.51929249568127
9,0,variance,subsample,83.0,-18.533362295934882,-18.50556670014756,0.11333063030261287,-18.519691888122647
9,0,variance,subsample,84.0,-18.528835103523658,-18.50556670014756,0.049144429554582814,-18.519625180177634
9,0,variance,subsample,85.0,-18.52823906598724,-18.509577658646762,0.22397300444979445,-18.519894294042842
9,0,variance,subsample,86.0,-18.533362295934882,-18.50556670014756,-0.03294343414516144,-18.519340678230332
9,0,variance,subsample,87.0,-18.528835103523658,-18.509577658646762,0.15958175661937243,-18.51980136829629
9,0,variance,subsample,88.0,-18.533362295934882,-18.50556670014756,-0.07026058608961495,-18.519588055267793
9,0,variance,subsample,89.0,-18.533362295934882,-18.512996260418486,0.13212335045214638,-18.519939818669847
9,0,variance,subsample,90.0,-18.533362295934882,-18.510936813076185,0.10256964221392856,-18.519699519901117
9,0,variance,subsample,91.0,-18.528835103523658,-18.509577658646762,0.24625899762144465,-18.52013342788425
9,0,variance,subsample,92.0,-18.533362295934882,-18.50556670014756,0.013573777918458405,-18.51915336014528
9,0,variance,subsample,93.0,-18.533362295934882,-18.509577658646762,0.1499256577716703,-18.519586685306365
9,0,variance,subsample,94.0,-18.528835103523658,-18.509577658646762,0.15574355311901653,-18.519718294994433
9,0,variance,subsample,95.0,-18.533362295934882,-18.509577658646762,0.22041521157084415,-18.520188105535233
9,0,variance,subsample,96.0,-18.533362295934882,-18.50556670014756,0.2014513772997377,-18.519925743092045
9,0,variance,subsample,97.0,-18.533362295934882,-18.512996260418486,0.1231160025570167,-18.519851551134934
9,0,variance,subsample,98.0,-18.533362295934882,-18.510936813076185,-0.013093246056561725,-18.518910633043692
9,0,variance,subsample,99.0,-18.533362295934882,-18.509577658646762,0.07162579704027157,-18.519068517268476
9,0,inverse_num_params,global,,-18.533362295934882,-18.50556670014756,0.07075940611215262,-18.519441730217014
9,0,inverse_num_params,subsample,0.0,-18.533362295934882,-18.509577658646762,0.37059760313349827,-18.520750400467723
9,0,inverse_num_params,subsample,1.0,-18.528835103523658,-18.510936813076185,0.0645460618538219,-18.51948862539745
9,0,inverse_num_params,subsample,2.0,-18.52823906598724,-18.50556670014756,-0.001655998279046722,-18.518711741373764
9,0,inverse_num_params,subsample,3.0,-18.533362295934882,-18.50556670014756,-0.038133224983939874,-18.51937901860397
9,0,inverse_num_params,subsample,4.0,-18.533362295934882,-18.50556670014756,-0.11892463369845194,-18.51892090573452
9,0,inverse_num_params,subsample,5.0,-18.533362295934882,-18.50556670014756,0.2829017050454484,-18.519567293880097
9,0,inverse_num_params,subsample,6.0,-18.528835103523658,-18.509577658646762,-0.13236066400560964,-18.51907025941101
9,0,inverse_num_params,subsample,7.0,-18.528835103523658,-18.50556670014756,0.159522108709322,-18.51972639930324
9,0,inverse_num_params,subsample,8.0,-18.533362295934882,-18.509577658646762,-0.09796143119422397,-18.518651382306157
9,0,inverse_num_params,subsample,9.0,-18.52823906598724,-18.510936813076185,0.5046804889233828,-18.52041771867782
9,0,inverse_num_params,subsample,10.0,-18.528835103523658,-18.509577658646762,-0.26528382083379076,-18.51881176624374
9,0,inverse_num_params,subsample,11.0,-18.52823906598724,-18.50556670014756,0.245916956194545,-18.51975732332677
9,0,inverse_num_params,subsample,12.0,-18.533362295934882,-18.509577658646762,0.19314726461399803,-18.519949130125894
9,0,inverse_num_params,subsample,13.0,-18.533362295934882,-18.510936813076185,0.14313686103031026,-18.520216260427237
9,0,inverse_num_params,subsample,14.0,-18.533362295934882,-18.50556670014756,0.25845095762158593,-18.5198711069567
9,0,inverse_num_params,subsample,15.0,-18.528835103523658,-18.510936813076185,-0.051212278345122174,-18.51925419963543
9,0,inverse_num_params,subsample,16.0,-18.533362295934882,-18.509577658646762,0.0631402638741724,-18.519274539750334
9,0,inverse_num_params,subsample,17.0,-18.526471838819333,-18.510936813076185,0.039770713372147666,-18.518968301100198
9,0,inverse_num_params,subsample,18.0,-18.533362295934882,-18.509577658646762,0.24620015183397476,-18.51969934435515
9,0,inverse_num_params,subsample,19.0,-18.528835103523658,-18.50556670014756,0.16914197552398358,-18.519767249172784
9,0,inverse_num_params,subsample,20.0,-18.528835103523658,-18.509577658646762,0.12413276803414403,-18.5199093242748
9,0,inverse_num_params,subsample,21.0,-18.533362295934882,-18.50556670014756,0.31344096336211563,-18.519984066978818
9,0,inverse_num_params,subsample,22.0,-18.527173360510186,-18.509577658646762,0.07195313519976805,-18.51962855750392
9,0,inverse_num_params,subsample,23.0,-18.52823906598724,-18.50556670014756,0.16749813406813366,-18.51898696551242
9,0,inverse_num_params,subsample,24.0,-18.533362295934882,-18.509577658646762,0.27829650587606364,-18.520280967907933
9,0,inverse_num_params,subsample,25.0,-18.527173360510186,-18.50556670014756,0.057722038908522504,-18.519209671788513
9,0,inverse_num_params,subsample,26.0,-18.533362295934882,-18.50556670014756,-2.916457082468308e-05,-18.519429538475162
9,0,inverse_num_params,subsample,27.0,-18.528835103523658,-18.510936813076185,-0.13734651908775095,-18.519371406327885
9,0,inverse_num_params,subsample,28.0,-18.533362295934882,-18.50556670014756,-0.10487871440613913,-18.519257426786737
9,0,inverse_num_params,subsample,29.0,-18.528835103523658,-18.50556670014756,-0.07256117065948427,-18.51869866004062
9,0,inverse_num_params,subsample,30.0,-18.533362295934882,-18.50556670014756,0.3969677358423235,-18.519774733478833
9,0,inverse_num_params,subsample,31.0,-18.528835103523658,-18.509577658646762,0.19996964242025947,-18.519708408693955
9,0,inverse_num_params,subsample,32.0,-18.533362295934882,-18.509577658646762,0.3077274885674803,-18.52007065676225
9,0,inverse_num_params,subsample,33.0,-18.533362295934882,-18.510936813076185,-0.20012035829414543,-18.51901275988259
9,0,inverse_num_params,subsample,34.0,-18.533362295934882,-18.509577658646762,-0.2511410129708407,-18.518622388420624
9,0,inverse_num_params,subsample,35.0,-18.528835103523658,-18.50556670014756,-0.12975113632544244,-18.51862349205082
9,0,inverse_num_params,subsample,36.0,-18.528835103523658,-18.50556670014756,0.08876566503192306,-18.52001577915355
9,0,inverse_num_params,subsample,37.0,-18.528835103523658,-18.50556670014756,-0.0749760735805614,-18.5184167710998
9,0,inverse_num_params,subsample,38.0,-18.528835103523658,-18.510936813076185,-0.006750863858530263,-18.5191716608303
9,0,inverse_num_params,subsample,39.0,-18.528835103523658,-18.50556670014756,-0.21158689314643334,-18.518712179920296
9,0,inverse_num_params,subsample,40.0,-18.533362295934882,-18.50556670014756,-0.24235254357745792,-18.518919950695892
9,0,inverse_num_params,subsample,41.0,-18.527173360510186,-18.509577658646762,0.22291042078532117,-18.520118646470344
9,0,inverse_num_params,subsample,42.0,-18.528835103523658,-18.509577658646762,-0.19735969250830163,-18.519231136270303
9,0,inverse_num_params,subsample,43.0,-18.528835103523658,-18.509577658646762,0.16649141254941371,-18.519782574687216
9,0,inverse_num_params,subsample,44.0,-18.533362295934882,-18.510936813076185,0.26722233780177007,-18.519862320115536
9,0,inverse_num_params,subsample,45.0,-18.533362295934882,-18.510936813076185,0.22589768296117907,-18.52022417530085
9,0,inverse_num_params,subsample,46.0,-18.52823906598724,-18.511068693552414,0.13211720378461084,-18.519633378202833
9,0,inverse_num_params,subsample,47.0,-18.533362295934882,-18.50556670014756,0.3109324572543214,-18.519492427828748
9,0,inverse_num_params,subsample,48.0,-18.533362295934882,-18.50556670014756,-0.12762950969164996,-18.51854799709595
9,0,inverse_num_params,subsample,49.0,-18.528835103523658,-18.50556670014756,-0.010131185629692148,-18.519327574943762
9,0,inverse_num_params,subsample,50.0,-18.533362295934882,-18.509577658646762,-0.17130598625189053,-18.519253552367307
9,0,inverse_num_params,subsample,51.0,-18.533362295934882,-18.50556670014756,-0.025278461314174692,-18.51927319537117
9,0,inverse_num_params,subsample,52.0,-18.528835103523658,-18.50556670014756,0.03439169984247504,-18.519216325978228
9,0,inverse_num_params,subsample,53.0,-18.527173360510186,-18.509577658646762,0.06879485890023589,-18.518984644220904
9,0,inverse_num_params,subsample,54.0,-18.524206221716103,-18.510936813076185,0.28118051613567924,-18.520322819528413
9,0,inverse_num_params,subsample,55.0,-18.533362295934882,-18.50556670014756,-0.08876363401425509,-18.518684276729587
9,0,inverse_num_params,subsample,56.0,-18.526471838819333,-18.50556670014756,0.6375471942926386,-18.5205037578112
9,0,inverse_num_params,subsample,57.0,-18.533362295934882,-18.512996260418486,0.21301292854484882,-18.519770015926465
9,0,inverse_num_params,subsample,58.0,-18.52408692249,-18.50556670014756,0.16548687755932426,-18.519364075062448
9,0,inverse_num_params,subsample,59.0,-18.528835103523658,-18.509577658646762,0.054473541072035205,-18.519495277730112
9,0,inverse_num_params,subsample,60.0,-18.533362295934882,-18.50556670014756,-0.3916431368877233,-18.518867432852197
9,0,inverse_num_params,subsample,61.0,-18.533362295934882,-18.50556670014756,0.3214795720392301,-18.519569664740597
9,0,inverse_num_params,subsample,62.0,-18.533362295934882,-18.510936813076185,0.15702608952493713,-18.519609785016343
9,0,inverse_num_params,subsample,63.0,-18.527173360510186,-18.510936813076185,0.6112701100984287,-18.52081434891587
9,0,inverse_num_params,subsample,64.0,-18.52823906598724,-18.509577658646762,-0.6968717192527892,-18.517308428297422
9,0,inverse_num_params,subsample,65.0,-18.533362295934882,-18.511198655759156,0.27328489689514085,-18.519895727890784
9,0,inverse_num_params,subsample,66.0,-18.527173360510186,-18.50556670014756,0.07891839479792445,-18.519304542081084
9,0,inverse_num_params,subsample,67.0,-18.533362295934882,-18.50556670014756,0.060354927929180784,-18.519141408076944
9,0,inverse_num_params,subsample,68.0,-18.533362295934882,-18.509577658646762,0.12355938047234315,-18.51971864118904
9,0,inverse_num_params,subsample,69.0,-18.533362295934882,-18.509577658646762,0.09676632224609727,-18.520109587712575
9,0,inverse_num_params,subsample,70.0,-18.533362295934882,-18.511198655759156,0.3032069434525917,-18.52047239551733
9,0,inverse_num_params,subsample,71.0,-18.528835103523658,-18.50556670014756,-0.37785195780431347,-18.51814423561743
9,0,inverse_num_params,subsample,72.0,-18.533362295934882,-18.511068693552414,0.23825259845860583,-18.51992272967226
9,0,inverse_num_params,subsample,73.0,-18.528835103523658,-18.50556670014756,-0.356198317526581,-18.518286470747878
9,0,inverse_num_params,subsample,74.0,-18.533362295934882,-18.50556670014756,0.4859452642194339,-18.52023250889385
9,0,inverse_num_params,subsample,75.0,-18.528835103523658,-18.50556670014756,0.08502250504542705,-18.519434715938495
9,0,inverse_num_params,subsample,76.0,-18.533362295934882,-18.509577658646762,-0.11193928488058756,-18.5196653881702
9,0,inverse_num_params,subsample,77.0,-18.533362295934882,-18.509577658646762,-0.01347103382468143,-18.51982213309759
9,0,inverse_num_params,subsample,78.0,-18.533362295934882,-18.50556670014756,-0.3701289086088378,-18.518788316210017
9,0,inverse_num_params,subsample,79.0,-18.52823906598724,-18.509577658646762,-0.08378335691090755,-18.5193211173242
9,0,inverse_num_params,subsample,80.0,-18.528835103523658,-18.509577658646762,0.12799622485925738,-18.519447846928532
9,0,inverse_num_params,subsample,81.0,-18.525041407521332,-18.510936813076185,0.5845875290140462,-18.520269504040634
9,0,inverse_num_params,subsample,82.0,-18.533362295934882,-18.50556670014756,0.11137149168610645,-18.520093492031954
9,0,inverse_num_params,subsample,83.0,-18.533362295934882,-18.511068693552414,-0.15810992153183545,-18.519158142352385
9,0,inverse_num_params,subsample,84.0,-18.533362295934882,-18.509577658646762,0.10313606849341869,-18.519199674765822
9,0,inverse_num_params,subsample,85.0,-18.52823906598724,-18.50556670014756,-0.1039108135074248,-18.51871608762289
9,0,inverse_num_params,subsample,86.0,-18.525166087585493,-18.510936813076185,-0.059013260284961594,-18.51881870289091
9,0,inverse_num_params,subsample,87.0,-18.527173360510186,-18.510936813076185,0.0601792840158859,-18.519169438276393
9,0,inverse_num_params,subsample,88.0,-18.528835103523658,-18.50556670014756,0.2362007793882554,-18.51956098853186
9,0,inverse_num_params,subsample,89.0,-18.533362295934882,-18.510936813076185,0.5014408884649173,-18.520486206763575
9,0,inverse_num_params,subsample,90.0,-18.533362295934882,-18.509577658646762,-0.2855552236057624,-18.51879847485095
9,0,inverse_num_params,subsample,91.0,-18.533362295934882,-18.509577658646762,0.07359756932984489,-18.519452733099474
9,0,inverse_num_params,subsample,92.0,-18.52823906598724,-18.509577658646762,-0.13774515761228198,-18.518787962611544
9,0,inverse_num_params,subsample,93.0,-18.533362295934882,-18.50556670014756,0.00850258248564719,-18.5193228233606
9,0,inverse_num_params,subsample,94.0,-18.52414931949055,-18.50556670014756,0.13295757787916482,-18.519381399004352
9,0,inverse_num_params,subsample,95.0,-18.52823906598724,-18.509577658646762,0.29039558650712366,-18.519808760358494
9,0,inverse_num_params,subsample,96.0,-18.528835103523658,-18.510936813076185,-0.2264635142515003,-18.51856691007996
9,0,inverse_num_params,subsample,97.0,-18.528835103523658,-18.50556670014756,0.0042290288897222725,-18.519361191484567
9,0,inverse_num_params,subsample,98.0,-18.526471838819333,-18.50556670014756,0.30259008871055876,-18.519982855080247
9,0,inverse_num_params,subsample,99.0,-18.533362295934882,-18.509577658646762,0.25832852381845495,-18.519671959536396
