4.262966709682073719e-05,-2.193374628439324122e-03,2.727377621904549573e-05,-9.535271184956854658e-06,1.678567371930827015e-05,2.483514587757414821e-03,-2.715131654321493310e-02,8.096161079450693576e-03,-4.765404852850168085e-03,2.519930985001126583e-02,-1.035803958852832621e-02,8.374496112758826518e-04,9.986908790860726803e-03,-6.714331942248333643e-03,-8.768019897691171666e-05,1.374450197094382198e-04,2.914911722189510275e-06,-3.072254834736053060e-06,9.132451849245442396e-05,-1.193489009063819083e-04,3.154911414460595878e-03,2.722828327170177115e-02,-8.081951610256406585e-03,1.327817222347865700e-02,6.267102777140436294e-03,5.842878778680025108e-03,3.091530106320842033e-02,-8.878065595099935564e-03
9.858908546462005523e-05,-7.962638919638480133e-04,3.120220787267439301e-05,3.624056270080528835e-06,-1.750086236157232721e-05,1.639595179641602143e-03,-1.577369070912842605e-02,4.559294615401775740e-03,-3.013374769980869082e-03,1.883771063594034609e-02,-5.811870755682898432e-03,3.978203380522744967e-04,5.706177084994481716e-03,-3.885001097769874134e-03,-1.117547456237784326e-04,1.205180530220251092e-03,3.199743338051795388e-05,1.082797792100873141e-05,1.523735403040084291e-04,-1.193862455194317530e-03,1.995838998780486914e-03,1.571179225604054167e-02,-6.995111766950243802e-03,1.020261289139926669e-02,3.574263161661666525e-03,3.267001434597306339e-03,1.751297142941182078e-02,-5.051622419817036573e-03
1.293669059234543435e-05,-8.784198363179422740e-04,4.151204153206128312e-05,1.438182958394219916e-05,6.655560033215214251e-05,2.136207548816109088e-03,-7.212716836557647032e-03,2.055323043899169849e-03,-1.807315598437038949e-03,1.395762764308046931e-02,-2.338500398489795282e-03,-1.585423529372996260e-06,2.460293380860546341e-03,-1.783405243983734317e-03,-1.948204078024099589e-04,1.397416574696760082e-03,6.248998481760908530e-05,2.499509567009140708e-05,2.601093288821371401e-04,-1.399133064771544786e-03,1.032888068093541258e-03,7.185940764686288285e-03,-5.616397393238722370e-03,7.991215347013870193e-03,1.523734512006887521e-03,1.320153177791164945e-03,7.347580300621527061e-03,-2.144396155182162495e-03
2.512505745669752237e-04,-1.365937732005026266e-03,3.186430484607744338e-05,2.836433856712926939e-05,-1.828812473729874094e-04,3.004546961676624918e-03,-2.483487270675941230e-03,-3.880891375887931052e-05,-5.312164031928948062e-04,1.045111299486563630e-02,-7.515346621052385739e-05,-3.546772551579688293e-04,3.743753665158156690e-04,-4.976376300152201074e-04,-5.073649315008479758e-05,9.362509191811238096e-04,7.362246135321060642e-05,3.655605284812205806e-05,1.240567730049158479e-04,-9.447462400777187699e-04,6.396532370125419809e-04,2.134064583370873930e-03,-4.513444200522492844e-03,5.771210767584873842e-03,2.022478188386524992e-04,8.057638603296076070e-05,8.108522531059710048e-04,-2.650478559389785743e-04
2.408661467430772782e-04,-1.478761023930952150e-03,1.451388890043077897e-05,3.980725635848214502e-05,-2.205385357508691732e-04,3.569652324024516835e-03,9.773001756080727451e-05,-1.218518530455484040e-03,1.907920618483389084e-04,8.697855670767104183e-03,1.158252823302891163e-03,-6.610678926781220601e-04,-7.015543426003693645e-04,8.545969644679028959e-05,-7.575670379117968361e-05,7.036174431017266657e-04,7.798885130378361023e-05,4.129417399640689031e-05,1.555797986896786391e-04,-7.196034760523956119e-04,6.396472930626702922e-04,-2.653307289575230696e-04,-3.638813354244446567e-03,4.661208477870374366e-03,-4.975586407437291745e-04,-5.566923500420290155e-04,-2.616331760914907857e-03,7.258051456760054865e-04
1.967607538524084824e-04,-1.668844497151080125e-03,5.146860864169593071e-06,3.330988169256623587e-05,-2.603704857471868879e-04,4.277325655635414239e-03,1.491734380849920162e-03,-2.041580719034148499e-03,7.739856726575467796e-04,7.262434531023990308e-03,1.651560985377726297e-03,-9.316836260031126186e-04,-1.069362530816462317e-03,1.549411586683725414e-04,-8.900653814241917070e-05,3.588468022305335353e-04,8.279916417105633844e-05,4.110936515356320483e-05,1.713471695879476865e-04,-3.812102158448032302e-04,5.160550468638720138e-04,-1.373736717883505213e-03,-2.532341208616892443e-03,3.651931551986690918e-03,-7.525116903859510771e-04,-7.633580577331591874e-04,-3.812014229070446493e-03,1.076089389359440865e-03
1.544842775946380113e-04,-1.601474783415803450e-03,2.781511487124601324e-06,2.455948291170192564e-05,-3.005102405577885676e-04,4.793573771786187668e-03,2.188736562490037341e-03,-2.448021768596438108e-03,1.070672522789185149e-03,6.544723961147996816e-03,1.687906789456447782e-03,-1.192541529425748554e-03,-9.962464684882845183e-04,-8.716983359926524979e-05,-9.498247607317355178e-05,1.853001865664603647e-04,8.524537011103912115e-05,4.122212187257790617e-05,1.798798342819518214e-04,-2.131748809695031062e-04,4.542589237644767777e-04,-1.545386994055263823e-03,-1.596552417511905037e-03,3.147293089044852013e-03,-7.315363931422405206e-04,-7.165931842364805246e-04,-3.659298534032903033e-03,1.039621206287557470e-03
1.104883766415298981e-04,-1.638798698654765022e-03,1.227205857867614752e-05,1.052747617148648709e-05,-3.434377807873141824e-04,5.434646107649636175e-03,2.537237653305657314e-03,-2.887374257326433442e-03,1.436841033800900346e-03,5.731911626311448141e-03,1.521282342095126852e-03,-1.430537911307612660e-03,-7.089845018553157276e-04,-4.737449690950642426e-04,-9.802371378079333456e-05,-2.108871315360057088e-05,8.835127203649454904e-05,4.124749799405294330e-05,1.840928978867049947e-04,-1.279927195237839281e-05,4.233608622147723563e-04,-1.441340763381420732e-03,-7.028131197321529520e-04,2.659000324106407416e-03,-5.781702715930121068e-04,-5.510838477110445444e-04,-2.865007593754159265e-03,8.176889643528237328e-04
-5.158874936102864094e-05,-1.950029644538637565e-03,1.322079107165569839e-05,5.901197538854412826e-06,-2.460415881634227080e-04,6.360299918128474971e-03,2.452549060443504417e-03,-2.802257045251630840e-03,1.285971253199000514e-03,4.427818828073424966e-03,1.309458683671019209e-03,-1.652633206104765773e-03,-3.509175119421467301e-04,-8.842066862831496777e-04,-1.249368273248873339e-04,-2.594985658891345304e-04,9.164118809321056150e-05,4.079985277229617168e-05,2.138530260745205407e-04,2.205814270134560831e-04,3.548657403642093908e-04,-1.071035065602731059e-03,-1.530230946575702631e-04,2.146445644304397458e-03,-3.863032634372580692e-04,-3.590657089938210011e-04,-1.905744549714297100e-03,5.464586076206561470e-04
-1.268849229265203780e-04,-2.146135141656286931e-03,1.617623298872679412e-06,-4.064210960816565103e-06,-1.916011024157023403e-04,7.261331296084503478e-03,2.410204764007989678e-03,-2.557337824368283510e-03,9.342024808513975159e-04,3.297077932055141221e-03,1.125563008458883765e-03,-1.883720811111966407e-03,-2.213665778151682924e-05,-1.261911008043232856e-03,-1.375452987052568576e-04,-4.768221562526345388e-04,9.253576296531651620e-05,4.102038785734388838e-05,2.295811755600984916e-04,4.332265589092427148e-04,3.206181794389316485e-04,-6.682284989887941722e-04,1.454521891957153714e-04,1.696094857994802580e-03,-2.159120610688348464e-04,-1.936446488913424102e-04,-1.051216052646388116e-03,3.044632274517775072e-04
-1.515409575185970201e-04,-1.911774724358840253e-03,1.591372509726213518e-05,-2.034956766446796746e-05,-1.513888073511742175e-04,7.821206937701229850e-03,2.389032615790239681e-03,-2.387855424554274041e-03,5.822876708319963063e-04,2.954760697263933075e-03,1.003733948302651608e-03,-2.129380855618235278e-03,2.281715051823903265e-04,-1.603453030688536040e-03,-1.442257183236944672e-04,-6.409763235011440826e-04,9.293499847995999633e-05,4.048991465486129535e-05,2.370690663746335351e-04,5.936310387626945063e-04,3.034943989762831280e-04,-4.698277808676736087e-04,4.012615519088363739e-04,1.361345178867673410e-03,-8.831985669530785293e-05,-7.285567294930613577e-05,-4.173479756280158628e-04,1.231108083716362094e-04
-1.460576602109213071e-04,-1.888811962466766014e-03,2.027380805363657667e-05,-3.667376430446385427e-05,-1.134713452152052429e-04,8.565154715521090464e-03,2.378446541676919671e-03,-2.211912336589577730e-03,2.124139727006764075e-04,2.225374676093792078e-03,9.560536420227604788e-04,-2.380234524046232793e-03,4.135417108430886730e-04,-1.914685779435215977e-03,-1.472897285002036216e-04,-8.033269483925301307e-04,9.398131400267328937e-05,3.929890808413971220e-05,2.410892114146119948e-04,7.529010235255407212e-04,2.949325087449539617e-04,-2.976756015904439222e-04,4.700249029254889186e-04,1.034629053200860401e-03,-6.484962064863674801e-06,2.523013398689699042e-06,-1.962429114088504178e-05,7.775828873456130811e-06
-1.191923434374284865e-04,-1.887824510712653777e-03,4.332045309016628229e-05,-2.177943555811739774e-05,-7.038894602753098864e-05,9.338945368090529817e-03,2.373153504620259448e-03,-1.612592379282806916e-03,-5.534256311516916414e-04,1.448370972651489988e-03,9.661829658213231999e-04,-2.589454202992367421e-03,5.474289905051568216e-04,-2.143504503533828418e-03,-1.487956725056523090e-04,-9.413265273156292377e-04,9.512488819659159869e-05,3.930085566053749383e-05,2.431253450174096758e-04,8.885154544566808239e-04,2.906515636292851231e-04,-1.845597307870408728e-04,4.434997061723144483e-04,7.584672853403291379e-04,3.642544918771526688e-05,4.039866226306460065e-05,1.836904971192828296e-04,-5.071758767613739061e-05
-8.795445743611584677e-05,-1.622221886274959101e-03,6.356513527178490853e-05,1.189823816919581510e-05,-3.104251881912624292e-05,9.818459591139755069e-03,2.370506986087487795e-03,-1.457983083362153053e-03,-9.089061140147688869e-04,1.232359122722700420e-03,1.050776583190662656e-03,-2.839619429476404784e-03,6.136138998487685728e-04,-2.375988270046146354e-03,-1.494559123928554389e-04,-1.058005539435869771e-03,9.520940392134931928e-05,3.923221968425928192e-05,2.442361439343346632e-04,1.003491380641842933e-03,2.885110910714508122e-04,-1.061909117547895314e-04,3.572000580480006598e-04,5.255384680317835584e-04,5.020189295545948271e-05,5.088886890120890256e-05,2.493267408244687912e-04,-7.015681099401896719e-05
-7.262700930187980378e-05,-1.515630249044091138e-03,7.247619409943054070e-05,6.977522210486752986e-06,-1.166080008134971025e-05,1.039068364760584867e-02,2.369183726821099800e-03,-8.717013041263393545e-04,-1.725118973453807023e-03,7.656765778343980252e-04,1.201023028922734714e-03,-3.123688411889678947e-03,6.289122208806397591e-04,-2.616708294041763302e-03,-1.497701555479935911e-04,-1.144763719484793822e-03,9.542901233187171350e-05,3.951574965244791636e-05,2.448074201812616268e-04,1.089024444565139110e-03,2.874408547925315425e-04,-6.479222060787982263e-05,2.619473661193237731e-04,3.526102845579896393e-04,4.763450312731653391e-05,4.651101733407559036e-05,2.338551674189262325e-04,-6.573931555777362535e-05
-6.355820734684646976e-05,-1.359846132732357932e-03,4.738388335420262807e-05,-1.309273162060153903e-05,-5.648628245562788467e-07,1.087022574256016165e-02,2.368522097192343658e-03,-5.690384813506425138e-04,-2.262909210475968266e-03,4.413935363744324932e-04,1.353924329297859653e-03,-3.388264676125983099e-03,6.110288153285460024e-04,-2.853221663846757482e-03,-1.499018746448389772e-04,-1.207097621359652824e-03,9.526512927462076974e-05,3.987266307120127857e-05,2.451184607854477279e-04,1.150627918372371192e-03,2.869057366530741032e-04,-4.454073852125816268e-05,1.756161149561358313e-04,2.283544391251118996e-04,3.677515810906035559e-05,3.500423024807004606e-05,1.807381098003381500e-04,-5.042448744616669966e-05
2.739465531677308147e-04,-1.173039928701508344e-03,1.176033340275083088e-05,-4.577169127548279845e-05,-2.872460659687161200e-04,1.127939733465655077e-02,1.742991751068339191e-03,-4.467571149751127556e-04,-2.637319065814160927e-03,2.187656168968691423e-04,1.476011358952529105e-03,-3.665626306873853973e-03,6.070171311774064538e-04,-3.064997587535127181e-03,-1.383965174834911652e-04,-1.252479615722552290e-03,9.521160919530012872e-05,4.024242563161577326e-05,2.338597828059928770e-04,1.195435847285467815e-03,2.636527625920253508e-04,-3.257843435327413128e-05,1.044244988461543681e-04,1.380052809737234451e-04,2.397416611618983221e-05,2.226430294597334293e-05,1.189072378753399550e-04,-3.296743381865784744e-05
4.136846646365845842e-04,-8.399993290510566037e-04,3.228227345652158714e-05,-1.680593009117763498e-05,-4.596009363292388652e-04,1.147087958721165583e-02,1.430226578006337391e-03,-5.809718005249333477e-04,-2.734280315323906266e-03,3.601926982881345192e-04,1.560141454203385538e-03,-3.917562240949197527e-03,6.371777072119137611e-04,-3.249010802013296145e-03,-1.325970789567008283e-04,-1.283304993328370164e-03,9.517992683432505868e-05,4.032871982335103526e-05,2.282772037623817063e-04,1.225900461443079313e-03,2.520262755615000259e-04,-2.371220128831108488e-05,5.152449796087654998e-05,7.663567177259822903e-05,1.292520591784035294e-05,1.154643367389252853e-05,6.474500585279383989e-05,-1.792134379976785655e-05
6.614500432645669011e-04,-3.270847739636720698e-04,5.294485209922987989e-05,2.438419313631600758e-05,-7.593314741444563611e-04,1.137098861352306076e-02,1.665293417004746254e-03,-1.921854442123546074e-04,-3.350725987735907099e-03,9.729325942131735946e-04,1.687692468839382866e-03,-4.154175470683909785e-03,7.060611987078093364e-04,-3.415483123825689693e-03,-1.408006771369795516e-04,-1.303027329462841345e-03,9.522981047959269230e-05,4.025662704959089640e-05,2.365841392462866171e-04,1.245304206582721661e-03,2.240114895968514034e-04,-1.294751992310046962e-05,1.306495424490031036e-05,3.746978177963553139e-05,5.016041984640384608e-06,3.815320608886761257e-06,2.502081372393811284e-05,-6.844074736859268425e-06
8.613106264886781060e-04,2.731962975708998511e-04,5.753578865688699270e-05,3.258603527232547522e-05,-1.106090621274652061e-03,1.102439434754966772e-02,2.055698608626092133e-03,-5.090638702731342929e-04,-3.256876082905506807e-03,1.919775115287875034e-03,1.833774537916277965e-03,-4.389478358128541188e-03,7.747690176854222675e-04,-3.594991813737605582e-03,-1.535501774256958990e-04,-1.313209772570100202e-03,9.535859228073063573e-05,4.033388651741973732e-05,2.494697777454823757e-04,1.255214273605767756e-03,1.926242246587080501e-04,1.313015856930591785e-06,-1.519596396473041515e-05,1.735736728990771975e-05,1.763380392970044099e-07,-8.816070045397909649e-07,4.077752355760050514e-07,-6.965338239784462992e-08
7.093306648172911571e-04,3.334507192911507849e-04,8.325447409239740599e-05,5.079218829813340365e-05,-1.147855046930516040e-03,1.108261192276699739e-02,1.204045020515036226e-03,-5.708600233653857636e-04,-3.399298719041581301e-03,1.921795553567231564e-03,1.962840156746570135e-03,-4.640796648310668154e-03,8.801496065120163834e-04,-3.776424013628040983e-03,-1.599172101975440837e-04,-1.319958510005445843e-03,9.549652422384031667e-05,4.029558480816154529e-05,2.560863328057978814e-04,1.261824822813866235e-03,1.476350166520709085e-04,4.579016434691984220e-06,-2.281808541565491681e-05,3.988128466752304712e-06,-2.288599516870227181e-06,-3.017164569620311665e-06,-1.183159013824908693e-05,3.409685062536226028e-06
6.425910608873642432e-04,1.674457074073006048e-04,9.332812606443159696e-05,4.733045556140533353e-05,-1.275275177358767839e-03,1.127780527471049926e-02,6.624299319523272367e-04,-5.250266059707125706e-04,-3.640207035741070598e-03,1.560588985619146100e-03,2.064593791644411900e-03,-4.885135627940013006e-03,9.365791574216319288e-04,-4.027367555246710168e-03,-1.569899493674345849e-04,-1.324137729142074813e-03,9.553048375779323855e-05,4.022140386700294402e-05,2.533359276124522771e-04,1.265879744145116323e-03,1.129709527092154166e-04,2.659685757727586931e-06,-1.956651431358236937e-05,-4.250988090982749050e-06,-3.012866892779853660e-06,-3.439838768280312532e-06,-1.561111987818162062e-05,4.540942853871655694e-06
5.365237215621789435e-04,-1.421124200892341346e-04,1.065786086523448010e-04,1.868145366028805624e-05,-1.411682779933128972e-03,1.159417642824650888e-02,3.916223876665314704e-04,-7.995738709596846190e-04,-3.612795068657984054e-03,9.346556025231819026e-04,2.155659010781199158e-03,-5.102327074823665744e-03,9.523611274614394995e-04,-4.240179155152922798e-03,-1.555146554266572452e-04,-1.326513313906757226e-03,9.554772083422958487e-05,4.018306294685196600e-05,2.519723885415020245e-04,1.268189916116620576e-03,9.563892073778710136e-05,3.059527377475209824e-06,-1.601253530206905092e-05,-8.939232872098246211e-06,-2.795709256143973458e-06,-2.982237317613542131e-06,-1.448217072596265169e-05,4.226222703755236770e-06
1.184225325227502060e-04,-7.083141393514356997e-04,1.055390736562382474e-04,1.024439454334166082e-05,-1.210765336489986847e-03,1.220926818374249573e-02,-3.779701485990566044e-04,-9.364130695880310646e-04,-3.721160109194574656e-03,-1.350053110948153806e-04,2.234659943257709305e-03,-5.371805837923275366e-03,1.016954929570934368e-03,-4.425752156899185295e-03,-1.586566233272762355e-04,-1.327719131595649733e-03,9.553012789411505939e-05,4.019918960962021989e-05,2.551803733177706104e-04,1.269407661332438639e-03,7.920353556932106321e-05,7.087825899783752982e-07,-9.175609579006005457e-06,-1.144212263073107692e-05,-2.178323683971609901e-06,-2.210799890679004793e-06,-1.108809129453001028e-05,3.288195329116896072e-06
-2.562014827541962735e-05,-8.477836680149679512e-04,1.430826669582640316e-04,3.798881666363259594e-05,-1.209908407345952532e-03,1.253396636019216658e-02,-5.981567104283625922e-04,-9.320520288468245058e-04,-3.921024112269618465e-03,-5.433567356343162050e-04,2.422147538426335130e-03,-5.571212603715965106e-03,1.164163514481694403e-03,-4.537917816040050456e-03,-1.636666327569701398e-04,-1.327657842660315973e-03,9.556780274151162454e-05,4.022831323292266073e-05,2.602607499801335572e-04,1.269395636054606756e-03,6.407043323147527253e-05,-1.138144604371760403e-06,-3.417228050806433786e-06,-1.140847184452623452e-05,-1.424497522011800639e-06,-1.351594497914624220e-06,-7.201291560360219256e-06,2.205834761235798632e-06
-9.271156496491419390e-05,-1.075988394747165022e-03,2.000292000469921605e-04,8.455717134832701039e-06,-1.204550019064364432e-03,1.309383768932726420e-02,-7.082499913518957441e-04,-3.696687409634456280e-04,-4.679733984771844955e-03,-1.303524651220664549e-03,2.582926104079797443e-03,-5.854605370256438061e-03,1.275013787690591543e-03,-4.684968591580409084e-03,-1.661739727839295637e-04,-1.327019893408877072e-03,9.558108550197463274e-05,4.023878338538972347e-05,2.627986029992025589e-04,1.268788215521814231e-03,5.650388206255250594e-05,-1.743334203766057002e-06,3.747630514691064390e-08,-1.018293377377503002e-05,-7.750587039991386903e-07,-6.692352439509526981e-07,-3.874778191299104196e-06,1.236869533916893985e-06
7.055061840349386598e-05,-9.949427888122418327e-04,1.785198420835499471e-04,2.335855617666304269e-06,-1.370188968352502833e-03,1.333990214730799637e-02,-1.128422666949649824e-03,-8.242631523458759241e-05,-5.151295646589753273e-03,-1.454589433120450585e-03,2.700388194566238735e-03,-6.150695388117143753e-03,1.278419249444507841e-03,-4.893382190930933330e-03,-1.650392368800519404e-04,-1.326059369574808565e-03,9.556830261276602612e-05,4.026269209253436644e-05,2.616959478910918383e-04,1.267821855713774934e-03,4.796061894308840668e-05,-2.450829087517705326e-06,2.516745181365244282e-06,-8.265965988407526191e-06,-2.933086220372287406e-07,-1.694145684757067593e-07,-1.467169803607024416e-06,4.808090172235244870e-07
-6.421789578697827084e-05,-5.310657003203490736e-04,8.874319726373154095e-05,3.995452293444255146e-05,-1.295876081118707730e-03,1.324672609759085587e-02,-1.712040972499940129e-03,-4.995422254393755640e-04,-4.934719068583656720e-03,-8.905592598361898593e-04,2.740963939392204556e-03,-6.476326618286678063e-03,1.325023375775849499e-03,-5.134583265519822130e-03,-1.661574481047089938e-04,-1.325682444580701799e-03,9.554057991576664929e-05,4.029258768491161249e-05,2.628300633324528643e-04,1.267464592418307383e-03,4.031796521134419371e-05,-4.373070736385470552e-06,5.329654053015309340e-06,-7.536735627203146394e-06,-1.581715177209242899e-08,9.285358725330332638e-08,3.713770703336433067e-08,2.629187735688519456e-08
-3.505621283615588586e-04,-2.248178960171040314e-04,1.348533086183376366e-04,2.006934205574360688e-04,-1.026811554041883855e-03,1.323047934672327668e-02,-2.454718184220459030e-03,-1.025476611076271607e-03,-4.673156218084104953e-03,-5.645761871352428588e-04,2.900929909312293872e-03,-6.726781225033586636e-03,1.424884629516713023e-03,-5.306668515141412662e-03,-1.683276475422628554e-04,-1.325191193390593339e-03,9.549712597435125482e-05,4.034332924069399678e-05,2.650338659580677532e-04,1.266998553242290821e-03,3.324879961531242389e-05,-5.274012531962150295e-06,6.507993176641122637e-06,-6.581924225263122876e-06,1.163546465849656368e-07,1.734927631558310512e-07,7.979282272729605225e-07,-1.720700913804530712e-07
-6.631774059117868589e-04,-2.431348173959845503e-04,2.204654507417251510e-04,3.336880845877592764e-04,-6.388569982652850341e-04,1.344646855648026426e-02,-3.248922243588500507e-03,-1.399928061027751365e-03,-4.626547005187532646e-03,-7.971380595099477207e-04,2.978269307580130171e-03,-7.019736955438893311e-03,1.565918658685004671e-03,-5.479551409876367261e-03,-1.704521584058685821e-04,-1.325142802539869919e-03,9.546660867597013761e-05,4.037815096493203474e-05,2.671692363871693769e-04,1.266973975106895633e-03,2.764133655617350961e-05,-6.679475635673914641e-06,7.809374596709794020e-06,-6.510194721236962295e-06,1.514286641662105466e-07,1.688817321763532625e-07,1.035773909984967189e-06,-2.254583603339115732e-07
-1.902717668477455631e-04,2.200543206467745578e-05,2.096391462426670002e-04,3.277295967938554560e-04,-9.359992292547182581e-04,1.331529688293319087e-02,-2.664962665914394260e-03,-2.223824777923048140e-03,-4.081719486882231726e-03,-1.573283126079113702e-03,3.023015191922575912e-03,-7.285637754342419448e-03,1.564829275180818022e-03,-5.719872690184179750e-03,-1.712720274030616815e-04,-1.325080738457866435e-03,9.544826784084979848e-05,4.041160066210766166e-05,2.679882732011945601e-04,1.266936384174948121e-03,2.086738851155395767e-05,-6.391635393528923678e-06,7.239949670511450242e-06,-5.719039246408906917e-06,1.200020973170054944e-07,1.266517996500141957e-07,9.663141295938495826e-07,-1.890894178915334748e-07
1.150708027915081774e-04,4.359884373915974424e-04,2.147799213142793549e-04,3.318804773119466409e-04,-1.151929135276774045e-03,1.301496598694190480e-02,-2.509231417704369145e-03,-3.853213555082146344e-03,-2.725492215667976031e-03,-1.445197719541702107e-03,3.070457059398725048e-03,-7.504735643093829282e-03,1.520936061417696092e-03,-6.006970987063718452e-03,-1.707264624363563296e-04,-1.324711216991721801e-03,9.544778367866367974e-05,4.044094587888023151e-05,2.674431510583617495e-04,1.266590640297877383e-03,1.557027447409699985e-05,-5.090715280982098886e-06,5.625732242373074018e-06,-4.658023672755093896e-06,7.342807045845906088e-08,9.052725362904699847e-08,7.357219990965585514e-07,-1.218871346133512424e-07
4.716094342609917535e-04,7.705186821163876633e-04,2.516443760795483405e-04,3.346982111205516774e-04,-1.469821569047700949e-03,1.263530695866797553e-02,-2.845160621000264456e-03,-2.682194043993611429e-03,-4.090843815064235979e-03,-1.024122693928106306e-03,3.148119764955495219e-03,-7.695564625245015708e-03,1.486739339511092576e-03,-6.269846465785440526e-03,-1.698693404397467153e-04,-1.324340180577110795e-03,9.544698637782661975e-05,4.045955249280350110e-05,2.666002342282299941e-04,1.266226936464681261e-03,1.176702218339623254e-05,-3.977732838029082825e-06,4.233867821898969067e-06,-3.750408309728733028e-06,3.638841289390157678e-08,6.606717003917131644e-08,4.841128317129998410e-07,-4.831942847168483011e-08
6.025582299072300809e-04,8.062016331209670992e-04,2.432972785066910015e-04,3.639615473332592755e-04,-1.692505719239973099e-03,1.237391457266651291e-02,-2.996707809428036245e-03,-2.112974295040477395e-03,-4.866246334065339046e-03,-8.736044806208145700e-04,3.311162391061602244e-03,-7.979700276726651303e-03,1.503726805523003703e-03,-6.449976120144741004e-03,-1.697755921460792066e-04,-1.324246696329805075e-03,9.544825195802357563e-05,4.047115082696025484e-05,2.665186810625694443e-04,1.266139351815015381e-03,9.190678084003204814e-06,-3.692317378635892127e-06,3.755276576689361167e-06,-3.482901855147454664e-06,1.180380183661144143e-08,4.278103876068631259e-08,2.686416767979872452e-07,-9.839618526970250261e-11
1.773822191917670977e-03,6.020377407805922862e-04,2.580361092990037203e-04,3.468505638437030113e-04,-2.995151768709974731e-03,1.233416305187836487e-02,-2.531292043993995603e-03,-2.054872728503439119e-03,-5.103074748358538311e-03,-1.111295414015200152e-03,3.518374142132208240e-03,-8.215480888933581957e-03,1.503455626427035140e-03,-6.583443869252752698e-03,-1.697950820016947511e-04,-1.324037272430652386e-03,9.545295604698914125e-05,4.048672295234048783e-05,2.665528755333483818e-04,1.265923982926635011e-03,6.495652661199927336e-06,-3.053542148045328619e-06,3.009236208655646251e-06,-3.014890288809583138e-06,2.316943080098286152e-09,1.364305525281269571e-08,1.075846330094071337e-07,1.903296458179376239e-08
2.480440019704285501e-03,9.320461234463499984e-04,2.640222043044518157e-04,2.830970504892467389e-04,-4.102800957589499212e-03,1.177329613618792285e-02,-2.875896172194041325e-03,-1.889235681512341962e-03,-5.534780781843866120e-03,-2.570593965716939065e-04,3.680581669455545730e-03,-8.424484983769608623e-03,1.432669141948986332e-03,-6.865513289341793751e-03,-1.695572710191883500e-04,-1.323760288940945820e-03,9.545788525046993822e-05,4.050081230924019218e-05,2.663344661502265072e-04,1.265639145572987085e-03,4.665077420972765101e-06,-2.349373892499864698e-06,2.262467678225274980e-06,-2.431460056052684053e-06,-6.026787912786238805e-09,-5.266085000457824222e-09,-3.312590713626587789e-09,2.428029437877670367e-08
2.784992704061492724e-03,1.763178129258218506e-03,2.111863313592821697e-04,1.946312759204462815e-04,-5.088643982918881169e-03,1.065360273061542219e-02,-3.431460437645222038e-03,-2.165416636379949040e-03,-5.531743283255756080e-03,1.675446374360250838e-03,3.848924377903579185e-03,-8.655660735558358063e-03,1.432302568871127602e-03,-7.103681933435232465e-03,-1.692682362813751143e-04,-1.323469863258401906e-03,9.546383488945650976e-05,4.050877638667061683e-05,2.660653876218400157e-04,1.265339924839484166e-03,3.419786717473599680e-06,-1.726872888692827051e-06,1.638809587916240230e-06,-1.831008945304647754e-06,-1.533735110167452925e-08,-1.333148022745136632e-08,-6.152385571218836492e-08,1.975279829155376314e-08
2.101232080058503850e-03,1.512795771506676192e-03,1.996839730896690429e-04,2.456885964079961061e-04,-5.265236643312094962e-03,1.044204729427709692e-02,-2.556876751907181944e-03,-2.421370094860245473e-03,-5.509961323660038726e-03,1.627459632723361055e-03,3.912845764203058338e-03,-8.901601654168651845e-03,1.530248177298494357e-03,-7.290738668574844525e-03,-1.688879634538788493e-04,-1.323265770084101640e-03,9.546730485911809232e-05,4.051301208170482118e-05,2.656992428046775598e-04,1.265130824106892047e-03,2.329780354165154280e-06,-1.230336668503051518e-06,1.163275948357980836e-06,-1.412412691061759714e-06,-1.804417191965616006e-08,-1.414249983369891863e-08,-8.013652226799185224e-08,1.408858495920625437e-08
1.995865053611284561e-03,1.209885569558305854e-03,1.257871221149228628e-04,2.537561848645554681e-04,-6.019335256399005116e-03,1.015556248156490766e-02,-1.691006270408921056e-03,-3.317802232856918113e-03,-4.861400147857085179e-03,1.606454333374448921e-03,3.914331897444832918e-03,-9.252952723668904367e-03,1.607180957805113154e-03,-7.492535993055944588e-03,-1.686463948784095910e-04,-1.323073803599944314e-03,9.547014437368445431e-05,4.051648598498072939e-05,2.654684971368230680e-04,1.264936981001142441e-03,1.424861977475735142e-06,-7.963528293208349037e-07,7.558439349929383434e-07,-1.023901927479631088e-06,-1.532684962733183471e-08,-1.025044741537064646e-08,-7.436579896674963342e-08,1.000888232474493699e-08
1.667816952295525772e-03,7.492079260191554513e-04,1.417433229469176360e-04,1.944915609218634601e-04,-6.514952265406134639e-03,1.002144329646216005e-02,-1.101274144037269051e-03,-3.821513504190400708e-03,-4.561616374506713076e-03,1.469971093090820247e-04,3.864940855707019000e-03,-9.577774617239253468e-03,1.707146334601821608e-03,-7.821477144759246547e-03,-1.684538161941598875e-04,-1.322968905746762418e-03,9.547260917310473795e-05,4.051732274097093005e-05,2.652830626197831120e-04,1.264831240832824718e-03,8.305467095032362059e-07,-4.972355658573646614e-07,4.793065665492315212e-07,-7.266285205654485638e-07,-1.283208188038614312e-08,-5.978123835479850630e-09,-5.579122728589878187e-08,5.535078565747830413e-09
1.688146189732160065e-03,4.035555211774983966e-04,3.023649280976546715e-04,3.397650037864671899e-04,-7.154583215193629359e-03,9.850032937720454990e-03,-1.382583814228779181e-03,-3.052719546601216291e-03,-5.550822808393479288e-03,-5.936943196093180403e-04,3.866713350589376461e-03,-9.900826792553080180e-03,1.719051641876542021e-03,-7.995919525165691086e-03,-1.683109258394527036e-04,-1.322872677110886784e-03,9.547446499716735887e-05,4.051761456080276542e-05,2.651450930645358377e-04,1.264734296161116678e-03,4.415357662073697215e-07,-2.680131901536215020e-07,2.652350126351772714e-07,-4.901375202746826440e-07,-9.468992300424951944e-09,-2.130749739135942010e-09,-3.571824564265283523e-08,2.135415266805747638e-09
1.524881003340514130e-03,7.473535666605367160e-04,3.898275912943730903e-04,3.729939669856910216e-04,-7.647828495197309985e-03,9.185251096282862071e-03,-1.523238649324524813e-03,-1.421506611912048924e-03,-7.389601266178446454e-03,-7.365108635874195731e-04,3.854013902571785857e-03,-1.006422219976741382e-02,1.723761916326928051e-03,-8.203052000046983858e-03,-1.682392387809327026e-04,-1.322817759928589243e-03,9.547527196162568111e-05,4.051825281766749745e-05,2.650763501680786097e-04,1.264678827239115516e-03,2.470302945594366381e-07,-1.065138213609609556e-07,1.125857485917060212e-07,-2.885954440560002271e-07,-6.180333049866325171e-09,3.869977455650505840e-10,-1.905692710420217820e-08,7.897094567292648155e-11
1.118601060086079442e-03,1.186424629314468751e-03,3.783544511923510214e-04,3.485727895653006826e-04,-7.936430991619950609e-03,8.429158955996980326e-03,-1.310898573221276880e-03,-2.080383413390646686e-03,-6.943857434112271632e-03,-1.170458760864398050e-04,3.890772732469356242e-03,-1.029295720443878896e-02,1.825317226140823210e-03,-8.444575246805880592e-03,-1.681890696468326383e-04,-1.322774406898516268e-03,9.547563825342705542e-05,4.051869433588607607e-05,2.650278505585387844e-04,1.264635191228387573e-03,1.213237925841683901e-07,-9.567344281116337942e-09,1.967668128379235949e-08,-1.560284172951865913e-07,-3.227166154072702066e-09,1.536875364520505632e-09,-7.169974740911844437e-09,-8.372047041079274142e-10
7.505799944711117125e-04,3.224826920259196619e-03,3.187363673549679704e-04,3.663277342389939907e-04,-8.191723017334347212e-03,5.922327162948317833e-03,-1.150838218685656987e-03,-2.823874543626520624e-03,-6.402043787313421545e-03,-4.868555137012546162e-04,3.953979557821798128e-03,-1.054220481950458692e-02,1.823389753163354729e-03,-8.524077578341658981e-03,-1.681567134610649202e-04,-1.322750393322400832e-03,9.547598683691897444e-05,4.051895273649914380e-05,2.649964684938611458e-04,1.264611011176419502e-03,4.406666297114397166e-08,4.014561348277010098e-08,-2.959797151380906622e-08,-6.517537119999604160e-08,-1.263150558742820030e-09,1.853631752355407008e-09,4.977825423030925662e-11,-1.232390418779284831e-09
8.104096083225219120e-05,4.598017801229991458e-03,2.078930782632730425e-04,2.214846143813567795e-04,-8.002198715651267710e-03,3.643666669900144303e-03,-2.681092260449246308e-04,-3.040665400061137117e-03,-6.398871074412771504e-03,-2.573963075830948584e-03,4.143972333981866575e-03,-1.083657244813704228e-02,1.916278689350608272e-03,-8.697234925489665675e-03,-1.681387026593292625e-04,-1.322738233173932154e-03,9.547616182846358531e-05,4.051914146759148935e-05,2.649789265979704675e-04,1.264598713475750509e-03,1.754525760941427358e-09,5.966421100044579926e-08,-5.080785945034166838e-08,-8.902421857054115742e-09,-1.126142544507166272e-10,1.594805701734826120e-09,3.645465386438170379e-09,-1.195433385538417817e-09
4.123338208159593342e-04,5.520282078802603819e-03,1.622531402925454368e-04,7.969806406844738740e-05,-8.375370009836496238e-03,1.370230738058416959e-03,-2.544236707559149901e-04,-2.853132273004603276e-03,-6.906609198548302117e-03,-2.757057623304730570e-03,4.333403154170737369e-03,-1.084939976758093200e-02,1.971854828671087360e-03,-8.768255310590018087e-03,-1.681299829224018800e-04,-1.322732664155921523e-03,9.547623227284439624e-05,4.051918143486942355e-05,2.649703585118531315e-04,1.264593025201875146e-03,-2.043384714998139467e-08,5.941105530194890487e-08,-5.303057003738873121e-08,2.090513828443121381e-08,4.474969432049846667e-10,1.156264518934244131e-09,4.746365261838259603e-09,-9.787313040964990643e-10
4.284014602981434257e-04,5.368245273905442386e-03,1.550138842111741292e-04,-1.443321796814250662e-05,-8.437108211098002380e-03,-2.461490683364961612e-04,4.698046067951521464e-04,-2.965599853138061685e-03,-6.958779064727360630e-03,-2.715097793828051120e-03,4.506842352618442744e-03,-1.099128065669476538e-02,2.131635342416978232e-03,-9.033346955242231927e-03,-1.681294768871193011e-04,-1.322730421411453302e-03,9.547630740018248974e-05,4.051918926930868408e-05,2.649698263180234360e-04,1.264590760897217744e-03,-2.860710966471014860e-08,5.432168327206085144e-08,-5.037744028393276582e-08,3.693051517271974811e-08,6.315638391958169550e-10,7.686020789090865745e-10,4.438574183414660625e-09,-7.059097499120570714e-10
8.975789465250013938e-04,6.005521837905074961e-03,2.643322295241344426e-05,-5.436405835452711924e-05,-9.014779180380639786e-03,-2.824518040219758767e-03,-1.760267895653373446e-04,-2.101156442216968630e-03,-7.941348232179758909e-03,-9.089633390582578607e-04,4.717868513710076275e-03,-1.129428675671540101e-02,2.284204726187961509e-03,-9.239194402284277990e-03,-1.681299759724843234e-04,-1.322730246342363868e-03,9.547637258654843840e-05,4.051914984535739115e-05,2.649702535012951024e-04,1.264590668743120674e-03,-3.124835772927061266e-08,4.421114308761825328e-08,-4.224485103404968645e-08,3.871853390884626599e-08,6.500749863049693231e-10,3.697112828853590803e-10,3.406868211570313400e-09,-4.411376110524244699e-10
1.232230107821879420e-03,5.310908741152738609e-03,-1.825843338359264985e-04,-1.697568595894080005e-04,-9.705004248477836978e-03,-4.287651916663611298e-03,-1.000394489394096365e-03,-2.868035198911431712e-03,-7.355423249690848549e-03,8.334058765705188148e-04,5.031945544299545013e-03,-1.173881209216533217e-02,2.399399438294258502e-03,-9.418880719510252728e-03,-1.681319511040977352e-04,-1.322728752087811528e-03,9.547636844072925240e-05,4.051914144327683261e-05,2.649720820998246974e-04,1.264589236151142469e-03,-2.922838593689163427e-08,3.289144916219581852e-08,-3.237276775342633366e-08,3.681930833976049849e-08,5.661892884279089459e-10,2.742181455280037762e-11,2.239460470190657959e-09,-2.229570330626465347e-10
1.710678210957653888e-03,4.824978313106398180e-03,-3.507360224260372482e-04,-1.389440856184044593e-04,-1.064370966152772616e-02,-5.794921111912322911e-03,-2.326281835680744578e-03,-2.308200385753291124e-03,-8.185697559237242044e-03,1.067512107025484890e-03,5.199575604148722920e-03,-1.208871899551587810e-02,2.384888865804768963e-03,-9.723455914365299393e-03,-1.681329191390181876e-04,-1.322726200699063034e-03,9.547641144293696344e-05,4.051908792182851198e-05,2.649729503960026027e-04,1.264586785553760114e-03,-2.597362775386710689e-08,2.353223712974772732e-08,-2.393832046874361432e-08,3.233113268939581693e-08,4.276821094687067069e-10,-2.080599187342446682e-10,1.191990977639284805e-09,-3.058503472467174832e-11
2.037566529222560076e-03,3.546708054141546260e-03,-2.669896569298681709e-04,-8.566085217386053307e-05,-1.158632066677256836e-02,-6.465610545870454848e-03,-1.174246882902273527e-03,-2.934988115418359685e-03,-7.785788771883569298e-03,2.302815430861893196e-03,5.235594454571845108e-03,-1.237713657058048602e-02,2.242740965677499781e-03,-1.000309998849412997e-02,-1.681327955185286645e-04,-1.322723267131460005e-03,9.547643401010655914e-05,4.051902102934537542e-05,2.649727397692882365e-04,1.264583995986041584e-03,-2.040480659442072728e-08,1.570188171460571428e-08,-1.660708317974352252e-08,2.686490260819082323e-08,2.886865783639361429e-10,-2.918504101113388689e-10,4.181125457708778210e-10,1.134643572342874731e-10
1.960832787999529370e-03,2.220950310598554436e-03,-3.133648359187247057e-04,1.118901858648062943e-04,-1.215744359563639826e-02,-6.708652967496304270e-03,-4.578689323944562951e-04,-4.466088926996482182e-03,-6.613697213966440031e-03,7.864944884287030768e-04,5.320455219551041386e-03,-1.265696540880801788e-02,2.044672985591618718e-03,-1.036102219644634628e-02,-1.681339360674859998e-04,-1.322721827338490912e-03,9.547645447238426472e-05,4.051897521659402358e-05,2.649737878205263167e-04,1.264582628257941970e-03,-1.526467221737435249e-08,9.584968701538652966e-09,-1.064321258111759050e-08,2.092863709639650028e-08,1.672948224459325801e-10,-2.928804844950124558e-10,-4.911172113554657515e-11,1.829116881226587455e-10
1.758524412404991258e-03,1.965283476179589209e-03,-4.228980556240622161e-04,2.262439358056186466e-05,-1.263847151751037665e-02,-7.739853724164182276e-03,-1.312049095987728210e-04,-6.058506542736699294e-03,-5.198468720668126229e-03,-7.994413935210346791e-04,5.561297552694874011e-03,-1.272735873717887635e-02,2.262165826015552408e-03,-1.044892223302008524e-02,-1.681349471074434024e-04,-1.322720830537754558e-03,9.547646065563080646e-05,4.051892443854674964e-05,2.649747601709059462e-04,1.264581689934372085e-03,-1.180551478950250808e-08,5.677855874643721320e-09,-6.650031163152931912e-09,1.512051047454120849e-08,5.579408304210705414e-11,-2.271801665059184386e-10,-2.883818467256958746e-10,1.987869818377503020e-10
1.685316485756259072e-03,1.226134488124516753e-03,-5.172408240638214950e-04,-6.204343848765848425e-05,-1.325679195061237221e-02,-8.000573710179629053e-03,-3.736256315068768900e-04,-6.696011230032543338e-03,-4.792593583294589218e-03,-1.840749192714835223e-03,5.636849499089009903e-03,-1.290524716937972369e-02,2.265984892505513472e-03,-1.063200368704340058e-02,-1.681358697333843269e-04,-1.322719536029439997e-03,9.547645728492005926e-05,4.051890134310711283e-05,2.649756643882546204e-04,1.264580445109064798e-03,-9.240787954505898534e-09,3.448146128879840551e-09,-4.192970438828321558e-09,9.689981826093033809e-09,-2.008575982230126118e-11,-1.520263401233084063e-10,-3.489341452333782684e-10,1.742035852895246899e-10
1.603736449913407231e-03,8.272931489513739084e-04,-4.047968568991210689e-04,-2.142777838711237945e-04,-1.396381488441309111e-02,-8.160200548332961767e-03,-8.477226371916031641e-04,-7.248780181361965183e-03,-4.470785977557539814e-03,-2.361403092311733110e-03,5.770667842344720175e-03,-1.324758008682654954e-02,2.329686384023609436e-03,-1.086733484240126092e-02,-1.681365517770329907e-04,-1.322718884089640976e-03,9.547645901874151969e-05,4.051888684612771059e-05,2.649763294640215404e-04,1.264579827382052895e-03,-7.524726766187037153e-09,2.625120002466470326e-09,-3.106309101018007790e-09,6.974717501868946467e-09,-5.587039806039597887e-11,-8.946225644963668282e-11,-3.122035888149518282e-10,1.322903388784872825e-10
1.523508369239646477e-03,1.179498632987896001e-03,-4.428685195664969383e-04,-3.184646145278478445e-04,-1.446418592578593496e-02,-8.870925076975158877e-03,-1.192192651755776206e-03,-7.619663454223971413e-03,-4.342668686529126999e-03,-2.885684819289664228e-03,6.021435732152718122e-03,-1.351698475498632444e-02,2.429412748473508150e-03,-1.094506123721902119e-02,-1.681372972342097994e-04,-1.322718596131946612e-03,9.547645991947055532e-05,4.051887886789642832e-05,2.649770547795112299e-04,1.264579557468799905e-03,-5.869483213325608010e-09,1.929958321338813105e-09,-2.177710796437623201e-09,4.521785838643284449e-09,-6.359130556605001427e-11,-4.012093169064341531e-11,-2.357059315016162980e-10,8.434751082471484725e-11
1.534490680470633949e-03,-4.342794899013470086e-05,-4.578367190360817457e-04,-3.096968410836131681e-04,-1.520111268323801404e-02,-8.028864223960017338e-03,-1.902265247363030222e-03,-8.556629985800314267e-03,-3.670892584930167922e-03,-2.859708419226272055e-03,6.169180219200417169e-03,-1.381801600644335347e-02,2.538340004408719958e-03,-1.113606420512657479e-02,-1.681379708164868587e-04,-1.322718415095297398e-03,9.547645716644988418e-05,4.051888073719686487e-05,2.649777136552077450e-04,1.264579383859688443e-03,-4.444789796567819448e-09,1.467426980308651027e-09,-1.539944591718433740e-09,2.784823514223621046e-09,-5.557354150975169763e-11,-1.335418273877167621e-11,-1.571433043613898141e-10,4.713744047812562615e-11
8.397069684963308356e-04,1.071734463141002514e-03,-4.761544212236641389e-04,-2.293453908223441534e-04,-1.510601235816795909e-02,-9.388779425825156261e-03,-2.391555383452605241e-03,-9.483715168804666626e-03,-3.024066843471927887e-03,-2.969478157542338771e-03,6.259485663100678929e-03,-1.429826110797597499e-02,2.473186446657412493e-03,-1.148208381530198101e-02,-1.681383997355160047e-04,-1.322718358816451232e-03,9.547645789284726068e-05,4.051888263438434333e-05,2.649781303740768464e-04,1.264579327953442231e-03,-3.059479073487372017e-09,1.050849590788105613e-09,-1.010611353093047621e-09,1.496549532092493300e-09,-4.051381651881534781e-11,5.649822041767006966e-12,-8.671666375338296224e-11,1.924255912440624532e-11
-8.080727573233238009e-05,2.275114960801368109e-03,-4.042381094383585638e-04,-1.965389303630003250e-04,-1.479193093790301221e-02,-1.106674170473869942e-02,-1.796546805519094129e-03,-9.017897354987963049e-03,-3.744819338156033482e-03,-4.668166996272284791e-03,6.264719104232293993e-03,-1.462573586224257156e-02,2.550577059956419656e-03,-1.185192992168039063e-02,-1.681387941587222858e-04,-1.322718243289026149e-03,9.547645797140440302e-05,4.051888394661244729e-05,2.649785180091684066e-04,1.264579212490646440e-03,-2.007584363218963627e-09,6.711266224708378884e-10,-5.722865456572790698e-10,6.775148661940988349e-10,-2.569059806837848797e-11,1.359756017267380148e-11,-3.770857778956681415e-11,3.669306752600175193e-12
2.392308049332936282e-05,1.247699976487614626e-03,-5.602289689560196583e-04,-2.838298004289987260e-04,-1.520943862847432687e-02,-1.095379459561668725e-02,-2.638578395596405390e-03,-6.358695677187202293e-03,-6.712684644594187934e-03,-6.499526671116436123e-03,6.161440994989686795e-03,-1.488862007281904938e-02,2.525642910635507356e-03,-1.201261223882158120e-02,-1.681391013013291524e-04,-1.322718168225379444e-03,9.547645883009542387e-05,4.051888573413164950e-05,2.649788223931071962e-04,1.264579137944641871e-03,-1.261139611339141067e-09,3.889577083143731086e-10,-2.728149196124700796e-10,1.712940298541472724e-10,-1.249206136921406909e-11,1.340817086006785383e-11,-6.366264083862098757e-12,-4.541386670462862235e-12
-1.230858987213742759e-04,8.591592363440571367e-04,-5.265606383925755920e-04,-2.700141770023181914e-04,-1.517368074749762819e-02,-1.123076393587260462e-02,-2.615708307060113022e-03,-6.804204897940304905e-03,-6.531485329836078657e-03,-9.009986808591580187e-03,6.182180546868075791e-03,-1.528104625602260888e-02,2.611879637000246064e-03,-1.226529631582800282e-02,-1.681393216101863828e-04,-1.322718130641607629e-03,9.547645968643345496e-05,4.051888710349423994e-05,2.649790411422871532e-04,1.264579100324619973e-03,-7.546224710368057235e-10,2.051491402234600815e-10,-9.909610914946331187e-11,-8.603351621789214259e-11,-3.993073454396887473e-12,1.139842126134109586e-11,1.006285890856970542e-11,-7.160144653143737562e-12
-1.379793296061473549e-03,-1.164570804142249505e-03,-6.422952124697345984e-04,-2.093611578013074791e-04,-1.399601023863519464e-02,-9.885559711421000595e-03,-2.703590796788687620e-03,-6.958478702920719607e-03,-6.658457415131201554e-03,-9.174836732137850795e-03,6.184625280242525384e-03,-1.563331485908748403e-02,2.572030338173764488e-03,-1.232089033140638772e-02,-1.681394452452692129e-04,-1.322718110863011550e-03,9.547646070497791597e-05,4.051888787955053572e-05,2.649791642784574673e-04,1.264579080151039068e-03,-3.833705123501762381e-10,8.210821206367069275e-11,1.383093925837172373e-12,-1.975444758196614910e-10,9.951544214929682532e-13,8.428625499775506120e-12,1.590033505479375323e-11,-6.860394921167288953e-12
-1.086093590439988349e-03,-3.892972729114216671e-03,-8.547565663264992866e-04,-1.807242464119819645e-04,-1.378808880446764570e-02,-7.458944894536521583e-03,-3.643055329073324224e-03,-6.216389505345906730e-03,-7.649459520060044454e-03,-8.226899393169657612e-03,6.359138183911867796e-03,-1.551216447502397865e-02,2.477181584503323521e-03,-1.214403628289790170e-02,-1.681395090729556488e-04,-1.322718101682975695e-03,9.547646074945388131e-05,4.051888834750191730e-05,2.649792281369367898e-04,1.264579070678277734e-03,-1.364147805716682344e-10,8.051115991490003261e-12,4.989342374159452243e-11,-2.179808721410878470e-10,3.284268040487346806e-12,5.181543931292352011e-12,1.563155861514689849e-11,-5.438357041830052782e-12
-6.871885311896022133e-04,-3.572312197882821470e-03,-7.047831560920133969e-04,-2.831789233642162829e-04,-1.385888840516763705e-02,-7.205825014731498911e-03,-4.539603119444343866e-03,-4.359855791944598595e-03,-9.519260150787765828e-03,-4.794598278540488159e-03,6.674268489080752154e-03,-1.549606339599515076e-02,2.646999675719684340e-03,-1.200906658030598262e-02,-1.681395489519058343e-04,-1.322718097715141388e-03,9.547646080907978307e-05,4.051888861252819269e-05,2.649792678553837457e-04,1.264579066927545370e-03,2.817399564237784329e-12,-3.096500006890504312e-11,6.603543502947137927e-11,-1.904629928276438361e-10,3.856650085332312398e-12,2.655681682250213438e-12,1.247551110572789480e-11,-3.757795591155729846e-12
-1.047810720657922374e-03,-7.172792018191641653e-04,-3.642687339463117151e-04,-2.258217708661187321e-04,-1.327144496641299680e-02,-9.054493923182966100e-03,-3.804959056435857842e-03,-4.679181479830472369e-03,-9.339566905705367142e-03,-1.870357038849509556e-03,6.845843446417453244e-03,-1.577477781788673081e-02,2.814881895110035552e-03,-1.206502977405188824e-02,-1.681395689415569634e-04,-1.322718094995305746e-03,9.547646090957346600e-05,4.051888873625238439e-05,2.649792878109826595e-04,1.264579064654485158e-03,7.258004110500011052e-11,-4.736032468893134292e-11,6.498306957683628629e-11,-1.456163769860709823e-10,3.370102354200970120e-12,1.002047385833672386e-12,8.587533539620995583e-12,-2.267479682071961827e-12
-1.240773299136475492e-03,-1.068454367774379025e-03,-1.076932472245795808e-04,-2.142632200614415542e-04,-1.258364099045497855e-02,-8.180051891976342429e-03,-3.030903284609592560e-03,-5.686788758161676581e-03,-8.516506890411458183e-03,-6.874346438242725458e-04,6.906655910463692545e-03,-1.590867676868125066e-02,2.932467445963250069e-03,-1.239507856163323506e-02,-1.681395750661509594e-04,-1.322718094387578336e-03,9.547646094153703353e-05,4.051888885229084307e-05,2.649792938415281886e-04,1.264579064344334381e-03,9.964387641120971220e-11,-4.803885230884750075e-11,5.401941556865873076e-11,-9.888595207511494974e-11,2.507185024784286704e-12,-5.448139386543509709e-14,5.094725127841909912e-12,-1.172255580785764439e-12
-1.163723435383386432e-03,-2.053236130194264174e-03,-7.343994498321834382e-05,-1.672969995846321266e-04,-1.216671551065886918e-02,-6.751934653194685207e-03,-3.710757062589073105e-03,-5.441424066593184353e-03,-9.135543266752825867e-03,-2.942589824927182782e-03,6.959885734372724814e-03,-1.609687319211900239e-02,3.089537048625746064e-03,-1.278428495480777097e-02,-1.681395779615141620e-04,-1.322718094444956050e-03,9.547646094412144625e-05,4.051888892186619712e-05,2.649792966262740925e-04,1.264579064608961027e-03,1.087416797896616877e-10,-5.310036804425614218e-11,5.224958285761827248e-11,-7.152060767579086706e-11,1.609812311417659317e-12,-5.755859158889014520e-13,2.399744187422840392e-12,-4.156837852294244254e-13
-1.330029458126349507e-03,-4.090244680646617018e-03,-1.741282982418486814e-04,-1.330001896632181351e-04,-1.150057271290465255e-02,-4.128932428727347115e-03,-4.082596992793287652e-03,-7.101840779997673977e-03,-7.795094391285857689e-03,-4.388714424347005608e-03,6.935035627475936645e-03,-1.628690267874115596e-02,3.186259797861148123e-03,-1.314385759126175321e-02,-1.681395772798714044e-04,-1.322718096244849401e-03,9.547646091842757594e-05,4.051888901448361883e-05,2.649792957270514474e-04,1.264579066708888897e-03,9.693599626972947656e-11,-4.788557319409148051e-11,4.379310342008714374e-11,-4.717270802399193715e-11,7.987784382678889302e-13,-7.837015671557901936e-13,6.438232508975697600e-13,-4.032977421242284252e-14
-3.661863711176608065e-04,-3.911327334555037352e-03,-9.338097642934795690e-05,3.844761735818203819e-05,-1.193296914888130125e-02,-3.305817834643543906e-03,-6.080980891127265447e-03,-5.211195571842319220e-03,-9.912832052564794424e-03,-2.702129300503232270e-03,7.079640673984884287e-03,-1.649541535219111940e-02,3.296351007915849715e-03,-1.349530859600663567e-02,-1.681395732026560595e-04,-1.322718095903614114e-03,9.547646092430490039e-05,4.051888913701327046e-05,2.649792915240378050e-04,1.264579066590986031e-03,8.354335820031997323e-11,-4.069860992624390874e-11,3.559916901576041145e-11,-3.012458563692189737e-11,2.476382447447427861e-13,-6.418606963562090732e-13,-4.595970674207006666e-13,1.462783477095348294e-13
-1.157970069307789245e-05,-3.037424529981161327e-03,-9.837823831051759949e-05,2.187938623562386679e-04,-1.186531126181966829e-02,-2.802105221099875001e-03,-6.669001862158985619e-03,-6.292003226220584805e-03,-8.995853963916044041e-03,-3.438584610556435876e-03,7.567819513494927937e-03,-1.664334331162210107e-02,3.292361624200144422e-03,-1.385343306096976923e-02,-1.681395665114073488e-04,-1.322718095667956700e-03,9.547646092880747004e-05,4.051888920148781920e-05,2.649792847161935860e-04,1.264579066582108150e-03,6.748806075406302507e-11,-3.165973858273476451e-11,2.700707129956718895e-11,-1.825605925021394093e-11,-8.302298915151096751e-14,-4.601016512844795904e-13,-9.233319705980979814e-13,2.276367196420349264e-13
3.846543700951918048e-04,-2.618310042303856593e-03,-2.231659997783205112e-04,3.259748700267667016e-06,-1.203580754096434877e-02,-2.027102847010471120e-03,-5.010314953993991530e-03,-6.032944613333439746e-03,-9.377851081461809069e-03,-2.455902554932368545e-03,7.865206356109127883e-03,-1.687230972577078228e-02,3.395577139153465110e-03,-1.404691546497574377e-02,-1.681395623549199116e-04,-1.322718095689328710e-03,9.547646089226137294e-05,4.051888919304559090e-05,2.649792804637848853e-04,1.264579066717951526e-03,4.875205291125263438e-11,-2.162000536235786209e-11,1.800687064351689356e-11,-9.325601231694283504e-12,-2.493627375446276913e-13,-2.385539355582821971e-13,-1.009644006239237380e-12,2.527396791916219424e-13
8.848305302767578038e-04,-2.157826029555841123e-03,-1.271969840095317278e-04,-2.342369982544020444e-04,-1.252718757006372752e-02,-1.388674891056452480e-03,-4.860152762144999417e-03,-6.321237427356300904e-03,-9.307490498472322307e-03,-1.964561527124776205e-03,7.815812914662493421e-03,-1.736633227429365545e-02,3.382340421211180691e-03,-1.442774225444381359e-02,-1.681395599984768544e-04,-1.322718095698392857e-03,9.547646088080066480e-05,4.051888918147812272e-05,2.649792780490781044e-04,1.264579066787495073e-03,3.620599113817402290e-11,-1.787836492776430451e-11,1.540660199157031037e-11,-4.860372222434327160e-12,-2.800114065441111646e-13,-7.636007892516636437e-14,-8.766373413170516610e-13,2.120402148006896764e-13
7.060644167778525266e-04,-3.905825099643266650e-03,-4.934725584262966128e-05,-3.250785026259163856e-04,-1.257667087208120572e-02,1.317577433011605636e-03,-4.160010760098123775e-03,-7.906682046629446778e-03,-7.954384157137006639e-03,-1.351178086086216035e-03,7.534199455099080921e-03,-1.777919394854942173e-02,3.228144446916371597e-03,-1.481498116446240687e-02,-1.681395567220342877e-04,-1.322718095649942031e-03,9.547646087631384319e-05,4.051888918409463460e-05,2.649792747418764781e-04,1.264579066780929578e-03,2.573489100827191981e-11,-1.299647896129402699e-11,1.151221313743803503e-11,-1.766848791746530388e-12,-2.503621864060185575e-13,1.389200705081645332e-14,-6.532368515973103506e-13,1.539908124349086484e-13
7.649620991015820826e-04,-2.696812618820672476e-03,-1.850144416285663185e-05,-1.153567583902135826e-04,-1.265336505971209093e-02,1.194163248479421756e-03,-4.010173034774696700e-03,-7.570335033789728045e-03,-8.522084941211208881e-03,-2.137686410804940599e-04,7.420600699184317500e-03,-1.827341356246640902e-02,2.946761394855629095e-03,-1.491511516215433299e-02,-1.681395536961595980e-04,-1.322718095414696831e-03,9.547646087499558887e-05,4.051888917391479613e-05,2.649792717070158124e-04,1.264579066571641913e-03,1.773042770570137256e-11,-8.575024316729732338e-12,7.809732622069182753e-12,-4.795392388584007664e-15,-1.912892065167904680e-13,5.967876100679505227e-14,-4.130483195777812887e-13,9.089092489956083688e-14
1.427771548185763264e-04,3.334432350858089998e-04,1.416465713573759541e-04,4.488843952579461990e-05,-1.207675791665913274e-02,-8.560278139339958133e-04,-4.336820801369703146e-03,-6.751471115102730507e-03,-9.825042825408494135e-03,2.390648510651893592e-03,7.374829395644149667e-03,-1.878629800519537180e-02,2.742377525468635453e-03,-1.539354952003171330e-02,-1.681395519455715880e-04,-1.322718095186672851e-03,9.547646088213781134e-05,4.051888917804899454e-05,2.649792699547446869e-04,1.264579066373542997e-03,1.088746795953929672e-11,-5.048135141463260973e-12,4.751154776543978592e-12,8.283932094887696480e-13,-1.326652948077858230e-13,7.850341610625826101e-14,-2.199004181928696907e-13,5.549164707206417178e-14
8.560321991201954358e-04,4.077763114587336021e-03,3.168037495414485435e-04,1.479001750267116470e-04,-1.295494548311174228e-02,-4.131348655648361956e-03,-2.637220411444415880e-03,-7.563262980994269608e-03,-9.443900376123082197e-03,5.585928155852688815e-03,7.464152607294724864e-03,-1.925512415348745385e-02,2.632636023604099408e-03,-1.583725472363067474e-02,-1.681395509461249959e-04,-1.322718095072121904e-03,9.547646088955515011e-05,4.051888917820436071e-05,2.649792689558572449e-04,1.264579066271470133e-03,5.743010136546849494e-12,-2.428025841950990744e-12,2.403574058947947861e-12,1.133308504583190566e-12,-7.638380320124758219e-14,6.659688234564552204e-14,-7.509462598590614674e-14,2.025869564528131176e-14
1.359755923516663134e-03,5.620507332513954152e-03,5.681718051994309130e-04,2.035145565795087354e-04,-1.358902729568147241e-02,-6.231688137255764898e-03,-2.129504448058579767e-03,-9.036513282521188226e-03,-8.329937239374052629e-03,6.609951381170675946e-03,7.609815997056739063e-03,-1.962858401666464289e-02,2.852965988274588308e-03,-1.639807766396640665e-02,-1.681395501190790717e-04,-1.322718095008032111e-03,9.547646089412470990e-05,4.051888917841210740e-05,2.649792681341277332e-04,1.264579066215916914e-03,2.521172824035493941e-12,-7.324196553294362567e-13,8.369869832405747276e-13,1.076908431018958121e-12,-3.362632711574031163e-14,4.666388690202833574e-14,8.147105648737504604e-15,-1.354072872239837033e-15
1.853604629739315831e-03,6.605110312422786401e-03,7.823998503022386959e-04,2.099809669602673826e-04,-1.477398584312413464e-02,-8.772308341721412814e-03,-2.985550951555951231e-03,-8.070457159253629012e-03,-9.628547818624539137e-03,1.067577543242831384e-02,7.615169260602312924e-03,-2.010779872413937311e-02,2.994527118976428835e-03,-1.683936381246184388e-02,-1.681395495675630720e-04,-1.322718094969311999e-03,9.547646089542895090e-05,4.051888917884599833e-05,2.649792675876600227e-04,1.264579066183185068e-03,6.366581576411321808e-13,2.165377982462211432e-13,-7.500397418027618641e-14,8.726048699985739231e-13,-6.308439995129841390e-15,2.708355215706426763e-14,4.713444567225008979e-14,-1.168311496087245939e-14
7.342268165270609583e-04,8.364632977725038401e-03,6.877622674445266681e-04,-1.017797980048612495e-04,-1.438698923491558979e-02,-1.249908970465976599e-02,-1.449607890681158711e-03,-8.040427623767391202e-03,-1.001654813596458346e-02,8.984995022002770226e-03,7.866847198539429417e-03,-2.036690783198771490e-02,3.272740931270111918e-03,-1.702462617220573335e-02,-1.681395492892730941e-04,-1.322718094905235000e-03,9.547646089603507413e-05,4.051888917901318231e-05,2.649792673119470850e-04,1.264579066124338694e-03,-4.154708702596693852e-13,6.587783322912012691e-13,-5.304426741596544110e-13,6.832558007285199956e-13,9.161046722316694986e-15,1.301102532564552368e-14,5.813220968994110568e-14,-1.452436084821817764e-14
-1.546497981684004895e-04,8.759362385137321044e-03,4.363067159695246272e-04,-1.503196161301323960e-04,-1.404347937137112416e-02,-1.533215407361071189e-02,-2.024370927145330724e-04,-1.077322892540307983e-02,-7.673546840812960762e-03,8.876303979167936287e-03,8.074692154685139331e-03,-2.061864705009980314e-02,3.416406153322028988e-03,-1.703210897779186550e-02,-1.681395491658884474e-04,-1.322718094867721822e-03,9.547646089677367331e-05,4.051888917923282811e-05,2.649792671882025916e-04,1.264579066090835546e-03,-9.116630848960077041e-13,8.017396362267987620e-13,-7.075261362879440292e-13,5.217378651061643258e-13,1.439979891381086753e-14,4.185813459143918915e-15,5.259487375528338758e-14,-1.228926755556815563e-14
-3.590710741951322208e-04,8.089837127934755567e-03,1.069500612395102323e-04,-2.706361776031870284e-04,-1.408281650891576864e-02,-1.738333482005194330e-02,-1.053842796809151793e-03,-1.158869890379060630e-02,-7.204011076710412943e-03,9.054199856676053634e-03,8.170146324221853884e-03,-2.067939050451801999e-02,3.433748328794864954e-03,-1.691227034260305365e-02,-1.681395491147309100e-04,-1.322718094816846286e-03,9.547646089675259913e-05,4.051888917949695332e-05,2.649792671364709692e-04,1.264579066043561512e-03,-1.042807986264544086e-12,7.563943278672628051e-13,-6.969488607245256024e-13,3.783373890149955675e-13,1.435970611631501683e-14,-1.156780426676300785e-15,4.061960391681772573e-14,-8.552371765557559244e-15
-4.830301608224568752e-04,6.707620054101141177e-03,-4.185100553818393355e-04,-5.194656885133585103e-04,-1.412423352630209732e-02,-1.902755731379096593e-02,-1.479545648847570369e-03,-1.043700720131458121e-02,-8.614601028899590562e-03,6.882549639770028579e-03,8.573058954621135333e-03,-2.077287273090806102e-02,3.633129386194330554e-03,-1.694391499897790823e-02,-1.681395490894517335e-04,-1.322718094781730278e-03,9.547646089596866675e-05,4.051888918059247862e-05,2.649792671103055387e-04,1.264579066011481704e-03,-1.108380436948814801e-12,6.235927717874220064e-13,-5.918977258635118670e-13,2.616879389770659757e-13,1.107141614316386023e-14,-3.266161586920204902e-15,2.745287858525367948e-14,-5.935292114947244006e-15
-1.445083797424900852e-03,6.751120386049542371e-03,-7.900088278381590555e-04,-5.191058361516093884e-04,-1.321630066908832495e-02,-2.185847260726041588e-02,-4.187306238410362647e-03,-7.700026472815450426e-03,-1.145915748495742945e-02,3.053311615855505007e-03,9.001950886619999523e-03,-2.106422418907604246e-02,3.854104677879716459e-03,-1.701668828995445831e-02,-1.681395490855017681e-04,-1.322718094751957219e-03,9.547646089533821673e-05,4.051888918194978455e-05,2.649792671056567508e-04,1.264579065982924903e-03,-9.765840562625922737e-13,4.664553635458962364e-13,-4.530969428772885178e-13,1.786311464345587596e-13,7.659795095066458810e-15,-4.422150237837877644e-15,1.499248580371796608e-14,-3.414446745467466637e-15
-2.670326998968448971e-03,6.671811795486046540e-03,-8.978339534224818140e-04,-7.239479108906604924e-04,-1.196212922977081712e-02,-2.444278409757517923e-02,-3.885162761725606800e-03,-5.280707185948093664e-03,-1.415001992909972750e-02,7.089751685271155832e-05,9.140428255139554370e-03,-2.128826698871793058e-02,3.913400136445767917e-03,-1.693092926748525351e-02,-1.681395491012202060e-04,-1.322718094726725666e-03,9.547646089520769235e-05,4.051888918237670271e-05,2.649792671210990966e-04,1.264579065957774449e-03,-7.608210812575304551e-13,3.113787397487186774e-13,-3.090964554198435665e-13,1.158859169852485744e-13,3.627707697393537654e-15,-4.206067217618939948e-15,5.783604248701359400e-15,-2.038905420205097001e-15
-1.385381371943654027e-03,4.250811219420608592e-03,-9.196511701590306996e-04,-9.905410899472113020e-04,-1.285121112046073294e-02,-2.456760684493045077e-02,-3.858462375638495138e-03,-3.462057237016074457e-03,-1.618148974854991679e-02,-1.139771374307444883e-04,9.397199882955084224e-03,-2.127511481650965625e-02,3.891942476851193312e-03,-1.677153391947587904e-02,-1.681395491034648568e-04,-1.322718094709869792e-03,9.547646089517856796e-05,4.051888918253366808e-05,2.649792671238233172e-04,1.264579065941554134e-03,-5.300176967587217316e-13,1.858321755154009171e-13,-1.890986997790334757e-13,7.044093258174042289e-14,8.523304587601714775e-16,-3.452274612563141950e-15,5.887230158749675174e-16,-7.265776613007583598e-16
-3.981058678076496854e-05,-8.472851108451582777e-04,-9.805514449136637153e-04,-1.186466230508626896e-03,-1.379655241232323297e-02,-2.163697770956010333e-02,-5.717444545807789935e-03,-3.096975898659590394e-03,-1.667150900117194204e-02,-2.080405389296292699e-03,9.634997131636726872e-03,-2.128635561277136823e-02,4.266072959253342650e-03,-1.678358123037769142e-02,-1.681395491095899757e-04,-1.322718094698605799e-03,9.547646089522451103e-05,4.051888918242043671e-05,2.649792671307272455e-04,1.264579065930644891e-03,-3.444256780689614486e-13,1.018884343735989583e-13,-1.073794548771826584e-13,4.433581127819343937e-14,-3.995175602073787890e-16,-2.794736722192552041e-15,-2.309971848118692570e-15,5.097004792888299541e-16
3.568886823876464185e-04,-5.156685570857399807e-03,-8.335035824975485464e-04,-1.535192163250412214e-03,-1.406467979129748594e-02,-1.818162301779634171e-02,-7.394583104901123090e-03,-5.280698047824418373e-03,-1.465920886873498669e-02,-2.561432507512788510e-03,9.742567481989582515e-03,-2.180259568646688087e-02,4.467248480036264263e-03,-1.692436195323158976e-02,-1.681395491186264213e-04,-1.322718094691802213e-03,9.547646089516001456e-05,4.051888918222589018e-05,2.649792671402594968e-04,1.264579065923776904e-03,-1.997444786593158124e-13,4.509082503265713438e-14,-5.069553782438295516e-14,2.613315921312957744e-14,-6.197588821729122767e-16,-1.869427847440171291e-15,-3.401197950556705158e-15,9.661964295553353323e-16
-1.608248917615770208e-04,-8.205454879875045265e-03,-8.945961742910286561e-04,-1.506773121356194938e-03,-1.363407524573613354e-02,-1.480269864753681712e-02,-6.952420940663151493e-03,-6.152071420525445471e-03,-1.395638323948520700e-02,-4.369181226793254075e-03,9.660403056486450632e-03,-2.207346605355849783e-02,4.559681392492249095e-03,-1.703957795428412067e-02,-1.681395491348275188e-04,-1.322718094688242561e-03,9.547646089509645320e-05,4.051888918211898785e-05,2.649792671568118488e-04,1.264579065920057874e-03,-1.039347795085127491e-13,9.025002342595100824e-15,-1.345669060017374153e-14,1.278935243688394558e-14,-5.453144088780797278e-16,-1.125865100509882204e-15,-3.337687261665758793e-15,9.988728213219700317e-16
-1.191948104629164673e-03,-9.357954353491886729e-03,-7.165291405255943451e-04,-1.219408731699787515e-03,-1.247432305751647492e-02,-1.198480681768989906e-02,-6.402083586385268719e-03,-8.794599735531326984e-03,-1.171316590250471787e-02,-6.553657054769008831e-03,9.595200940843359727e-03,-2.247769621301442047e-02,4.667705596870959199e-03,-1.747538363814243531e-02,-1.681395491448573647e-04,-1.322718094686588285e-03,9.547646089514247759e-05,4.051888918201716771e-05,2.649792671670610287e-04,1.264579065918224922e-03,-3.999581118301430059e-14,-9.896376855368840462e-15,7.044767979658480673e-15,4.141264585611983036e-15,-4.058272018936997905e-16,-4.696479929495339801e-16,-2.743406197134570871e-15,8.023189538015486881e-16
-1.953408694597312187e-03,-6.292065982080255124e-03,-6.569933510438979735e-04,-8.066284195309212767e-04,-1.175694149929658663e-02,-1.264585455000970769e-02,-5.743510461607325562e-03,-9.064998431701842135e-03,-1.160052143871595151e-02,-5.967520175187741513e-03,9.626212942462136421e-03,-2.293052781786643693e-02,4.588910759082176320e-03,-1.770885625158100801e-02,-1.681395491520913243e-04,-1.322718094685839318e-03,9.547646089514181351e-05,4.051888918197224786e-05,2.649792671743959817e-04,1.264579065917376208e-03,-3.596933097204881307e-15,-1.775596212638940051e-14,1.634693614354028196e-14,-1.050435343735193097e-15,-2.453182935733069133e-16,-4.718776441554196974e-17,-1.957154894397455584e-15,5.768489111344431133e-16
-2.716098937010562146e-03,-8.606848695644122443e-04,-7.026701446434928952e-04,-6.133298808041182494e-04,-1.047010284232297896e-02,-1.588478641974147565e-02,-5.717631127129688649e-03,-9.937275182833934378e-03,-1.088461984291384278e-02,-5.484698981089056007e-03,9.701099691070459025e-03,-2.296033019511330847e-02,4.435262238096760769e-03,-1.806596225981161111e-02,-1.681395491557129932e-04,-1.322718094685480014e-03,9.547646089515753444e-05,4.051888918194098896e-05,2.649792671780327210e-04,1.264579065916985462e-03,1.531020907775600007e-14,-1.867609440684597014e-14,1.827719043415096854e-14,-3.611191972822929139e-15,-1.167555456221607529e-16,1.695210535610888897e-16,-1.208635083322646192e-15,3.592898786949833503e-16
-2.512415879235090597e-03,2.317725345552667723e-03,-8.023645589764244641e-04,-6.755259910707212120e-04,-9.988252834661533880e-03,-1.799814493591305950e-02,-6.951209083030146854e-03,-9.693180165370454335e-03,-1.140936558954311342e-02,-2.466674164441668045e-03,1.005507767772929016e-02,-2.298189894083246115e-02,4.202821023127399115e-03,-1.851928339133090268e-02,-1.681395491571852313e-04,-1.322718094685370726e-03,9.547646089517202209e-05,4.051888918193127180e-05,2.649792671794857146e-04,1.264579065916900027e-03,2.267081651168864442e-14,-1.629534013347961045e-14,1.644234693549366758e-14,-4.677177752359482590e-15,-3.991269515488127661e-17,2.743775541503723305e-16,-6.414624714472376332e-16,1.953761740114029944e-16
-3.908773960410783822e-03,2.717026290587162395e-03,-6.292024561182791437e-04,-1.041495508849820707e-03,-7.848887802589204002e-03,-1.845676661633373697e-02,-8.041067420699985965e-03,-8.887161089439670272e-03,-1.227360109784223982e-02,-1.156568126979825705e-03,1.043404970830617666e-02,-2.297238032248580600e-02,4.454673795254259286e-03,-1.869752594273769997e-02,-1.681395491574988368e-04,-1.322718094685182508e-03,9.547646089516260309e-05,4.051888918193957272e-05,2.649792671797816476e-04,1.264579065916751057e-03,2.300581100842330018e-14,-1.249802175489397155e-14,1.286106851205195819e-14,-4.401567809218576328e-15,-3.469057493630485371e-18,2.785462663066591377e-16,-2.164567542321198006e-16,7.558814998516505102e-17
-4.455815408342287190e-03,2.898717929822458052e-03,-2.365592600226712645e-04,-1.099367164592022052e-03,-6.088077588076327984e-03,-1.912093309517615830e-02,-7.222724813290217968e-03,-9.794762052480324166e-03,-1.168977938844264174e-02,5.589615871288403006e-04,1.036527628509509823e-02,-2.310517123021662081e-02,4.472468817314324135e-03,-1.867397108493351957e-02,-1.681395491576045465e-04,-1.322718094685021613e-03,9.547646089515417342e-05,4.051888918195333531e-05,2.649792671798645890e-04,1.264579065916629627e-03,1.927382221527497805e-14,-8.564607218405554985e-15,8.951238181571739300e-15,-3.663551446103684916e-15,1.646287271958702343e-17,2.303268756634813331e-16,4.488407131109432699e-17,-2.791826378827403731e-18
-4.127705675008723138e-03,-3.161806882870103058e-03,-6.392403273475387904e-05,-8.739169524727739098e-04,-5.085505124843596111e-03,-1.391753129095840355e-02,-7.863259957977833392e-03,-9.155540190112682747e-03,-1.265737137248216203e-02,2.048469699397825923e-03,1.034759867020197677e-02,-2.355095927032335376e-02,4.276022031186853430e-03,-1.916527134604440255e-02,-1.681395491574914642e-04,-1.322718094685083629e-03,9.547646089513899459e-05,4.051888918197163800e-05,2.649792671797051029e-04,1.264579065916732409e-03,1.456158738213074299e-14,-5.451929519517740447e-15,5.754121308849020651e-15,-2.895413316863876806e-15,1.736644592614182787e-17,1.645243432594616037e-16,1.521323153996603995e-16,-2.879851458962230829e-17
-4.180566433336329636e-03,-4.006732874993436909e-03,-1.602452419265801363e-04,-1.094651942745703205e-03,-3.579049066745953328e-03,-1.288370379593684750e-02,-3.445953535480565134e-03,-8.606397326302766063e-03,-1.359376360905634705e-02,5.825418561136905780e-03,1.060903410573051445e-02,-2.348069108706394431e-02,4.513630237035219823e-03,-1.906046465646026727e-02,-1.681395491576078262e-04,-1.322718094685169064e-03,9.547646089512815256e-05,4.051888918198366587e-05,2.649792671797715645e-04,1.264579065916849069e-03,9.993279277634941246e-15,-2.936206618941981979e-15,3.128042426855140722e-15,-2.083076530685961644e-15,2.310515428694773236e-17,9.864395406258491548e-17,1.898143407756995049e-16,-4.744315648268634357e-17
-2.554411440289348738e-03,-2.968040020839106397e-03,-1.017035112044367717e-04,-1.015563913579067140e-03,-3.668416031169093646e-03,-1.299738616478469250e-02,-1.665187478467351941e-03,-7.633588300462521362e-03,-1.502758694574178600e-02,5.622141025439700464e-03,1.076076488410870891e-02,-2.392711092464468170e-02,4.478495996148871595e-03,-1.941427406260752553e-02,-1.681395491576252819e-04,-1.322718094685090134e-03,9.547646089512326010e-05,4.051888918199310520e-05,2.649792671797437547e-04,1.264579065916792040e-03,6.919719264980055714e-15,-1.978141919607080889e-15,2.067693246865741718e-15,-1.913827086043511824e-15,2.462386736766234936e-17,5.147444454228521094e-17,1.754416974046010412e-16,-4.762833663926353143e-17
-1.691099716749448582e-03,-1.793315905091694487e-03,-9.946994864453779410e-05,-7.687162441189939171e-04,-3.245361021107535417e-03,-1.308189891393270535e-02,-3.573001847055731674e-04,-8.391419908528525637e-03,-1.472785350927100639e-02,1.309271191446768033e-03,1.105572307589587806e-02,-2.449082317698865474e-02,4.528666089406589539e-03,-2.008161155425299341e-02,-1.681395491573672689e-04,-1.322718094685146730e-03,9.547646089512174222e-05,4.051888918199824839e-05,2.649792671794502612e-04,1.264579065916860345e-03,4.836633568600982018e-15,-1.397258566510585420e-15,1.415195260065797967e-15,-1.640241293683559146e-15,2.506681435344040091e-17,1.783069231100417123e-17,1.410042673839478563e-16,-3.999182927095719164e-17
-7.141602665343687196e-04,-4.117908262303644935e-04,-4.918099939716898475e-04,-6.275441313988111645e-04,-3.118629408555428136e-03,-1.364229578829832291e-02,1.120346530138368246e-03,-1.150562722056149012e-02,-1.186293366014315454e-02,-4.802775353339096276e-03,1.153782248942651981e-02,-2.492077343220835614e-02,4.643809145083005116e-03,-2.024372053247883510e-02,-1.681395491572516929e-04,-1.322718094685204192e-03,9.547646089512263669e-05,4.051888918199914963e-05,2.649792671793116459e-04,1.264579065916923662e-03,3.010450067749211244e-15,-9.023032550124713925e-16,8.760708679159430802e-16,-1.276939155519988269e-15,2.488116615767123554e-17,-4.471613834170528733e-18,9.962433118476920397e-17,-3.056411374734086969e-17
4.407061433238377342e-04,1.667309432674957126e-05,-8.950709541690048555e-04,-7.647722271818608230e-04,-3.732636694900068157e-03,-1.344201829745857169e-02,5.071218938663025078e-04,-1.242202967045795241e-02,-1.101643716550241951e-02,-9.153791951259176995e-03,1.184373228516493771e-02,-2.530402644196887152e-02,4.638646734251125787e-03,-2.033477718341889298e-02,-1.681395491571952873e-04,-1.322718094685258186e-03,9.547646089512395128e-05,4.051888918199757076e-05,2.649792671792412812e-04,1.264579065916981342e-03,1.631786375307964689e-15,-5.174663938906008127e-16,4.640244342073616193e-16,-9.004443513915229280e-16,1.878443025716121405e-17,-1.399873066486465441e-17,6.153590695739921595e-17,-2.001439717937515571e-17
-2.606736276534742276e-03,-3.138320110124998962e-03,-1.259244426878822296e-03,-9.149797159138323491e-04,-6.675002208923210521e-04,-9.852026706359552286e-03,2.983271342083059592e-04,-9.184930706249837262e-03,-1.426167305822932663e-02,-1.073167828474742500e-02,1.191747668512249149e-02,-2.554428684684965922e-02,4.842320575828390830e-03,-2.031695589021577722e-02,-1.681395491571546297e-04,-1.322718094685305240e-03,9.547646089512397839e-05,4.051888918199631037e-05,2.649792671791928716e-04,1.264579065917030998e-03,7.212130498487165764e-16,-2.527654026059525519e-16,1.896629240194613519e-16,-5.764166131973630244e-16,1.298568714714193865e-17,-1.602295570516560796e-17,2.978666564509998058e-17,-1.136527886555730802e-17
-1.154772137612927654e-03,1.506895993207001301e-04,-1.150627213072891565e-03,-7.198066688914716432e-04,-1.325974028504297610e-03,-1.226238886599129337e-02,-1.370716958789267720e-03,-6.211573308717931174e-03,-1.713765962723088829e-02,-7.185707093409000532e-03,1.186186041163132289e-02,-2.579126943790910689e-02,4.889830287635068932e-03,-2.065687063637084916e-02,-1.681395491571448719e-04,-1.322718094685326490e-03,9.547646089512485930e-05,4.051888918199658142e-05,2.649792671791785601e-04,1.264579065917054200e-03,1.613207496792679796e-16,-8.259506067222390380e-17,2.536653153041686857e-17,-3.160860361986360817e-16,7.634239588812728424e-18,-1.413522677125811634e-17,8.511658909031278976e-18,-5.356207366714251205e-18
-4.111974688096957896e-04,1.889870603998136103e-03,-1.046731847786705168e-03,-5.438700155779513726e-04,-1.526744313793847261e-03,-1.390801811598369776e-02,-5.752576518794670982e-03,-4.551233521035678159e-03,-1.929244228499220337e-02,-6.443735121386744320e-03,1.145774481233350836e-02,-2.610521411647920981e-02,4.749293344137858752e-03,-2.091996050705499655e-02,-1.681395491571399117e-04,-1.322718094685336248e-03,9.547646089512525232e-05,4.051888918199662208e-05,2.649792671791713502e-04,1.264579065917064826e-03,-1.410055170252149096e-16,1.425021118794536253e-17,-5.693309114293687595e-17,-1.345223502125200751e-16,3.549828937956103551e-18,-1.065065103834791442e-17,-3.481242024841877711e-18,-1.671453976132769147e-18
3.467800348199460633e-04,1.156396997431014158e-03,-1.269920862095096819e-03,-4.247835984886901678e-04,-2.141845420218878651e-03,-1.367643655673988178e-02,-6.118579966140452221e-03,-4.199737767844491376e-03,-1.985043844829525658e-02,-8.468369072001024830e-03,1.157448112596421927e-02,-2.624084873152371378e-02,4.536579343978239774e-03,-2.097730858971603302e-02,-1.681395491571374180e-04,-1.322718094685342320e-03,9.547646089512545561e-05,4.051888918199662886e-05,2.649792671791676639e-04,1.264579065917071331e-03,-2.684616394911933724e-16,6.067366763219335450e-17,-8.728753050982185600e-17,-2.222121878627460677e-17,7.893048733539302476e-19,-7.056629863447945292e-18,-8.918544385619927907e-18,3.754311477218706915e-19
-1.540144559779898234e-03,1.531687575511782654e-03,-1.010073632328038675e-03,-2.411870914673347845e-04,-3.747857103880427535e-04,-1.431511387297078677e-02,-2.174604246427145303e-03,-2.267246732583291444e-03,-2.196428066414079366e-02,-7.299467041859480747e-03,1.185830006156841400e-02,-2.642268922685757707e-02,4.557958844066032321e-03,-2.106533404814064925e-02,-1.681395491571365777e-04,-1.322718094685344922e-03,9.547646089512552337e-05,4.051888918199661531e-05,2.649792671791661460e-04,1.264579065917074150e-03,-2.908214535579795657e-16,7.355964972825682668e-17,-8.662089530652626641e-17,3.808298204113632538e-17,-7.513754891383133682e-19,-4.149738562919127527e-18,-1.006414442530757965e-17,1.193963729735413986e-18
-4.455238192085692224e-03,-2.445819605136192142e-03,-8.439209364753708391e-04,-2.213666403732466659e-04,2.467043247662592184e-03,-1.091426357172290904e-02,-3.883120133238349061e-04,-3.511389619168359556e-03,-2.099880478954562965e-02,-7.856182315571301478e-03,1.203543790397308515e-02,-2.669504875570461247e-02,4.598553783065383385e-03,-2.143161852371212525e-02,-1.681395491571416193e-04,-1.322718094685345356e-03,9.547646089512569956e-05,4.051888918199664919e-05,2.649792671791710791e-04,1.264579065917074367e-03,-2.584747312311242580e-16,7.006627401273112587e-17,-7.383204596086133678e-17,6.397414783611829812e-17,-1.323776202102506196e-18,-1.872658046694331116e-18,-8.869387892723778912e-18,1.566704840770315403e-18
-3.902295875417993373e-03,-4.934709244144587156e-03,-9.812596072644222921e-04,-4.781570460562755429e-04,2.808804923142763435e-03,-8.369382257656205262e-03,5.247064537288259958e-03,-2.847426835288139127e-03,-2.211659284879371676e-02,-8.237918878751079171e-03,1.199166124625943540e-02,-2.683380851727143468e-02,4.598407240654190688e-03,-2.152632069110843246e-02,-1.681395491571456850e-04,-1.322718094685345572e-03,9.547646089512559114e-05,4.051888918199655432e-05,2.649792671791755786e-04,1.264579065917074367e-03,-2.049160718022353735e-16,5.648078222620086511e-17,-5.477620791259539087e-17,6.704695974794324241e-17,-1.331820154061262802e-18,-3.255886215293394170e-19,-6.759558539314601210e-18,1.463479782599222215e-18
-4.643189414974462602e-03,-4.627112275734527290e-03,-1.070817240347195654e-03,-7.104273641549378867e-04,4.554262885102385375e-03,-7.754776047949591029e-03,6.825766610679646212e-03,-3.662026386779451866e-03,-2.177034415365021111e-02,-8.901965272127294188e-03,1.226739095332445191e-02,-2.684118005778607027e-02,4.905663265040654565e-03,-2.215041335270488687e-02,-1.681395491571446008e-04,-1.322718094685346223e-03,9.547646089512560469e-05,4.051888918199672373e-05,2.649792671791749822e-04,1.264579065917075017e-03,-1.498769468514989356e-16,4.360754719989894517e-17,-3.944695531198282624e-17,6.022531947320563835e-17,-1.046084938886878812e-18,3.342049487201850507e-19,-4.494779304046513714e-18,1.086308506776829245e-18
-1.941863997007900987e-03,-4.066098508079768123e-03,-6.219328387203200371e-04,-3.538219336842464945e-04,3.291904337597457812e-03,-6.805963129026483885e-03,8.508719984905288927e-03,-1.664080905924401974e-03,-2.402535096502732628e-02,-3.024208766013836147e-03,1.264028703934874653e-02,-2.672296613008954408e-02,5.508927852202088679e-03,-2.234130794205053255e-02,-1.681395491571421343e-04,-1.322718094685347090e-03,9.547646089512564535e-05,4.051888918199680504e-05,2.649792671791729765e-04,1.264579065917075668e-03,-1.006876102298816129e-16,3.042465863983272352e-17,-2.578264170321471764e-17,4.716325550781864867e-17,-7.574786967501844373e-19,5.205606354417901215e-19,-2.578125998729542783e-18,5.945532744319768210e-19
1.408451121245940171e-03,-1.915474493716740143e-03,-2.909621880420421394e-04,-3.057490123259232846e-04,1.191216916749729664e-03,-7.054620823218376441e-03,5.830011724465272022e-03,-2.554528985169241678e-03,-2.351182084391781335e-02,-2.403672285307542275e-05,1.322614637715117426e-02,-2.708554432666664818e-02,6.091339971332120941e-03,-2.224321208855429416e-02,-1.681395491571373096e-04,-1.322718094685347307e-03,9.547646089512574021e-05,4.051888918199674406e-05,2.649792671791684770e-04,1.264579065917075884e-03,-6.087998201835741796e-17,2.197984570842422724e-17,-1.809607121462551962e-17,3.626896828362390094e-17,-3.918039659309422354e-19,4.502092145082488798e-19,-1.184233691475363850e-18,3.391183264671617413e-19
3.372514767204724730e-03,7.333111652744017488e-04,-1.141347161303675733e-05,-4.183856058106261242e-04,-2.741770957598989398e-04,-8.225275456275731381e-03,6.504642740587613520e-03,-5.805234916137541092e-03,-2.052139929178057459e-02,4.095848736494307404e-03,1.333739078631229757e-02,-2.808993184178653138e-02,6.068327348179964990e-03,-2.243333756530461326e-02,-1.681395491571339757e-04,-1.322718094685348608e-03,9.547646089512576732e-05,4.051888918199669662e-05,2.649792671791653328e-04,1.264579065917077185e-03,-3.274378987658018927e-17,1.627752161935813488e-17,-1.365128146131771526e-17,2.860426363084958143e-17,-1.863136247669249357e-19,3.373286950841715133e-19,-3.258638867291119722e-19,1.692692090168898189e-19
9.383955330738913067e-05,9.281386603830119562e-04,2.030344180527343244e-04,-2.611679148795765853e-04,2.527997304049974144e-03,-7.717836216072005394e-03,5.207185462737363643e-03,-6.011838245147519723e-03,-2.066290718738524740e-02,7.203008782958325237e-03,1.320016222749692894e-02,-2.861163731931721382e-02,6.008989973365512494e-03,-2.249330360688033686e-02,-1.681395491571330270e-04,-1.322718094685349042e-03,9.547646089512580798e-05,4.051888918199668307e-05,2.649792671791644655e-04,1.264579065917077619e-03,-1.398771670408807251e-17,1.130501150962960899e-17,-9.882880008308078660e-18,2.072923764787563288e-17,-2.495062490219965799e-20,2.212264682689161400e-19,1.508040076104162437e-19,5.201795187923839950e-20
4.869707714426216240e-04,-3.461789126918875855e-03,3.601634282114518529e-04,-3.105620048717529160e-04,2.004162627627938207e-03,-3.127707292454831589e-03,1.094583514557130946e-03,-5.342189297335334097e-03,-2.216202886416370268e-02,9.049100582835395423e-03,1.257343081927761279e-02,-2.934043875098555840e-02,5.662527348117315888e-03,-2.256436117515479151e-02,-1.681395491571323223e-04,-1.322718094685348825e-03,9.547646089512584863e-05,4.051888918199668984e-05,2.649792671791638150e-04,1.264579065917077619e-03,-2.781612074761080814e-18,7.444860802015078228e-18,-6.994833181542939038e-18,1.393093811465293948e-17,8.505731240525495958e-20,9.725149110896944129e-20,3.821818087571994539e-19,-1.765502574016935752e-20
1.877608411677283854e-03,-7.247505197022932263e-03,2.827918008184928549e-04,-3.384119356971959365e-04,4.749875397569215153e-04,1.292645531529945310e-03,-3.317524327432245894e-03,-6.138027385991244936e-03,-2.169156815786629430e-02,7.448232641961659121e-03,1.210429231126799836e-02,-2.991783306687621422e-02,5.274365836832000873e-03,-2.327351083625707473e-02,-1.681395491571318886e-04,-1.322718094685348608e-03,9.547646089512587574e-05,4.051888918199667629e-05,2.649792671791634355e-04,1.264579065917077402e-03,3.064183353064048959e-18,4.523471965561599678e-18,-4.763947302543661567e-18,8.560358496537971975e-18,1.400637965686108431e-19,9.515532901729259160e-21,4.145830446847440793e-19,-3.881991101279457153e-20
-1.799335191668127330e-03,-1.177446644174010015e-02,4.084706135362079198e-04,-4.421988291058331260e-04,3.796342971996663138e-03,7.552072130117343067e-03,-6.874888346808854210e-03,-4.753270473534291184e-03,-2.343373688991553724e-02,1.035027033651697223e-02,1.222853468136768026e-02,-3.058126799624548767e-02,4.907402395999018244e-03,-2.421426766696187574e-02,-1.681395491571317802e-04,-1.322718094685348608e-03,9.547646089512588929e-05,4.051888918199666952e-05,2.649792671791633271e-04,1.264579065917077402e-03,5.508465136814875205e-18,2.386792431150913495e-18,-3.022495496419047368e-18,4.689820405480771237e-18,1.385069944796667975e-19,-4.056029846459617029e-20,3.621122643041401306e-19,-4.843813976368543701e-20
-2.137653878700631130e-03,-6.547002914662003806e-03,2.858596404267899028e-04,-3.406878833540499547e-04,4.145842497527285272e-03,5.273131813036511725e-03,-5.671792782537227011e-03,-3.801871469216389771e-03,-2.452881926844429142e-02,1.054945629737373547e-02,1.252572063353217351e-02,-3.117964798719290165e-02,4.893483474739145252e-03,-2.455018382366119800e-02,-1.681395491571317530e-04,-1.322718094685348825e-03,9.547646089512588929e-05,4.051888918199666274e-05,2.649792671791633271e-04,1.264579065917077619e-03,5.925745470591860294e-18,9.761644413786940467e-19,-1.765746539075480951e-18,2.122383584996659030e-18,1.205919599742307989e-19,-5.603835270097408946e-20,2.764176287808489676e-19,-4.159906206113879199e-20
-9.330864595929705234e-04,-4.436986707267637220e-03,3.924919383674844845e-04,-1.730225919969405075e-04,3.644179390535309381e-03,6.091366372628070729e-03,-3.485389340793563703e-03,-5.931808625455985834e-03,-2.283350745397452752e-02,1.103534833855012234e-02,1.292129991487258982e-02,-3.116059627497817439e-02,4.620360456679351892e-03,-2.477811618547494030e-02,-1.681395491571317259e-04,-1.322718094685348825e-03,9.547646089512588929e-05,4.051888918199666274e-05,2.649792671791633271e-04,1.264579065917077619e-03,5.165600003265268313e-18,1.134774301911194067e-19,-8.786117024370383537e-19,5.106519649012395163e-19,8.963217882763033449e-20,-5.472666765931050819e-20,1.849244303355337076e-19,-3.392865778791972099e-20
-2.145780317381240122e-03,-6.179889705020102236e-04,6.554450861224180589e-04,3.473864867936989759e-04,5.830573576632332514e-03,4.247593593121169395e-03,-3.201737639054198087e-03,-8.103078800185199021e-03,-2.117482864281779176e-02,9.142790202097822450e-03,1.277107833382417311e-02,-3.125738058929760504e-02,4.940457748648149211e-03,-2.482046055672862059e-02,-1.681395491571316988e-04,-1.322718094685348825e-03,9.547646089512588929e-05,4.051888918199666274e-05,2.649792671791633271e-04,1.264579065917077619e-03,3.935370619167328638e-18,-3.557864813489456423e-19,-2.839685269246916364e-19,-3.731875596329604124e-19,5.965510627677636310e-20,-4.428461635412125495e-20,1.062162744231257996e-19,-2.479142262608392240e-20
-1.699469054740947562e-03,-9.121399000058063884e-04,1.056600665923763168e-03,9.747040607612757418e-04,6.256280646896954754e-03,5.671343167971181799e-03,-1.424442887365699306e-03,-1.267580739201641660e-02,-1.667571678752926764e-02,3.647225371380928213e-03,1.305558656912036986e-02,-3.124275788597264195e-02,5.538467263765616162e-03,-2.438472451950715603e-02,-1.681395491571316717e-04,-1.322718094685348825e-03,9.547646089512588929e-05,4.051888918199666274e-05,2.649792671791633271e-04,1.264579065917077619e-03,2.689708894592049800e-18,-5.184605020639029879e-19,4.326002795478428168e-20,-7.605067274996238265e-19,3.503013148677400657e-20,-3.130881571572660534e-20,4.828507998932383176e-20,-1.705500999579505241e-20
-2.533045757487116696e-03,-3.035004564954146616e-04,1.199541755266072922e-03,1.211974919065461967e-03,7.737598111390465473e-03,5.941650031573766748e-03,-4.146143407929229162e-03,-1.010076673352029719e-02,-1.918335003345376932e-02,-1.004225764334818610e-04,1.334462812336675852e-02,-3.137358678593702571e-02,5.963148915469448225e-03,-2.465938828155271947e-02,-1.681395491571316717e-04,-1.322718094685348825e-03,9.547646089512588929e-05,4.051888918199666274e-05,2.649792671791633271e-04,1.264579065917077619e-03,1.752715207511534673e-18,-5.655010817384058547e-19,2.476673975129739458e-19,-8.563379897595825758e-19,1.850284133561902158e-20,-1.756328663442687538e-20,1.012955334345735082e-20,-8.939129422993509421e-21
-1.648883732996396295e-03,2.762992317554052637e-03,1.547277020515787751e-03,1.456584563106692702e-03,7.600269756774927221e-03,3.537350181472708691e-03,-8.219326861055729211e-03,-8.069622285041377907e-03,-2.128573537946713487e-02,-4.228396671999400287e-03,1.309627979584614826e-02,-3.163207559749282860e-02,5.670063987398618090e-03,-2.495563838094871228e-02,-1.681395491571316717e-04,-1.322718094685348825e-03,9.547646089512588929e-05,4.051888918199666274e-05,2.649792671791633271e-04,1.264579065917077619e-03,1.023043764407820754e-18,-5.131654301032779952e-19,3.293817799333040414e-19,-7.695199441130558474e-19,6.435947671909135885e-21,-7.534705798607401299e-21,-1.104603036291504185e-20,-2.509460173570029931e-21
4.995567687524711444e-04,-3.029577849253273919e-04,1.597005051185142795e-03,1.252165486032360371e-03,6.245969459288451542e-03,6.653883180871527150e-03,-1.317589190291649712e-02,-7.543422652421178862e-03,-2.180752050153700675e-02,-1.958568724270767867e-03,1.283739895622638787e-02,-3.204264997437447637e-02,5.915857805715288818e-03,-2.529643448480108428e-02,-1.681395491571316717e-04,-1.322718094685348825e-03,9.547646089512588929e-05,4.051888918199666274e-05,2.649792671791633271e-04,1.264579065917077619e-03,5.071447236942679232e-19,-4.107164383489924106e-19,3.298702389161548268e-19,-6.051853928699793981e-19,-1.340876242354648086e-21,-6.936532151037554556e-22,-1.979227744291513758e-20,1.104520380513229727e-21
2.366624119024140702e-03,-1.946828926450073181e-03,6.767291748265860879e-04,1.193905527403642339e-03,5.038370943182750999e-03,8.463434385331381968e-03,-1.409291361632829427e-02,-7.867158554694315617e-03,-2.160962015750798187e-02,3.193652666180877338e-03,1.273390374348615413e-02,-3.238591241198237464e-02,5.861414318840544799e-03,-2.545124768689830883e-02,-1.681395491571316717e-04,-1.322718094685348825e-03,9.547646089512588929e-05,4.051888918199666274e-05,2.649792671791633271e-04,1.264579065917077619e-03,1.685616811583737468e-19,-2.891776099371118285e-19,2.789857534205776744e-19,-4.236029826074624490e-19,-5.573529474587367720e-21,3.606515447244648033e-21,-2.043371737541309825e-20,2.214309613205078665e-21
3.754847210592480479e-03,-1.333061409515294690e-03,5.253471667975680636e-04,1.370066595064945748e-03,3.578493861517374666e-03,8.143389746270952162e-03,-1.333653230512728619e-02,-1.047007134277610357e-02,-1.931770020074492084e-02,1.928947354335097805e-03,1.315015557019832970e-02,-3.272275764144685212e-02,6.048468833177174375e-03,-2.561772678478286408e-02,-1.681395491571316717e-04,-1.322718094685348825e-03,9.547646089512588929e-05,4.051888918199666274e-05,2.649792671791633271e-04,1.264579065917077619e-03,-2.719322940536245522e-20,-1.857519671606499595e-19,2.172864950824160253e-19,-2.754029751714300731e-19,-7.014491923293329335e-21,5.452680276172188731e-21,-1.722307640971609686e-20,2.514138377373978556e-21
2.748854265134862210e-03,-2.826641764868123661e-03,5.454702094984697266e-04,1.457898732905040916e-03,3.865160080177593160e-03,1.001595059355794327e-02,-1.241693917393052807e-02,-1.393559214157417785e-02,-1.592117267036770659e-02,-4.368868635115507205e-04,1.380470534189088411e-02,-3.297683884243974434e-02,6.540230023924654967e-03,-2.599988144882620783e-02,-1.681395491571316717e-04,-1.322718094685348825e-03,9.547646089512588929e-05,4.051888918199666274e-05,2.649792671791633271e-04,1.264579065917077619e-03,-1.132042150114862776e-19,-1.146428872711593605e-19,1.647417857256290885e-19,-1.728533311039804309e-19,-6.275768436348615829e-21,5.388845216035443079e-21,-1.275624211383579766e-20,2.340218320185160932e-21
-3.465146660460069993e-04,-1.739227754382186150e-03,9.127931190408464755e-04,1.678300690342920173e-03,6.146042878784889474e-03,9.653214484640586582e-03,-9.567195099500302655e-03,-1.663409905506087888e-02,-1.331979421678946077e-02,-5.242469080956871016e-03,1.431086145059616219e-02,-3.288286145862755888e-02,6.997798546646796791e-03,-2.644128418297305230e-02,-1.681395491571316717e-04,-1.322718094685348825e-03,9.547646089512588929e-05,4.051888918199666274e-05,2.649792671791633271e-04,1.264579065917077619e-03,-1.366725586798313824e-19,-6.136367783697598338e-20,1.142412354888226146e-19,-9.678587973305172731e-20,-4.838376432101191594e-21,4.520342611944179924e-21,-8.358170170087308133e-21,1.545495500175280916e-21
-3.707149426829725071e-03,7.707040641637007052e-04,1.275194560738601062e-03,2.176791334907421209e-03,9.910340634221526113e-03,8.008795747718405397e-03,-1.043651179398921366e-02,-1.597598589581392808e-02,-1.360224109484243701e-02,-4.299060435482111690e-03,1.495741503590396378e-02,-3.232109577644474291e-02,7.567385172488201063e-03,-2.578991414183605391e-02,-1.681395491571316717e-04,-1.322718094685348825e-03,9.547646089512588929e-05,4.051888918199666274e-05,2.649792671791633271e-04,1.264579065917077619e-03,-1.264977336622377721e-19,-2.348266290046579793e-20,6.992475689346748404e-20,-4.318700193567776059e-20,-3.259241918122798629e-21,3.320876929722290408e-21,-4.668749308801493126e-21,9.429927074007766861e-22
-2.349476769502756301e-03,-1.201880396012040657e-04,8.881294990346823726e-04,2.228397748500973458e-03,9.730451087813058245e-03,9.359629358612255728e-03,-1.211942776156913447e-02,-1.537890455316743427e-02,-1.423504926811619553e-02,-2.289503866207065301e-03,1.525725139311013591e-02,-3.200196673950483905e-02,7.760644752560393912e-03,-2.566723842305314654e-02,-1.681395491571316717e-04,-1.322718094685348825e-03,9.547646089512588929e-05,4.051888918199666274e-05,2.649792671791633271e-04,1.264579065917077619e-03,-1.011894498335297149e-19,-3.999527554546808457e-23,3.619786504888704602e-20,-9.465411858848832016e-21,-1.825576563946533475e-21,2.174824766996634403e-21,-2.033339481625243355e-21,4.246368801652467999e-22
-3.362665779967107318e-03,-2.797427262970315128e-03,2.995210886784617846e-04,1.969484944313707603e-03,1.221138785166208870e-02,1.231673731590405933e-02,-1.072472092129849765e-02,-1.716299584057548455e-02,-1.304900846395165744e-02,-5.550233957410623774e-03,1.525918368274123763e-02,-3.234905808963079582e-02,7.563308617313331886e-03,-2.614468923444614179e-02,-1.681395491571316717e-04,-1.322718094685348825e-03,9.547646089512588929e-05,4.051888918199666274e-05,2.649792671791633271e-04,1.264579065917077619e-03,-7.207472534525293085e-20,1.191082493697632997e-20,1.344731285610374366e-20,8.745841650985217225e-21,-7.898970331652379776e-22,1.212298189814003397e-21,-3.249176025351486194e-22,1.013571431729194110e-22
-2.748464042289428411e-03,-6.597891166156593518e-03,-2.458977179663774520e-04,1.560882350887830491e-03,1.297115761496825739e-02,1.659406797176445764e-02,-6.160978124513527207e-03,-1.954859261545474625e-02,-1.118993203643772576e-02,-1.042885633314932954e-03,1.439345558131068653e-02,-3.300271246288718346e-02,6.659576721767252253e-03,-2.653927476776193894e-02,-1.681395491571316717e-04,-1.322718094685348825e-03,9.547646089512588929e-05,4.051888918199666274e-05,2.649792671791633271e-04,1.264579065917077619e-03,-4.631229705075266259e-20,1.620895368485080317e-20,-3.043854643147498692e-22,1.640792989055548998e-20,-1.934431773808118445e-22,5.089014004206377425e-22,5.701849601697924097e-22,-8.042158359589296606e-23
-1.541529010063825240e-03,-7.889375524798316469e-03,-4.608873547660203738e-04,1.336281887251675703e-03,1.264384271219160145e-02,1.952772286446194383e-02,-5.399085837187581061e-03,-1.826677067035717417e-02,-1.293715282488859010e-02,3.378697883835513407e-04,1.391644140639949033e-02,-3.335257955879020186e-02,6.445281692904508697e-03,-2.707585861145981113e-02,-1.681395491571316717e-04,-1.322718094685348825e-03,9.547646089512588929e-05,4.051888918199666274e-05,2.649792671791633271e-04,1.264579065917077619e-03,-2.684204763184950732e-20,1.610622963883500566e-20,-7.461486376579690460e-21,1.762518896870591822e-20,1.090838827592338788e-22,6.524463540543721775e-23,9.399152545669301056e-22,-1.622994117730227522e-22
-1.423237198381226750e-04,-6.619663805794427300e-03,-2.367614121935336104e-04,1.212053537979739144e-03,1.215847334421163960e-02,2.061905452572182149e-02,-5.863990966372488456e-03,-1.468272325414089752e-02,-1.728041553850690609e-02,1.872036431630567542e-03,1.374052645149248519e-02,-3.370079453751050058e-02,5.837937977424930563e-03,-2.744071105671423011e-02,-1.681395491571316717e-04,-1.322718094685348825e-03,9.547646089512588929e-05,4.051888918199666274e-05,2.649792671791633271e-04,1.264579065917077619e-03,-1.305215442763010481e-20,1.354426285770439036e-20,-9.972622496504637873e-21,1.542691839498002063e-20,2.459248111727140344e-22,-1.928140610621977010e-22,9.478310523063773662e-22,-1.612308187039396851e-22
-1.548897711085793797e-03,-6.315261707760405803e-03,-6.170100799292135060e-04,8.605214606924598171e-04,1.419770958181969939e-02,2.276451078489121274e-02,-7.152891243814799710e-03,-1.167664205273061598e-02,-2.079679404674619411e-02,1.521324315214180392e-03,1.439304010443162932e-02,-3.439862993308555328e-02,5.945630546819572620e-03,-2.796134679541453436e-02,-1.681395491571316717e-04,-1.322718094685348825e-03,9.547646089512588929e-05,4.051888918199666274e-05,2.649792671791633271e-04,1.264579065917077619e-03,-4.297401285821983849e-21,1.034227658345647238e-20,-9.997328856102233909e-21,1.201722654606442903e-20,2.564261975417148112e-22,-2.859590749551116290e-22,8.108279958099847919e-22,-1.514395665894301859e-22
-2.695159828041853757e-04,-5.971360490551472916e-03,-4.655726949596907405e-04,9.088757651361386528e-04,1.373097310406471393e-02,2.465427750046304475e-02,-8.125465754668085086e-03,-1.113621737459311901e-02,-2.152198690991842869e-02,1.047170230219101206e-03,1.496622230670797971e-02,-3.487630153084651796e-02,6.452216747144575576e-03,-2.804485506787628146e-02,-1.681395491571316717e-04,-1.322718094685348825e-03,9.547646089512588929e-05,4.051888918199666274e-05,2.649792671791633271e-04,1.264579065917077619e-03,7.087976256147580558e-22,7.044709947700569865e-21,-8.483237525818813508e-21,8.446164242318817263e-21,2.146748221306702069e-22,-2.796758912786161197e-22,5.971128205962551362e-22,-1.181130599542558137e-22
1.335101157068127164e-04,-1.051811477983618202e-02,2.408540881177297826e-04,7.739890484706097879e-04,1.404292327499827124e-02,3.141507405278769899e-02,-1.098930502092830552e-02,-9.653651087745032666e-03,-2.304584558392601401e-02,4.554046527681035114e-03,1.525861664136590919e-02,-3.566546628425976140e-02,6.963770727646554325e-03,-2.852093898541537345e-02,-1.681395491571316717e-04,-1.322718094685348825e-03,9.547646089512588929e-05,4.051888918199666274e-05,2.649792671791633271e-04,1.264579065917077619e-03,3.075170064058131882e-21,4.232437778871542956e-21,-6.412173594651084794e-21,5.361766222613176745e-21,1.606791503131278633e-22,-2.358881299921053329e-22,3.870260770167159803e-22,-8.002759917983234481e-23
-3.385788437203827539e-04,-7.378397825205919303e-03,7.956033071518547103e-04,1.180560103916231075e-03,1.521165289359635055e-02,3.143773203232527041e-02,-1.000608180423357384e-02,-4.840642840751887416e-03,-2.812042606725131261e-02,5.497619116940438699e-03,1.601004098348453308e-02,-3.582197447741645308e-02,7.516103317734976891e-03,-2.873937668977558438e-02,-1.681395491571316717e-04,-1.322718094685348825e-03,9.547646089512588929e-05,4.051888918199666274e-05,2.649792671791633271e-04,1.264579065917077619e-03,3.742126343953296465e-21,2.250247537424502927e-21,-4.509164767602108019e-21,3.154628956477232229e-21,1.114440812540761370e-22,-1.745461040748595803e-22,2.243114432549623571e-22,-4.587215747448778401e-23
9.298786042701155836e-04,-4.469998212889731218e-03,1.490302359202736121e-03,1.610726863745996643e-03,1.453841392027139558e-02,3.147223052625318374e-02,-7.515040657130333396e-03,-5.351977035385436718e-03,-2.797835153474744624e-02,7.284777042419681575e-03,1.608825712950489803e-02,-3.580520549638867289e-02,7.460668443768775360e-03,-2.875945842703655012e-02,-1.681395491571316717e-04,-1.322718094685348825e-03,9.547646089512588929e-05,4.051888918199666274e-05,2.649792671791633271e-04,1.264579065917077619e-03,3.490763550607141915e-21,8.936439483106298707e-22,-2.859658089223005700e-21,1.698833301959770849e-21,6.762562562480773466e-23,-1.149054848316042077e-22,1.051450237546449156e-22,-1.881366576685478776e-23
1.362823504580550939e-04,6.588673544504972113e-04,1.696382666364355373e-03,1.269933148227282444e-03,1.559520136706163407e-02,2.873165852336444573e-02,-1.569607179747661840e-03,-5.668797790016149446e-03,-2.831878351919499270e-02,7.315841369777170700e-03,1.643202335267207950e-02,-3.537485095899735310e-02,7.332473559847904089e-03,-2.877295083002149104e-02,-1.681395491571316717e-04,-1.322718094685348825e-03,9.547646089512588929e-05,4.051888918199666274e-05,2.649792671791633271e-04,1.264579065917077619e-03,2.837455924311695908e-21,8.981766722280547313e-23,-1.605314244586856876e-21,7.370522870921223794e-22,3.637270509560906502e-23,-6.825571858118971527e-23,3.305068188170418391e-23,-8.812628841035392166e-25
-5.075479596419628023e-03,3.447260061530070703e-03,1.531784942190336177e-03,1.269888652580325548e-03,2.076807564984660751e-02,2.716957321548677320e-02,3.357497663000395989e-03,-2.284059329870475295e-03,-3.239634799378155600e-02,7.849636720001900228e-03,1.637193284843175070e-02,-3.535655915193923471e-02,7.738817732820467768e-03,-2.897965190434693625e-02,-1.681395491571316717e-04,-1.322718094685348825e-03,9.547646089512588929e-05,4.051888918199666274e-05,2.649792671791633271e-04,1.264579065917077619e-03,2.063847096967717456e-21,-3.178744873204552424e-22,-7.298645157118254619e-22,1.506288123029460452e-22,1.511937792117822035e-23,-3.577655230629989475e-23,-7.078740048143511547e-24,8.422621981647846994e-24
-6.870076708732888483e-03,3.978609214460155502e-03,1.238970685760818835e-03,1.365134775120946213e-03,2.339997658921813897e-02,2.659097067305261908e-02,6.586870147522599916e-03,-6.051322241093158930e-03,-2.908281854503576291e-02,7.051247082998934185e-03,1.628234838918929742e-02,-3.600727495333521516e-02,8.193431491885344239e-03,-2.935972898787872487e-02,-1.681395491571316717e-04,-1.322718094685348825e-03,9.547646089512588929e-05,4.051888918199666274e-05,2.649792671791633271e-04,1.264579065917077619e-03,1.460233168847849016e-21,-4.771261540904644491e-22,-1.626989133509575537e-22,-1.612506984107109611e-22,2.140255941320223987e-24,-1.375594757992176642e-23,-2.542085738497708300e-23,1.168362612291644084e-23
-4.535965813190890802e-03,5.465734748469549230e-03,6.006524059069971635e-04,1.649415788061733921e-03,2.254957994255627624e-02,2.459713565830558279e-02,5.255803041538750602e-03,-9.897734911250682596e-03,-2.569631792846070392e-02,4.940398752673250474e-03,1.634500553943557880e-02,-3.610628218672581879e-02,8.409831262405895180e-03,-2.971833898785929129e-02,-1.681395491571316717e-04,-1.322718094685348825e-03,9.547646089512588929e-05,4.051888918199666274e-05,2.649792671791633271e-04,1.264579065917077619e-03,9.537399119854528075e-22,-4.880534701967816548e-22,1.590813088110463646e-22,-2.973872317421934575e-22,-5.078520461056679234e-24,-1.377343727014281088e-24,-2.940977200683904307e-23,1.184894286433726708e-23
-2.955381542669480513e-03,4.566902025464869216e-03,-1.776920047762099372e-05,1.404689337633065367e-03,2.250852214819199296e-02,2.475788167569623055e-02,4.619657782335099584e-03,-1.570202533602351250e-02,-2.078093187108808956e-02,3.609726843973819817e-03,1.609652168562933361e-02,-3.627156574907811765e-02,8.015676353104527613e-03,-3.005916228819935018e-02,-1.681395491571316717e-04,-1.322718094685348825e-03,9.547646089512588929e-05,4.051888918199666274e-05,2.649792671791633271e-04,1.264579065917077619e-03,5.948882673963637866e-22,-4.153337586086174049e-22,2.972560914787663839e-22,-3.226320075270314734e-22,-7.594609309942170707e-24,5.067037020486227494e-24,-2.614370690240188272e-23,9.668877431452815498e-24
-1.816832769979496607e-03,6.957732636227050536e-03,-9.455341381917997364e-05,1.292706835806100131e-03,2.259909028391609079e-02,2.076242277356012134e-02,2.977802149868687218e-03,-1.459787134585921811e-02,-2.245777317497778258e-02,1.899990592081213757e-03,1.629636443747369684e-02,-3.643007329383874532e-02,7.723568846324350111e-03,-2.981643122926418144e-02,-1.681395491571316717e-04,-1.322718094685348825e-03,9.547646089512588929e-05,4.051888918199666274e-05,2.649792671791633271e-04,1.264579065917077619e-03,3.416774903039658572e-22,-3.181051086375417116e-22,3.248115473206826612e-22,-2.824036742284625886e-22,-7.297487871085863829e-24,7.910258663746077105e-24,-1.982724846997592658e-23,7.611769615695700158e-24
-9.688709169301046916e-04,7.252983668109182734e-03,-1.074686129543394881e-04,9.536662272534610985e-04,2.286931761494602477e-02,1.839711778891369928e-02,2.210618537166867542e-03,-1.251401643489172613e-02,-2.482739838458278975e-02,1.503274026599086188e-03,1.645897320609480269e-02,-3.636177065618906301e-02,7.515305253545251536e-03,-2.965316547886249349e-02,-1.681395491571316717e-04,-1.322718094685348825e-03,9.547646089512588929e-05,4.051888918199666274e-05,2.649792671791633271e-04,1.264579065917077619e-03,1.778363762191605572e-22,-2.193510671912795070e-22,2.878939274918296553e-22,-2.205351609058462929e-22,-6.232114628023035523e-24,8.248888909579313676e-24,-1.342523501080440559e-23,5.424745783887024734e-24
1.467942445630595000e-03,9.244451662188488822e-03,-3.185286566857394204e-04,8.449127756909038337e-04,2.085681993372429446e-02,1.432618132486177670e-02,-2.324236204032434534e-03,-1.377587426987945257e-02,-2.376303995998101798e-02,1.706609128883498916e-03,1.639624332798557751e-02,-3.725159937392554660e-02,7.863526156361018773e-03,-3.003207646913863896e-02,-1.681395491571316717e-04,-1.322718094685348825e-03,9.547646089512588929e-05,4.051888918199666274e-05,2.649792671791633271e-04,1.264579065917077619e-03,1.033448111900148137e-22,-1.707828354012448297e-22,2.598530537904029970e-22,-1.909451870851852276e-22,-4.684557082766768902e-24,7.006330886305108737e-24,-7.915080261773218497e-24,3.400776675601959356e-24
2.437806122344216182e-03,7.264294975345475525e-03,-6.431902568807424531e-04,5.098289380069710719e-04,2.008454216647584736e-02,1.379522867926555145e-02,-5.074177652553784473e-03,-1.469633600129623303e-02,-2.285051523302283200e-02,2.263950558250938348e-03,1.629912155733015400e-02,-3.807797241407397115e-02,8.024472198373440446e-03,-3.077348862347491568e-02,-1.681395491571316717e-04,-1.322718094685348825e-03,9.547646089512588929e-05,4.051888918199666274e-05,2.649792671791633271e-04,1.264579065917077619e-03,5.465768258781839368e-23,-1.197490019281658403e-22,2.054058262804244225e-22,-1.469807845933853360e-22,-3.028102448497888762e-24,5.179624677545804440e-24,-3.943376975346167269e-24,1.991457471311722972e-24
-4.820796557451086616e-04,4.338189035771468360e-03,-6.841948913028808414e-04,8.201386621226164873e-04,2.213452486161657934e-02,1.448001042083821820e-02,-9.757874322855682875e-03,-1.241917060057966433e-02,-2.522402549493826113e-02,5.808607845747477613e-03,1.650764494971007634e-02,-3.883671225955701023e-02,8.020615124569323642e-03,-3.129440269169062733e-02,-1.681395491571316717e-04,-1.322718094685348825e-03,9.547646089512588929e-05,4.051888918199666274e-05,2.649792671791633271e-04,1.264579065917077619e-03,2.492290696571901217e-23,-7.700136901225706635e-23,1.476794131568372960e-22,-1.036692681720314342e-22,-1.826105115881039544e-24,3.591601273504724432e-24,-1.278540962190316529e-24,8.691024439215324508e-25
5.061083010016360646e-05,2.338666601511280117e-03,-8.203159827193219969e-05,1.387120029175270639e-03,2.151658344681938242e-02,1.527510861106735549e-02,-1.494598892382505845e-02,-1.049864766290937480e-02,-2.717982563191266229e-02,6.591759705588532033e-03,1.674322507681914873e-02,-3.917513344574688472e-02,8.253841910483221411e-03,-3.135576297744470387e-02,-1.681395491571316717e-04,-1.322718094685348825e-03,9.547646089512588929e-05,4.051888918199666274e-05,2.649792671791633271e-04,1.264579065917077619e-03,7.204043968080355411e-24,-4.419972036867338415e-23,9.673152094662343370e-23,-7.168024070886058568e-23,-9.074702426330369235e-25,2.223545980868241218e-24,1.566939139966699306e-25,2.999981597375192797e-25
-9.063494641562665688e-04,-3.098174335627465036e-03,-1.120273090824310528e-04,1.557693409406918491e-03,2.234344552436318132e-02,1.986102755789624988e-02,-1.646961462373212892e-02,-1.008510222860964888e-02,-2.802647536692442001e-02,7.689305176760040210e-03,1.656724629473560126e-02,-3.967841838816497241e-02,8.117906620530518716e-03,-3.183882227653464514e-02,-1.681395491571316717e-04,-1.322718094685348825e-03,9.547646089512588929e-05,4.051888918199666274e-05,2.649792671791633271e-04,1.264579065917077619e-03,-2.777058597744011284e-24,-2.048782154575460753e-23,5.610386456297608197e-23,-4.441622773891734805e-23,-3.051332549953511961e-25,1.197118571822668551e-24,8.490164329595312420e-25,-1.250539584560521266e-26
3.478293849403752769e-04,-3.419066456941948808e-03,-4.898036774396276414e-04,1.321984898548483238e-03,2.139695175765986279e-02,2.034749753239676467e-02,-1.572192204118578671e-02,-1.143320534335409526e-02,-2.732681206112849703e-02,2.441573683119892084e-03,1.657953051902781236e-02,-4.013407660503204299e-02,8.147424610926446917e-03,-3.219726761160217332e-02,-1.681395491571316717e-04,-1.322718094685348825e-03,9.547646089512588929e-05,4.051888918199666274e-05,2.649792671791633271e-04,1.264579065917077619e-03,-7.335093865526857557e-24,-5.206374355103486618e-24,2.700788147171567843e-23,-2.394228332606818768e-23,2.753507692398464733e-26,4.921391069249105376e-25,1.079518075935783194e-24,-1.746475069797969577e-25
-1.369488657180369020e-03,-2.008403524996713822e-03,3.152654278641581773e-04,1.778236606270443883e-03,2.366968904806459467e-02,1.992609398353963057e-02,-1.061446960030106371e-02,-1.267318886776856897e-02,-2.582404304547745999e-02,1.490311221700872744e-03,1.692770215505281714e-02,-3.986754284310577851e-02,8.178306689656402936e-03,-3.236332996749925750e-02,-1.681395491571316717e-04,-1.322718094685348825e-03,9.547646089512588929e-05,4.051888918199666274e-05,2.649792671791633271e-04,1.264579065917077619e-03,-8.299312774656538169e-24,3.313283877803583970e-24,8.190446534814885921e-24,-1.034223178459684259e-23,1.755021953667230880e-25,6.221131514959417781e-26,1.032538043871741323e-24,-2.273129783459898363e-25
3.449153951607158899e-04,1.794843928448067519e-04,-6.657734399757506399e-06,1.091401815858511481e-03,2.317069571969494410e-02,1.861022384089715265e-02,-8.860623152480056122e-03,-1.557490096765340101e-02,-2.270318550310726491e-02,2.550266099182928181e-03,1.725088307756781833e-02,-3.971235041377548652e-02,8.164176843466878358e-03,-3.211860612605195453e-02,-1.681395491571316717e-04,-1.322718094685348825e-03,9.547646089512588929e-05,4.051888918199666274e-05,2.649792671791633271e-04,1.264579065917077619e-03,-7.566723942989979617e-24,7.031974297639297580e-24,-2.516301398921727422e-24,-1.918586504252074269e-24,2.235136891306200714e-25,-1.552796541342047814e-25,8.364610544506236014e-25,-2.136799140605874197e-25
-1.892889182562896904e-03,2.143940641406793558e-03,-1.094745651726473186e-04,1.043845759953237334e-03,2.617010812036862227e-02,1.690521223346412930e-02,-4.518901232318674362e-03,-1.902082046149078387e-02,-1.869664951165308023e-02,2.964830113327923330e-03,1.839579271299979918e-02,-3.959022762700844383e-02,8.534777975055906143e-03,-3.187309973979184086e-02,-1.681395491571316717e-04,-1.322718094685348825e-03,9.547646089512588929e-05,4.051888918199666274e-05,2.649792671791633271e-04,1.264579065917077619e-03,-6.025060393856529987e-24,7.774324800150973042e-24,-7.498789023079124997e-24,2.620309160526588991e-24,2.030829329250827519e-25,-2.340420204609029977e-25,5.994444637140809088e-25,-1.748475637959048237e-25
-2.244112508981993635e-03,2.611031360886432919e-03,1.726572835379224674e-04,9.782668082141438189e-04,2.779816911134174937e-02,1.661764998542855643e-02,-1.708716100433234526e-03,-2.135047315546228716e-02,-1.641992416526460649e-02,3.750747370511319997e-03,1.852181312105593419e-02,-3.980378652023087299e-02,8.098427537307863189e-03,-3.167970332226339308e-02,-1.681395491571316717e-04,-1.322718094685348825e-03,9.547646089512588929e-05,4.051888918199666274e-05,2.649792671791633271e-04,1.264579065917077619e-03,-4.620356954665335392e-24,6.916151059129027775e-24,-8.816200701894287029e-24,4.487830035217507284e-24,1.563000932972053772e-25,-2.327687650340870990e-25,3.816264911979274844e-25,-1.248856169919911837e-25
-4.286301362121817948e-03,6.872027738859353210e-03,1.277276064024500694e-04,4.504020904873176460e-04,3.104102607380484352e-02,1.211447992597063962e-02,1.314353776529729716e-04,-2.196901778737233440e-02,-1.596170529911180094e-02,2.597766842240444539e-03,1.870631664271318884e-02,-4.010123447654778683e-02,8.342832826113434283e-03,-3.170803839549009989e-02,-1.681395491571316717e-04,-1.322718094685348825e-03,9.547646089512588929e-05,4.051888918199666274e-05,2.649792671791633271e-04,1.264579065917077619e-03,-3.349454689033785680e-24,5.483991836302468682e-24,-8.166683663901293360e-24,4.816567295433288529e-24,1.026603341624570831e-25,-1.877235892255181712e-25,2.166437714412535280e-25,-8.950630687773777748e-26
-5.692733833660329305e-03,5.970987372825869652e-03,3.236293386191320029e-04,9.645950487545098184e-04,3.388430458423684344e-02,1.233873962972867333e-02,-2.689279017170118774e-03,-1.921049526059999402e-02,-1.932022498742242897e-02,3.449351978943338958e-03,1.864408072015006843e-02,-4.029673877707595775e-02,8.107681188925137949e-03,-3.187376995986622441e-02,-1.681395491571316717e-04,-1.322718094685348825e-03,9.547646089512588929e-05,4.051888918199666274e-05,2.649792671791633271e-04,1.264579065917077619e-03,-2.272645407036357214e-24,3.936904725706679761e-24,-6.573055632763037434e-24,4.204526478182492259e-24,5.854109660618357545e-26,-1.341092485726274483e-25,9.754748255476562915e-26,-6.022296411664483489e-26
-3.068775251293111468e-03,3.764018794307853050e-04,1.848421696904124680e-04,8.516897958249158244e-04,3.260867312301967552e-02,1.666412103932645578e-02,-3.568452961632824320e-03,-2.062123431756445260e-02,-1.868884263125207210e-02,1.739073759502634663e-03,1.838573844422717457e-02,-4.084688146319251367e-02,8.089445627034190858e-03,-3.230440599022121884e-02,-1.681395491571316717e-04,-1.322718094685348825e-03,9.547646089512588929e-05,4.051888918199666274e-05,2.649792671791633271e-04,1.264579065917077619e-03,-1.447955626209521523e-24,2.578636748730424911e-24,-4.776989866944811921e-24,3.291327294875682298e-24,2.416248243687607213e-26,-8.009621617060852973e-26,1.665120787047632200e-26,-3.013494449094775425e-26
1.084639734087379515e-03,-2.434888052313236712e-03,1.623478864050514599e-04,6.561004136390850708e-04,2.982763342154811509e-02,1.906116319801559600e-02,-1.120596321972069931e-02,-1.629960017817965248e-02,-2.364404574282947050e-02,-8.909172079956577742e-05,1.833983440554906932e-02,-4.136756877650564490e-02,8.388510661273874264e-03,-3.305409468244673715e-02,-1.681395491571316717e-04,-1.322718094685348825e-03,9.547646089512588929e-05,4.051888918199666274e-05,2.649792671791633271e-04,1.264579065917077619e-03,-8.786013780359604997e-25,1.533358539382088911e-24,-3.160442333351847400e-24,2.336503997133316332e-24,2.408140206181945951e-27,-4.016239713829820256e-26,-2.477027638326960047e-26,-1.256487161573803424e-26
2.314996099692375603e-03,-4.087058485133176003e-03,4.111985192475724454e-04,1.115956258926380749e-03,2.885881858354224019e-02,2.108906621735309045e-02,-1.531898120120283625e-02,-1.542077020860819700e-02,-2.480258583691275984e-02,-2.305762811742706302e-04,1.827487424058698434e-02,-4.135436569954899222e-02,8.717286922147259032e-03,-3.312481827072751017e-02,-1.681395491571316717e-04,-1.322718094685348825e-03,9.547646089512588929e-05,4.051888918199666274e-05,2.649792671791633271e-04,1.264579065917077619e-03,-4.603290167468609257e-25,7.672212146487572425e-25,-1.855012316219409406e-24,1.493574838715539466e-24,-8.544158408703001577e-27,-1.329911786764596584e-26,-4.215373024810098721e-26,-1.049378231448183000e-27
4.021240144912495776e-03,-9.533708294197230926e-03,9.406999547042887424e-04,1.210078029760744281e-03,2.722106400385710875e-02,2.719761718576249598e-02,-1.721199128164980358e-02,-1.849254513386313498e-02,-2.227419445667785242e-02,6.838936068151690558e-04,1.848044608542336389e-02,-4.207314466606455750e-02,8.917023745847730415e-03,-3.351116031659143180e-02,-1.681395491571316717e-04,-1.322718094685348825e-03,9.547646089512588929e-05,4.051888918199666274e-05,2.649792671791633271e-04,1.264579065917077619e-03,-1.917579168622537233e-25,2.727756404600940724e-25,-9.222124945152815892e-25,8.545485794548343765e-25,-1.331772806275018404e-26,2.810710513905893736e-27,-4.338459741497742037e-26,4.664371578084335929e-27
8.000240317021300313e-03,-1.275128940250389205e-02,1.811967226798386109e-03,1.731069527665986436e-03,2.235300332905851284e-02,3.257310988197093665e-02,-1.887457273784004519e-02,-1.891437816378893633e-02,-2.206255355638883295e-02,4.155527642577567550e-03,1.956844720937581800e-02,-4.085201348998267201e-02,9.523763751190796392e-03,-3.265036435268585391e-02,-1.681395491571316717e-04,-1.322718094685348825e-03,9.547646089512588929e-05,4.051888918199666274e-05,2.649792671791633271e-04,1.264579065917077619e-03,-2.948765635580949393e-26,-1.742680401678785938e-26,-3.103095876101306046e-25,4.031597913117569285e-25,-1.330989017414543136e-26,1.046378983755551929e-26,-3.684110837798586354e-26,6.540686231529408667e-27
1.044594097753945815e-02,-1.318164856234975771e-02,2.199484022586170595e-03,2.166897167699432126e-03,1.853554072228664334e-02,3.656497566175920949e-02,-1.536639321199286326e-02,-1.982862183545897050e-02,-2.145465382072281324e-02,5.765656623082335806e-03,1.990062964809460530e-02,-4.046772516537525122e-02,9.387877751416489128e-03,-3.279478039215493607e-02,-1.681395491571316717e-04,-1.322718094685348825e-03,9.547646089512588929e-05,4.051888918199666274e-05,2.649792671791633271e-04,1.264579065917077619e-03,5.645467408792239748e-26,-1.587001335565608503e-25,4.415977878457608623e-26,1.355123772076432846e-25,-1.116616591548238279e-26,1.260706980051779905e-26,-2.744169494052722935e-26,6.450676601800681482e-27
6.481335792176227788e-03,-5.732708668011743565e-03,2.539172708753990090e-03,1.950505891644571709e-03,2.003313402357811968e-02,3.270997383005250919e-02,-9.116396034975209062e-03,-2.143085996440595789e-02,-2.049361427110703640e-02,7.280028633147679271e-04,2.030699288765836635e-02,-4.082466721601420157e-02,9.236891931499116234e-03,-3.354413848024712791e-02,-1.681395491571316717e-04,-1.322718094685348825e-03,9.547646089512588929e-05,4.051888918199666274e-05,2.649792671791633271e-04,1.264579065917077619e-03,9.071131586111938126e-26,-2.033698695437908464e-25,2.146256428077390706e-25,-1.847173436650631114e-26,-8.212206207729545188e-27,1.163759997373636770e-26,-1.816670442160364933e-26,5.397211117440118957e-27
4.754902911211634012e-03,-2.843112224112289560e-04,2.317245994232471420e-03,1.812531667426638300e-03,1.933981679392087275e-02,2.957629737577778528e-02,-5.380836809689329425e-03,-2.413499843082969609e-02,-1.801011975970442242e-02,-3.709507578773430132e-03,2.037505674393262980e-02,-4.147685807750536857e-02,8.856281658558385478e-03,-3.402534987634773384e-02,-1.681395491571316717e-04,-1.322718094685348825e-03,9.547646089512588929e-05,4.051888918199666274e-05,2.649792671791633271e-04,1.264579065917077619e-03,9.425229128724743959e-26,-1.935544698445966311e-25,2.663771061024841894e-25,-9.261013221096008868e-26,-5.303373050767746973e-27,9.234657544108959018e-27,-1.032953342047245853e-26,3.842237389993448591e-27
6.957005856962543942e-03,1.171939817451925474e-03,1.992510147817619977e-03,1.425868441231077774e-03,1.518334132051124552e-02,2.891897323019054777e-02,-2.891032755896008524e-03,-2.108977743049467862e-02,-2.169311932954855887e-02,-6.854413687663306678e-03,1.925362849839109408e-02,-4.221808228519594031e-02,7.952639116908981690e-03,-3.413514284529892834e-02,-1.681395491571316717e-04,-1.322718094685348825e-03,9.547646089512588929e-05,4.051888918199666274e-05,2.649792671791633271e-04,1.264579065917077619e-03,8.269642357656507313e-26,-1.595036607703817630e-25,2.510826449123832402e-25,-1.152838151333705456e-25,-2.813243709995957050e-27,6.450564726283861336e-27,-4.622180971939906553e-27,2.510474410888125523e-27
8.656009098206192409e-03,1.097512349847675275e-03,2.072689760899097591e-03,1.127855749239285721e-03,1.099960032610335092e-02,2.894783907133035780e-02,-3.492582890577550225e-03,-2.092141300540752494e-02,-2.225252833445469022e-02,-9.763101332848973801e-03,1.881398598282726584e-02,-4.331014404075460983e-02,7.691715972952341968e-03,-3.435288647665382666e-02,-1.681395491571316717e-04,-1.322718094685348825e-03,9.547646089512588929e-05,4.051888918199666274e-05,2.649792671791633271e-04,1.264579065917077619e-03,6.807487243106000575e-26,-1.187469536545780101e-25,2.044447511389558918e-25,-1.087579043487287496e-25,-1.151544663330168764e-27,3.873956707739823436e-27,-7.272205760954521415e-28,1.245201463962830184e-27
6.770100525085146620e-03,3.064719257519864628e-04,1.899389373783894270e-03,1.640934040367676141e-03,9.956862288734290301e-03,2.973308994999023652e-02,-4.904154366886077920e-03,-1.978393537029956434e-02,-2.363812069716998351e-02,-5.937594638060622598e-03,1.849674954663452914e-02,-4.396896986287369968e-02,7.549481161109900841e-03,-3.496541988736851653e-02,-1.681395491571316717e-04,-1.322718094685348825e-03,9.547646089512588929e-05,4.051888918199666274e-05,2.649792671791633271e-04,1.264579065917077619e-03,5.348250823865351405e-26,-8.180555387062535380e-26,1.502036837123453095e-25,-8.844561041465010618e-26,-1.024037613972102474e-28,1.948492055743851516e-27,1.233358152914982049e-27,3.758417628628175703e-28
2.222148102126353560e-03,-2.024453397329685923e-03,2.026630603593494815e-03,1.865086685988618081e-03,1.204870498154318736e-02,3.190470447164557577e-02,-5.596601487236839076e-03,-1.795636082121744234e-02,-2.548182401879375142e-02,-3.789474587499429021e-03,1.890137173990715305e-02,-4.432735061019919820e-02,8.179998847596117381e-03,-3.569688138679238953e-02,-1.681395491571316717e-04,-1.322718094685348825e-03,9.547646089512588929e-05,4.051888918199666274e-05,2.649792671791633271e-04,1.264579065917077619e-03,3.852181635083931498e-26,-5.123850908308438516e-26,9.981291638892952248e-26,-6.486911355516275063e-26,3.584298873427888222e-28,7.423346661325576412e-28,2.149509326299429638e-27,-2.283017286916247658e-28
-2.138033527560661944e-03,7.875209060503548554e-04,2.408225359638149505e-03,2.271687050061110304e-03,1.529865470990692498e-02,2.949483215583009396e-02,-6.579215194677902508e-03,-1.523205181551589779e-02,-2.844747090464429945e-02,-5.694817806856269753e-04,1.920664991054587406e-02,-4.461539867972225820e-02,8.845600340893376365e-03,-3.617336762013859119e-02,-1.681395491571316717e-04,-1.322718094685348825e-03,9.547646089512588929e-05,4.051888918199666274e-05,2.649792671791633271e-04,1.264579065917077619e-03,2.584131061200183821e-26,-2.849813073482223176e-26,5.935463854514661565e-26,-4.326978152878245807e-26,5.031767412566978371e-28,4.848988927466584934e-29,2.272198197996097254e-27,-5.084727884506994030e-28
-7.141425372642297084e-04,5.577040879921927111e-03,2.378952553025397761e-03,2.692125375888979738e-03,1.381375475971913930e-02,2.517790958067716786e-02,-8.823562194822815938e-03,-1.377909308837848429e-02,-3.020887356485159325e-02,6.903867715006286546e-04,1.990228042391022772e-02,-4.450475008302511026e-02,9.501690760366440086e-03,-3.627046180167729089e-02,-1.681395491571316717e-04,-1.322718094685348825e-03,9.547646089512588929e-05,4.051888918199666274e-05,2.649792671791633271e-04,1.264579065917077619e-03,1.607648933016516369e-26,-1.321532341015245152e-26,3.038825847431141645e-26,-2.641179096311453818e-26,4.953309581207987546e-28,-3.227870509691551394e-28,1.936033259158629841e-27,-5.695502929135968972e-28
2.406712754332632903e-03,7.837806126662499179e-03,1.748751945046439320e-03,2.607289697439059677e-03,1.055892905907644327e-02,2.222689881254381883e-02,-1.097446035790759430e-02,-1.405792107713831930e-02,-3.051381415085747256e-02,1.845908249653487173e-03,2.055299452127422669e-02,-4.440014559385101894e-02,1.007152079734720262e-02,-3.549872674096119646e-02,-1.681395491571316717e-04,-1.322718094685348825e-03,9.547646089512588929e-05,4.051888918199666274e-05,2.649792671791633271e-04,1.264579065917077619e-03,9.121154529922089123e-27,-4.012933081126394602e-27,1.170219904692924057e-26,-1.443878211117311202e-26,4.241772360839194833e-28,-4.539862820054721282e-28,1.449312936590387432e-27,-5.163227283057779912e-28
2.607025338380967137e-03,8.750200769190140046e-03,1.520843155095988591e-03,2.530775733556680975e-03,1.016512229988723176e-02,1.997020878314963513e-02,-1.229539932642526728e-02,-1.451143434614575109e-02,-3.092374162962455847e-02,5.399786435636017880e-03,2.094761129070673092e-02,-4.456020421134464227e-02,1.021402352704951604e-02,-3.530965757534557103e-02,-1.681395491571316717e-04,-1.322718094685348825e-03,9.547646089512588929e-05,4.051888918199666274e-05,2.649792671791633271e-04,1.264579065917077619e-03,4.388171081776115223e-27,1.089424502587375383e-27,6.818212547015347439e-28,-6.412386852971781986e-27,3.118694400035116198e-28,-4.361747244767174438e-28,9.640353175718506118e-28,-3.980614810653303338e-28
4.728875057982997315e-03,1.221155504666517240e-02,1.388426829908138418e-03,2.345980153445024162e-03,7.139538066485811608e-03,1.489113577349374107e-02,-1.162993772008285090e-02,-1.960068679468664546e-02,-2.629254323962713566e-02,-3.368255097951887607e-03,2.128839177959179069e-02,-4.477280988989204569e-02,1.016257258015688253e-02,-3.527941758998553307e-02,-1.681395491571316717e-04,-1.322718094685348825e-03,9.547646089512588929e-05,4.051888918199666274e-05,2.649792671791633271e-04,1.264579065917077619e-03,1.394833320257845724e-27,3.393717546587797883e-27,-4.852680896946760730e-27,-1.475202759278063802e-27,2.038250611851053223e-28,-3.596580436880541645e-28,5.642896482703520666e-28,-2.763606690337654713e-28
5.328162532986088426e-03,8.116663487163246898e-03,1.275440176140465575e-03,1.389947058196433233e-03,5.236192160346179666e-03,1.565345354709066564e-02,-7.165433574808564160e-03,-2.476153928395813039e-02,-2.110889341360815477e-02,-1.273929430555796258e-02,2.162651782822239133e-02,-4.507552587887946743e-02,1.069909636867293588e-02,-3.564070789301280323e-02,-1.681395491571316717e-04,-1.322718094685348825e-03,9.547646089512588929e-05,4.051888918199666274e-05,2.649792671791633271e-04,1.264579065917077619e-03,-3.328925678023319434e-28,4.035355472744282731e-27,-6.885556978550426112e-27,1.281272817875668865e-27,1.143695404711274606e-28,-2.597695249570831081e-28,2.729129088128771102e-28,-1.697885157140181941e-28
7.825502046149603042e-03,5.537425913744332268e-03,1.200063785125286527e-03,4.907103892151109831e-04,1.678999059378017723e-03,1.504357737899211615e-02,-9.442666607255088829e-03,-2.513588050068502402e-02,-2.071574228605354423e-02,-1.393467855143979035e-02,2.151857603184582912e-02,-4.558781328969054719e-02,1.073839008912175728e-02,-3.656564123203076555e-02,-1.681395491571316717e-04,-1.322718094685348825e-03,9.547646089512588929e-05,4.051888918199666274e-05,2.649792671791633271e-04,1.264579065917077619e-03,-1.188003151260237722e-27,3.752769314406245778e-27,-6.823721627485570242e-27,2.449288847963688691e-27,5.255541898131954427e-29,-1.689974278842140625e-28,8.267219598397597994e-29,-8.775683085726826323e-29
8.592884150965597947e-03,4.073332898733466809e-03,1.375936220961962615e-03,1.911408823176135728e-04,-1.282342210863185970e-03,1.396197805171076230e-02,-1.522710664154880607e-02,-2.156791571381840023e-02,-2.465945337028718765e-02,-1.242809828733146271e-02,2.107718126112737358e-02,-4.583543094160631715e-02,1.001890695469252052e-02,-3.720898745997810314e-02,-1.681395491571316717e-04,-1.322718094685348825e-03,9.547646089512588929e-05,4.051888918199666274e-05,2.649792671791633271e-04,1.264579065917077619e-03,-1.559530796621993711e-27,3.141894893616409717e-27,-5.807945810040054678e-27,2.698247854679600525e-27,1.219019559252069820e-29,-9.795058044818486901e-29,-3.122047528995601205e-29,-3.465926467036384154e-29
7.671642192089531131e-03,1.114263457992241673e-03,1.561032160739331742e-03,-1.681891275334514223e-04,-3.107722884605244353e-03,1.433281340077894109e-02,-1.629461242361178105e-02,-2.200573890981029693e-02,-2.406959888368625372e-02,-1.176881809428465854e-02,2.145831704428680445e-02,-4.622476160081515073e-02,9.853663056720182722e-03,-3.740883958868362197e-02,-1.681395491571316717e-04,-1.322718094685348825e-03,9.547646089512588929e-05,4.051888918199666274e-05,2.649792671791633271e-04,1.264579065917077619e-03,-1.509095270087721807e-27,2.355548291276754830e-27,-4.385347280912713527e-27,2.410360683282701791e-27,-1.266493077821229293e-29,-4.301006672695540671e-29,-8.097742986919149507e-29,-5.762503064291744549e-30
8.840102540836825701e-03,2.313691428008196257e-03,2.265618973567160542e-03,2.545248033744025975e-05,-7.238160877929167292e-03,1.231344415279396476e-02,-1.707694802004938728e-02,-2.059385025769212840e-02,-2.514224133567223921e-02,-6.972297404352237153e-03,2.122746378826025765e-02,-4.677026363598334180e-02,9.427029816998444556e-03,-3.732570214734224484e-02,-1.681395491571316717e-04,-1.322718094685348825e-03,9.547646089512588929e-05,4.051888918199666274e-05,2.649792671791633271e-04,1.264579065917077619e-03,-1.254047998869618631e-27,1.600051065264687478e-27,-2.981551747367249734e-27,1.887408494789838071e-27,-2.100897977479032220e-29,-9.850091925924357547e-30,-9.214487208386146409e-29,9.438406177338872094e-30
4.632004004931426257e-03,2.611128547667738303e-04,2.297719977991053743e-03,1.720710852214732021e-04,-5.877302353450725332e-03,1.368110644083046258e-02,-1.868575127322428045e-02,-1.893579905915584310e-02,-2.658536238382598269e-02,4.748876115686336344e-04,2.095459299108916318e-02,-4.679521897063280284e-02,9.229436107433796818e-03,-3.748113931007159699e-02,-1.681395491571316717e-04,-1.322718094685348825e-03,9.547646089512588929e-05,4.051888918199666274e-05,2.649792671791633271e-04,1.264579065917077619e-03,-9.429914780495753952e-28,9.776501117713358050e-28,-1.816632904901932261e-27,1.332538905789775932e-27,-1.950090872958646395e-29,7.374887477597715613e-30,-8.334046559804862716e-29,1.738436008451656142e-29
5.431895487155649106e-03,1.084669719172774195e-03,2.603837628949296629e-03,1.080996720673955708e-03,-8.439129908374868455e-03,1.222371228739547663e-02,-1.797851776412991848e-02,-1.699230042141732649e-02,-2.868060653728841253e-02,4.495878910083479091e-03,2.118310802259574036e-02,-4.612591037831303975e-02,9.925944092445730671e-03,-3.619901454994559065e-02,-1.681395491571316717e-04,-1.322718094685348825e-03,9.547646089512588929e-05,4.051888918199666274e-05,2.649792671791633271e-04,1.264579065917077619e-03,-6.415153912282714154e-28,5.161396580465458916e-28,-9.569786596651659110e-28,8.568655960740315744e-28,-1.570856542533223800e-29,1.497460991030139859e-29,-6.466077978219048722e-29,1.780551858829741111e-29
9.005292944300399838e-03,-9.874941061988160192e-05,2.751311066827322096e-03,1.357879261333535094e-03,-1.387765167420041898e-02,1.310334128989459890e-02,-1.643535981164468210e-02,-1.571280935203751492e-02,-3.012999653406501360e-02,5.987722245011457313e-03,2.193684047243513180e-02,-4.596704714444661138e-02,1.023861049472131642e-02,-3.563963573091926545e-02,-1.681395491571316717e-04,-1.322718094685348825e-03,9.547646089512588929e-05,4.051888918199666274e-05,2.649792671791633271e-04,1.264579065917077619e-03,-4.047773301625003294e-28,2.196324319911544397e-28,-3.969232422284165565e-28,4.994535908330968935e-28,-1.150861563817048027e-29,1.666319068364387860e-29,-4.493282464205498849e-29,1.542205914566816827e-29
1.232422028829277191e-02,8.095569696838364948e-04,3.433750331849060554e-03,1.305684843176293857e-03,-1.989545482577936494e-02,1.168715953485378531e-02,-1.427213274023610666e-02,-1.146996624273359175e-02,-3.472217939446216317e-02,5.930870268289845613e-03,2.244068958745739154e-02,-4.580200653584094034e-02,1.095758186207801237e-02,-3.549269089246660097e-02,-1.681395491571316717e-04,-1.322718094685348825e-03,9.547646089512588929e-05,4.051888918199666274e-05,2.649792671791633271e-04,1.264579065917077619e-03,-2.253202509905281713e-28,3.726936470868198799e-29,-5.747728407101529464e-29,2.442437826597146252e-28,-7.408130512385398248e-30,1.460974530692945898e-29,-2.742453760722558639e-29,1.123680293524892660e-29
1.183121980360744667e-02,1.645191781207751974e-03,4.307716104106565011e-03,2.341925539267554566e-03,-2.324858031546627596e-02,1.084395281566073559e-02,-8.699657810805292227e-03,-1.502202653891793367e-02,-3.179127377151757389e-02,2.527965909741590293e-03,2.267473925657834122e-02,-4.628706019049823317e-02,1.138796854160693123e-02,-3.569742282602846040e-02,-1.681395491571316717e-04,-1.322718094685348825e-03,9.547646089512588929e-05,4.051888918199666274e-05,2.649792671791633271e-04,1.264579065917077619e-03,-1.031256441517762346e-28,-5.934702290539004688e-29,1.194179910323539786e-28,8.011998521940161229e-29,-4.215098997332426034e-30,1.139673323922711487e-29,-1.453466791220620700e-29,7.467067052452308490e-30
3.717327826126305690e-03,2.340493158530323331e-03,4.232814431468018973e-03,1.903747424562334195e-03,-1.881628455225346774e-02,9.036966014486171386e-03,-6.606054519849533305e-03,-1.402173805776008725e-02,-3.377664309180356678e-02,8.125941163554802754e-03,2.319487514291035390e-02,-4.584406202080494597e-02,1.145799438900367735e-02,-3.582818931751594049e-02,-1.681395491571316717e-04,-1.322718094685348825e-03,9.547646089512588929e-05,4.051888918199666274e-05,2.649792671791633271e-04,1.264579065917077619e-03,-2.738705336981235284e-29,-9.842787184679661006e-29,1.891494939572630465e-28,-1.478311754345453312e-29,-1.895567781560684559e-30,8.020486728771483726e-30,-5.871608764023482320e-30,4.268412456445534087e-30
1.187237183378233446e-03,-2.589356565961127045e-03,3.638611803732750422e-03,1.096364798152179828e-03,-1.935818217154972737e-02,1.269172096972250030e-02,-2.930454097438951744e-03,-1.521950364183107321e-02,-3.338407066674194124e-02,4.935639249679608064e-03,2.350726872320146876e-02,-4.651143776378446892e-02,1.142561468065939230e-02,-3.602694032583275696e-02,-1.681395491571316717e-04,-1.322718094685348825e-03,9.547646089512588929e-05,4.051888918199666274e-05,2.649792671791633271e-04,1.264579065917077619e-03,1.513173059503446951e-29,-1.035146526933343257e-28,1.959707771398716275e-28,-6.208257276623532723e-29,-3.618841443533140515e-31,5.072746470892068890e-30,-6.634793073906503308e-31,1.995157383251978614e-30
8.637323711378853746e-04,-1.867799760158746561e-04,3.106391535378116853e-03,9.119644967695026208e-04,-2.073500206916289307e-02,9.781742170646638701e-03,1.154849260083762146e-03,-1.651854838123264710e-02,-3.276509530934396119e-02,-3.612222876909688095e-03,2.354044144757879223e-02,-4.791177753179080845e-02,1.101349034545858092e-02,-3.741389176944235478e-02,-1.681395491571316717e-04,-1.322718094685348825e-03,9.547646089512588929e-05,4.051888918199666274e-05,2.649792671791633271e-04,1.264579065917077619e-03,3.429410362736156849e-29,-8.970307045499347779e-29,1.690636752835238776e-28,-7.665470185883534488e-29,5.442826039901566487e-31,2.732291136285367400e-30,2.041414536384119959e-30,5.059491000788502123e-31
-1.700173754757077719e-03,-1.093855404283230939e-03,2.369525779375593073e-03,4.346063217690130515e-04,-1.917002706153304523e-02,9.764719943543416839e-03,-1.426194622510658459e-04,-2.043416401680105479e-02,-2.926968625758900530e-02,-1.040640726167778654e-02,2.472596904261752451e-02,-4.872333767021413964e-02,1.147787953103165427e-02,-3.768614966113324055e-02,-1.681395491571316717e-04,-1.322718094685348825e-03,9.547646089512588929e-05,4.051888918199666274e-05,2.649792671791633271e-04,1.264579065917077619e-03,3.938572944445152911e-29,-6.961722864210378247e-29,1.299501173182901841e-28,-7.315910321922427477e-29,1.012872156753600406e-30,1.007109015117668825e-30,2.977962575332852873e-30,-2.808088637964820285e-31
1.433672077625510605e-03,-3.524169046804468027e-03,1.822184207481089731e-03,3.151337962264998192e-04,-2.243621534834110143e-02,1.144010990054511803e-02,-1.363147672065762300e-03,-2.067953314222821873e-02,-2.933857438294728767e-02,-6.123643503989553878e-03,2.453955890373307400e-02,-4.965890034662316654e-02,1.136136078399198682e-02,-3.941808506190520173e-02,-1.681395491571316717e-04,-1.322718094685348825e-03,9.547646089512588929e-05,4.051888918199666274e-05,2.649792671791633271e-04,1.264579065917077619e-03,3.622397618098280175e-29,-4.995176499603577003e-29,9.093273646970201734e-29,-6.107760680187102097e-29,1.071974582156751844e-30,-2.708062470502433673e-32,2.984370892964185560e-30,-4.868382709831586206e-31
2.909685095475464736e-03,-4.220296892902210620e-03,1.510731296993400108e-03,5.039759093461667651e-04,-2.428313624954597794e-02,1.223634364779064079e-02,-2.861765601967363164e-03,-2.279498795772119321e-02,-2.755440237182944438e-02,-3.168299884716565921e-03,2.469362981950695354e-02,-5.011004884421240563e-02,1.107716941136266051e-02,-4.049514758067539882e-02,-1.681395491571316717e-04,-1.322718094685348825e-03,9.547646089512588929e-05,4.051888918199666274e-05,2.649792671791633271e-04,1.264579065917077619e-03,2.944956119778121826e-29,-3.276404099993475660e-29,5.755069899965119396e-29,-4.589457138068077524e-29,9.234352448801751255e-31,-5.298965283654455437e-31,2.480372942314751498e-30,-5.151456862141235557e-31
3.602446758242902527e-03,-4.070159883353086268e-03,4.556866865878049077e-04,-3.303733691690465858e-04,-2.497367157882229849e-02,1.240262254551548204e-02,-4.035418861355244760e-03,-2.464660682945064851e-02,-2.639398954417244633e-02,-1.636837292276692793e-03,2.507692895581697251e-02,-4.960205417991245952e-02,1.089195316800612399e-02,-4.095546818139238904e-02,-1.681395491571316717e-04,-1.322718094685348825e-03,9.547646089512588929e-05,4.051888918199666274e-05,2.649792671791633271e-04,1.264579065917077619e-03,2.173490012083730208e-29,-1.924882312980118038e-29,3.204196769065650330e-29,-3.130426299746697521e-29,7.200789018728071161e-31,-7.095441131526615720e-31,1.818605247006670343e-30,-4.438844859420549416e-31
4.338761323480122035e-03,-6.635512528072744914e-03,8.964442167523306408e-04,-8.244385947212859271e-04,-2.614596127426340247e-02,1.596330363084914189e-02,-2.536441417522480521e-03,-2.687929735716249047e-02,-2.499317524791032363e-02,2.547354761791473590e-03,2.469298558334163951e-02,-5.003639456238058447e-02,1.178047841860266343e-02,-4.059997962903113405e-02,-1.681395491571316717e-04,-1.322718094685348825e-03,9.547646089512588929e-05,4.051888918199666274e-05,2.649792671791633271e-04,1.264579065917077619e-03,1.485662971227709749e-29,-9.587461887210700458e-30,1.437782790594957944e-29,-1.912411988369496176e-29,5.048874878738256801e-31,-6.937887718414279181e-31,1.198711724016172460e-30,-3.291704396287241907e-31
4.081005327581654907e-03,-3.134284438841027521e-03,2.235787898906411476e-03,-6.605023206033766234e-04,-2.704798787443801061e-02,1.410789667874903092e-02,-5.486101429604242977e-03,-2.551724751741452080e-02,-2.676103911231437690e-02,6.351434868935723274e-03,2.498733196035770807e-02,-5.158555444869274142e-02,1.157001886575218137e-02,-4.089097275693143185e-02,-1.681395491571316717e-04,-1.322718094685348825e-03,9.547646089512588929e-05,4.051888918199666274e-05,2.649792671791633271e-04,1.264579065917077619e-03,9.499581692160511435e-30,-3.470346524176351991e-30,3.502046487638757855e-30,-1.022221327403727729e-29,3.139988485540090194e-31,-5.586051703866310476e-31,6.937278613222945478e-31,-2.256031343869584626e-31
2.702161663798341613e-03,9.166560204677185603e-03,2.907853531723511315e-03,-3.124207943558767516e-04,-2.655055056446764192e-02,2.582362418283926098e-03,-7.852186756388502761e-03,-2.625767420915254419e-02,-2.625164743586767477e-02,1.718925253628139811e-03,2.426585733925433128e-02,-5.275240002631507302e-02,1.142678726197638404e-02,-4.083864100086977839e-02,-1.681395491571316717e-04,-1.322718094685348825e-03,9.547646089512588929e-05,4.051888918199666274e-05,2.649792671791633271e-04,1.264579065917077619e-03,5.400652776601930429e-30,7.673193291190505829e-32,-2.430567950178750430e-30,-4.288982244756259592e-30,1.694446932080877912e-31,-4.068733327900818566e-31,3.197165432561225047e-31,-1.418517223770180609e-31
6.098689030091864784e-04,1.799966830234914217e-02,3.533056390021657028e-03,3.620014168581511121e-04,-2.555835756423906202e-02,-7.435691997520520527e-03,-6.888884145642444785e-03,-2.717525396142903699e-02,-2.529686050538033915e-02,-8.780286015416150121e-04,2.336126956251697098e-02,-5.313078649742141585e-02,1.089057863758672792e-02,-4.035759741348027979e-02,-1.681395491571316717e-04,-1.322718094685348825e-03,9.547646089512588929e-05,4.051888918199666274e-05,2.649792671791633271e-04,1.264579065917077619e-03,2.787140485061252868e-30,1.823399687245176833e-30,-5.014317762523589934e-30,-6.510134416292078531e-31,6.979609102016125200e-32,-2.664535263478497538e-31,8.185900840300457579e-32,-7.621073146964664163e-32
5.995566002728975816e-03,1.472779338860752581e-02,2.519962404189677110e-03,1.475186959302575060e-04,-3.175305038355041160e-02,-8.284241086386366290e-03,-8.456699771026799511e-03,-2.103620526563832610e-02,-3.215907832758416879e-02,-3.132558752468083199e-03,2.319553002234056929e-02,-5.323882639411586098e-02,1.097152585516865397e-02,-3.955864120377334398e-02,-1.681395491571316717e-04,-1.322718094685348825e-03,9.547646089512588929e-05,4.051888918199666274e-05,2.649792671791633271e-04,1.264579065917077619e-03,1.085362652680652932e-30,2.413164825793687075e-30,-5.536687107510857357e-30,1.286142748695027014e-30,7.504689384358586512e-33,-1.559493514112250895e-31,-4.938526966746028089e-32,-3.251091895097264954e-32
4.220135590895590129e-03,9.075260053875797844e-03,2.044198542099598392e-03,-1.767065951481891386e-04,-3.177874809523877075e-02,-7.296302541802617697e-03,-1.111738919934128662e-02,-1.879234532325612869e-02,-3.451902206843192322e-02,-5.626426879829931477e-03,2.336555303721082194e-02,-5.293762157681696640e-02,1.106694544362997815e-02,-3.910928504905370612e-02,-1.681395491571316717e-04,-1.322718094685348825e-03,9.547646089512588929e-05,4.051888918199666274e-05,2.649792671791633271e-04,1.264579065917077619e-03,7.335294819285772677e-32,2.334634188084626397e-30,-4.945339120423151459e-30,2.068639023793670525e-30,-2.676186348905026459e-32,-7.470303358771421492e-32,-1.065156597885444759e-31,-5.866162708987201525e-33
2.827191376045637070e-03,4.994352895083529510e-03,1.599554434232847589e-03,4.446248043418922079e-04,-3.258725074950673262e-02,-7.479908898814306359e-03,-1.433371376734439775e-02,-1.711434179019775265e-02,-3.655327420622207779e-02,-2.280686944445472000e-03,2.369036234530530471e-02,-5.354990693112147288e-02,1.093037312157520841e-02,-3.896292184016995896e-02,-1.681395491571316717e-04,-1.322718094685348825e-03,9.547646089512588929e-05,4.051888918199666274e-05,2.649792671791633271e-04,1.264579065917077619e-03,-4.637216494458070874e-31,1.948951251280193071e-30,-3.905742436210481911e-30,2.172332962268188821e-30,-3.758365363700462235e-32,-2.558565919335570522e-32,-1.186366748122434420e-31,9.416067818622976801e-33
-1.733371084625045730e-03,3.000913481679876559e-03,1.003252478563583343e-05,-1.066170870221988943e-04,-2.976817004587790222e-02,-9.537827857377865343e-03,-1.678291037609049713e-02,-1.478141213367347058e-02,-3.900992684191681437e-02,-2.189261876728598646e-03,2.393940828500965012e-02,-5.389250189958402770e-02,1.063749988015867502e-02,-3.927925981920153686e-02,-1.681395491571316717e-04,-1.322718094685348825e-03,9.547646089512588929e-05,4.051888918199666274e-05,2.649792671791633271e-04,1.264579065917077619e-03,-6.784048577985411185e-31,1.469053845001354833e-30,-2.812161057741254427e-30,1.934350260322701450e-30,-3.842979826567148457e-32,3.146972173537539270e-33,-1.042516315870015867e-31,1.279425674386639849e-32
-6.290947017728078412e-03,1.135136850856640484e-03,-6.625737088486688495e-04,1.486958064368017890e-04,-2.608257345142617201e-02,-1.008598067046349508e-02,-1.695162301374215225e-02,-1.272754936312474675e-02,-4.100282017664660245e-02,3.812039430556820371e-03,2.413418857762341871e-02,-5.373002144564796578e-02,1.011403300882506365e-02,-4.002104065505236730e-02,-1.681395491571316717e-04,-1.322718094685348825e-03,9.547646089512588929e-05,4.051888918199666274e-05,2.649792671791633271e-04,1.264579065917077619e-03,-6.839155009996988275e-31,9.968070652135892211e-31,-1.842488324898759872e-30,1.526148513691602541e-30,-3.162620128475883035e-32,1.656120041138988506e-32,-7.866909693785269311e-32,1.130785201858887878e-32
-6.976430712187927166e-03,3.825369990039530731e-04,-2.976760545969510657e-04,2.338720106463637138e-04,-2.457515302454231151e-02,-1.106311657814731085e-02,-1.562102180825187051e-02,-1.264051335199575452e-02,-4.143466598358517411e-02,5.530906078072731803e-03,2.499526318862611146e-02,-5.345483305740578173e-02,1.080886363007476682e-02,-4.081316304940808826e-02,-1.681395491571316717e-04,-1.322718094685348825e-03,9.547646089512588929e-05,4.051888918199666274e-05,2.649792671791633271e-04,1.264579065917077619e-03,-5.836477253417761149e-31,6.080264240275220834e-31,-1.091988361266694223e-30,1.105119938033730875e-30,-2.347565848197954779e-32,2.057815310211891955e-32,-5.201311546306295127e-32,7.459358050556318777e-33
-5.800378496127792625e-03,3.355918325071617463e-03,-4.001148570393956946e-04,2.646501392951126170e-04,-2.409945199515464015e-02,-1.511053594833250066e-02,-1.020261631825354447e-02,-1.840171717898522741e-02,-3.623713303957717957e-02,8.310827554362340552e-03,2.528611819337647781e-02,-5.378113068203781849e-02,1.079761893560425741e-02,-4.228986257580284042e-02,-1.681395491571316717e-04,-1.322718094685348825e-03,9.547646089512588929e-05,4.051888918199666274e-05,2.649792671791633271e-04,1.264579065917077619e-03,-4.475267668285080729e-31,3.220307920142697665e-31,-5.634670505421150949e-31,7.401948214457135566e-31,-1.611588810266712660e-32,1.963454004324391284e-32,-3.089353204790079075e-32,4.823532436529104648e-33
-5.722410313306960927e-03,2.969791185304021097e-03,-7.964692116867719057e-04,1.900873953123940097e-04,-2.264500088723696639e-02,-1.614460034647650574e-02,-8.626900993891808977e-03,-2.337243235048649601e-02,-3.164150883593756791e-02,1.046377442592859655e-02,2.497912227079257530e-02,-5.520900732341275929e-02,1.104428384065294678e-02,-4.332217724077961490e-02,-1.681395491571316717e-04,-1.322718094685348825e-03,9.547646089512588929e-05,4.051888918199666274e-05,2.649792671791633271e-04,1.264579065917077619e-03,-3.199050047487463556e-31,1.400154834883758641e-31,-2.289949084307497389e-31,4.607541334489289311e-31,-9.342271426096514952e-33,1.506973440610091421e-32,-1.569081454872169375e-32,3.162842800784745948e-33
-2.912940710862424194e-03,1.989814562091561136e-03,-8.112317086529952656e-04,9.793184275641693361e-05,-2.348820473507618259e-02,-1.646751903066558456e-02,-6.005581650131874838e-03,-2.703785707485112377e-02,-2.874388471003000434e-02,9.583015453575044126e-03,2.493971906115177370e-02,-5.561922272731165823e-02,1.154474438461880643e-02,-4.345229422654026119e-02,-1.681395491571316717e-04,-1.322718094685348825e-03,9.547646089512588929e-05,4.051888918199666274e-05,2.649792671791633271e-04,1.264579065917077619e-03,-2.095933087163248730e-31,2.951403645932572514e-32,-3.084984660330562718e-32,2.540387453414531604e-31,-4.475256426400320610e-33,1.027210373818652445e-32,-5.826460852666772005e-33,1.777022969776100849e-33
-1.132936424197435827e-03,2.142112388218815437e-03,-4.026447821486682770e-05,6.631673397085152124e-04,-2.336019335804867189e-02,-1.799167629689621753e-02,-4.520578162743578085e-03,-2.839138893891536911e-02,-2.847632415335962092e-02,4.633667896523478887e-03,2.516120604897312263e-02,-5.565949824591236855e-02,1.149220303416839499e-02,-4.337058639230099294e-02,-1.681395491571316717e-04,-1.322718094685348825e-03,9.547646089512588929e-05,4.051888918199666274e-05,2.649792671791633271e-04,1.264579065917077619e-03,-1.337679322113279692e-31,-2.946770716460343842e-32,7.178999784347703759e-32,1.126261496854778373e-31,-1.391238935865091321e-33,6.328517440763587123e-33,6.922858367449578138e-35,8.827026143128489558e-34
-1.282773751353425947e-03,7.102494063114779023e-03,1.868887690976546879e-03,1.720696552592895345e-03,-2.235178804725122467e-02,-2.387072924302175575e-02,-5.643933354492920544e-03,-2.802003328005346280e-02,-2.937834905024450452e-02,-2.736082651355882349e-03,2.515759299276623326e-02,-5.566126365356192929e-02,1.141664274775147647e-02,-4.298089099342808361e-02,-1.681395491571316717e-04,-1.322718094685348825e-03,9.547646089512588929e-05,4.051888918199666274e-05,2.649792671791633271e-04,1.264579065917077619e-03,-7.561021065362370213e-32,-5.391759537542886129e-32,1.118019108476807087e-31,2.478040719147675573e-32,4.007974507574851618e-34,3.383361053654875211e-33,3.031859600704935653e-33,3.062425469067029841e-34
-3.211094771085436228e-03,1.273275858135586650e-02,1.762462907754346964e-03,1.261869852615272319e-03,-2.015820931177662867e-02,-3.213841851120701615e-02,-4.994696276282331072e-03,-3.121862834930360167e-02,-2.646122358280044232e-02,-5.085397140285959246e-04,2.502646560216350083e-02,-5.631296548069952140e-02,1.162726095201088716e-02,-4.256315331089617626e-02,-1.681395491571316717e-04,-1.322718094685348825e-03,9.547646089512588929e-05,4.051888918199666274e-05,2.649792671791633271e-04,1.264579065917077619e-03,-3.491388139803228339e-32,-5.803311588376637898e-32,1.149492634134540085e-31,-2.258162909673868332e-32,1.240233401779084116e-33,1.365905810468517649e-33,4.053024857581556884e-33,-6.625930881736114768e-35
-4.782451130771399848e-03,1.180917619702723242e-02,5.762786340706886959e-04,-4.687937162652436318e-05,-1.856102113159576600e-02,-3.468551503233042316e-02,-7.179925324551262797e-03,-3.215677251752067922e-02,-2.575821228347155434e-02,3.789549878484421621e-03,2.520797310549630424e-02,-5.596456521004449652e-02,1.104667999252775291e-02,-4.189800217200482374e-02,-1.681395491571316717e-04,-1.322718094685348825e-03,9.547646089512588929e-05,4.051888918199666274e-05,2.649792671791633271e-04,1.264579065917077619e-03,-9.247216295006884856e-33,-5.105549326475449736e-32,9.901420699510481216e-32,-4.328397493383546199e-32,1.485241893260525731e-33,1.591862520511020848e-34,3.883172284478769940e-33,-2.388503356681092119e-34
-5.478424619025728214e-03,5.994006569625104537e-03,-1.641621014099797944e-03,-1.506698327443957474e-03,-1.761840415253206754e-02,-3.320036451922828147e-02,-8.389399001957970753e-03,-3.337194036501578420e-02,-2.513820255723958966e-02,7.349155690232177414e-03,2.509439767275413805e-02,-5.583874383417148507e-02,1.066674952253395675e-02,-4.108860312222838845e-02,-1.681395491571316717e-04,-1.322718094685348825e-03,9.547646089512588929e-05,4.051888918199666274e-05,2.649792671791633271e-04,1.264579065917077619e-03,5.206398247844773113e-33,-3.985509253721259949e-32,7.636696005726771695e-32,-4.759828757856509451e-32,1.367025616742067313e-33,-4.528781578504679403e-34,3.174623787389206821e-33,-3.159734609202605599e-34
-5.778419547490327296e-03,1.639898022087871339e-03,-2.974743007901178155e-03,-2.191790474312301992e-03,-1.699470470533784305e-02,-3.179948473230252703e-02,-1.626793447408389492e-02,-2.660927755878689585e-02,-3.223164682552892568e-02,9.080919187801994238e-03,2.528047655387686068e-02,-5.682925811278639883e-02,1.013164466750552349e-02,-4.249945283533138052e-02,-1.681395491571316717e-04,-1.322718094685348825e-03,9.547646089512588929e-05,4.051888918199666274e-05,2.649792671791633271e-04,1.264579065917077619e-03,1.299141796236649298e-32,-2.934752385013816219e-32,5.491566225634680908e-32,-4.411743207641852883e-32,1.096939992136171727e-33,-6.920024393588878843e-34,2.282658409685109830e-33,-2.273695576723715978e-34
-6.100524022379216933e-03,-1.209201814918036723e-03,-3.274484589329475660e-03,-2.052522066338110986e-03,-1.607793928884928072e-02,-3.083918153103637483e-02,-1.750009302324873409e-02,-2.539581950077382869e-02,-3.370490028072183758e-02,7.704513708580312988e-03,2.532662413712500477e-02,-5.702961741788376004e-02,1.028744045061437927e-02,-4.347919818212496457e-02,-1.681395491571316717e-04,-1.322718094685348825e-03,9.547646089512588929e-05,4.051888918199666274e-05,2.649792671791633271e-04,1.264579065917077619e-03,1.492899654753262755e-32,-1.953709713827338911e-32,3.618359017317974063e-32,-3.596682765133086729e-32,7.941928108998024894e-34,-6.955778469882209140e-34,1.501085276463340185e-33,-1.784769539236043925e-34
-2.680440302650471170e-03,4.896115376959797941e-04,-2.786186854505202232e-03,-1.509666792251016312e-03,-1.851710790344251317e-02,-3.259917492905552855e-02,-2.001251149954080127e-02,-2.175730741953379316e-02,-3.773430617515508012e-02,6.669326934974352875e-03,2.445384066003374046e-02,-5.683190133335811606e-02,1.019468480264659402e-02,-4.430380403549068202e-02,-1.681395491571316717e-04,-1.322718094685348825e-03,9.547646089512588929e-05,4.051888918199666274e-05,2.649792671791633271e-04,1.264579065917077619e-03,1.374225401633546856e-32,-1.169295461942202477e-32,2.165891631972776325e-32,-2.651400635566487698e-32,5.248190436034456675e-34,-5.799865963762562263e-34,8.692084156673773187e-34,-9.604424996084814891e-35
-6.118839997114421461e-03,7.391991845517101312e-03,-2.650570786787171101e-03,-7.099677208663823617e-04,-1.435061015765542319e-02,-4.023124363163496642e-02,-2.214607222761435720e-02,-1.881564248103534745e-02,-4.058569085616937910e-02,7.271859438838967210e-03,2.367866660821530897e-02,-5.736067746677096096e-02,9.774068959098542245e-03,-4.459492241603944113e-02,-1.681395491571316717e-04,-1.322718094685348825e-03,9.547646089512588929e-05,4.051888918199666274e-05,2.649792671791633271e-04,1.264579065917077619e-03,1.111038477232379539e-32,-5.943631024569039295e-33,1.130022005410754816e-32,-1.787406768552076199e-32,3.055737068074360502e-34,-4.213887375173755875e-34,4.332626643687038477e-34,-3.896054934406880895e-35
-4.237852723411354543e-03,9.257141378579138505e-03,-2.609869393268500568e-03,-1.819699871726501890e-03,-1.569983866135823275e-02,-4.390854693480397003e-02,-2.064026222055911561e-02,-1.876156659522824205e-02,-3.977657244283441113e-02,3.335813872302203532e-03,2.511690146186467895e-02,-5.727900507901715482e-02,1.055544751366453878e-02,-4.433291059858466415e-02,-1.681395491571316717e-04,-1.322718094685348825e-03,9.547646089512588929e-05,4.051888918199666274e-05,2.649792671791633271e-04,1.264579065917077619e-03,8.144090616924913269e-33,-2.145891606514346453e-33,4.557821450130375449e-33,-1.097014691429697822e-32,1.402522807993821022e-34,-2.692865715635763004e-34,1.467098473466827245e-34,-3.538021816093930678e-36
-3.352948682396910806e-03,2.934361004525237737e-03,-2.767501981392078182e-03,-3.166042194878663542e-03,-1.661408144379016016e-02,-4.103148345936818986e-02,-1.779485178138354856e-02,-2.312469926735799541e-02,-3.493400183220210509e-02,-5.084538397051293311e-03,2.751348392877027427e-02,-5.599841175977515045e-02,1.231836693432998737e-02,-4.336590760599545041e-02,-1.681395491571316717e-04,-1.322718094685348825e-03,9.547646089512588929e-05,4.051888918199666274e-05,2.649792671791633271e-04,1.264579065917077619e-03,5.414029072246883827e-33,9.022121537950356504e-35,5.691280958107499214e-34,-5.930141229197472984e-33,3.833241855232299140e-35,-1.562812184678074457e-34,-2.766367948080758905e-35,1.556010420157710336e-35
-6.387669136329260713e-03,-3.889802345568693816e-03,-3.905767015583148580e-03,-4.489557174046839363e-03,-1.357919026904459529e-02,-3.640268245423178284e-02,-1.299106581290185303e-02,-2.773315769007119944e-02,-3.022314537307300292e-02,-1.338963194192663991e-02,2.828265309625482490e-02,-5.467503460206180055e-02,1.309115281056029943e-02,-4.222545944837442083e-02,-1.681395491571316717e-04,-1.322718094685348825e-03,9.547646089512588929e-05,4.051888918199666274e-05,2.649792671791633271e-04,1.264579065917077619e-03,3.239835572571690492e-33,1.200155202923667263e-33,-1.497634418291068531e-33,-2.555395320256484414e-33,-1.864631773160195170e-35,-7.988682972979986981e-35,-1.099476774478006188e-34,1.818629062858264240e-35
-1.474526112923365065e-02,-9.470437413899491022e-03,-5.167468139484163517e-03,-4.937729947519693859e-03,-3.585987040989028693e-03,-3.177341452458501414e-02,-8.547512808841970997e-03,-2.449627895384077353e-02,-3.384579931432988437e-02,-1.465676366572399303e-02,2.845078868448331841e-02,-5.408440960575035955e-02,1.302511367966812696e-02,-4.191268521949858411e-02,-1.681395491571316717e-04,-1.322718094685348825e-03,9.547646089512588929e-05,4.051888918199666274e-05,2.649792671791633271e-04,1.264579065917077619e-03,1.670253478446575459e-33,1.564417254236182060e-33,-2.296084890055620108e-33,-4.835019466748529512e-34,-4.441996332935795735e-35,-2.828309738068270201e-35,-1.350902562621696596e-34,1.512777398303488575e-35
-1.320489609097341352e-02,-7.079080565448054446e-03,-6.171428919903116858e-03,-5.654281725355161069e-03,-2.123573281921140206e-03,-3.227524977597066164e-02,-9.547417283281289802e-03,-1.812621765084070774e-02,-4.025410713989452383e-02,-5.061525285584775324e-03,2.808805972759650590e-02,-5.519837940213069560e-02,1.204557155432579678e-02,-4.243908315612245075e-02,-1.681395491571316717e-04,-1.322718094685348825e-03,9.547646089512588929e-05,4.051888918199666274e-05,2.649792671791633271e-04,1.264579065917077619e-03,6.309956355363563666e-34,1.511727442146442309e-33,-2.344758392164531736e-33,6.291477178591284973e-34,-4.973124471460383215e-35,1.465933504941624905e-36,-1.266868412461760756e-34,1.045485889452041264e-35
-1.018793860708164765e-02,1.672834254556538822e-03,-6.077501348737098137e-03,-5.228333532578917538e-03,-1.859239273921192530e-03,-3.828297624634009050e-02,-7.588270166696024430e-03,-1.999224635051419230e-02,-3.836319543019999639e-02,-2.226186936717861487e-03,2.885159585832925908e-02,-5.621842558288680375e-02,1.216894953160000022e-02,-4.464866790428210358e-02,-1.681395491571316717e-04,-1.322718094685348825e-03,9.547646089512588929e-05,4.051888918199666274e-05,2.649792671791633271e-04,1.264579065917077619e-03,4.415152789410295445e-36,1.279852116153437090e-33,-2.042679889731971449e-33,1.128323961352479353e-33,-4.507899433380961668e-35,1.549346931872579570e-35,-1.045802477747870653e-34,6.251423562748728968e-36
-4.495419771482619606e-03,3.366828919907203458e-03,-5.848435456981662499e-03,-4.282729953763614837e-03,-4.830813274928928355e-03,-3.911095945086560943e-02,-5.340901556120151994e-03,-2.205345135266558940e-02,-3.706778851867698066e-02,-3.299932507513790320e-03,2.907932709610058439e-02,-5.689631852262997530e-02,1.196939449504906376e-02,-4.600080213443628885e-02,-1.681395491571316717e-04,-1.322718094685348825e-03,9.547646089512588929e-05,4.051888918199666274e-05,2.649792671791633271e-04,1.264579065917077619e-03,-3.090301393151420826e-34,9.710549355035803413e-34,-1.591972860731732820e-33,1.217730074152370802e-33,-3.593110388261510723e-35,2.021253830975745474e-35,-7.747726071104189744e-35,3.524273066392306991e-36
-2.079586642694589843e-03,3.693339049288050981e-03,-5.573515836181529640e-03,-3.820959921539371362e-03,-5.985507860190612470e-03,-3.908072461613773529e-02,-3.358012372181012201e-03,-2.462213098473776257e-02,-3.551539084772353805e-02,-3.057741641964003762e-04,2.915568342207527919e-02,-5.731684994335600747e-02,1.226832161164380548e-02,-4.676854753775146895e-02,-1.681395491571316717e-04,-1.322718094685348825e-03,9.547646089512588929e-05,4.051888918199666274e-05,2.649792671791633271e-04,1.264579065917077619e-03,-4.200040111908790644e-34,6.672551225664709657e-34,-1.130253414037033574e-33,1.082644194883750155e-33,-2.538798360550968948e-35,1.944304754672266464e-35,-5.187936703469935999e-35,1.558144300597779114e-36
4.969930835222301918e-04,7.276629656843757940e-03,-4.780484341608702906e-03,-3.149269842986160590e-03,-7.488516171644966218e-03,-4.274914554808604411e-02,-9.902672564015262829e-04,-2.544582294247334231e-02,-3.624778534317934370e-02,1.184565947606181641e-02,2.826209738305707903e-02,-5.825512752854007659e-02,1.239198264279737192e-02,-4.776142684398702182e-02,-1.681395491571316717e-04,-1.322718094685348825e-03,9.547646089512588929e-05,4.051888918199666274e-05,2.649792671791633271e-04,1.264579065917077619e-03,-4.218214872190366653e-34,4.157130295776107950e-34,-7.351381291718833003e-34,8.576348642689278566e-34,-1.602078637085514883e-35,1.582774524740314752e-35,-3.023165547725201426e-35,-6.310807069228129220e-37
3.010946243955778777e-03,6.441558116286275754e-03,-4.745188106945816796e-03,-3.320556126990457328e-03,-9.902887696294210632e-03,-4.331940125497584643e-02,2.698359041329100733e-03,-2.789717810272098961e-02,-3.539891542826371917e-02,1.748189451126101052e-02,2.719108700048097557e-02,-5.855778529391503923e-02,1.115491597347516295e-02,-4.825463702887646672e-02,-1.681395491571316717e-04,-1.322718094685348825e-03,9.547646089512588929e-05,4.051888918199666274e-05,2.649792671791633271e-04,1.264579065917077619e-03,-3.618215146077729076e-34,2.252142615105352213e-34,-4.310983082081270271e-34,6.208123160166760682e-34,-9.193020788593531492e-36,1.170277648363970511e-35,-1.501733346898645693e-35,-1.105630581565859835e-36
1.083098814722623787e-03,2.935305118231072534e-03,-4.887282660266547771e-03,-3.271158843979460242e-03,-8.406037525461377419e-03,-4.124758180173718203e-02,-9.815856561062926561e-04,-2.950382041711299003e-02,-3.508834654496214428e-02,1.695233333536463535e-02,2.664842583404279652e-02,-5.889893305490003644e-02,1.003997145395551203e-02,-4.820475865909846364e-02,-1.681395491571316717e-04,-1.322718094685348825e-03,9.547646089512588929e-05,4.051888918199666274e-05,2.649792671791633271e-04,1.264579065917077619e-03,-2.774540860820580513e-34,9.436095091903425437e-35,-2.165385197309325418e-34,4.129577207282701012e-34,-4.407020042086447196e-36,8.224617895048531235e-36,-5.025432504081817422e-36,-1.040344412175722736e-36
-1.353322173027674338e-03,-1.248635851734118674e-03,-4.756831057359262732e-03,-3.279726227215575517e-03,-6.732453387905209044e-03,-3.767404426958266550e-02,-6.879703007249852661e-03,-3.096512437823415592e-02,-3.439628772369388715e-02,1.689166173046700165e-02,2.701664642139708569e-02,-5.918609144975805342e-02,1.005509614741482462e-02,-4.881523067928223575e-02,-1.681395491571316717e-04,-1.322718094685348825e-03,9.547646089512588929e-05,4.051888918199666274e-05,2.649792671791633271e-04,1.264579065917077619e-03,-1.945398291950510164e-34,1.340669714610693448e-35,-7.740332050921161771e-35,2.482072242634550194e-34,-1.198894413233301848e-36,5.230356396719427210e-36,7.587510959228213035e-37,-7.381860461761535536e-37
-2.527718448019865109e-03,-6.764095512787025866e-03,-4.145711376777499665e-03,-3.479217200160578376e-03,-5.491098303890329380e-03,-3.199370591685762183e-02,-9.790359354674638831e-03,-3.141774158777530662e-02,-3.397610125729055158e-02,9.912470853166745199e-03,2.751961901027165369e-02,-5.977435018533654165e-02,1.106572666895861735e-02,-4.988497405320783951e-02,-1.681395491571316717e-04,-1.322718094685348825e-03,9.547646089512588929e-05,4.051888918199666274e-05,2.649792671791633271e-04,1.264579065917077619e-03,-1.257152894572968969e-34,-2.743944720054883073e-35,1.409055542718891364e-36,1.309346501650761782e-34,5.411852416650540496e-37,2.941603893761859788e-36,3.549339308839417609e-36,-3.436003703129256870e-37
-4.143521763759324718e-03,-1.024704271411772290e-02,-4.284585378830505636e-03,-4.380198178002742831e-03,-4.112087894937243616e-03,-2.750982260222888109e-02,-1.449350794763676342e-02,-3.217320272659855013e-02,-3.381118116046512301e-02,7.167283628186748266e-03,2.595809474148714005e-02,-5.990561787359471174e-02,1.086301797022735764e-02,-4.933124222347702592e-02,-1.681395491571316717e-04,-1.322718094685348825e-03,9.547646089512588929e-05,4.051888918199666274e-05,2.649792671791633271e-04,1.264579065917077619e-03,-7.267328890121653675e-35,-4.361162776381987884e-35,4.052000193119147400e-35,5.290790643409250291e-35,1.314619994966902453e-36,1.340604796925720772e-36,4.373387988216328577e-36,-7.239598281861780889e-38
-3.394908390250142398e-03,-1.952775979402593398e-02,-3.365214325803435498e-03,-4.305265600084677222e-03,-4.226664989789363086e-03,-1.628213784862668490e-02,-1.389259881351893530e-02,-3.477742258025531830e-02,-3.111159725580782756e-02,6.272808600857271433e-03,2.549888311745131253e-02,-6.052100067005582174e-02,1.086526697321048458e-02,-4.959179399964148277e-02,-1.681395491571316717e-04,-1.322718094685348825e-03,9.547646089512588929e-05,4.051888918199666274e-05,2.649792671791633271e-04,1.264579065917077619e-03,-3.540376917541429028e-35,-4.488611877472773646e-35,5.413237307911656895e-35,6.008364142860343891e-36,1.473219244765904312e-36,3.233224657711933303e-37,4.115383498157931981e-36,1.087955182826807293e-37
-5.701206286143638627e-03,-2.420137469871636721e-02,-3.678406878051113105e-03,-3.826005856968427588e-03,-5.574737130719623242e-04,-8.565917512914716925e-03,-1.571226548459236580e-02,-3.653817560750312332e-02,-2.901312081777929555e-02,8.416982359369471617e-03,2.579435738092231839e-02,-6.065045532044711918e-02,1.052725108791413740e-02,-4.981759461707219172e-02,-1.681395491571316717e-04,-1.322718094685348825e-03,9.547646089512588929e-05,4.051888918199666274e-05,2.649792671791633271e-04,1.264579065917077619e-03,-1.152249457444280268e-35,-3.851641502493086880e-35,5.303950652895573485e-35,-1.847316471531245577e-35,1.312026050982184750e-36,-2.716267404556422421e-37,3.329711488468575401e-36,1.803287117226542543e-37
-4.796928175743373629e-03,-2.880948691819289892e-02,-3.335594021238800968e-03,-3.431680520621074783e-03,8.548426527745472785e-04,1.380232616592201242e-03,-2.363557441059091491e-02,-3.112320993677980194e-02,-3.450442570636295253e-02,1.123461051115802641e-02,2.589077263333330881e-02,-6.233000032113470562e-02,1.022027220293080831e-02,-5.040948612043454069e-02,-1.681395491571316717e-04,-1.322718094685348825e-03,9.547646089512588929e-05,4.051888918199666274e-05,2.649792671791633271e-04,1.264579065917077619e-03,2.821783956470359643e-36,-3.008630207592177686e-35,4.556091763568456793e-35,-2.887992006512947772e-35,1.040040949910681054e-36,-5.180399230608775817e-37,2.423751265266823101e-36,1.826135458089679617e-37
-1.847456194508318231e-04,-2.742721070264410657e-02,-1.564929155315054063e-03,-2.452925074888199705e-03,-8.825313655237260711e-04,7.539774812707609498e-03,-2.220274829452589457e-02,-3.038387701193328780e-02,-3.570493339086174001e-02,1.252805541918981802e-02,2.659732841374187057e-02,-6.268651208321084078e-02,9.982799754192299424e-03,-5.016106675360168521e-02,-1.681395491571316717e-04,-1.322718094685348825e-03,9.547646089512588929e-05,4.051888918199666274e-05,2.649792671791633271e-04,1.264579065917077619e-03,9.562272100318104359e-36,-2.123524897025036681e-35,3.536674946757026495e-35,-2.999342722690577837e-35,7.530230530334098906e-37,-5.645437012437903598e-37,1.607320195610708838e-36,1.493851098612707021e-37
4.984124876194363091e-03,-2.185367768020701068e-02,-3.949571511544761222e-04,-8.124625449339585408e-04,-3.819907856481824689e-03,1.008103222150836392e-02,-2.220242360631727307e-02,-3.347897539789944366e-02,-3.283861350579936333e-02,6.890648057889087706e-03,2.819740718441704486e-02,-6.340152434601212250e-02,1.031555827393233760e-02,-5.090401838641088472e-02,-1.681395491571316717e-04,-1.322718094685348825e-03,9.547646089512588929e-05,4.051888918199666274e-05,2.649792671791633271e-04,1.264579065917077619e-03,1.154382626395607346e-35,-1.351951444353804830e-35,2.527164771537467488e-35,-2.633474399962720828e-35,5.190414266792128841e-37,-5.290071863426276199e-37,9.595660043771065800e-37,9.452871846328638835e-38
9.468766320979822571e-03,-1.647989525322644810e-02,3.326445378997952302e-04,4.263950538070985195e-05,-6.193324845294239170e-03,1.233035519990040817e-02,-2.165947632004593462e-02,-3.310917597619602443e-02,-3.410354775899235996e-02,6.672936401025823631e-03,2.796136018133379628e-02,-6.381007291844532914e-02,1.002929859741037884e-02,-5.061290822385994953e-02,-1.681395491571316717e-04,-1.322718094685348825e-03,9.547646089512588929e-05,4.051888918199666274e-05,2.649792671791633271e-04,1.264579065917077619e-03,1.083696619857635401e-35,-7.598951873438963513e-36,1.661040059238184993e-35,-2.068667527440214306e-35,3.150599687466736950e-37,-4.206086660165852687e-37,4.890497180555255762e-37,5.069224809579360157e-38
1.292720857449048896e-02,-1.272557084056248969e-02,2.983657446966107157e-03,2.105918242019650007e-03,-8.999799071918364660e-03,1.543984032788599942e-02,-1.933230761351873578e-02,-3.176733283145753706e-02,-3.461583070185705185e-02,8.095572184130711210e-03,2.950331647262552023e-02,-6.436464582472625762e-02,1.173428078342061975e-02,-4.956925346307618219e-02,-1.681395491571316717e-04,-1.322718094685348825e-03,9.547646089512588929e-05,4.051888918199666274e-05,2.649792671791633271e-04,1.264579065917077619e-03,8.968503624968650166e-36,-3.565693055287948586e-36,9.990434593054578038e-36,-1.499162250366641883e-35,1.656576717177524469e-37,-2.984918364714733542e-37,1.649712649779494090e-37,3.883712600927831300e-38
1.260551299927225796e-02,-8.907439747258816959e-03,5.428169221618790209e-03,4.069897521801389695e-03,-9.638382776657451051e-03,1.755288623169764042e-02,-1.529772131507457431e-02,-3.332063805303511761e-02,-3.227965046983573977e-02,7.519912799770138261e-03,3.111704951933830926e-02,-6.519965260597675172e-02,1.394614447352216652e-02,-4.924506767539795632e-02,-1.681395491571316717e-04,-1.322718094685348825e-03,9.547646089512588929e-05,4.051888918199666274e-05,2.649792671791633271e-04,1.264579065917077619e-03,6.752796933162731332e-36,-1.094627257726569768e-36,5.348157602158400330e-36,-1.008580239789134296e-35,6.817464676279438761e-38,-1.941850483660836247e-37,-2.416972044435861546e-38,2.832920579487160422e-38
1.355818146251948526e-02,-6.376148373113383824e-03,6.876100607865399950e-03,5.572640415942168093e-03,-1.226978735879001407e-02,1.895329641780712712e-02,-9.950959701880240232e-03,-3.337597228099516145e-02,-3.250157481432029705e-02,9.917260344165013120e-03,3.144596107677948005e-02,-6.545746684250257352e-02,1.434980876837095402e-02,-4.968035475245628080e-02,-1.681395491571316717e-04,-1.322718094685348825e-03,9.547646089512588929e-05,4.051888918199666274e-05,2.649792671791633271e-04,1.264579065917077619e-03,4.755156498226557726e-36,2.829749561953521550e-37,2.278448770064060289e-36,-6.175675432654572937e-36,7.939139464689059775e-39,-1.071527376080111988e-37,-1.098263902900386753e-37,1.968038231706698750e-38
1.115609521347380936e-02,-8.283020252319949969e-03,8.304151511281613468e-03,6.423197400397612916e-03,-1.251801179126993055e-02,2.381326586950285873e-02,-7.193660721205683006e-03,-3.630081455726343054e-02,-3.003781838359699877e-02,1.568410524482536511e-02,3.039294691404133622e-02,-6.671585816265077074e-02,1.470977603064475142e-02,-5.034808271730533552e-02,-1.681395491571316717e-04,-1.322718094685348825e-03,9.547646089512588929e-05,4.051888918199666274e-05,2.649792671791633271e-04,1.264579065917077619e-03,3.090871457917253440e-36,8.752378277675327320e-37,4.673806808161796672e-37,-3.381640607859900274e-36,-2.010661959619141346e-38,-4.530269355483436278e-38,-1.319518539725432413e-37,1.111419843797689447e-38
6.013237487691319022e-03,-9.029662660180697367e-03,8.766373029034119774e-03,6.921940813846132537e-03,-9.977335564240337115e-03,2.621680327393267895e-02,-9.014274006537358400e-03,-3.774482167120137011e-02,-2.969685182484370356e-02,1.564732187142080927e-02,2.925541471141912889e-02,-6.688091498176326755e-02,1.410321576587001552e-02,-5.074760381873942572e-02,-1.681395491571316717e-04,-1.322718094685348825e-03,9.547646089512588929e-05,4.051888918199666274e-05,2.649792671791633271e-04,1.264579065917077619e-03,1.854693681632947399e-36,1.024274589767883198e-36,-4.977617728487503688e-37,-1.498830201001605679e-36,-3.081765193225914025e-38,-8.126383614006085114e-39,-1.212278897645634237e-37,4.740528546806017555e-39
6.136755558318658481e-03,-1.283605977031143652e-02,8.848130939456317484e-03,6.770623378902294008e-03,-1.200433116501902278e-02,3.205682568693463130e-02,-7.549637781674970946e-03,-3.756085113492650673e-02,-3.101932876610440093e-02,1.566934511077294756e-02,2.846035931094271013e-02,-6.698199635199254820e-02,1.346589442987501661e-02,-5.117286795242399766e-02,-1.681395491571316717e-04,-1.322718094685348825e-03,9.547646089512588929e-05,4.051888918199666274e-05,2.649792671791633271e-04,1.264579065917077619e-03,9.683671063595462652e-37,9.399765798460510498e-37,-9.130494041663420631e-37,-3.369572944539493074e-37,-3.094056071636255281e-38,1.186655459212897585e-38,-9.770916151217232886e-38,2.465210223813416079e-40
4.319696943126213884e-03,-1.556728737658290458e-02,8.180823347659932354e-03,5.966055739452958556e-03,-1.160007896914563158e-02,3.727285592987532314e-02,-3.414406277983876407e-03,-3.957765455435222068e-02,-3.027835876318545755e-02,1.833594837667303426e-02,2.738202031508204723e-02,-6.705313299174187058e-02,1.252096752267702236e-02,-5.206526494750490786e-02,-1.681395491571316717e-04,-1.322718094685348825e-03,9.547646089512588929e-05,4.051888918199666274e-05,2.649792671791633271e-04,1.264579065917077619e-03,3.845332248056064509e-37,7.576321152516511002e-37,-9.967456211507822542e-37,2.879553985749006935e-37,-2.596791886216895899e-38,2.019409992373301254e-38,-7.107605012855220453e-38,-2.060908582499496358e-39
-2.103471723583261871e-03,-1.337274377305173144e-02,6.496373918293838270e-03,3.877785636320694833e-03,-7.505029288303211900e-03,3.740692080543089881e-02,-9.002847252898906263e-03,-3.612582867811539589e-02,-3.478531197121308843e-02,2.881964037483549651e-02,2.732239113608010000e-02,-6.594568667909836424e-02,1.241589078675863281e-02,-5.302131092809777430e-02,-1.681395491571316717e-04,-1.322718094685348825e-03,9.547646089512588929e-05,4.051888918199666274e-05,2.649792671791633271e-04,1.264579065917077619e-03,4.127312082992989103e-38,5.473099101818282399e-37,-8.946504327228723929e-37,5.590489786221661161e-37,-1.913715069137243847e-38,2.100049231396340356e-38,-4.593987858358500605e-38,-3.230131452107728917e-39
-1.475185972010284279e-03,-1.296456921138593524e-02,5.851639609500923316e-03,3.106574394943190098e-03,-9.549027579404836472e-03,3.993618821290997878e-02,-1.353477547035175990e-02,-3.244454372139648352e-02,-4.003482333170827606e-02,3.064762802497641644e-02,2.732102061637707233e-02,-6.504255193681253433e-02,1.164157319785950710e-02,-5.341185559037504166e-02,-1.681395491571316717e-04,-1.322718094685348825e-03,9.547646089512588929e-05,4.051888918199666274e-05,2.649792671791633271e-04,1.264579065917077619e-03,-1.343455091732684275e-37,3.568515065099178667e-37,-7.194046279295138151e-37,6.186647106945531835e-37,-1.273309761960012532e-38,1.785286583146019621e-38,-2.662054908702543248e-38,-3.079650328510438662e-39
2.095503261204674939e-03,-4.121277383791154686e-03,5.185371827393537615e-03,3.022139284499267969e-03,-1.335568779753669791e-02,3.399114554180764081e-02,-1.600536897115122439e-02,-3.265813811932882088e-02,-4.072486194076428007e-02,2.012253943336719808e-02,2.845366290794160841e-02,-6.567554384560310432e-02,1.136400041590654789e-02,-5.355722784084018806e-02,-1.681395491571316717e-04,-1.322718094685348825e-03,9.547646089512588929e-05,4.051888918199666274e-05,2.649792671791633271e-04,1.264579065917077619e-03,-2.023831376714183246e-37,2.071146812327970058e-37,-5.352536178508584083e-37,5.669403127760471706e-37,-7.702766565756601322e-39,1.412254026125700159e-38,-1.262916078150446192e-38,-2.323937917747548583e-39
1.051165923301257453e-03,4.751492949087008158e-03,5.553021894523352091e-03,3.004985548575717785e-03,-1.245864492767288605e-02,2.728407676145897659e-02,-2.110671106931258367e-02,-3.156723993074244533e-02,-4.186751630079288411e-02,3.254740820243916949e-03,2.969329133701778881e-02,-6.741938879001962981e-02,1.244342606811020199e-02,-5.343885581401398854e-02,-1.681395491571316717e-04,-1.322718094685348825e-03,9.547646089512588929e-05,4.051888918199666274e-05,2.649792671791633271e-04,1.264579065917077619e-03,-2.059311486246393127e-37,9.920617008291125640e-38,-3.688912697618840911e-37,4.619074739849423958e-37,-4.113107955211608412e-39,1.035065917520248023e-38,-3.875467068248796499e-39,-1.567598948077598018e-39
-2.003286423785510979e-03,8.296291683153041857e-03,5.054378951694672717e-03,2.865970512044340758e-03,-9.313716487890779522e-03,2.371752830466720280e-02,-2.228404404075094367e-02,-2.933695993785375225e-02,-4.335619443602918566e-02,-4.282206493953560553e-03,3.166960666835517274e-02,-6.833008413800639724e-02,1.362515647311335690e-02,-5.385562490741867964e-02,-1.681395491571316717e-04,-1.322718094685348825e-03,9.547646089512588929e-05,4.051888918199666274e-05,2.649792671791633271e-04,1.264579065917077619e-03,-1.779010768165588004e-37,3.112278744669389975e-38,-2.353857918213009047e-37,3.447992746210542771e-37,-1.515155854485740576e-39,6.614039207571011359e-39,9.732786658991567748e-40,-8.401980777314394962e-40
-4.329300560891406573e-03,1.084832755796609136e-02,3.051793035222826085e-03,1.554369059349467938e-03,-6.204670692156109141e-03,1.964986512607183947e-02,-2.042211176566601297e-02,-2.782425933877015825e-02,-4.417112531465864494e-02,-6.466884707107987615e-03,3.391681680954560657e-02,-6.677485763256976736e-02,1.522871262610071830e-02,-5.224365526703925872e-02,-1.681395491571316717e-04,-1.322718094685348825e-03,9.547646089512588929e-05,4.051888918199666274e-05,2.649792671791633271e-04,1.264579065917077619e-03,-1.387275084451726653e-37,-6.821186098500694466e-39,-1.365495434002828457e-37,2.376281042540773933e-37,5.878090461165340136e-41,3.721478871804927346e-39,3.273412979350658451e-39,-3.118788692086645890e-40
-5.357093752097068055e-03,5.395156550733500381e-03,9.363696863884649925e-04,-2.132188411567911834e-04,-4.496189520273001158e-03,2.194348548445972449e-02,-1.953604664800590029e-02,-2.485594164296076394e-02,-4.698163316400099515e-02,-1.038199496587688050e-02,3.503651198946151901e-02,-6.620259010565071600e-02,1.487070428682354083e-02,-5.194906937162054039e-02,-1.681395491571316717e-04,-1.322718094685348825e-03,9.547646089512588929e-05,4.051888918199666274e-05,2.649792671791633271e-04,1.264579065917077619e-03,-1.000991960043380782e-37,-2.343470985637204650e-38,-6.960740798265673841e-38,1.513348359567162901e-37,7.250100478150712937e-40,1.819477668314580256e-39,3.960053580158967201e-39,4.264798390835550876e-42
-5.976699411349803426e-03,3.013241028874905341e-03,7.698010660527217480e-05,-6.018943542013823703e-04,-3.896453966120964289e-03,2.135101500691690551e-02,-1.715899524456366773e-02,-2.582654982617640579e-02,-4.580228688336075021e-02,-9.907351873674559786e-03,3.348379212605692712e-02,-6.698096578470151552e-02,1.407390931669650139e-02,-5.246685092377091630e-02,-1.681395491571316717e-04,-1.322718094685348825e-03,9.547646089512588929e-05,4.051888918199666274e-05,2.649792671791633271e-04,1.264579065917077619e-03,-6.603481322909630064e-38,-2.839525289008362588e-38,-2.658630607414111873e-38,8.636455943354617151e-38,9.764160245955732068e-40,5.808106217014263244e-40,3.668507411464643026e-39,2.125424050460470831e-40
-4.948645065192597628e-03,1.497842705107325055e-03,6.187109111711523810e-04,-3.762374010370968377e-04,-3.493499363098542289e-03,2.053067220912989724e-02,-1.317268542680492122e-02,-2.975425853968694315e-02,-4.178624239145713876e-02,-4.023187613369926148e-03,3.208420351565925005e-02,-6.822560732686837326e-02,1.325129657878080722e-02,-5.419737349478338795e-02,-1.681395491571316717e-04,-1.322718094685348825e-03,9.547646089512588929e-05,4.051888918199666274e-05,2.649792671791633271e-04,1.264579065917077619e-03,-3.930633098293355290e-38,-2.675372335663765327e-38,-1.456300842944566955e-39,4.146610420623116878e-38,9.377175670094423612e-40,-1.277227223406897763e-40,2.968159739448301789e-39,2.607617785020190214e-40
-3.729734523213519559e-03,2.291652637011763576e-03,1.244899102586540006e-03,-9.785281747452968934e-05,-3.398861837292323565e-03,1.839368504812554511e-02,-1.704067538257261066e-02,-2.776279745891930759e-02,-4.450247566192509080e-02,2.105193687523898918e-03,3.156488134027354842e-02,-6.920164008973501979e-02,1.268815219511273962e-02,-5.515714120126300607e-02,-1.681395491571316717e-04,-1.322718094685348825e-03,9.547646089512588929e-05,4.051888918199666274e-05,2.649792671791633271e-04,1.264579065917077619e-03,-2.043817915929330560e-38,-2.177120863810233145e-38,1.105364543799420622e-38,1.321737710732242942e-38,7.751316326117744562e-40,-4.837709942049421632e-40,2.174217130652756491e-39,2.553746604454544542e-40
-1.566983364120410130e-03,2.349086617371582471e-03,2.775238584407236329e-03,8.120703478085942312e-04,-4.326790775179249413e-03,1.744872519652064524e-02,-1.792202506706382786e-02,-3.166612068039324074e-02,-4.126876350040956792e-02,-1.951665773360253438e-03,3.214411810789975787e-02,-6.914631115147902574e-02,1.354832904580649706e-02,-5.510675789331194452e-02,-1.681395491571316717e-04,-1.322718094685348825e-03,9.547646089512588929e-05,4.051888918199666274e-05,2.649792671791633271e-04,1.264579065917077619e-03,-8.012001077931464344e-39,-1.605127897555613400e-38,1.574397775861543654e-38,-2.902304748184740985e-39,5.723329306739900314e-40,-5.919214763699935718e-40,1.464267262093085630e-39,2.235258003341449773e-40
8.740396567243850084e-05,-1.090146667172419044e-04,2.655608413284727461e-03,4.119137378040595176e-04,-5.439171734227839575e-03,1.848908659615615749e-02,-1.558464772305780295e-02,-3.727081499997157710e-02,-3.653678109061733043e-02,-2.931455054945514629e-03,3.216680129635707958e-02,-6.869429204868625349e-02,1.403161956386849395e-02,-5.424680548574112304e-02,-1.681395491571316717e-04,-1.322718094685348825e-03,9.547646089512588929e-05,4.051888918199666274e-05,2.649792671791633271e-04,1.264579065917077619e-03,-6.277452697802698760e-40,-1.080322737472171813e-38,1.589647215117404771e-38,-1.062927595625969546e-38,3.877967931335179954e-40,-5.597152859660316826e-40,8.909798921879896227e-40,1.777394966813802930e-40
4.576268359509751485e-03,-1.759450258216653648e-03,3.451034818448356356e-03,8.351412830086678979e-04,-1.007637516022718074e-02,2.000066629497722001e-02,-1.305649911757038664e-02,-3.810826029381984836e-02,-3.657742789505825931e-02,3.521245720953655386e-04,3.230085829028905842e-02,-6.794479031944294922e-02,1.342321422440323313e-02,-5.312243683329601757e-02,-1.681395491571316717e-04,-1.322718094685348825e-03,9.547646089512588929e-05,4.051888918199666274e-05,2.649792671791633271e-04,1.264579065917077619e-03,3.160919232919647684e-39,-6.575205031106021504e-39,1.374217809995892392e-38,-1.302073096749526209e-38,2.303372976021760561e-40,-4.586705711587741474e-40,4.729932397027926578e-40,1.267464398271017039e-40
1.298267951429105289e-02,-1.357608409652774108e-03,3.466905513218003845e-03,6.389450211584520815e-04,-1.886842509244292254e-02,1.897034414264386903e-02,-2.865347751021448883e-03,-3.439629575722164684e-02,-4.072169930197781784e-02,2.614812835539412177e-03,3.254711572757841564e-02,-6.815348684414102021e-02,1.287807035015232915e-02,-5.325907446384575694e-02,-1.681395491571316717e-04,-1.322718094685348825e-03,9.547646089512588929e-05,4.051888918199666274e-05,2.649792671791633271e-04,1.264579065917077619e-03,4.613461085006409512e-39,-3.502827032583200927e-39,1.075443006812283632e-38,-1.240278414584445407e-38,1.127541474577418485e-40,-3.354649598649173337e-40,1.978188705827690167e-40,7.940787037762386434e-41
1.359462254411250917e-02,1.568214259074964673e-04,3.660805082894453936e-03,8.643896768544823139e-04,-2.166151207951575938e-02,1.706050476659898285e-02,-1.171179973570506475e-02,-2.414300212397692616e-02,-5.169276348548766664e-02,6.040811238981189102e-03,3.323632319834993187e-02,-6.846024258220609338e-02,1.290853859866880615e-02,-5.354794530887983101e-02,-1.681395491571316717e-04,-1.322718094685348825e-03,9.547646089512588929e-05,4.051888918199666274e-05,2.649792671791633271e-04,1.264579065917077619e-03,4.684800225733606168e-39,-1.426478744617380386e-39,7.743001198453024883e-39,-1.030918953438062576e-38,3.009179593045977506e-41,-2.189220057795840302e-40,2.962001121074161074e-41,4.514994627155648231e-41
1.177447192062274287e-02,2.912209375103397800e-04,3.525666901031157454e-03,1.231512558420251591e-03,-2.240954545570252379e-02,1.711087737000822895e-02,-1.534171558870910460e-02,-1.672229271999868538e-02,-5.928985531384680513e-02,1.078944401070249144e-02,3.507357985049867205e-02,-6.888489894767615973e-02,1.350658150227114149e-02,-5.449701262204187380e-02,-1.681395491571316717e-04,-1.322718094685348825e-03,9.547646089512588929e-05,4.051888918199666274e-05,2.649792671791633271e-04,1.264579065917077619e-03,4.095334935657880680e-39,-2.240212623874998258e-40,5.264167919959698969e-39,-7.909037315013064709e-39,-2.357054039383998823e-41,-1.206919101733342775e-40,-5.558007939927490572e-41,2.006840851593568580e-41
1.075296364056414072e-02,-3.501777586772659946e-05,4.267923919391604370e-03,1.455354149883336060e-03,-2.380229180935598821e-02,1.761493588923512474e-02,-1.422078149830196224e-02,-1.928995623181478658e-02,-5.739765028456397800e-02,1.564538666667733557e-02,3.537482314962286239e-02,-6.973191868382123959e-02,1.458016858764015801e-02,-5.454442047882455263e-02,-1.681395491571316717e-04,-1.322718094685348825e-03,9.547646089512588929e-05,4.051888918199666274e-05,2.649792671791633271e-04,1.264579065917077619e-03,3.215655873554876647e-39,4.217988165548559960e-40,3.360856633893785222e-39,-5.642346345751094430e-39,-5.198969522763465247e-41,-4.858143643060493253e-41,-8.780756247652589251e-41,2.437114421319564408e-42
7.040759683631787197e-03,-1.448007628358526739e-03,4.620351970752929402e-03,2.468336707158001221e-03,-2.317576108888343145e-02,1.888445739053443845e-02,-1.435856453868408940e-02,-2.071814901209257861e-02,-5.723411160074104442e-02,1.782766415249588399e-02,3.531173971420095009e-02,-6.980431083755121724e-02,1.517803909225475846e-02,-5.499017598428657116e-02,-1.681395491571316717e-04,-1.322718094685348825e-03,9.547646089512588929e-05,4.051888918199666274e-05,2.649792671791633271e-04,1.264579065917077619e-03,2.301669191905384789e-39,7.123934404696754172e-40,1.965970734512884028e-39,-3.707178394633902512e-39,-6.438817342308721207e-41,1.232402842973201155e-43,-9.165171706462109588e-41,-4.932689928927157605e-42
4.656542302134360559e-03,-7.781074116553291127e-03,5.004203390282917566e-03,3.515507760927147861e-03,-2.302433587338358761e-02,2.516111015069338874e-02,-1.406118080057968886e-02,-2.391696819749445854e-02,-5.625579063181515571e-02,1.881943904989608063e-02,3.392334266568868689e-02,-6.949500149515400182e-02,1.403843841960934410e-02,-5.480628296463493226e-02,-1.681395491571316717e-04,-1.322718094685348825e-03,9.547646089512588929e-05,4.051888918199666274e-05,2.649792671791633271e-04,1.264579065917077619e-03,1.608633473202323446e-39,7.847388355866692346e-40,9.982888187479076346e-40,-2.203382627619175670e-39,-6.155421355300287190e-41,2.699386476932900495e-41,-8.215298433452485525e-41,-7.306879236584681283e-42
3.833497199845276992e-03,-7.369652772538080356e-03,5.162582009307894494e-03,5.087151890863549422e-03,-2.365996240612556339e-02,2.567167073470085284e-02,-1.215341242947483476e-02,-2.834973277049426116e-02,-5.246031010887620971e-02,2.053293692689564520e-02,3.386131551789189204e-02,-7.028046507761091799e-02,1.410703439688695653e-02,-5.517182380910396616e-02,-1.681395491571316717e-04,-1.322718094685348825e-03,9.547646089512588929e-05,4.051888918199666274e-05,2.649792671791633271e-04,1.264579065917077619e-03,1.028070301209574731e-39,7.088628943961562966e-40,3.908954191000049415e-40,-1.153486932712018214e-39,-5.098760008077081960e-41,3.679677533660491275e-41,-6.508911740768883147e-41,-6.860083775775922416e-42
7.142826885462612643e-03,-6.686174520614420087e-03,5.228296873155222936e-03,4.780696395137412451e-03,-2.744177187853340943e-02,2.632950136336607155e-02,-7.258514893153110263e-03,-3.468632081400153250e-02,-4.648498297763758308e-02,1.357697704135451405e-02,3.354471512339247258e-02,-7.219638463615267454e-02,1.407697971054075459e-02,-5.665645952963298954e-02,-1.681395491571316717e-04,-1.322718094685348825e-03,9.547646089512588929e-05,4.051888918199666274e-05,2.649792671791633271e-04,1.264579065917077619e-03,5.905625333280631324e-40,5.671351144826845781e-40,3.907583885487558515e-41,-4.867910979457695596e-40,-3.744959828235847841e-41,3.636563246645705631e-41,-4.714696157509212026e-41,-6.069654508107518726e-42
2.884851010678211695e-03,-1.102065617708589476e-02,5.838774957246003518e-03,5.203156670042075223e-03,-2.357693323499683233e-02,3.247910230992295116e-02,-1.182870144130616051e-02,-3.616084227526290829e-02,-4.508475655373687940e-02,1.298702464097717911e-02,3.420554578612440555e-02,-7.250753271339201167e-02,1.449262112907340715e-02,-5.720067893804640230e-02,-1.681395491571316717e-04,-1.322718094685348825e-03,9.547646089512588929e-05,4.051888918199666274e-05,2.649792671791633271e-04,1.264579065917077619e-03,2.921938792013773662e-40,4.132433283736973102e-40,-1.420054485651604869e-40,-8.411017237017313856e-41,-2.547040642026237222e-41,3.042258771808152677e-41,-3.121685764321879700e-41,-5.176454379957822472e-42
2.498247293947538500e-03,-1.629407313900954266e-02,5.429836415289397873e-03,4.556105004900937692e-03,-2.333758457292255811e-02,4.068975738753359550e-02,-1.203361873101013550e-02,-4.014983959263990904e-02,-4.032363919196875479e-02,1.208806016808211189e-02,3.498086122589767755e-02,-7.340854795146481426e-02,1.563480489721331967e-02,-5.863053282362382101e-02,-1.681395491571316717e-04,-1.322718094685348825e-03,9.547646089512588929e-05,4.051888918199666274e-05,2.649792671791633271e-04,1.264579065917077619e-03,1.009503071610489426e-40,2.753136303704201938e-40,-2.140884623691711923e-40,1.310046791668802396e-40,-1.568205566600257033e-41,2.313235183562191103e-41,-1.830770578794704884e-41,-3.997073024832593820e-42
5.001312133941924337e-03,-1.412669653081366147e-02,5.007326256915794506e-03,3.959075449592994178e-03,-2.529564894326392574e-02,4.238924926456547060e-02,-1.077509079256391486e-02,-4.383464686246554831e-02,-3.603433267597615230e-02,8.931479966846903734e-03,3.625755103399212753e-02,-7.351118534338697830e-02,1.732714766265741613e-02,-5.872626668545012640e-02,-1.681395491571316717e-04,-1.322718094685348825e-03,9.547646089512588929e-05,4.051888918199666274e-05,2.649792671791633271e-04,1.264579065917077619e-03,-9.767369603117886389e-42,1.661597436954172583e-40,-2.223922061394094687e-40,2.224907107570911087e-40,-8.358803982957129385e-42,1.616433944868936187e-41,-9.188331819042456994e-42,-2.824410243690884976e-42
1.016413149518535439e-02,-7.979583139735010183e-03,5.591203378009270038e-03,4.016197930676338075e-03,-2.952536801281240714e-02,4.130304327908313616e-02,-6.876228238676582692e-03,-4.612507405165501562e-02,-3.366373455102625312e-02,3.397966594226606817e-03,3.692111691470879864e-02,-7.342128859041366362e-02,1.901226399620960239e-02,-5.768626307582511159e-02,-1.681395491571316717e-04,-1.322718094685348825e-03,9.547646089512588929e-05,4.051888918199666274e-05,2.649792671791633271e-04,1.264579065917077619e-03,-6.409548320623721699e-41,8.755084801776740157e-41,-1.970501312701906700e-40,2.384235883229115605e-40,-3.434240572538479852e-42,1.030486066259333052e-41,-3.440357672750756503e-42,-1.675252957716858146e-42
9.830232922040677696e-03,2.443723805268794430e-03,5.703436125142402613e-03,4.491986672625793500e-03,-2.952908545166761309e-02,3.371898204266727400e-02,-6.779083360086364356e-03,-4.511140347338629675e-02,-3.458571496783778565e-02,-6.139077171270789814e-03,3.739894423161758269e-02,-7.418298841357315321e-02,1.847795253575847119e-02,-5.788107367115703783e-02,-1.681395491571316717e-04,-1.322718094685348825e-03,9.547646089512588929e-05,4.051888918199666274e-05,2.649792671791633271e-04,1.264579065917077619e-03,-8.267929467556176659e-41,3.579240630909806419e-41,-1.575051620669458262e-40,2.137210313870491118e-40,-4.440489162755006433e-43,5.860323095658034892e-42,2.828188923722389493e-44,-8.039557662605569942e-43
5.935982323166015887e-03,7.537155836559897987e-03,4.742875766548046088e-03,3.543938625328770485e-03,-2.756060750013008057e-02,2.760448242437731417e-02,-5.804347279058355048e-03,-4.603424232819335743e-02,-3.428356076775140177e-02,-9.103806965538918661e-03,3.675325612779350298e-02,-7.404814438837802049e-02,1.735617480202052490e-02,-5.725221948288038848e-02,-1.681395491571316717e-04,-1.322718094685348825e-03,9.547646089512588929e-05,4.051888918199666274e-05,2.649792671791633271e-04,1.264579065917077619e-03,-8.069007354263852292e-41,4.737931849456562758e-42,-1.155378665552349372e-40,1.709622618223062421e-40,1.087873355164054912e-42,2.841711519317813449e-42,1.775745744197481177e-42,-2.789800067177027836e-43
4.023744001350632385e-03,8.838781751933704953e-03,4.955543515499438029e-03,3.292046900553062538e-03,-2.714673388261835962e-02,2.380125072053482227e-02,-3.362363717618825631e-03,-4.417230294879393587e-02,-3.678920726842552225e-02,-4.739751328396519560e-03,3.702347351181582008e-02,-7.448496575482214943e-02,1.590966467737747053e-02,-5.812989333725508689e-02,-1.681395491571316717e-04,-1.322718094685348825e-03,9.547646089512588929e-05,4.051888918199666274e-05,2.649792671791633271e-04,1.264579065917077619e-03,-6.868245499928918387e-41,-1.078147162920960438e-41,-7.873191280252590582e-41,1.259236785825159088e-40,1.654079184634817361e-42,9.382841722433937196e-43,2.440495560859130048e-42,-6.036943318835763643e-44
3.942025012450342883e-03,1.288801189661455647e-02,5.003988728259551634e-03,3.478609615257643138e-03,-2.862797625650893157e-02,1.756001782193269620e-02,-3.441176416429837012e-03,-4.773362802650775449e-02,-3.373625361247283017e-02,-2.584068384247008038e-03,3.710454579974313549e-02,-7.468403933576864273e-02,1.569747571347330367e-02,-5.849414569253705981e-02,-1.681395491571316717e-04,-1.322718094685348825e-03,9.547646089512588929e-05,4.051888918199666274e-05,2.649792671791633271e-04,1.264579065917077619e-03,-5.302664964087491480e-41,-1.666077633011947197e-41,-4.954692391307919524e-41,8.591822769813274312e-41,1.693610724281859566e-42,-1.336643746752756043e-43,2.367715036390254099e-42,1.186598705057589784e-43
1.385147724984872684e-03,1.693363004108654549e-02,5.169462704762647215e-03,3.626672604449651411e-03,-2.755393987681950888e-02,1.005533290965166839e-02,-1.557316235699688668e-02,-4.082443319913392488e-02,-4.206775364762233016e-02,1.028832922750745529e-03,3.606821607952183373e-02,-7.465417124757271761e-02,1.504042677025128720e-02,-5.862905200270678019e-02,-1.681395491571316717e-04,-1.322718094685348825e-03,9.547646089512588929e-05,4.051888918199666274e-05,2.649792671791633271e-04,1.264579065917077619e-03,-3.794507193280849041e-41,-1.699188868310475256e-41,-2.802295099320659456e-41,5.368161371585862701e-41,1.497145961529420465e-42,-6.704378635719003644e-43,1.993187276466281587e-42,1.901929559158136366e-43
-1.571622929136052768e-03,2.131797513455290644e-02,3.864631367510312429e-03,1.877371675119186758e-03,-2.595437937431413489e-02,-9.384677740767802256e-05,-2.160676731323123503e-02,-3.528956356320190474e-02,-4.867243544242343123e-02,1.115294321405509853e-02,3.421902190365144758e-02,-7.499002644290307662e-02,1.346020796440610193e-02,-5.859803862591301399e-02,-1.681395491571316717e-04,-1.322718094685348825e-03,9.547646089512588929e-05,4.051888918199666274e-05,2.649792671791633271e-04,1.264579065917077619e-03,-2.517370023757150502e-41,-1.466126460023151863e-41,-1.337838125501903233e-41,3.002094990844767313e-41,1.190887310417546512e-42,-8.343012077467848738e-43,1.538195404342534433e-42,1.906155027652194252e-43
-2.178898361355100215e-03,1.322820235678736668e-02,2.984187684174627233e-03,-3.243095850938900598e-04,-2.554583558247381855e-02,1.487493998339988691e-03,-2.147546255785921440e-02,-3.573018075139824945e-02,-4.916400922832243198e-02,1.258928764451874849e-02,3.256477222714995040e-02,-7.529789408983204868e-02,1.256931418106118498e-02,-5.876712489871040862e-02,-1.681395491571316717e-04,-1.322718094685348825e-03,9.547646089512588929e-05,4.051888918199666274e-05,2.649792671791633271e-04,1.264579065917077619e-03,-1.521103642857044133e-41,-1.137093813185427446e-41,-4.248658044026377033e-42,1.398541335998093293e-41,8.710873891983519466e-43,-7.978316219746044723e-43,1.078479816303066912e-42,1.758361336613534550e-43
-2.584937114747084055e-03,4.310952135648780242e-03,3.090228235820482051e-03,1.863860086567473845e-04,-2.487680230884085561e-02,5.518159326129784548e-03,-1.951437967297413659e-02,-3.958692924483121767e-02,-4.602564512286021203e-02,1.962985580066535160e-02,3.142936053759014942e-02,-7.480724442188158019e-02,1.229237548808217138e-02,-5.826797113246462434e-02,-1.681395491571316717e-04,-1.322718094685348825e-03,9.547646089512588929e-05,4.051888918199666274e-05,2.649792671791633271e-04,1.264579065917077619e-03,-8.059615653333685799e-42,-8.072816602900587704e-42,9.156700401541247299e-43,3.980759668694270224e-42,5.790211636203276629e-43,-6.570408589120669141e-43,6.913311438448312078e-43,1.375723275887388580e-43
-5.730993077647584741e-03,9.539983624563637063e-04,3.268858984146444380e-03,9.505242540009525495e-04,-2.229176048748516756e-02,5.429981704946512146e-03,-1.848762552055665045e-02,-4.157060877439786722e-02,-4.411356039653282352e-02,1.751260754774318015e-02,3.236490117913191911e-02,-7.414835814373958722e-02,1.284795329345291351e-02,-5.784008949804411714e-02,-1.681395491571316717e-04,-1.322718094685348825e-03,9.547646089512588929e-05,4.051888918199666274e-05,2.649792671791633271e-04,1.264579065917077619e-03,-3.351886299643789674e-42,-5.223689592700352134e-42,3.401703383491628360e-42,-1.597894596303045724e-42,3.485051446167877052e-43,-4.871385981591801259e-43,3.957145690757691357e-43,9.638215617731741673e-44
-7.451231835049689986e-03,-9.448694456409525294e-03,1.674239934553395717e-03,7.071805885593559441e-04,-1.952290330400860766e-02,1.389107272479080807e-02,-1.549292983128862551e-02,-4.767143675237200950e-02,-3.785667022896872097e-02,-3.463667245862389610e-04,3.306546197338174065e-02,-7.540828054995690755e-02,1.376593183745325119e-02,-5.885767300968131749e-02,-1.681395491571316717e-04,-1.322718094685348825e-03,9.547646089512588929e-05,4.051888918199666274e-05,2.649792671791633271e-04,1.264579065917077619e-03,-5.122106238013738365e-43,-3.053538180757376481e-42,4.251481686489132841e-42,-4.257227940806356207e-42,1.807720579603152111e-43,-3.296952524480459831e-43,1.935554806961739993e-43,6.079019156695310870e-44
-4.935989169859567385e-03,-1.144317862677419161e-02,2.610771921802318082e-03,2.542992721207090571e-03,-2.089642441707241158e-02,1.833926851675034969e-02,-1.745165505974195091e-02,-4.592809652353060934e-02,-3.810582354090832902e-02,-8.356113941079891180e-03,3.462926058839140009e-02,-7.513897500529057027e-02,1.524946561614810500e-02,-5.819970604693985861e-02,-1.681395491571316717e-04,-1.322718094685348825e-03,9.547646089512588929e-05,4.051888918199666274e-05,2.649792671791633271e-04,1.264579065917077619e-03,9.641543171872644617e-43,-1.497823312309041704e-42,4.089568019058501800e-42,-4.987486831800460979e-42,7.182495368930238822e-44,-2.051034996670656832e-43,6.338911936766021236e-44,3.477930544253827007e-44
-1.928053602222286247e-03,-1.562254301301508295e-02,2.944207365920515577e-03,3.642857523150550437e-03,-2.106148237162428286e-02,2.475924481648329734e-02,-1.515959799762360213e-02,-4.912361012385458442e-02,-3.526055742143806987e-02,-5.414192760296911329e-03,3.506932532200090352e-02,-7.532681413699024442e-02,1.496546606647364448e-02,-5.837268923905143680e-02,-1.681395491571316717e-04,-1.322718094685348825e-03,9.547646089512588929e-05,4.051888918199666274e-05,2.649792671791633271e-04,1.264579065917077619e-03,1.575191538621586756e-42,-5.111368275446775471e-43,3.462778632986585188e-42,-4.675512816127524677e-42,1.091159085396732824e-44,-1.158252939243004936e-43,-8.814347880791581790e-45,1.530477266156904100e-44
7.799353556619799052e-03,-9.597126139327965058e-03,5.076416021898394818e-03,4.507667386968916903e-03,-2.884156601322722044e-02,2.211622199079046197e-02,-1.415004372537642663e-02,-4.410338077269381624e-02,-4.045959253568510994e-02,-1.158062914368464258e-03,3.673479646365879203e-02,-7.474640520928899079e-02,1.614559160646868857e-02,-5.828781645841029507e-02,-1.681395491571316717e-04,-1.322718094685348825e-03,9.547646089512588929e-05,4.051888918199666274e-05,2.649792671791633271e-04,1.264579065917077619e-03,1.672187159317165885e-42,4.189440919282125318e-44,2.684353435246526264e-42,-3.897884183040597982e-42,-2.223927373996802852e-44,-5.501821208417570210e-44,-4.720457754758403209e-44,5.592900089823091689e-45
6.623429885194694576e-03,-2.541119019135347490e-03,6.849560337282532829e-03,5.271927851155536714e-03,-2.805046282313103378e-02,1.726143057127618383e-02,-1.240279214352426988e-02,-4.246375580921133569e-02,-4.322820638344292837e-02,1.469169484179728199e-03,3.671024720809645814e-02,-7.529135593303822038e-02,1.641941140729492182e-02,-5.885238361850565758e-02,-1.681395491571316717e-04,-1.322718094685348825e-03,9.547646089512588929e-05,4.051888918199666274e-05,2.649792671791633271e-04,1.264579065917077619e-03,1.488917699282741061e-42,3.159471997117454789e-43,1.927827698374703196e-42,-2.972587784476309668e-42,-3.553371501115996066e-44,-1.778332601460482163e-44,-5.825379504167581060e-44,-1.619845345702755549e-45
8.516007269278405914e-03,1.543271440506491232e-03,6.430133575095631042e-03,4.114538523631232174e-03,-3.173402234420600460e-02,1.521179840092653883e-02,-1.743719150323491673e-02,-3.766817645806397330e-02,-4.960052477169792084e-02,7.952903837223882985e-03,3.624441736658834401e-02,-7.586692143657002008e-02,1.638030418096677113e-02,-5.896310545466563330e-02,-1.681395491571316717e-04,-1.322718094685348825e-03,9.547646089512588929e-05,4.051888918199666274e-05,2.649792671791633271e-04,1.264579065917077619e-03,1.189913237367860574e-42,4.058796021323217674e-43,1.292034004154959630e-42,-2.100330233672931016e-42,-3.779731538230699756e-44,4.412398749760788931e-45,-5.692514821559013894e-44,-3.770462322756589067e-45
7.728342659586230276e-03,7.852108734855852389e-04,6.114981053192032612e-03,3.644629819772558354e-03,-3.305023604904823442e-02,1.743388207036337609e-02,-1.676588806903584611e-02,-4.090561857131622125e-02,-4.778886211417522623e-02,5.229429737854810953e-03,3.578924647539927922e-02,-7.701734942986311616e-02,1.590748724755991841e-02,-6.042326349119728213e-02,-1.681395491571316717e-04,-1.322718094685348825e-03,9.547646089512588929e-05,4.051888918199666274e-05,2.649792671791633271e-04,1.264579065917077619e-03,8.724112925053831926e-43,3.942859967614432315e-43,8.052934212653605374e-43,-1.378231523728998855e-42,-3.314212162885837855e-44,1.475346145770483542e-44,-4.688844256192082869e-44,-6.324025492307966601e-45
6.899889490117344475e-03,3.549295071606439148e-05,5.657102876495598981e-03,2.522849080451920918e-03,-3.518793753402368885e-02,1.763351188800016747e-02,-1.478520856229061098e-02,-4.403686048482831350e-02,-4.643817850158583893e-02,1.532134076348808452e-03,3.581789759347166202e-02,-7.686556399528662875e-02,1.438455472833466593e-02,-6.126008399460745879e-02,-1.681395491571316717e-04,-1.322718094685348825e-03,9.547646089512588929e-05,4.051888918199666274e-05,2.649792671791633271e-04,1.264579065917077619e-03,6.018962654544548803e-43,3.317881679766787941e-43,4.552053192166610407e-43,-8.275707784096469323e-43,-2.655062345887714804e-44,1.757635070805160182e-44,-3.512618067714819053e-44,-7.583149058151072149e-45
2.088004023664827118e-03,-6.323233789395741634e-03,4.505644707627739012e-03,2.356161345747024172e-03,-3.242633850116394267e-02,2.271456538441992898e-02,-2.134530553984811951e-02,-3.966421764113021303e-02,-5.165312969521547448e-02,7.239350549189322789e-03,3.642623735126326173e-02,-7.720209860787195788e-02,1.300140943880298897e-02,-6.207818242374638779e-02,-1.681395491571316717e-04,-1.322718094685348825e-03,9.547646089512588929e-05,4.051888918199666274e-05,2.649792671791633271e-04,1.264579065917077619e-03,3.848146533979289689e-43,2.518283133370801318e-43,2.190143999752306619e-43,-4.388689822694985055e-43,-1.969207471478778689e-44,1.669481161072520985e-44,-2.437742800758484700e-44,-7.086387281054726591e-45
-1.536817193052097096e-03,3.448569455658407994e-03,5.221755225051055715e-03,2.945138610507318667e-03,-2.963452080111040471e-02,1.262523566273947642e-02,-2.446222147371300559e-02,-3.552189668399208244e-02,-5.625888684430466885e-02,5.873163910595856352e-03,3.636476276048075662e-02,-7.789355166806030684e-02,1.141479770482733101e-02,-6.256681636411427772e-02,-1.681395491571316717e-04,-1.322718094685348825e-03,9.547646089512588929e-05,4.051888918199666274e-05,2.649792671791633271e-04,1.264579065917077619e-03,2.229371869698163301e-43,1.751850681854839818e-43,7.183536761298357707e-44,-1.852045885157938177e-43,-1.328676844832038352e-44,1.364765500204828188e-44,-1.570163859883635706e-44,-5.744549425167298834e-45
-7.115052224874288643e-03,6.410499714680272486e-03,4.335758029458296366e-03,2.442439567656328869e-03,-2.317282220492156500e-02,7.916942581306238985e-03,-2.614759101959320681e-02,-3.263211097044670106e-02,-5.919796844173536021e-02,1.498822701293911312e-02,3.476715787021891768e-02,-8.013507937237251966e-02,1.061105910467308872e-02,-6.356937815050749119e-02,-1.681395491571316717e-04,-1.322718094685348825e-03,9.547646089512588929e-05,4.051888918199666274e-05,2.649792671791633271e-04,1.264579065917077619e-03,1.109286429610428765e-43,1.118085038701295324e-43,-1.189695394774023075e-44,-3.303207037142974692e-44,-8.149641450056782721e-45,1.022424702305665460e-44,-9.100709346356429146e-45,-4.244419439764527499e-45
-9.714270738520870002e-03,4.978984112611576848e-03,2.647727588966628832e-03,1.832980733142651518e-03,-1.986291666546377566e-02,8.011283867176945822e-03,-2.381643086973727480e-02,-3.347686668802591498e-02,-5.817228038109745897e-02,1.394779311596890635e-02,3.526097290192603539e-02,-8.013044239342934083e-02,1.280159483628680143e-02,-6.347659552183643195e-02,-1.681395491571316717e-04,-1.322718094685348825e-03,9.547646089512588929e-05,4.051888918199666274e-05,2.649792671791633271e-04,1.264579065917077619e-03,3.939321571904133736e-44,6.396989818572577801e-44,-5.283577352256296476e-44,4.833688588510236341e-44,-4.314828737504465553e-45,6.976887152950952273e-45,-4.521895865142078834e-45,-2.870643228246171462e-45
-8.915931590910109242e-03,4.546721534222779824e-03,2.227329255863360995e-04,-6.222118420732456693e-04,-1.958171541075313243e-02,5.861829349734185880e-03,-2.473070898954981764e-02,-3.183473435053548600e-02,-6.005994399861858818e-02,1.331908027217051232e-02,3.577647920919633379e-02,-7.925408758597880798e-02,1.436930768788317360e-02,-6.313505537238375820e-02,-1.681395491571316717e-04,-1.322718094685348825e-03,9.547646089512588929e-05,4.051888918199666274e-05,2.649792671791633271e-04,1.264579065917077619e-03,-1.581699357130920754e-45,3.037687209237166926e-44,-6.674436478723791953e-44,8.279170473617743633e-44,-1.693413111882755619e-45,4.232592990874306275e-45,-1.589349244291422104e-45,-1.767273258407705239e-45
-8.565980678548180266e-03,2.001991001891170654e-03,-6.437754356621271101e-04,-1.493923967400895801e-03,-1.726111423421381255e-02,5.754501727250923952e-03,-2.391703907291501535e-02,-3.307201226770767333e-02,-5.901058091502622838e-02,2.019212093241732134e-02,3.612581142141043505e-02,-7.978574378253046329e-02,1.582206618539065690e-02,-6.362724451749562915e-02,-1.681395491571316717e-04,-1.322718094685348825e-03,9.547646089512588929e-05,4.051888918199666274e-05,2.649792671791633271e-04,1.264579065917077619e-03,-2.166069367284064561e-44,8.804773990701845104e-45,-6.542119899728870545e-44,8.879045551647127937e-44,-7.325097749079597319e-47,2.250831836225634187e-45,1.571761779148001168e-46,-9.791942249422784640e-46
-5.774220206476408934e-03,-1.053428235990871726e-03,-1.519721444355254768e-03,-1.600413307019355434e-03,-1.702770191658533466e-02,7.670434136119152688e-03,-2.282509953032968095e-02,-3.741696368027536829e-02,-5.488005829915332950e-02,3.057304999254396513e-02,3.625657306922627776e-02,-8.239738539372007398e-02,1.641740640866171455e-02,-6.614248067524104713e-02,-1.681395491571316717e-04,-1.322718094685348825e-03,9.547646089512588929e-05,4.051888918199666274e-05,2.649792671791633271e-04,1.264579065917077619e-03,-2.860277159729418436e-44,-3.396308543729361799e-45,-5.687149284778045145e-44,8.049531324854206553e-44,8.333880394813582508e-46,8.891789638935835632e-46,9.753262966975357288e-46,-4.239427899767405034e-46
-3.060198643664215762e-04,-3.868360279517817253e-03,-6.089952026238241653e-04,-1.063800182843147469e-03,-1.951197080300215089e-02,1.081321887398399226e-02,-1.706082595338047694e-02,-4.034500682817089567e-02,-5.270248733358217502e-02,3.474953291939609362e-02,3.637785083141859693e-02,-8.385168495128586530e-02,1.721138466784706555e-02,-6.706909687354320471e-02,-1.681395491571316717e-04,-1.322718094685348825e-03,9.547646089512588929e-05,4.051888918199666274e-05,2.649792671791633271e-04,1.264579065917077619e-03,-2.812862828456986037e-44,-9.250697807463792441e-45,-4.558384681563681926e-44,6.565114464816546465e-44,1.216267149377673914e-45,3.087437459432588878e-47,1.224874581312223818e-45,-1.111271518486792300e-46
3.158235853412742072e-03,-5.322203809663662681e-03,1.496765815531351379e-04,-1.139199033521347401e-03,-2.243783487330548027e-02,1.356566273511975416e-02,-1.627811161593228223e-02,-3.929980920661882426e-02,-5.479145962999916464e-02,4.542409764115108717e-02,3.552866290954562883e-02,-8.410203558156918724e-02,1.686595888629718876e-02,-6.728318321018379733e-02,-1.681395491571316717e-04,-1.322718094685348825e-03,9.547646089512588929e-05,4.051888918199666274e-05,2.649792671791633271e-04,1.264579065917077619e-03,-2.365783601953619721e-44,-1.122603039216539657e-44,-3.410864816548489147e-44,4.948792782102436050e-44,1.311336988628154118e-45,-4.554012584014081489e-46,1.260997298028913592e-45,-2.150425215126510055e-47
4.928926440424415828e-03,-2.825930670754418957e-03,3.020620546593877701e-04,-8.068703579205971366e-05,-2.304633013053493731e-02,1.100961280206563635e-02,-1.215999347697832578e-02,-4.103070625244871483e-02,-5.409146642113576292e-02,4.370239975522857701e-02,3.620260569118506633e-02,-8.417175159263706741e-02,1.649468367064173616e-02,-6.601824459858401939e-02,-1.681395491571316717e-04,-1.322718094685348825e-03,9.547646089512588929e-05,4.051888918199666274e-05,2.649792671791633271e-04,1.264579065917077619e-03,-1.840858199578773323e-44,-1.081318925060981824e-44,-2.415636775689062450e-44,3.483829474246097098e-44,1.238255936665752998e-45,-6.591452618331874138e-46,1.063762657740179382e-45,1.087978190959203786e-47
4.733097033692717365e-03,3.376033925495363144e-03,1.089552599957397706e-03,5.343866480785097782e-04,-2.331461258700570291e-02,5.141439813780008042e-03,-7.583066855699942613e-03,-4.629335535065642881e-02,-4.928806269406890012e-02,3.784364717161138592e-02,3.806631346814250139e-02,-8.403322757442853452e-02,1.636257585524331440e-02,-6.618584870640820128e-02,-1.681395491571316717e-04,-1.322718094685348825e-03,9.547646089512588929e-05,4.051888918199666274e-05,2.649792671791633271e-04,1.264579065917077619e-03,-1.326486464448844740e-44,-9.025647037004053398e-45,-1.638789731002951223e-44,2.328852709753150505e-44,1.031749309545186773e-45,-6.713694456132299350e-46,7.917113670917912221e-46,2.061962604116443266e-47
5.257237651861768231e-03,8.072999444943298325e-03,2.509106905578200632e-03,3.465945964117850124e-04,-2.420987150752516512e-02,1.804993187384373171e-05,-8.132553234103289536e-03,-5.171901292484026857e-02,-4.515316204103016900e-02,3.299995165281395526e-02,3.784162681264603700e-02,-8.530179556865810642e-02,1.541809575719869235e-02,-6.730574773810070466e-02,-1.681395491571316717e-04,-1.322718094685348825e-03,9.547646089512588929e-05,4.051888918199666274e-05,2.649792671791633271e-04,1.264579065917077619e-03,-8.919356833918518713e-45,-6.863219852710421485e-45,-1.049225653454141234e-44,1.438775840906834519e-44,7.903306164817715000e-46,-5.791961477499373523e-46,5.613676419160344055e-46,2.844365842162553492e-47
4.452832349128904056e-03,1.451045957039785728e-02,2.496355761330986550e-03,6.311557126883120088e-04,-2.389045011721739609e-02,-8.185879109686960975e-03,-5.643265910114599743e-03,-5.819875829334124340e-02,-4.006221629179324006e-02,2.974603536025871922e-02,3.707896182786815653e-02,-8.622856926892544238e-02,1.378029670388933661e-02,-6.894737540154413646e-02,-1.681395491571316717e-04,-1.322718094685348825e-03,9.547646089512588929e-05,4.051888918199666274e-05,2.649792671791633271e-04,1.264579065917077619e-03,-5.508719692294655244e-45,-4.866538979167866243e-45,-6.165416587230852230e-45,7.991682273896885850e-45,5.570142214849087133e-46,-4.458380936576955043e-46,3.635409496154284709e-46,3.014948510397452471e-47
5.171756641967447526e-03,1.098731035476716543e-02,1.776969950332152586e-03,5.767537803051965952e-04,-2.688638349718226392e-02,-8.337783403466777002e-03,-8.719270159351850610e-03,-5.813191738703328559e-02,-4.038186512291115637e-02,2.554562877012984956e-02,3.700275127554530225e-02,-8.591245511586001471e-02,1.394566225128398944e-02,-6.904812394552146959e-02,-1.681395491571316717e-04,-1.322718094685348825e-03,9.547646089512588929e-05,4.051888918199666274e-05,2.649792671791633271e-04,1.264579065917077619e-03,-3.026218503540585063e-45,-3.215143731803261134e-45,-3.162641694437284451e-45,3.696811864383869598e-45,3.593017468754947945e-46,-3.146211190918219618e-46,2.059746130956882216e-46,2.745654450692919716e-47
2.907960087106699256e-03,2.232673368971153233e-04,9.481256024977862198e-04,3.492643471162573503e-04,-2.647562325081263129e-02,-2.031932935876096420e-03,-1.200284112108451762e-02,-5.509297121415446252e-02,-4.410667937220181384e-02,2.775072778531888912e-02,3.585693500641112114e-02,-8.616981980043417200e-02,1.250554615251578752e-02,-7.059087636460036064e-02,-1.681395491571316717e-04,-1.322718094685348825e-03,9.547646089512588929e-05,4.051888918199666274e-05,2.649792671791633271e-04,1.264579065917077619e-03,-1.372488732902924081e-45,-1.940800322812240663e-45,-1.230835249034874825e-45,1.042979208666639812e-45,2.096273365709270515e-46,-2.027508387405052963e-46,9.829729897839267159e-47,2.015114107019786499e-47
-1.958614763874542194e-03,-6.648694318019986345e-03,2.661072244634389572e-04,7.030413134212255572e-04,-2.277629965268680723e-02,1.568210206312147057e-03,-1.928842084896965903e-02,-4.833156001523754991e-02,-5.167464643053572282e-02,2.741618157760292510e-02,3.486858428185053704e-02,-8.632299913209956488e-02,1.098621388051762571e-02,-7.112465669014117475e-02,-1.681395491571316717e-04,-1.322718094685348825e-03,9.547646089512588929e-05,4.051888918199666274e-05,2.649792671791633271e-04,1.264579065917077619e-03,-3.559521318252291370e-46,-1.030328463594139008e-45,-9.463271554688517097e-47,-4.279646271347589200e-46,1.043085027634509642e-46,-1.175502387301185560e-46,3.059181412241996268e-47,1.354689490305380145e-47
-6.321600154221954787e-03,-1.717146278799439041e-02,-8.744812649064505946e-04,2.103720082225592550e-03,-1.874627765727693296e-02,1.147042511567335742e-02,-2.123603545743917714e-02,-5.041867582516498802e-02,-4.959290018357506019e-02,1.887304773406411201e-02,3.563903051553411749e-02,-8.821502121344938774e-02,1.056359465038665506e-02,-7.250136688853807410e-02,-1.681395491571316717e-04,-1.322718094685348825e-03,9.547646089512588929e-05,4.051888918199666274e-05,2.649792671791633271e-04,1.264579065917077619e-03,2.024150112727762269e-46,-4.298301711766728920e-46,4.974426467248037018e-46,-1.112439520717078736e-45,3.662245530911449313e-47,-5.839210495623049136e-47,-7.925202744395589658e-48,8.269104537611320428e-48
-6.538485495719149887e-03,-1.953166422035118935e-02,-1.528824541430152473e-03,1.907100246281402504e-03,-1.829028961500896860e-02,1.569577889155916381e-02,-2.572630358673494086e-02,-4.720230814266295621e-02,-5.353620702664776271e-02,1.603034253795109637e-02,3.570297538913803220e-02,-8.885866143285073293e-02,1.074687763939575179e-02,-7.095193743090946747e-02,-1.681395491571316717e-04,-1.322718094685348825e-03,9.547646089512588929e-05,4.051888918199666274e-05,2.649792671791633271e-04,1.264579065917077619e-03,4.518812961922861094e-46,-6.332616779336220840e-47,7.330245485100539882e-46,-1.305963161491887761e-45,-3.457757604620494141e-48,-2.013136030689423453e-47,-2.659938144852678519e-47,5.355317278734763621e-48
-9.149070411751569071e-03,-1.319399536070597380e-02,1.260880387045560996e-03,3.165980534670480295e-03,-1.516202903497227902e-02,1.373120669947748909e-02,-3.056126156801979715e-02,-4.491248554199900322e-02,-5.558827881748187871e-02,1.040332643477369888e-02,3.575476699982173268e-02,-8.945841678163352073e-02,1.119246564266138111e-02,-6.968323762928183007e-02,-1.681395491571316717e-04,-1.322718094685348825e-03,9.547646089512588929e-05,4.051888918199666274e-05,2.649792671791633271e-04,1.264579065917077619e-03,5.117033325473261450e-46,1.331403408970108504e-46,7.599362764010006813e-46,-1.228638465807310917e-45,-2.431727175356194494e-47,2.357447473867261753e-48,-3.199896237620146557e-47,2.759415183785413346e-48
-1.070922235304760939e-02,-9.813175389783922523e-03,3.122961253855758949e-03,3.653254128263921496e-03,-1.182947227592949166e-02,1.472928562925665888e-02,-2.725683744082354337e-02,-4.711732274377507246e-02,-5.230146307745015682e-02,9.491895266235958820e-03,3.680192550452643374e-02,-8.892870799629724876e-02,1.356151874938686316e-02,-6.894212252523841677e-02,-1.681395491571316717e-04,-1.322718094685348825e-03,9.547646089512588929e-05,4.051888918199666274e-05,2.649792671791633271e-04,1.264579065917077619e-03,4.699521091402786987e-46,2.166102096614328926e-46,6.768707148307063586e-46,-1.027901222653804647e-45,-3.169066660584209759e-47,1.254792927373636517e-47,-3.014925434779820263e-47,1.014545222802681332e-48
-1.399021288333148101e-02,-7.713066648370540609e-03,4.593940291837192783e-03,3.351269858603583666e-03,-6.148958208889967331e-03,1.725491177233815648e-02,-2.508775836500404602e-02,-4.770605226199182286e-02,-5.066888424153855736e-02,6.137559162067469584e-03,3.890915494290304866e-02,-8.629451492805972901e-02,1.645046299252245908e-02,-6.558202813371198647e-02,-1.681395491571316717e-04,-1.322718094685348825e-03,9.547646089512588929e-05,4.051888918199666274e-05,2.649792671791633271e-04,1.264579065917077619e-03,3.846435109422097117e-46,2.301890241405851729e-46,5.483819237662048995e-46,-7.906741050728134642e-46,-3.077564579718306828e-47,1.538144699804298767e-47,-2.529144291733242749e-47,3.985077405139374104e-49
-8.283401371238011818e-03,-2.658858809920397297e-03,4.357989782127967907e-03,1.462418032159805252e-03,-8.246598141959420730e-03,1.605521942818927128e-02,-2.200383148761102248e-02,-4.820319204780410677e-02,-5.002579497898522465e-02,4.498942735334764999e-03,4.111164773844167009e-02,-8.373376761570568150e-02,1.855134379628546951e-02,-6.372279385071243085e-02,-1.681395491571316717e-04,-1.322718094685348825e-03,9.547646089512588929e-05,4.051888918199666274e-05,2.649792671791633271e-04,1.264579065917077619e-03,2.877771278689880357e-46,2.069004828075154305e-46,4.119348762318388723e-46,-5.655763137873994224e-46,-2.578310270436386256e-47,1.441104633042034951e-47,-1.949112533684255775e-47,1.557388584568976372e-49
-4.403624915145634700e-03,7.226627411681629982e-03,4.484354054599183972e-03,3.061057865745024989e-03,-8.318481438883572679e-03,9.962035718525273295e-03,-1.777900465216366438e-02,-4.749186970728451473e-02,-4.985315801197221647e-02,3.853514178196721859e-03,4.330584776695826227e-02,-8.163450690029350199e-02,2.125048524554791138e-02,-6.279145760280954724e-02,-1.681395491571316717e-04,-1.322718094685348825e-03,9.547646089512588929e-05,4.051888918199666274e-05,2.649792671791633271e-04,1.264579065917077619e-03,2.000902129131279256e-46,1.662922190547809990e-46,2.904477954159546975e-46,-3.786075246242732292e-46,-1.961560868740524793e-47,1.171119436147913968e-47,-1.404538293493252850e-47,4.529744252348090748e-49
-1.747675648271869962e-03,7.808126020385106232e-03,4.409250589439628158e-03,2.845540794084886957e-03,-8.279570871274549021e-03,1.086492254133777750e-02,-1.067897190273802560e-02,-4.835133942443788774e-02,-4.946877694612630133e-02,9.461310567983471573e-03,4.409627302957137146e-02,-8.139660577956563114e-02,2.068002900262248811e-02,-6.417824121413941152e-02,-1.681395491571316717e-04,-1.322718094685348825e-03,9.547646089512588929e-05,4.051888918199666274e-05,2.649792671791633271e-04,1.264579065917077619e-03,1.288826172247220903e-46,1.235719824012764619e-46,1.914261869175928099e-46,-2.346525654845750963e-46,-1.359668148734228255e-47,8.823900400057535590e-48,-9.413831353964441491e-48,5.214794051174667541e-49
-4.098939986552715617e-03,8.785799338292018049e-03,4.844220071091896035e-03,2.466854241470054117e-03,-3.396158590625931659e-03,8.965644569032800090e-03,-8.638895291290062117e-03,-4.187686077964070108e-02,-5.618138555937631645e-02,1.077069787725496754e-02,4.405487569047086827e-02,-8.073922019557455698e-02,2.084732234901135600e-02,-6.576805326141242636e-02,-1.681395491571316717e-04,-1.322718094685348825e-03,9.547646089512588929e-05,4.051888918199666274e-05,2.649792671791633271e-04,1.264579065917077619e-03,7.613308053691435053e-47,8.575999146820068063e-47,1.166909602623061800e-46,-1.314567342439723421e-46,-8.730043859971519461e-48,6.078359993696864641e-48,-5.899537823975259161e-48,5.026202897341333987e-49
-9.858872784927067215e-04,1.373789260948156746e-02,4.591457274999152099e-03,3.348076897412858612e-03,-5.038905603188608209e-03,2.793389897508887811e-03,-9.166529067371658249e-03,-4.155604235594261009e-02,-5.809490426620029374e-02,1.637676171537167519e-02,4.251341212256428553e-02,-8.245081072732786398e-02,2.031358872746275371e-02,-6.708928255108166649e-02,-1.681395491571316717e-04,-1.322718094685348825e-03,9.547646089512588929e-05,4.051888918199666274e-05,2.649792671791633271e-04,1.264579065917077619e-03,3.915955091154456380e-47,5.565145855932269123e-47,6.405375070826996455e-47,-6.202277079252704328e-47,-5.177584229988846917e-48,3.907232957273931856e-48,-3.277127764589762702e-48,3.639526136068025769e-49
-1.773068775657404231e-03,1.191745596938293891e-02,3.646977067446451233e-03,4.200924396675021801e-03,-3.106434011306455703e-03,2.578946575116658653e-03,-8.704873289762540475e-03,-4.056732221473789701e-02,-6.145478286645218030e-02,1.752522896345917736e-02,4.195288580180550619e-02,-8.341444125401085985e-02,1.914687967218048348e-02,-6.831985888153080388e-02,-1.681395491571316717e-04,-1.322718094685348825e-03,9.547646089512588929e-05,4.051888918199666274e-05,2.649792671791633271e-04,1.264579065917077619e-03,1.536190040541496037e-47,3.324903687275745202e-47,2.937235305029678792e-47,-1.920829294823784572e-47,-2.687766422826477584e-48,2.296458485533680086e-48,-1.537742017089765478e-48,2.193071323112295088e-49
-6.802827601896285423e-03,6.819450523309543606e-03,4.176827149313309256e-03,4.492991980031658256e-03,9.987617553471068305e-04,4.863576228176706359e-03,-1.305730671923606770e-02,-4.175544355375401806e-02,-6.155822900890040722e-02,1.786642547990514515e-02,4.235527741860804080e-02,-8.645254420592748956e-02,1.785501015905562039e-02,-6.990922736702682994e-02,-1.681395491571316717e-04,-1.322718094685348825e-03,9.547646089512588929e-05,4.051888918199666274e-05,2.649792671791633271e-04,1.264579065917077619e-03,1.351960501016935268e-48,1.755544334644238699e-47,8.184798460813432606e-48,4.669184522683454179e-48,-1.053520615261395969e-48,1.145061619711455493e-48,-4.540820537788289460e-49,1.314499067649605319e-49
-9.249076487761923038e-03,3.853592655241123814e-03,2.446812151032053649e-03,2.552644976879482434e-03,3.741969835404404445e-03,5.454332142412263509e-03,-1.160672008105133324e-02,-4.478829743712466754e-02,-5.920031302699140657e-02,1.035235795858254620e-02,4.354185168007018714e-02,-8.721903274628177438e-02,1.777414082395428058e-02,-6.957975801710776509e-02,-1.681395491571316717e-04,-1.322718094685348825e-03,9.547646089512588929e-05,4.051888918199666274e-05,2.649792671791633271e-04,1.264579065917077619e-03,-5.849249558916376614e-48,7.306739222453374958e-48,-3.624637516892113067e-48,1.605216225019153471e-47,-8.495003930141670467e-50,4.094350192416972431e-49,1.492186304502898738e-49,6.834895288018977147e-50
-5.933851032144370034e-03,5.915011323710537075e-03,2.600809139672055972e-03,2.747292163897282168e-04,1.082543484537726395e-03,2.286968346074890867e-03,-1.386106973997594527e-02,-4.625657134069868781e-02,-5.739714613397344650e-02,1.429950631780555620e-02,4.475659313720777716e-02,-8.750860964739927417e-02,1.868280323145497801e-02,-6.838356829246783342e-02,-1.681395491571316717e-04,-1.322718094685348825e-03,9.547646089512588929e-05,4.051888918199666274e-05,2.649792671791633271e-04,1.264579065917077619e-03,-8.634432363520947791e-48,1.082485543247685520e-48,-9.139334310822200049e-48,1.961171905778231238e-47,4.298042218208360373e-49,-1.419169502266200154e-50,4.311814458524609023e-49,4.158220418681269171e-50
-5.847284787137618442e-03,5.993242304738409174e-03,1.898108437263345888e-03,-5.566514607755397061e-04,1.093414400514301429e-03,8.988052655503812969e-04,-1.020534776900360388e-02,-5.184603089439530910e-02,-5.180957562283416973e-02,2.838431011531098586e-02,4.493479832580758032e-02,-8.755061693482069085e-02,1.834360911674118993e-02,-6.870034153176274305e-02,-1.681395491571316717e-04,-1.322718094685348825e-03,9.547646089512588929e-05,4.051888918199666274e-05,2.649792671791633271e-04,1.264579065917077619e-03,-8.852303898947807351e-48,-2.246196665220505408e-48,-1.080691582302647816e-47,1.883840952221917489e-47,6.402814552262365615e-49,-2.239375608876553858e-49,5.251897777615461019e-49,2.362435518988545750e-50
-2.947853072957195252e-03,4.452987683393186055e-03,1.236091853995005497e-03,-2.672319138373516027e-03,-1.088155197472532188e-04,4.702959640650608781e-04,-3.320578331243793924e-03,-5.318296362988090414e-02,-5.137581572542068709e-02,3.664544364914853330e-02,4.445026923844053873e-02,-8.789641535184869459e-02,1.768551777166975023e-02,-6.977455386774157609e-02,-1.681395491571316717e-04,-1.322718094685348825e-03,9.547646089512588929e-05,4.051888918199666274e-05,2.649792671791633271e-04,1.264579065917077619e-03,-7.792212992680786666e-48,-3.627152441321685577e-48,-1.034910373141263647e-47,1.604550800829754121e-47,6.610374677932663551e-49,-3.008946618055514851e-49,5.110829318264118756e-49,-5.694703399953288604e-52
1.131906445089199235e-03,-2.865213093256964785e-03,-5.964291855055968775e-04,-4.550025601674791663e-03,-3.244560703976598869e-03,6.001181689462800617e-03,5.130644961294501642e-04,-4.485968738199816452e-02,-6.175859175575471038e-02,3.427741534829423925e-02,4.352897607627929238e-02,-8.803452351372290097e-02,1.613888330581571620e-02,-7.099582119402024494e-02,-1.681395491571316717e-04,-1.322718094685348825e-03,9.547646089512588929e-05,4.051888918199666274e-05,2.649792671791633271e-04,1.264579065917077619e-03,-6.262528946939899519e-48,-3.968097087359718713e-48,-8.764592396206220877e-48,1.248874472808423328e-47,5.830224740906844287e-49,-3.069223714856920432e-49,4.375050130465150674e-49,-1.139857666972867297e-50
2.069866328168465993e-03,4.741549814546571102e-03,-5.784571772136997640e-04,-4.564707042064035727e-03,-3.385207580077196667e-03,-2.276327471657048351e-03,-3.037206541420605591e-03,-4.318584640906016764e-02,-6.481922910359155798e-02,2.923309714205091919e-02,4.402356216713807641e-02,-8.961808945977679797e-02,1.581395208009306677e-02,-7.305799369012166977e-02,-1.681395491571316717e-04,-1.322718094685348825e-03,9.547646089512588929e-05,4.051888918199666274e-05,2.649792671791633271e-04,1.264579065917077619e-03,-4.691898066714982663e-48,-3.567622959006575969e-48,-7.016090411882412895e-48,9.247315284725129118e-48,4.748067939730507011e-49,-2.713242555061168981e-49,3.504417407866967368e-49,-1.946696265819016996e-50
5.366503162637292421e-04,7.700658922452622950e-03,-8.929562714619054516e-04,-3.956996552733456178e-03,-1.735380026161158218e-03,-6.561569133197333974e-03,-5.008359338684065590e-03,-3.859730711173503526e-02,-7.034381349590571042e-02,2.155639710511430412e-02,4.496016143895027739e-02,-9.119716297078112044e-02,1.590613494268115075e-02,-7.572983794046157791e-02,-1.681395491571316717e-04,-1.322718094685348825e-03,9.547646089512588929e-05,4.051888918199666274e-05,2.649792671791633271e-04,1.264579065917077619e-03,-3.248563068925095608e-48,-2.970347654802006960e-48,-5.261522652634555501e-48,6.425213628311943083e-48,3.525721574655461849e-49,-2.252039562649336018e-49,2.592245725863727438e-49,-1.490860186245311178e-50
3.208615655058960799e-03,6.910510845156810772e-03,-1.515728663196499494e-03,-3.712001356119970681e-03,-5.156051008940382326e-03,-8.250314899492036322e-03,-5.361527961936277641e-03,-4.365367666282221615e-02,-6.616282468469537881e-02,1.289374644933047494e-02,4.542559068764969593e-02,-9.175719242854311897e-02,1.659260611108969233e-02,-7.590689515883566885e-02,-1.681395491571316717e-04,-1.322718094685348825e-03,9.547646089512588929e-05,4.051888918199666274e-05,2.649792671791633271e-04,1.264579065917077619e-03,-2.101027914140420481e-48,-2.256684525858443001e-48,-3.798845968027347567e-48,4.277847207092235132e-48,2.418331667367643003e-49,-1.705505145846094999e-49,1.792667918045420359e-49,-1.092147769156287370e-50
5.814474298611642389e-03,4.203977333891012295e-03,1.113498332451349528e-05,-2.031163881818768072e-03,-9.258096248003470571e-03,-6.031123157039281965e-03,-2.523365193205374078e-03,-4.889903625762023753e-02,-5.987132932248660083e-02,9.454349786540781203e-03,4.695151339941506380e-02,-9.111593932516230676e-02,1.896537091266736058e-02,-7.442604054763922450e-02,-1.681395491571316717e-04,-1.322718094685348825e-03,9.547646089512588929e-05,4.051888918199666274e-05,2.649792671791633271e-04,1.264579065917077619e-03,-1.241621431679085708e-48,-1.605373331059698114e-48,-2.604047253852159820e-48,2.673286039175605803e-48,1.529198060093312062e-49,-1.181735993720396118e-49,1.168464661259875861e-49,-8.945585543797885097e-51
7.959362086990783708e-03,3.772651790784121908e-03,8.762605138710187784e-04,-9.569880699186197014e-04,-1.353338966865325066e-02,-7.318843725163616011e-03,1.298597218100893107e-03,-5.574138267395513380e-02,-5.254065914491356376e-02,9.727030056454241680e-03,4.879179279022075738e-02,-9.111293076449014650e-02,2.057243056532721132e-02,-7.438104396298572674e-02,-1.681395491571316717e-04,-1.322718094685348825e-03,9.547646089512588929e-05,4.051888918199666274e-05,2.649792671791633271e-04,1.264579065917077619e-03,-6.567301823959547973e-49,-1.062120012686670964e-48,-1.689970063202653838e-48,1.547198171283053213e-48,8.581847725390441160e-50,-7.586729290777298816e-50,6.840343731125419530e-50,-6.915576587528378547e-51
7.252528153643141885e-03,-4.009657637498031599e-03,3.949607371430455239e-04,-1.340455913193389775e-03,-1.601164359254034220e-02,-1.846364707771813891e-03,1.267702706800278786e-04,-5.869355518110029590e-02,-4.935479152022131943e-02,2.600709364150629449e-03,4.964831891251685753e-02,-9.151662000042948275e-02,2.214619100796139106e-02,-7.418875735990872189e-02,-1.681395491571316717e-04,-1.322718094685348825e-03,9.547646089512588929e-05,4.051888918199666274e-05,2.649792671791633271e-04,1.264579065917077619e-03,-2.753925772324770081e-49,-6.533535786345397571e-49,-1.016490502632778858e-48,7.873533202850281479e-49,4.036838887346243852e-50,-4.346434911093499083e-50,3.387722602357852586e-50,-4.088100787128298266e-51
3.546317251547358249e-03,-1.008308331286707736e-02,-6.196060555913832524e-06,-1.543722224502748182e-03,-1.595595741464514786e-02,2.722547484999669407e-03,-1.075709529114237881e-02,-5.585869722688129035e-02,-5.252635859395177881e-02,-9.334447090130794378e-05,4.933904910468734500e-02,-9.130524342343346311e-02,2.296489118443093350e-02,-7.237949926783027177e-02,-1.681395491571316717e-04,-1.322718094685348825e-03,9.547646089512588929e-05,4.051888918199666274e-05,2.649792671791633271e-04,1.264579065917077619e-03,-4.307976225805410824e-50,-3.658624828232507046e-49,-5.451808039783523411e-49,3.035911856059428718e-49,1.183866579082889674e-50,-2.100042734106465671e-50,1.165695893914731497e-50,-1.830922968384917471e-51
-1.414265562836627185e-03,-1.611154200296631075e-02,-5.292878517870048920e-04,-1.918607459767170858e-03,-1.375122454077687406e-02,8.677702227022816156e-03,-2.987810758955288665e-02,-4.434490987237845600e-02,-6.428305947890931848e-02,6.531503410187596914e-04,4.816307446353298993e-02,-9.269808467948299768e-02,2.291454159492213594e-02,-7.264688748143119379e-02,-1.681395491571316717e-04,-1.322718094685348825e-03,9.547646089512588929e-05,4.051888918199666274e-05,2.649792671791633271e-04,1.264579065917077619e-03,8.027117686012518544e-50,-1.742691594166472843e-49,-2.371544974354371645e-49,2.169620286953324040e-50,-4.177940616703614634e-51,-6.808676320697975452e-51,-1.135571119406285797e-51,-3.092282020275325171e-52
-9.684038979569263225e-04,-1.892772647483550313e-02,2.833631804214465505e-03,2.450506502200565286e-04,-1.497606502988267640e-02,1.581524327155510792e-02,-3.764559871067898328e-02,-3.900799592500775459e-02,-6.995244468574725316e-02,6.983839656213680983e-03,4.605154062229455114e-02,-9.096726230189076945e-02,2.152046320074393893e-02,-6.968467714100658184e-02,-1.681395491571316717e-04,-1.322718094685348825e-03,9.547646089512588929e-05,4.051888918199666274e-05,2.649792671791633271e-04,1.264579065917077619e-03,1.313299965135779166e-49,-5.484942757101431789e-50,-5.096647836318424228e-50,-1.221048008793736701e-49,-1.166341027171738901e-50,1.211183443884878349e-51,-7.460382008113826125e-51,5.123288833612324624e-52
2.215199996885322715e-03,-1.365295091600584459e-02,5.379588001734198974e-03,2.168903334639880713e-03,-1.706948133478430885e-02,1.537621865044090479e-02,-3.450517271955878124e-02,-4.200590098300788916e-02,-6.735523406283816517e-02,4.409423266369692784e-03,4.494584444879713703e-02,-9.108653166964937598e-02,1.972060726298602296e-02,-6.875222155932174395e-02,-1.681395491571316717e-04,-1.322718094685348825e-03,9.547646089512588929e-05,4.051888918199666274e-05,2.649792671791633271e-04,1.264579065917077619e-03,1.393030814969980260e-49,1.251101071571131116e-50,5.048124122351307870e-50,-1.788458697469067544e-49,-1.384575143277670813e-50,5.009288051516413553e-51,-9.696662310127411677e-51,8.381977662262120253e-52
4.372019292853145805e-03,-8.263244948488828595e-03,4.437891301594105824e-03,2.498114472174791083e-03,-1.822338114440681320e-02,1.389219827966345008e-02,-3.028746453662592431e-02,-4.722383095194587072e-02,-6.248458915233957855e-02,2.074589841689859250e-03,4.532016572607568822e-02,-9.088127419649302818e-02,1.941165746987370821e-02,-6.816196576823323194e-02,-1.681395491571316717e-04,-1.322718094685348825e-03,9.547646089512588929e-05,4.051888918199666274e-05,2.649792671791633271e-04,1.264579065917077619e-03,1.252836393185923052e-49,4.536156207239739639e-50,9.549131980107896314e-50,-1.840975075205322073e-49,-1.304608424006667344e-50,6.178857850935511204e-51,-9.551615837933407383e-51,7.785070469388338371e-52
8.413649937182268029e-03,-9.421101146024721262e-03,3.247903272511913110e-03,3.380685458404870947e-03,-2.372396563048513596e-02,1.712456069613603818e-02,-2.165662010960317518e-02,-5.273639095110473074e-02,-5.674102984821406681e-02,2.827750674936217127e-03,4.474640930488204410e-02,-8.934320253499594688e-02,2.006059296204547315e-02,-6.686654741971585769e-02,-1.681395491571316717e-04,-1.322718094685348825e-03,9.547646089512588929e-05,4.051888918199666274e-05,2.649792671791633271e-04,1.264579065917077619e-03,1.016147713700884195e-49,5.588559584418986066e-50,1.064438151085630302e-49,-1.631873430950968201e-49,-1.084075022369241097e-50,5.855751030632425801e-51,-8.197643515452350085e-51,5.829100390615762545e-52
1.021866559444487878e-02,-1.370194688725732621e-02,3.371521667640616556e-03,3.798994165363813336e-03,-2.745864680688665446e-02,2.290447947699582321e-02,-1.607504666118272224e-02,-5.422511385442907450e-02,-5.567723012341826982e-02,8.584970214034188737e-03,4.366553259047401686e-02,-8.934512343096616405e-02,2.129392133993172898e-02,-6.647394986004662165e-02,-1.681395491571316717e-04,-1.322718094685348825e-03,9.547646089512588929e-05,4.051888918199666274e-05,2.649792671791633271e-04,1.264579065917077619e-03,7.610779227409767879e-50,5.396248290943890147e-50,9.840682018890888190e-50,-1.315184652912291771e-49,-8.224213412998303473e-51,4.862583599536857845e-51,-6.438098053344464586e-51,4.837757188542141609e-52
1.197781035900461269e-02,-1.265514271782708540e-02,6.007274730186747819e-03,5.954107473203832171e-03,-3.047928380584587899e-02,2.568451473135419452e-02,-1.848631605620592797e-02,-4.966290528897192996e-02,-6.143444940567369117e-02,1.408199700375488764e-02,4.287849361695560829e-02,-8.993548255598422803e-02,2.088900465544209911e-02,-6.788548355546628055e-02,-1.681395491571316717e-04,-1.322718094685348825e-03,9.547646089512588929e-05,4.051888918199666274e-05,2.649792671791633271e-04,1.264579065917077619e-03,5.319992359666490161e-50,4.581222112697549545e-50,8.220701697509238503e-50,-9.933986058672659850e-50,-5.801563081187996689e-51,3.689210672894429211e-51,-4.689646446686736119e-51,3.901490030544853093e-52
1.769673065835605449e-02,-1.348326618729189103e-02,8.568504344259314856e-03,8.202264346299892317e-03,-3.494198588362749242e-02,2.900291694149598892e-02,-1.522683714443457716e-02,-4.506112771980901738e-02,-6.687993539322049930e-02,2.201713920987975748e-02,4.182461897049655208e-02,-9.165732050646488438e-02,2.102911027399507679e-02,-6.883698831737790347e-02,-1.681395491571316717e-04,-1.322718094685348825e-03,9.547646089512588929e-05,4.051888918199666274e-05,2.649792671791633271e-04,1.264579065917077619e-03,3.458452593662318235e-50,3.610587452594548630e-50,6.369110796501462532e-50,-7.037241216569527579e-50,-3.861837628110218159e-51,2.628111508489418994e-51,-3.177765197623735718e-51,3.004965022611152211e-52
1.434880910284226478e-02,-1.683833971859373391e-02,9.726233029268911007e-03,9.224328895530882477e-03,-3.445136623342227172e-02,3.475691348754804400e-02,-1.539708052176314360e-02,-4.587598260101023034e-02,-6.642638963219082981e-02,2.029597328714181567e-02,4.257317095472955282e-02,-9.202136332443414113e-02,2.138388777187137310e-02,-6.911202572054882254e-02,-1.681395491571316717e-04,-1.322718094685348825e-03,9.547646089512588929e-05,4.051888918199666274e-05,2.649792671791633271e-04,1.264579065917077619e-03,2.069579064210215911e-50,2.685954139217780924e-50,4.656811186069582462e-50,-4.679434194108116401e-50,-2.359780773851915688e-51,1.687232308898986283e-51,-2.042143584581297640e-51,2.121849494122729788e-52
6.425143244096690257e-03,-5.987174887118083474e-03,1.112471773122796284e-02,1.014063729210455504e-02,-2.955686230026536784e-02,2.564694941435075731e-02,-1.804240553743594044e-02,-4.572398958614051767e-02,-6.749359060397629173e-02,1.027510786172149485e-02,4.421174478714439554e-02,-9.399485585225722528e-02,2.157216289124335232e-02,-7.050368657478232881e-02,-1.681395491571316717e-04,-1.322718094685348825e-03,9.547646089512588929e-05,4.051888918199666274e-05,2.649792671791633271e-04,1.264579065917077619e-03,1.093473485251432266e-50,1.888910416814092154e-50,3.226871612606762043e-50,-2.923687875185858974e-50,-1.290433155728191686e-51,9.748934072813556674e-52,-1.228815210959763266e-51,1.593373313096081303e-52
4.380197961808787732e-03,4.403107096573358539e-03,1.060056078330730810e-02,9.238123325888889653e-03,-2.907255355964083812e-02,1.585242918041140925e-02,-1.809390049927606450e-02,-4.965384485524344804e-02,-6.427124872928120791e-02,5.925038089262684576e-03,4.611328284183305315e-02,-9.412735622456849804e-02,2.197649891768299613e-02,-7.053257494860604160e-02,-1.681395491571316717e-04,-1.322718094685348825e-03,9.547646089512588929e-05,4.051888918199666274e-05,2.649792671791633271e-04,1.264579065917077619e-03,4.646514644085227114e-51,1.245799928438129360e-50,2.113584551546929440e-50,-1.687142339086271176e-50,-5.890735741913877755e-52,4.798361922784109184e-52,-6.719898902604614556e-52,1.074765307262882041e-52
3.359774608659982925e-03,1.355263336411681105e-02,8.325759178543582981e-03,7.530735817611455309e-03,-2.877248797453178797e-02,4.335748128810427982e-03,-1.405929018045190895e-02,-5.443483188579436444e-02,-6.005480311676024419e-02,4.558702258710970595e-03,4.714554222764730934e-02,-9.502839618032310476e-02,2.118804342249759956e-02,-7.080439624741681481e-02,-1.681395491571316717e-04,-1.322718094685348825e-03,9.547646089512588929e-05,4.051888918199666274e-05,2.649792671791633271e-04,1.264579065917077619e-03,8.565843714820374094e-52,7.639300865624561856e-51,1.290222061520793839e-50,-8.558920006612092830e-51,-1.639009162182000988e-52,1.659797240806048679e-52,-3.132974498693456535e-52,7.390276810991819022e-53
-6.994764844045221405e-03,1.735955407647606086e-02,4.402037424289964411e-03,3.602626974675648616e-03,-1.978097289700563727e-02,-6.140075267766742853e-03,-1.362373777746777280e-02,-5.124729975549680017e-02,-6.424398483920040759e-02,5.789228761227796505e-03,4.899188915286268459e-02,-9.348876782344353598e-02,2.144259094751601105e-02,-7.011710425115783019e-02,-1.681395491571316717e-04,-1.322718094685348825e-03,9.547646089512588929e-05,4.051888918199666274e-05,2.649792671791633271e-04,1.264579065917077619e-03,-1.131011222348095334e-51,4.258995480415178590e-51,7.134892463783218257e-51,-3.329014300421614034e-51,7.470312940876682098e-53,-1.091383155785977070e-53,-9.543209954985187019e-53,5.280329002889394786e-53
-1.296630904492173872e-02,1.560064861862515626e-02,2.009364005778869165e-03,1.164250602907822112e-04,-1.383831653206432991e-02,-9.573863557871778451e-03,-1.229391850662027441e-02,-5.173323675859181625e-02,-6.517725367651792945e-02,7.040041941727979806e-03,4.971075532151673221e-02,-9.295378063502461596e-02,2.096429885612517349e-02,-6.979137907201209134e-02,-1.681395491571316717e-04,-1.322718094685348825e-03,9.547646089512588929e-05,4.051888918199666274e-05,2.649792671791633271e-04,1.264579065917077619e-03,-2.005073844712836949e-51,2.040751186868378001e-51,3.328435663721912256e-51,-2.925703678378045680e-52,1.867347157627603522e-52,-1.016748495742571983e-52,2.452124052629581284e-53,3.505452774502911234e-53
-1.487010957083647472e-02,1.302511456283078628e-02,5.647537277916271810e-04,-4.888825214445896008e-04,-1.074839935359222544e-02,-1.075398039690862034e-02,-1.620383723961129480e-02,-5.037635824115881816e-02,-6.832589485674288310e-02,6.392702230411737539e-03,5.011077364529904071e-02,-9.096867900922374350e-02,2.129596833570785580e-02,-6.931206668840765583e-02,-1.681395491571316717e-04,-1.322718094685348825e-03,9.547646089512588929e-05,4.051888918199666274e-05,2.649792671791633271e-04,1.264579065917077619e-03,-2.196958538761785104e-51,6.811160266407286963e-52,9.871785326409096798e-52,1.263264076402986979e-51,2.176515543457835660e-52,-1.346967639904115804e-52,8.230291590645208436e-53,2.088415204078174357e-53
-1.840393698509441844e-02,8.376425443793189540e-03,1.442860991260893266e-03,7.326499793044431328e-04,-5.808276213083034094e-03,-8.629808233463863790e-03,-1.509707073652535869e-02,-5.211497754277606698e-02,-6.717120595600782618e-02,5.129741113242305452e-03,5.075192324513706083e-02,-9.084466183954056917e-02,2.215029198829737006e-02,-6.960798350003706558e-02,-1.681395491571316717e-04,-1.322718094685348825e-03,9.547646089512588929e-05,4.051888918199666274e-05,2.649792671791633271e-04,1.264579065917077619e-03,-2.008996830373455172e-51,-8.694009334438122025e-53,-3.191681354078364349e-52,1.879951235261567757e-51,2.038098394992888406e-52,-1.331114258729392880e-52,1.001288142046635606e-52,1.149327708503920137e-53
-1.867079095997435656e-02,6.376918845278809270e-03,1.320000104430186496e-03,-2.605466859390679788e-04,-2.633893381268885385e-03,-8.526320171646971369e-03,-1.133392161987200122e-02,-5.192266106681205085e-02,-6.805633043888657807e-02,6.531534644754744684e-03,5.167164148286412101e-02,-9.195494758363599586e-02,2.169446700624551999e-02,-7.144954596473347685e-02,-1.681395491571316717e-04,-1.322718094685348825e-03,9.547646089512588929e-05,4.051888918199666274e-05,2.649792671791633271e-04,1.264579065917077619e-03,-1.652333942615861361e-51,-4.615181312028494230e-52,-9.405708300688776212e-52,1.948008506371862564e-51,1.695811474365355550e-52,-1.151429516498192592e-52,9.578662427527476617e-53,5.544527099043591779e-54
-1.502293498517906327e-02,4.806022582325934940e-03,1.137103589297725620e-03,-1.154269901129431793e-03,-2.502173310342818181e-03,-9.359521316527154300e-03,-5.086831064918533214e-03,-5.783694352384373405e-02,-6.330693737467815718e-02,5.936571439675381034e-03,5.242649412397606956e-02,-9.287426425700795463e-02,2.113145621715162986e-02,-7.255163328885461116e-02,-1.681395491571316717e-04,-1.322718094685348825e-03,9.547646089512588929e-05,4.051888918199666274e-05,2.649792671791633271e-04,1.264579065917077619e-03,-1.261576821893518931e-51,-5.865753253567318125e-52,-1.146418846138279258e-51,1.743151901041959281e-51,1.286989984749122949e-52,-9.019943821175278274e-53,8.184319248703223550e-53,2.386027612516698100e-54
-1.248284789179536329e-02,1.997451237795317639e-03,1.196660766679277354e-03,-3.639748132402542431e-03,-1.373112193008709393e-03,-9.694449839019986248e-03,-3.387593777659027392e-03,-6.500386831528004450e-02,-5.783330967679757573e-02,8.409576846748841386e-03,5.322131227929968733e-02,-9.300594135220786873e-02,2.007893428314284565e-02,-7.430505147102947627e-02,-1.681395491571316717e-04,-1.322718094685348825e-03,9.547646089512588929e-05,4.051888918199666274e-05,2.649792671791633271e-04,1.264579065917077619e-03,-9.009679209612104971e-52,-5.803941057881372237e-52,-1.104890751216941771e-51,1.415444897858356497e-51,9.077164825577148007e-53,-6.478195617380845242e-53,6.441062151512852239e-53,1.180848723861522476e-54
-8.296107316542410820e-03,-2.586237814052129869e-03,5.078836974810319038e-05,-4.286368226536157490e-03,-1.648015510312831559e-03,-6.103046878848670045e-03,-5.422153026446210541e-03,-6.629830940834560704e-02,-5.800199057507398476e-02,1.224010651371502945e-02,5.347577980347107546e-02,-9.183258211299348550e-02,1.853707606456875961e-02,-7.464908954879763414e-02,-1.681395491571316717e-04,-1.322718094685348825e-03,9.547646089512588929e-05,4.051888918199666274e-05,2.649792671791633271e-04,1.264579065917077619e-03,-5.993808657138795441e-52,-5.070475750034822744e-52,-9.434249316619815649e-52,1.068513739506813814e-51,5.948989844700461157e-53,-4.313098375038129142e-53,4.766678584434609316e-53,7.104005149022468984e-55
4.047487043627654227e-03,-2.493912386613495596e-03,6.874835814985114698e-04,-1.939575456665182038e-03,-1.154736226501147829e-02,-3.137266616739244843e-03,-1.328444220347764146e-02,-5.938789272182604106e-02,-6.697123108364694266e-02,1.675148267892287782e-02,5.170209855839340285e-02,-9.058255042804931600e-02,1.649446112871479075e-02,-7.521132941800186267e-02,-1.681395491571316717e-04,-1.322718094685348825e-03,9.547646089512588929e-05,4.051888918199666274e-05,2.649792671791633271e-04,1.264579065917077619e-03,-3.693917846929344186e-52,-4.095590063194023794e-52,-7.424966987817656742e-52,7.570316878944652588e-52,3.622530833458249482e-53,-2.673031009888549167e-53,3.336701286665820911e-53,8.367425291136474138e-55
6.728371959641306008e-03,-1.520547729493449502e-03,1.641180374256550343e-03,8.670344934619883190e-04,-1.376988758958583997e-02,-3.174631517414512952e-03,-2.006807387452353569e-02,-5.185453945420846061e-02,-7.490698975721327146e-02,1.593613672391694727e-02,5.094912426587389076e-02,-9.112294825991781866e-02,1.607265808687056638e-02,-7.614357728361606514e-02,-1.681395491571316717e-04,-1.322718094685348825e-03,9.547646089512588929e-05,4.051888918199666274e-05,2.649792671791633271e-04,1.264579065917077619e-03,-2.046554220038294688e-52,-3.110904420160211959e-52,-5.502177767131187221e-52,5.065511515087851876e-52,1.972978878432749511e-53,-1.493279610611038358e-53,2.201198289493943732e-53,6.514412710828700921e-55
1.146040505801393036e-03,-5.121763973721782555e-03,1.315675819684408547e-03,1.817195885488079527e-03,-8.614091885249534203e-03,5.121030170330879115e-04,-2.381251939933391043e-02,-4.610150288414005537e-02,-8.055235983451451698e-02,2.053817900145727890e-02,5.125296005496390167e-02,-9.235985426080456362e-02,1.730288329958692278e-02,-7.677128123345926258e-02,-1.681395491571316717e-04,-1.322718094685348825e-03,9.547646089512588929e-05,4.051888918199666274e-05,2.649792671791633271e-04,1.264579065917077619e-03,-9.498859247985139710e-53,-2.235598177383953426e-52,-3.871162573562618868e-52,3.185141400833273427e-52,9.155394412053510249e-54,-7.276729769107683308e-54,1.362068375038295223e-53,2.489922309803995742e-56
-4.312969421807698843e-03,-2.221592491658896419e-03,1.448451602740773647e-03,2.582344973402370299e-03,-3.565381044547582916e-03,-7.145559495687044474e-04,-2.227147146408105238e-02,-4.673633635039156631e-02,-7.930101647941588394e-02,2.318657415555847728e-02,5.101275950214965299e-02,-9.349345543135775816e-02,1.868866214776546825e-02,-7.736137075889386316e-02,-1.681395491571316717e-04,-1.322718094685348825e-03,9.547646089512588929e-05,4.051888918199666274e-05,2.649792671791633271e-04,1.264579065917077619e-03,-2.683226656464051131e-53,-1.537059003780996528e-52,-2.576695647250043097e-52,1.843874487161277926e-52,2.726364032197324008e-54,-2.572815765287803729e-54,7.499399410252925919e-54,-1.970208470470305086e-55
-9.151596848136182502e-03,-3.308743945769513327e-03,1.777389815916565093e-03,4.190885530521811474e-03,5.621647933732060870e-04,1.879534342100379687e-03,-2.323962232237581152e-02,-4.954192967453194957e-02,-7.446003484312940790e-02,1.898007494596697098e-02,5.301774732711465876e-02,-9.465867147167672524e-02,2.234543902737249829e-02,-7.721336125682022600e-02,-1.681395491571316717e-04,-1.322718094685348825e-03,9.547646089512588929e-05,4.051888918199666274e-05,2.649792671791633271e-04,1.264579065917077619e-03,1.086680749139417526e-53,-1.001367733203546332e-52,-1.615904775803531282e-52,9.458867778419855140e-53,-8.973559260562304792e-55,2.279189893984660068e-55,3.541300844791866796e-54,-3.618585063609256365e-55
-7.208167963210769524e-03,2.493833034548573191e-07,-2.954695526461042533e-04,3.996550011091657729e-03,6.488952203262503271e-04,-1.017425041919920413e-03,-2.089245347848481954e-02,-5.216054942612204093e-02,-7.197710511571450698e-02,1.505747151779569630e-02,5.003243222433297055e-02,-9.579593535030822560e-02,2.125114737796301306e-02,-7.686339844451474390e-02,-1.681395491571316717e-04,-1.322718094685348825e-03,9.547646089512588929e-05,4.051888918199666274e-05,2.649792671791633271e-04,1.264579065917077619e-03,2.831999968153573429e-53,-6.100282132046055384e-53,-9.355306979070820967e-53,3.735526027588168045e-53,-2.409417784441331242e-54,1.557611472488102184e-54,1.067885408938211429e-54,-4.336732565459982681e-55
-6.859519575158637417e-03,6.667810985422993456e-05,-1.483294410077555644e-04,3.912666441279621758e-03,2.357922583395581119e-03,2.878215767726879405e-05,-1.648255532656302952e-02,-6.219865246286015309e-02,-6.168476912196103890e-02,7.109252417632641943e-03,4.905587107012106957e-02,-9.878836202010655987e-02,2.179070791328640427e-02,-7.727796560285814242e-02,-1.681395491571316717e-04,-1.322718094685348825e-03,9.547646089512588929e-05,4.051888918199666274e-05,2.649792671791633271e-04,1.264579065917077619e-03,3.344432985234773158e-53,-3.351752686525233146e-53,-4.829289252640907009e-53,4.838160975831101796e-54,-2.885436306282337914e-54,2.037921065186412663e-54,-3.043709503774445652e-55,-4.223841720262586957e-55
-5.563711849378972368e-03,3.386452659531977074e-03,1.420020334730189883e-03,5.025196044174735054e-03,8.691532506110593616e-04,-1.531255963436276533e-03,-2.238894273214254993e-02,-6.185750951786812835e-02,-6.317057948244235444e-02,7.267010777194619388e-03,4.537565083701170648e-02,-1.012748786280686791e-01,1.997790047399217520e-02,-7.873244050513278358e-02,-1.681395491571316717e-04,-1.322718094685348825e-03,9.547646089512588929e-05,4.051888918199666274e-05,2.649792671791633271e-04,1.264579065917077619e-03,3.192924364842222039e-53,-1.568698579915856518e-53,-1.953781233855818454e-53,-1.211201459171585381e-53,-2.747473079166025798e-54,2.010231695335206632e-54,-9.695800257666699452e-55,-3.364417925927959483e-55
-1.681129598382671494e-03,5.110811615528393706e-03,9.744586222669414117e-04,5.536514434282730629e-03,-1.046424285673343280e-03,-2.293541462577502413e-03,-3.241081190895124531e-02,-5.688163329685205077e-02,-6.940219741983229274e-02,1.437914943846088645e-02,4.405200816324641999e-02,-1.018509783802924729e-01,1.918017520213596144e-02,-7.699038962766191485e-02,-1.681395491571316717e-04,-1.322718094685348825e-03,9.547646089512588929e-05,4.051888918199666274e-05,2.649792671791633271e-04,1.264579065917077619e-03,2.720549133468922472e-53,-4.908239886939257748e-54,-2.604300009819509922e-54,-1.904632318927342431e-53,-2.324527349344875917e-54,1.732860182647144693e-54,-1.175266080631700051e-54,-2.493626383515651776e-55
4.801310979809741628e-03,6.380637166780413032e-03,6.544503684122992540e-04,4.784202387987796824e-03,-4.900089942943846102e-03,-3.376933548205985312e-03,-3.510198805407901967e-02,-5.460193934883623285e-02,-7.246697175760580256e-02,1.900920782129759262e-02,4.381444394200926379e-02,-1.018382891600426166e-01,1.992098720292111852e-02,-7.426521764719003216e-02,-1.681395491571316717e-04,-1.322718094685348825e-03,9.547646089512588929e-05,4.051888918199666274e-05,2.649792671791633271e-04,1.264579065917077619e-03,2.138948632968287512e-53,1.082377818587554231e-54,6.276630250443025977e-54,-2.011713149853632774e-53,-1.808113618284804008e-54,1.364494391435601761e-54,-1.127451971662580035e-54,-1.732136765390351887e-55
6.431677393139132587e-03,5.299811541514951561e-03,-2.262390761030482096e-03,1.302615111494311202e-03,-4.945533243049213788e-03,-4.898831200800890864e-03,-3.522287507800379164e-02,-5.758384751489983855e-02,-6.986411809690744323e-02,1.511063673889239886e-02,4.443770525042707586e-02,-1.031712163654571190e-01,2.074543836550998485e-02,-7.459688989178876739e-02,-1.681395491571316717e-04,-1.322718094685348825e-03,9.547646089512588929e-05,4.051888918199666274e-05,2.649792671791633271e-04,1.264579065917077619e-03,1.574039977985300504e-53,3.921845558079593747e-54,1.005706702101884505e-53,-1.819176237982936898e-53,-1.318608138135208158e-54,9.984483172574492231e-55,-9.500829718732278092e-55,-1.218856863978532347e-55
4.623510658022186165e-03,3.413526022757639583e-03,-5.076925217014484001e-03,-2.776981081841079901e-04,-4.505434865096723425e-03,-5.544945423934232245e-03,-3.232124558627305633e-02,-6.272810640870182808e-02,-6.513355519074059963e-02,1.644508164683924911e-02,4.488964833013496525e-02,-1.035046296319775405e-01,2.132433297840741204e-02,-7.520304206469378971e-02,-1.681395491571316717e-04,-1.322718094685348825e-03,9.547646089512588929e-05,4.051888918199666274e-05,2.649792671791633271e-04,1.264579065917077619e-03,1.088074615586562157e-53,4.841655585234782319e-54,1.075941330808727659e-53,-1.499014243840909888e-53,-9.109159780474767414e-55,6.841196183517335836e-55,-7.335724765936635836e-55,-8.692989112028092941e-56
5.639677460042753949e-03,3.839972004565627914e-03,-5.219665218343750267e-03,3.446880847601895394e-04,-6.850319240900302857e-03,-6.355772174165367008e-03,-3.397171274565322086e-02,-6.074796539788419186e-02,-6.603325716424041092e-02,2.206658026558730445e-02,4.591512445561817674e-02,-1.041527053164204436e-01,2.242648744826434420e-02,-7.614993928879286444e-02,-1.681395491571316717e-04,-1.322718094685348825e-03,9.547646089512588929e-05,4.051888918199666274e-05,2.649792671791633271e-04,1.264579065917077619e-03,7.060519117006612933e-54,4.676255698379197662e-54,9.809686279109339099e-54,-1.152596415711681186e-53,-5.920100276923024592e-55,4.333519520296825234e-55,-5.382846669387278776e-55,-5.057873820369425181e-56
4.432921550759742757e-03,1.327381205933846585e-02,-6.960952282746943331e-03,-7.177614233833782978e-04,-9.705475261963117731e-03,-1.695863791540203058e-02,-3.415706596194246353e-02,-5.907313729030376492e-02,-6.709356890033055243e-02,3.216277569588339713e-02,4.687693289684358167e-02,-1.045233711765427981e-01,2.306119353374277287e-02,-7.659094187211100413e-02,-1.681395491571316717e-04,-1.322718094685348825e-03,9.547646089512588929e-05,4.051888918199666274e-05,2.649792671791633271e-04,1.264579065917077619e-03,4.229421468978467228e-54,4.014034504548762459e-54,8.150806279177625940e-54,-8.361798502107943001e-54,-3.596135705384224698e-55,2.560311594766017335e-55,-3.790210831292516262e-55,-2.137552437384272145e-56
3.294011395406984399e-04,1.476752075379086232e-02,-7.760425283130562880e-03,-2.147509974663874919e-03,-7.448418939716107932e-03,-2.089101531615064622e-02,-3.437136875465360980e-02,-5.600972420433882049e-02,-7.102813093032621372e-02,4.407167977160892508e-02,4.686063761324241878e-02,-1.046956888476630876e-01,2.156899461676643759e-02,-7.781236370243278799e-02,-1.681395491571316717e-04,-1.322718094685348825e-03,9.547646089512588929e-05,4.051888918199666274e-05,2.649792671791633271e-04,1.264579065917077619e-03,2.235876368598114387e-54,3.209247822128053746e-54,6.332631306881599356e-54,-5.753999291644051464e-54,-2.026565470957994944e-55,1.368505033145858564e-55,-2.570067286333317946e-55,-3.107432514921564952e-57
-5.255666566894744672e-03,1.005632536916990089e-02,-7.734598991820856861e-03,-2.203538977728420906e-03,-3.201254616370539409e-03,-2.012069278090197061e-02,-2.830634495745459542e-02,-6.082194765205020670e-02,-6.659793766997633424e-02,4.295169301607616036e-02,4.815469817100111877e-02,-1.063387532807941877e-01,2.222887277656388633e-02,-7.739835346614047651e-02,-1.681395491571316717e-04,-1.322718094685348825e-03,9.547646089512588929e-05,4.051888918199666274e-05,2.649792671791633271e-04,1.264579065917077619e-03,9.655275947825737216e-55,2.427502682911293461e-54,4.677608875877009203e-54,-3.732710466454430065e-54,-1.068352718777569775e-55,5.390547066979278652e-56,-1.627534176521839052e-55,1.249484849191638566e-56
-1.077443728487834790e-02,1.445797425935220135e-02,-6.475887268806798484e-03,-1.081464545823730260e-03,3.000119476437892486e-03,-2.652851629174112977e-02,-2.164836975546579473e-02,-6.674296634809254170e-02,-6.033669655462152448e-02,3.788128627515047198e-02,5.016363520184347752e-02,-1.060970441025325117e-01,2.498932980129088544e-02,-7.644950658755297890e-02,-1.681395491571316717e-04,-1.322718094685348825e-03,9.547646089512588929e-05,4.051888918199666274e-05,2.649792671791633271e-04,1.264579065917077619e-03,2.158173767390866377e-55,1.732879142482447370e-54,3.315349287635059214e-54,-2.289383831476355165e-54,-4.498918822898149428e-56,5.025400323923471816e-57,-9.915723513417807961e-56,2.291946749027660589e-56
-9.410003127287892150e-03,2.288160767632286402e-02,-7.676853138794315426e-03,-6.358239578241893075e-04,3.146313688417236819e-03,-3.852801266676295772e-02,-2.828454260400514383e-02,-6.375157939981135335e-02,-6.441832685123953517e-02,5.083722576504787205e-02,5.124910024585057483e-02,-1.089438077896988655e-01,2.477893851124796792e-02,-7.833717505835652295e-02,-1.681395491571316717e-04,-1.322718094685348825e-03,9.547646089512588929e-05,4.051888918199666274e-05,2.649792671791633271e-04,1.264579065917077619e-03,-2.157586017679879629e-55,1.195323494637961957e-54,2.227934641322046574e-54,-1.283171745580226209e-54,-1.040642468115489259e-56,-1.880052944874339757e-56,-5.620059692204985097e-56,2.568051172472184276e-56
-5.945716932249271031e-03,2.626528398649514637e-02,-7.377998427192452614e-03,-2.371293274119548470e-04,1.155318101597429918e-03,-4.437382696128145537e-02,-2.802143800440453150e-02,-6.312408855691394038e-02,-6.528195388726067139e-02,4.579614153293493084e-02,5.500429687376127974e-02,-1.081172583089863443e-01,2.761210106063174616e-02,-7.842333597410916513e-02,-1.681395491571316717e-04,-1.322718094685348825e-03,9.547646089512588929e-05,4.051888918199666274e-05,2.649792671791633271e-04,1.264579065917077619e-03,-4.086714220331403313e-55,7.922992274945302549e-55,1.420481097341386861e-54,-6.300943572563798505e-55,8.030958154298769586e-57,-2.848211203778772010e-56,-2.801431636400976872e-56,2.367693230558150840e-56
-5.008114088018316735e-03,2.032937416596177632e-02,-7.049036603143121228e-03,-1.831350044754407030e-03,-3.570006298525315713e-04,-4.315350074069568970e-02,-2.853897549455184854e-02,-6.290671486923120337e-02,-6.438752822675820886e-02,4.009286985726007169e-02,5.837856536168940097e-02,-1.073283210741834415e-01,3.075729051060958202e-02,-7.924419137347764319e-02,-1.681395491571316717e-04,-1.322718094685348825e-03,9.547646089512588929e-05,4.051888918199666274e-05,2.649792671791633271e-04,1.264579065917077619e-03,-4.598004798363904391e-55,4.987035230465951775e-55,8.512162558310680711e-55,-2.359285081362996624e-55,1.482357051683785632e-56,-2.858721046604758280e-56,-9.710406163894635766e-57,1.887059722764384933e-56
-4.632265226224690884e-03,1.416879645471151930e-02,-5.395323730414729180e-03,-1.463726785749488741e-03,-1.545647547410999596e-03,-4.167185940047487408e-02,-2.623762228899340077e-02,-6.376633172168329200e-02,-6.501647893582947202e-02,2.791206618849901427e-02,5.956690143997496467e-02,-1.052483239993660807e-01,3.105407771247153947e-02,-7.923953771629040077e-02,-1.681395491571316717e-04,-1.322718094685348825e-03,9.547646089512588929e-05,4.051888918199666274e-05,2.649792671791633271e-04,1.264579065917077619e-03,-4.299581381473968133e-55,2.935038660798016992e-55,4.671574795965893664e-55,-1.495220134737509391e-56,1.584031401550619312e-56,-2.417032304139345889e-56,3.564156361861388893e-58,1.458096357852186263e-56
-7.445756628804514957e-03,8.256207343694411255e-03,-6.208286183354662542e-03,-3.225829860999229314e-03,4.529151505885810162e-04,-4.078676969716327205e-02,-2.187943239834602704e-02,-6.448121399155162803e-02,-6.514308460076478902e-02,2.122546756324988210e-02,5.970032219513342342e-02,-1.026912369886795739e-01,3.047670513904195133e-02,-7.838612506431692772e-02,-1.681395491571316717e-04,-1.322718094685348825e-03,9.547646089512588929e-05,4.051888918199666274e-05,2.649792671791633271e-04,1.264579065917077619e-03,-3.624566497070547220e-55,1.568413920506831497e-55,2.198307122611797590e-55,9.470425146766981000e-56,1.402322587135474037e-56,-1.851776049864323141e-56,4.888304340747968384e-57,1.072835753160094145e-56
-1.479861336501127507e-02,1.400346157197649224e-03,-6.093183758315677892e-03,-5.509118759191460046e-03,1.027315199521984350e-02,-3.687924722204877215e-02,-1.505366675105067158e-02,-5.842135405721932823e-02,-7.441984345811999968e-02,2.331885967895193021e-02,5.837843785884537506e-02,-9.934671779172624118e-02,2.905034216821958046e-02,-7.501704524813287978e-02,-1.681395491571316717e-04,-1.322718094685348825e-03,9.547646089512588929e-05,4.051888918199666274e-05,2.649792671791633271e-04,1.264579065917077619e-03,-2.840507735251893658e-55,7.093910656695048457e-56,6.958234210013270243e-56,1.372111488838130700e-55,1.084649656856979504e-56,-1.282974398084797244e-56,6.212441134280052873e-57,7.688539066020977169e-57
-1.557076902084909668e-02,2.611602195585830278e-03,-5.804151725530101724e-03,-7.852701901670951570e-03,1.338278195235111101e-02,-4.070640278017131214e-02,-1.280642417826195235e-02,-6.239233248804359339e-02,-7.396553614427332779e-02,1.994840550812751467e-02,5.682371376760633752e-02,-9.983252622477849225e-02,2.662791888496024439e-02,-7.614522368398826679e-02,-1.681395491571316717e-04,-1.322718094685348825e-03,9.547646089512588929e-05,4.051888918199666274e-05,2.649792671791633271e-04,1.264579065917077619e-03,-2.096445266706188769e-55,1.984023128613477939e-56,-1.385884337675318201e-56,1.412856347488315196e-55,7.835338670463830910e-57,-8.339306256298124448e-57,6.093237759925849027e-57,5.200561182119008049e-57
-1.318750324708202470e-02,6.553947627104894993e-03,-5.890965332400866991e-03,-8.518847622101718628e-03,1.565645822979392851e-02,-4.600738841579775362e-02,-1.038239865554517992e-02,-6.217502911093350515e-02,-7.600337850879358703e-02,2.042905214425962124e-02,5.741318712064244489e-02,-9.895164370209715010e-02,2.622996684614627844e-02,-7.530223120875405296e-02,-1.681395491571316717e-04,-1.322718094685348825e-03,9.547646089512588929e-05,4.051888918199666274e-05,2.649792671791633271e-04,1.264579065917077619e-03,-1.474296235018378316e-55,-7.402786800710146104e-57,-5.433818930520115970e-56,1.259819411025284932e-55,5.307707714369214635e-57,-5.031008646781141951e-57,5.192138556839604715e-57,3.287752160351495617e-57
-1.229788228795467876e-02,1.132419766680064707e-02,-6.314657480001926657e-03,-8.762201480427901298e-03,1.652074696844613860e-02,-5.179642860792359194e-02,-8.925686293828928586e-03,-6.824346366534111974e-02,-7.184361874363473510e-02,2.469633732594215050e-02,5.645745926446563145e-02,-1.013247211169474860e-01,2.396967623143139367e-02,-7.817199026614976565e-02,-1.681395491571316717e-04,-1.322718094685348825e-03,9.547646089512588929e-05,4.051888918199666274e-05,2.649792671791633271e-04,1.264579065917077619e-03,-9.791139392541503257e-56,-2.015155858035108045e-56,-6.809181966838855420e-56,1.027260523218541583e-55,3.334506997995337533e-57,-2.642283188223019948e-57,4.108698603238556471e-57,1.889675824707893592e-57
-1.073823761661509869e-02,-6.766244236698047698e-04,-8.153421916215554052e-03,-1.045623283546449553e-02,1.672286098032776946e-02,-4.157910075097863423e-02,-9.270724646917208323e-03,-7.390457016282986347e-02,-6.792677690691516224e-02,1.933431190274090619e-02,5.330765300719394334e-02,-1.057250658214059919e-01,2.249866659423102599e-02,-8.041013783920403224e-02,-1.681395491571316717e-04,-1.322718094685348825e-03,9.547646089512588929e-05,4.051888918199666274e-05,2.649792671791633271e-04,1.264579065917077619e-03,-6.100429815206118501e-56,-2.390196020750697907e-56,-6.697183850406972993e-56,7.934432054068274483e-56,1.944902763140927214e-57,-1.061718745394207060e-57,3.063173572633644024e-57,9.476491520863921814e-58
-8.221620570495261071e-03,-6.703021596339009402e-03,-1.013367120701488128e-02,-1.248958124549181398e-02,1.646991638729788238e-02,-3.619962229928567338e-02,-2.424358457706661529e-02,-6.323030384424307981e-02,-7.893362113222698873e-02,2.595800713917449654e-02,5.299636439812437094e-02,-1.100064166879374111e-01,2.175809881789983816e-02,-8.360908176225882726e-02,-1.681395491571316717e-04,-1.322718094685348825e-03,9.547646089512588929e-05,4.051888918199666274e-05,2.649792671791633271e-04,1.264579065917077619e-03,-3.493581689593983534e-56,-2.276270545881333551e-56,-5.841394699374942790e-56,5.799050767149279513e-56,1.060380759944152265e-57,-1.990391191977073793e-58,2.179433090366610211e-57,3.578352704108964028e-58
-4.906570762627741195e-03,-2.937401924724894389e-03,-1.010841681931188597e-02,-1.238176730436910296e-02,1.593480129042681298e-02,-3.837285607487892630e-02,-2.721007344801916819e-02,-6.304329235103033058e-02,-7.765433233566790272e-02,2.179643063997536989e-02,5.475263760543392505e-02,-1.132066093465329271e-01,2.187564999655192480e-02,-8.694026061348510137e-02,-1.681395491571316717e-04,-1.322718094685348825e-03,9.547646089512588929e-05,4.051888918199666274e-05,2.649792671791633271e-04,1.264579065917077619e-03,-1.750111306879369829e-56,-1.938910097331315578e-56,-4.749022770975750674e-56,4.064553616321921996e-56,4.172653582670747692e-58,3.008543885006250793e-58,1.451003941695503912e-57,2.107953503719678493e-59
-7.204990779226681102e-03,1.068086513852232241e-03,-1.026640215978320489e-02,-1.105572369343822692e-02,1.793987963110339756e-02,-4.116740298219297156e-02,-2.489380558669205754e-02,-6.678561307109272260e-02,-7.307890979927421371e-02,2.018392603809175331e-02,5.638953517080209227e-02,-1.137621834112734626e-01,2.204835089266693471e-02,-8.808232549937915212e-02,-1.681395491571316717e-04,-1.322718094685348825e-03,9.547646089512588929e-05,4.051888918199666274e-05,2.649792671791633271e-04,1.264579065917077619e-03,-6.571972529571011908e-57,-1.540022941668074943e-56,-3.644543850401136574e-56,2.708957862016497909e-56,7.114903474028798640e-59,5.364710034535859820e-58,9.548853468076215789e-58,-1.791557367453472656e-58
-6.147317963248631265e-03,-3.397214893084007318e-03,-9.876344340646050005e-03,-1.080153170865704761e-02,1.814228917576565098e-02,-3.660802576961098842e-02,-2.037812178488976333e-02,-6.547082143364166273e-02,-7.451367672085912330e-02,2.314911219657338204e-02,5.615368182964520366e-02,-1.151362710231073616e-01,2.200830366013946729e-02,-8.965049653464368662e-02,-1.681395491571316717e-04,-1.322718094685348825e-03,9.547646089512588929e-05,4.051888918199666274e-05,2.649792671791633271e-04,1.264579065917077619e-03,-1.777408789746984491e-58,-1.163452796658899830e-56,-2.659651849399216976e-56,1.711914849103272646e-56,-1.026878385785872951e-58,5.632690731955032725e-58,6.003924334597972811e-58,-2.678917885310162050e-58
-1.128820368281205876e-02,-2.272838118934283978e-03,-8.901725821976610997e-03,-8.934365332251557532e-03,2.356586010858358060e-02,-3.565189376313902120e-02,-1.476110032841815647e-02,-6.961568644716382981e-02,-7.020783435429742148e-02,2.354405498792219373e-02,5.750609303435777475e-02,-1.141425064088608110e-01,2.278368537101884903e-02,-9.009853379659220340e-02,-1.681395491571316717e-04,-1.322718094685348825e-03,9.547646089512588929e-05,4.051888918199666274e-05,2.649792671791633271e-04,1.264579065917077619e-03,3.063482450696582342e-57,-8.403968795469711567e-57,-1.858606553110189159e-56,1.012172680197419988e-56,-1.690906129773313555e-58,5.154431811810347808e-58,3.424959648611646944e-58,-2.769524252762266863e-58
-9.568775592869850286e-03,8.254867755427917203e-06,-6.851929353250703521e-03,-7.232047826409864280e-03,2.291372679769212647e-02,-3.475204052361040991e-02,-1.589914117886749231e-02,-6.994981850664250267e-02,-7.041438152467058287e-02,2.680068068681914009e-02,5.731013134199632042e-02,-1.143164088786092353e-01,2.412979006682927641e-02,-9.021462345670783201e-02,-1.681395491571316717e-04,-1.322718094685348825e-03,9.547646089512588929e-05,4.051888918199666274e-05,2.649792671791633271e-04,1.264579065917077619e-03,4.458268699087234359e-57,-5.942245592982434357e-57,-1.232504734292022022e-56,5.373893247915868120e-57,-1.754177500319185151e-58,4.311355658295280341e-58,1.687060056810657418e-58,-2.560144042702246014e-58
-1.734849408940546123e-02,1.859103520858209073e-04,-7.739775788494777237e-03,-6.217289433901442529e-03,2.982567903200844875e-02,-3.385068473614567114e-02,-1.599791939681991307e-02,-6.725636076966869104e-02,-7.384954145543567994e-02,2.195655864439170768e-02,5.860348289004269767e-02,-1.133457204610231611e-01,2.635799680353936858e-02,-8.915831166549582909e-02,-1.681395491571316717e-04,-1.322718094685348825e-03,9.547646089512588929e-05,4.051888918199666274e-05,2.649792671791633271e-04,1.264579065917077619e-03,4.645034489015254092e-57,-4.077067255912328775e-57,-7.744454874527667486e-57,2.386978295308359241e-57,-1.467794602822683700e-58,3.254712520917133848e-58,6.471902423123414897e-59,-2.197129333287291430e-58
-6.108584556629957640e-03,1.019481515290128525e-03,-8.717734283576318230e-03,-7.087880132452895401e-03,2.153413651380626376e-02,-3.320473353109472392e-02,-2.383838464324486428e-02,-6.754419760895537250e-02,-7.344993592769050172e-02,1.883520382396666054e-02,6.142217892989697281e-02,-1.105879636453053344e-01,2.822810534460153814e-02,-8.709559671652966628e-02,-1.681395491571316717e-04,-1.322718094685348825e-03,9.547646089512588929e-05,4.051888918199666274e-05,2.649792671791633271e-04,1.264579065917077619e-03,4.164990072557133329e-57,-2.714999793173749591e-57,-4.537783356049546315e-57,6.255480833517434390e-58,-1.143459267292186056e-58,2.342993726673287581e-58,8.055479662050929561e-60,-1.735219721810969252e-58
1.873821609684264353e-03,-1.742269114654866960e-02,-8.237484640218851670e-03,-5.224286103244222060e-03,1.584159606375446644e-02,-1.296376758878581628e-02,-2.624646923038718646e-02,-7.464710049750297727e-02,-6.771611756434041396e-02,8.490630262756751132e-03,6.195604066491341988e-02,-1.116534994937065511e-01,2.814076230417567048e-02,-8.934023063383599028e-02,-1.681395491571316717e-04,-1.322718094685348825e-03,9.547646089512588929e-05,4.051888918199666274e-05,2.649792671791633271e-04,1.264579065917077619e-03,3.418896102242680496e-57,-1.721857671134842473e-57,-2.420724462190696440e-57,-3.017933489961730985e-58,-8.020556408794358702e-59,1.625957541708483720e-58,-1.919648459714633567e-59,-1.271603421692625598e-58
4.715827637171991944e-03,-2.179519063363383191e-02,-6.279673254303405963e-03,-1.805257391475939555e-03,1.343990616421609358e-02,-4.313361204057047232e-03,-2.609173162235996907e-02,-7.645258735707224917e-02,-6.900297244698898325e-02,1.496887851056478980e-02,5.870762438196403671e-02,-1.111254537693660144e-01,2.479741804255764653e-02,-8.965625884586933547e-02,-1.681395491571316717e-04,-1.322718094685348825e-03,9.547646089512588929e-05,4.051888918199666274e-05,2.649792671791633271e-04,1.264579065917077619e-03,2.649818977233994731e-57,-1.045797461990316268e-57,-1.071338571900420490e-57,-7.284236693953991710e-58,-4.955872307031862730e-59,1.038573879982059594e-58,-2.746494295330771130e-59,-8.904747054272454242e-59
8.577968610046891526e-03,-2.417153869067181424e-02,-2.171888886596649686e-03,1.673696576775119110e-03,9.157820174697222509e-03,4.089105534801377659e-03,-2.359531760981798190e-02,-7.901306435278335205e-02,-6.905749617822917741e-02,2.600605183996643893e-02,5.578287857364890023e-02,-1.101148615152401922e-01,2.248922344087549152e-02,-8.820693099235556167e-02,-1.681395491571316717e-04,-1.322718094685348825e-03,9.547646089512588929e-05,4.051888918199666274e-05,2.649792671791633271e-04,1.264579065917077619e-03,1.958127011359439381e-57,-6.048835837841733664e-58,-2.685217928783882249e-58,-8.526791041544783059e-58,-2.526421672398555779e-59,6.002771206592653141e-59,-2.918636220890521758e-59,-5.739887249581153384e-59
6.083702433016471497e-03,-1.501815678279223853e-02,1.278385755150682375e-04,5.081822533016710358e-03,9.157035523755985632e-03,1.793640333909250501e-03,-2.220529327427732749e-02,-8.067847926175725215e-02,-6.901354397801000295e-02,3.591577927972258028e-02,5.312074347362279181e-02,-1.113588512758992288e-01,2.120337384884402043e-02,-8.616395618107827725e-02,-1.681395491571316717e-04,-1.322718094685348825e-03,9.547646089512588929e-05,4.051888918199666274e-05,2.649792671791633271e-04,1.264579065917077619e-03,1.383177636033491014e-57,-3.267086438438560499e-58,1.624619625854642047e-58,-8.091087326485966539e-58,-8.478774718602907543e-60,3.011270657456655839e-59,-2.658834602428877599e-59,-3.399836948045775570e-59
9.461914099065556194e-03,-1.356182518268079715e-02,1.434990067836075002e-03,7.954654277298942727e-03,2.470337672690467098e-03,4.139050249824400771e-03,-1.908277708493757649e-02,-7.916861546561222707e-02,-7.164800069606976074e-02,4.216667290760311992e-02,5.355402432404652441e-02,-1.122461592588326895e-01,2.137744351377826590e-02,-8.645342278440404371e-02,-1.681395491571316717e-04,-1.322718094685348825e-03,9.547646089512588929e-05,4.051888918199666274e-05,2.649792671791633271e-04,1.264579065917077619e-03,9.293711293873463835e-58,-1.553058819882624318e-58,3.548668589589335407e-58,-6.863573502939564236e-58,1.457968213140130934e-60,1.099832121746063005e-59,-2.183747360967536265e-59,-1.800424768084847875e-59
1.175805640939291824e-02,-1.042384212876125427e-02,3.528464554596868683e-03,1.096775400345971659e-02,-2.286772562192193256e-03,4.763849956149080606e-03,-1.821483514056153677e-02,-7.791150535815967448e-02,-7.312791693324635633e-02,5.429751470759715259e-02,5.244383372909341978e-02,-1.147305505655459440e-01,2.243277366173614118e-02,-8.587382191338041593e-02,-1.681395491571316717e-04,-1.322718094685348825e-03,9.547646089512588929e-05,4.051888918199666274e-05,2.649792671791633271e-04,1.264579065917077619e-03,5.902153746006630041e-58,-5.359549133796494619e-59,4.074990825453529320e-58,-5.408116057703425659e-58,6.348690274843949055e-60,2.032768214634519126e-61,-1.669372805739101961e-59,-7.939067135023471597e-60
1.471656543286311951e-02,-2.274056180742743682e-03,2.959165595213628965e-03,9.056723117698995545e-03,-7.630045067165277910e-03,-6.640129836982117117e-04,-2.394479730737065354e-02,-7.108024145219439538e-02,-7.996386763963511668e-02,5.690070502969268862e-02,5.117673991059067118e-02,-1.183192781707383817e-01,2.220835103481027042e-02,-8.753421015613722933e-02,-1.681395491571316717e-04,-1.322718094685348825e-03,9.547646089512588929e-05,4.051888918199666274e-05,2.649792671791633271e-04,1.264579065917077619e-03,3.486387157705462203e-58,3.707919264441613479e-60,3.859138335378806133e-58,-4.030208131389369728e-58,7.786921020688556032e-60,-5.102592068706333880e-60,-1.218862201707473376e-59,-2.016204586612432757e-60
1.484539359933194878e-02,-2.947571084700040776e-03,1.161597251548103851e-03,5.318014977386901695e-03,-1.073863956620486719e-02,-1.615339304845603112e-03,-2.147978661135753128e-02,-6.823369818842375811e-02,-8.277911186502807939e-02,5.312637726872454502e-02,5.043058618418279349e-02,-1.191146003879868936e-01,2.317548811058237068e-02,-8.659701376338710399e-02,-1.681395491571316717e-04,-1.322718094685348825e-03,9.547646089512588929e-05,4.051888918199666274e-05,2.649792671791633271e-04,1.264579065917077619e-03,1.840887256024176653e-58,3.443767429178338107e-59,3.300641436030470818e-58,-2.850613077305023725e-58,7.146012707368404173e-60,-6.956848350721197484e-60,-8.766859608011010908e-60,1.724376510548560939e-60
1.446534075746677694e-02,-3.424799208148401365e-03,-8.732043337896346416e-05,3.622235384887011710e-03,-1.450467859070886205e-02,-3.967479141155274419e-03,-1.267175462435205825e-02,-6.921579165404101452e-02,-8.262701011905987381e-02,5.898208110003519411e-02,4.914725052893924306e-02,-1.196107919677223963e-01,2.165513735750670618e-02,-8.696605706768748001e-02,-1.681395491571316717e-04,-1.322718094685348825e-03,9.547646089512588929e-05,4.051888918199666274e-05,2.649792671791633271e-04,1.264579065917077619e-03,7.790137872067793260e-59,4.750165156666743910e-59,2.645182909459771344e-58,-1.920816781613097254e-58,5.305363144365984271e-60,-6.561940911388907582e-60,-6.479503627196221764e-60,3.735128546824426735e-60
5.699004616061053435e-03,-1.019052988125873291e-02,-8.580295889927086169e-04,1.831204891584889806e-03,-1.144765043977879690e-02,1.982053743217020159e-05,-1.248353695127866515e-02,-7.152978154584392623e-02,-7.993994006338768499e-02,5.375123821345629410e-02,5.049715574338143470e-02,-1.183974474724772130e-01,2.356109987926504126e-02,-8.589275157323011944e-02,-1.681395491571316717e-04,-1.322718094685348825e-03,9.547646089512588929e-05,4.051888918199666274e-05,2.649792671791633271e-04,1.264579065917077619e-03,1.474172972645998449e-59,5.066848439156509679e-59,2.017516872456991052e-58,-1.225347884240083857e-58,3.428975408834004418e-60,-5.515444662347335116e-60,-4.579698718582568693e-60,4.341579500221143077e-60
-1.725835938620801091e-03,-1.066382449237216097e-02,2.527928169868798964e-04,2.023111970040433142e-03,-8.020792648519382839e-03,7.614815836091519408e-04,-1.460618888989142355e-02,-7.528929923594920859e-02,-7.654121159132198926e-02,4.903937997422511130e-02,5.192230465515570992e-02,-1.185478404411847986e-01,2.420324003496899384e-02,-8.804149395554707047e-02,-1.681395491571316717e-04,-1.322718094685348825e-03,9.547646089512588929e-05,4.051888918199666274e-05,2.649792671791633271e-04,1.264579065917077619e-03,-1.910103937245959405e-59,4.727160189648050742e-59,1.482880868717175134e-58,-7.358104543174576677e-59,1.921563385035061318e-60,-4.231671741475808369e-60,-3.102048291026295912e-60,3.955802614983803303e-60
-5.584474168698573202e-03,-1.238271996333696091e-02,2.307866762268406813e-03,-6.168893409077324044e-04,-6.744907853192104279e-03,3.880265441191807843e-03,-1.577652163087010437e-02,-8.045367787902669987e-02,-7.236512001440273401e-02,5.028199700114822229e-02,5.371368739359057287e-02,-1.187914459546789009e-01,2.293183030315232643e-02,-9.174380032674045449e-02,-1.681395491571316717e-04,-1.322718094685348825e-03,9.547646089512588929e-05,4.051888918199666274e-05,2.649792671791633271e-04,1.264579065917077619e-03,-3.435708512120062759e-59,4.080608939750585111e-59,1.052562079670221699e-58,-4.127105661832234282e-59,7.652994669907543868e-61,-2.938306839903196563e-60,-2.061602078154889272e-60,3.228924573807438199e-60
-8.813014541670365770e-03,-4.845269151147996167e-03,2.713834861171415466e-03,-1.883798673413358393e-03,-2.839820260382526149e-03,-1.189574332959343790e-03,-1.504467715069968299e-02,-8.349366741989558416e-02,-6.971771829174741586e-02,5.460713626881819743e-02,5.543279092152735704e-02,-1.200449129960729916e-01,2.254941123328554897e-02,-9.310781481658428338e-02,-1.681395491571316717e-04,-1.322718094685348825e-03,9.547646089512588929e-05,4.051888918199666274e-05,2.649792671791633271e-04,1.264579065917077619e-03,-3.814537471024839219e-59,3.342691458694849246e-59,7.222981889588197238e-59,-2.097190383357697015e-59,-2.793266130147118334e-62,-1.917138322411810320e-60,-1.403940868395610399e-60,2.519413023142675720e-60
-6.534465854442238902e-03,6.410406532976770794e-03,-1.462566511591364971e-03,-6.809668899489546706e-03,-2.773177723424048897e-03,-1.357967797865524892e-02,-1.947000861757922779e-02,-8.550640853946249453e-02,-6.884128953460408318e-02,5.386931349200953928e-02,5.747502964270960468e-02,-1.188398095072355776e-01,2.362935552779997853e-02,-9.198213020437102927e-02,-1.681395491571316717e-04,-1.322718094685348825e-03,9.547646089512588929e-05,4.051888918199666274e-05,2.649792671791633271e-04,1.264579065917077619e-03,-3.610526819843711496e-59,2.685778186381874028e-59,4.747500677790933823e-59,-8.367954330786269196e-60,-4.698643059840602974e-61,-1.210058267710767077e-60,-9.605729738298749272e-61,1.896531722157894666e-60
-7.071777450398334525e-04,7.748277669502599656e-03,-2.667271787730919261e-03,-8.199188899419937449e-03,-3.768397744720012807e-03,-1.489530813452071868e-02,-2.439006702636638615e-02,-8.026602787777503689e-02,-7.502646924173941856e-02,5.714828388323041353e-02,5.906443055722026408e-02,-1.187708145264765591e-01,2.433344684769962740e-02,-9.308888570455531308e-02,-1.681395491571316717e-04,-1.322718094685348825e-03,9.547646089512588929e-05,4.051888918199666274e-05,2.649792671791633271e-04,1.264579065917077619e-03,-3.144553643156579434e-59,2.129156720181052760e-59,2.967790687118085676e-59,-1.044618656013992000e-60,-5.958567893407971743e-61,-7.195220416284469879e-61,-6.144257376456449764e-61,1.342718846419750004e-60
6.471427398483689704e-03,5.386771080715816243e-04,-1.722124967527810481e-03,-7.099723728252569852e-03,-8.554328318579313903e-03,-7.149104185449066569e-03,-2.443656236951596838e-02,-8.019683154775889000e-02,-7.600362141726395293e-02,5.791486218495803945e-02,6.150765502795804696e-02,-1.187727929924954628e-01,2.586716701023884790e-02,-9.481461829786844153e-02,-1.681395491571316717e-04,-1.322718094685348825e-03,9.547646089512588929e-05,4.051888918199666274e-05,2.649792671791633271e-04,1.264579065917077619e-03,-2.544791926417365451e-59,1.635601234403271859e-59,1.760194302304365731e-59,2.669804662285171097e-60,-6.097139330561898500e-61,-3.557990945517654539e-61,-4.063028691669287087e-61,8.587498143113446830e-61
7.681470259653025781e-03,-2.316495291184703965e-03,-3.373079646811222385e-03,-5.948746952117658568e-03,-1.114661495586365819e-02,-6.366661472054990605e-03,-1.965992424170545302e-02,-7.747786492803987457e-02,-7.961061233855169783e-02,5.793367221952577112e-02,6.256585474540146685e-02,-1.188850983031099484e-01,2.674855575004394734e-02,-9.466201351456478286e-02,-1.681395491571316717e-04,-1.322718094685348825e-03,9.547646089512588929e-05,4.051888918199666274e-05,2.649792671791633271e-04,1.264579065917077619e-03,-1.969302088275417689e-59,1.232122371579426668e-59,9.591482066637471231e-60,4.182150536766793126e-60,-5.675333914538739064e-61,-1.012058950028145536e-61,-2.695925060295738179e-61,5.225067714597527722e-61
7.197734949405176774e-03,-2.933030764754320733e-03,-5.611805293245010831e-03,-4.062651146524331319e-03,-1.230360918097733042e-02,-7.011367704217151726e-03,-1.939325901457840048e-02,-7.618771369834478890e-02,-8.264298449112848777e-02,5.535417828565196430e-02,6.350845942026497881e-02,-1.196752245622017818e-01,2.813246634919149697e-02,-9.541571058848789810e-02,-1.681395491571316717e-04,-1.322718094685348825e-03,9.547646089512588929e-05,4.051888918199666274e-05,2.649792671791633271e-04,1.264579065917077619e-03,-1.457244258168676218e-59,9.004680864902361371e-60,4.611870226445407338e-60,4.300485685988189077e-60,-4.904554098300827107e-61,4.497164902031380877e-62,-1.633520138877945759e-61,2.794979305119934964e-61
6.168761692464305550e-03,-1.685157883447878716e-03,-6.104336529702982135e-03,-2.935597717527339487e-03,-1.395910322374417645e-02,-9.069332317946368280e-03,-1.697972734677414067e-02,-7.801673406641128350e-02,-8.228935226435046824e-02,5.217020063408511765e-02,6.237037159634271216e-02,-1.194097295370606798e-01,2.959415245526977184e-02,-9.386934785930289848e-02,-1.681395491571316717e-04,-1.322718094685348825e-03,9.547646089512588929e-05,4.051888918199666274e-05,2.649792671791633271e-04,1.264579065917077619e-03,-1.028826039831760321e-59,6.359316116245587294e-60,1.673346759167958301e-60,3.816332959266340602e-60,-4.059173300926991270e-61,1.119189825051310446e-61,-9.899625265881334914e-62,1.353341263104524354e-61
1.102757320400497149e-03,-4.523187105924331500e-03,-4.903278161355432117e-03,-2.744606699884417911e-03,-1.078959702746494845e-02,-6.164884718716592132e-03,-2.097749700073977402e-02,-7.866943909407499158e-02,-8.097637124821197019e-02,5.492250551349782406e-02,6.232793424090243839e-02,-1.202209172421066230e-01,3.137614522443563786e-02,-9.163537411083694240e-02,-1.681395491571316717e-04,-1.322718094685348825e-03,9.547646089512588929e-05,4.051888918199666274e-05,2.649792671791633271e-04,1.264579065917077619e-03,-6.934370200533346197e-60,4.346169488283838047e-60,5.109800856052512374e-62,3.122765317232864015e-60,-3.242982546148813675e-61,1.258241429464058214e-61,-5.854934173259518598e-62,4.775568839009238119e-62
8.538446053093957933e-04,9.051067770125617237e-03,-6.205464127969493454e-03,-3.789824400321627207e-03,-1.270842505801331873e-02,-2.032984732682687617e-02,-2.464000228072341786e-02,-7.929368499698991046e-02,-8.115126119161417129e-02,6.527193865226860181e-02,6.137575287167581356e-02,-1.214550541056550886e-01,3.119477046870367323e-02,-9.102511323341412608e-02,-1.681395491571316717e-04,-1.322718094685348825e-03,9.547646089512588929e-05,4.051888918199666274e-05,2.649792671791633271e-04,1.264579065917077619e-03,-4.455498693993581006e-60,2.866775386076485659e-60,-7.505370294335322308e-61,2.407188629745350572e-60,-2.462093324760858398e-61,1.166958835119651128e-61,-3.482540173359674560e-62,-1.878265805332660551e-63
1.668138582363702400e-03,1.062801117996003443e-02,-7.656292736079035703e-03,-5.421347909755651860e-03,-1.586443229687485926e-02,-2.356954527537141741e-02,-2.756078366471998581e-02,-8.244935763224070513e-02,-8.020640382165174220e-02,6.879807947920328626e-02,5.987448909669801367e-02,-1.215483962373470339e-01,3.000761208012726888e-02,-9.163855130553602568e-02,-1.681395491571316717e-04,-1.322718094685348825e-03,9.547646089512588929e-05,4.051888918199666274e-05,2.649792671791633271e-04,1.264579065917077619e-03,-2.695751074082913309e-60,1.801119641856592699e-60,-1.053721990695640167e-60,1.758655356806712777e-60,-1.775299120552836792e-61,9.775059986738409685e-62,-1.965707930102873632e-62,-2.640081359239422533e-62
2.216382660540870513e-03,3.821773910926529183e-03,-5.817751697845832681e-03,-6.073741324489139240e-03,-1.908029439885321199e-02,-1.935851362284674027e-02,-2.829860670604359904e-02,-8.365216963808742856e-02,-8.101921646198290139e-02,7.340738971361018828e-02,5.616048579598325458e-02,-1.237553557835669449e-01,2.816221067595444175e-02,-9.298534755686833908e-02,-1.681395491571316717e-04,-1.322718094685348825e-03,9.547646089512588929e-05,4.051888918199666274e-05,2.649792671791633271e-04,1.264579065917077619e-03,-1.497369439084136098e-60,1.058200043741473976e-60,-1.080653032538243245e-60,1.225338181557980361e-60,-1.201853482962946665e-61,7.510120693139773391e-62,-9.117977322500244916e-63,-3.600606292808535593e-62
-1.477773876365427209e-03,3.335917137759603079e-03,-5.717522628696544533e-03,-7.900726882958321318e-03,-1.892012292978682148e-02,-2.056066216059429172e-02,-2.468373650202601230e-02,-8.619608751554760917e-02,-8.113859237748961839e-02,7.587601117517671356e-02,5.307940202769361598e-02,-1.227716067197160421e-01,2.592597411723754353e-02,-9.100089591835378022e-02,-1.681395491571316717e-04,-1.322718094685348825e-03,9.547646089512588929e-05,4.051888918199666274e-05,2.649792671791633271e-04,1.264579065917077619e-03,-7.196896553098402182e-61,5.569239764302225584e-61,-9.704649864117993556e-61,8.134772759657891638e-61,-7.479074478113070398e-62,5.349682297352152879e-62,-1.749783682351054170e-63,-3.718626784932911861e-62
-5.065033558333091601e-03,-4.037735853350904458e-03,-3.923954392201685522e-03,-6.948672712892565648e-03,-1.820001463958793864e-02,-1.505412681024846655e-02,-1.850970974585751383e-02,-8.884895621322323744e-02,-7.966718122461065310e-02,6.531836693852458020e-02,5.430792562698268794e-02,-1.216171171277643098e-01,2.500791807873792988e-02,-9.118614994095020077e-02,-1.681395491571316717e-04,-1.322718094685348825e-03,9.547646089512588929e-05,4.051888918199666274e-05,2.649792671791633271e-04,1.264579065917077619e-03,-2.457343812070748596e-61,2.384895318281246973e-61,-8.124297182992476645e-61,5.215942424232310968e-61,-4.291472752499545229e-62,3.573676284603943370e-62,1.912578722768954938e-63,-3.368689000824773468e-62
-1.069103122869121889e-02,-1.645192132138302565e-02,-2.924505928777756079e-04,-4.120209097628045949e-03,-1.454507004246269157e-02,-2.841171286592336642e-03,-2.070188553652964683e-02,-8.121735340915237078e-02,-8.722762757027367753e-02,6.120045565055801107e-02,5.505196492642656231e-02,-1.219796871089309509e-01,2.480296678364641086e-02,-9.092950350130575565e-02,-1.681395491571316717e-04,-1.322718094685348825e-03,9.547646089512588929e-05,4.051888918199666274e-05,2.649792671791633271e-04,1.264579065917077619e-03,2.485970126742753795e-62,4.319050804419622270e-62,-6.424665410827809902e-61,3.145723165986599192e-61,-2.093881116025145724e-62,2.143431161795897141e-62,4.385352796806194775e-63,-2.844346150617884552e-62
-1.396962646074203541e-02,-2.518993639151066721e-02,1.462977095106585005e-03,-1.934279519645999094e-03,-8.897007053052120168e-03,7.273710324892013537e-03,-2.120838976806724979e-02,-8.082424105197261177e-02,-8.713340208784324525e-02,5.889284494287104488e-02,5.491878794669344255e-02,-1.258981088522278524e-01,2.494904390538093403e-02,-9.330819054232335208e-02,-1.681395491571316717e-04,-1.322718094685348825e-03,9.547646089512588929e-05,4.051888918199666274e-05,2.649792671791633271e-04,1.264579065917077619e-03,1.633923211451307350e-61,-6.891138340023163992e-62,-4.852475954407835825e-61,1.735508228454531035e-61,-6.558249129461987839e-63,1.170813276096925091e-62,5.280326617601206344e-63,-2.266076070499882755e-62
-1.410298922935250554e-02,-2.077318191401837655e-02,6.841222782860729035e-04,2.469188800280136195e-05,-4.711456721573362844e-03,8.411850298178024168e-03,-1.542828068941533987e-02,-7.959331595735277820e-02,-8.898004854783028716e-02,6.051747607205927582e-02,5.564257689777806631e-02,-1.262015127293223404e-01,2.263611300733476411e-02,-9.500578364498130091e-02,-1.681395491571316717e-04,-1.322718094685348825e-03,9.547646089512588929e-05,4.051888918199666274e-05,2.649792671791633271e-04,1.264579065917077619e-03,2.159761459481398832e-61,-1.234769181561267762e-61,-3.530351504449609269e-61,8.287105204125839045e-62,1.862015382899481531e-63,4.760014007691035659e-63,5.852476394827658029e-63,-1.679028218533345885e-62
-9.761528736528021083e-03,-1.772216721681355370e-02,3.208570621775144391e-03,3.149467516550191488e-03,-4.139906406647717724e-03,1.227021675656677670e-02,-9.804537534817411165e-03,-8.291407319993226999e-02,-8.565151254257649671e-02,6.123929289534957993e-02,5.800710573944928283e-02,-1.252471595452765984e-01,2.224845452813344754e-02,-9.601679825757963860e-02,-1.681395491571316717e-04,-1.322718094685348825e-03,9.547646089512588929e-05,4.051888918199666274e-05,2.649792671791633271e-04,1.264579065917077619e-03,2.173113886315740277e-61,-1.400228544989225378e-61,-2.503091167968009345e-61,2.840971155090368343e-62,6.386274367915524558e-63,7.695007558928287038e-64,6.252024075163415808e-63,-1.148198884173980653e-62
-4.608718139790817306e-03,-9.627739677689308925e-03,4.234510404400371186e-03,4.397059762062820870e-03,-4.260977054777384011e-03,1.018981514403683071e-02,-7.975166818381123832e-03,-8.801057082941521337e-02,-8.028721142828290636e-02,5.297365999923457636e-02,6.184346872252016736e-02,-1.248514904391132274e-01,2.345419041435354082e-02,-9.776344051577870453e-02,-1.681395491571316717e-04,-1.322718094685348825e-03,9.547646089512588929e-05,4.051888918199666274e-05,2.649792671791633271e-04,1.264579065917077619e-03,1.932452070967943818e-61,-1.345820309832550688e-61,-1.736871941831726681e-61,5.966237977362858547e-64,8.498910473543839434e-63,-1.736278812694241296e-63,5.550513777649938915e-63,-7.182632519437538841e-63
-4.252035544334304557e-05,-3.545556101504967680e-03,3.240236611823915387e-03,3.647126960350900466e-03,-4.597507674587322443e-03,7.297474402366622634e-03,-1.774449764112033187e-02,-8.574150314631057146e-02,-8.319114821242434843e-02,4.800411630976228472e-02,6.186729628579445972e-02,-1.256477356548055258e-01,2.355675106537230210e-02,-1.006537951601696457e-01,-1.681395491571316717e-04,-1.322718094685348825e-03,9.547646089512588929e-05,4.051888918199666274e-05,2.649792671791633271e-04,1.264579065917077619e-03,1.604235259777335838e-61,-1.190573145575572876e-61,-1.174602027921063896e-61,-1.332585374525778344e-62,8.610197848751329460e-63,-2.898726602732524379e-63,4.835652809335522895e-63,-4.234046188980581110e-63
2.170332616899081375e-03,-5.240808338289450717e-03,2.768688652359224851e-03,2.190358610234261448e-03,-4.964387288178728937e-03,1.154131223395162692e-02,-2.151240868985120763e-02,-8.309225558190454219e-02,-8.674681228534592003e-02,4.287659066855578627e-02,6.075677274878250184e-02,-1.274473611203476298e-01,2.159776747270258576e-02,-1.028480725329393303e-01,-1.681395491571316717e-04,-1.322718094685348825e-03,9.547646089512588929e-05,4.051888918199666274e-05,2.649792671791633271e-04,1.264579065917077619e-03,1.264562208434946431e-61,-9.912037942441073557e-62,-7.745066701642273135e-62,-1.784903612795696824e-62,7.657086226707027487e-63,-3.178813392623094914e-63,4.067255911632582376e-63,-2.351427691408156953e-63
5.660407969265507377e-03,-3.835860062886868420e-03,3.237105865476009106e-03,2.516536985409935714e-03,-5.269369109450266001e-03,1.362452896549555710e-02,-2.940485805252223556e-02,-7.525842008367093772e-02,-9.582166081423480752e-02,5.025018116962935710e-02,5.955837203546547609e-02,-1.278116044020380648e-01,1.936390366287412193e-02,-1.023506520619545113e-01,-1.681395491571316717e-04,-1.322718094685348825e-03,9.547646089512588929e-05,4.051888918199666274e-05,2.649792671791633271e-04,1.264579065917077619e-03,9.562654926005840648e-62,-7.898135172757040508e-62,-4.927103933377227006e-62,-1.783113149688044287e-62,6.413076541228498341e-63,-3.078958128440184792e-63,3.394468295256282134e-63,-1.202639062715974988e-63
4.104790906517461445e-03,4.981352933357412714e-03,2.921901342797930418e-03,1.435004679838218630e-03,2.306637931712637868e-04,6.314037235540306651e-03,-3.602113122244643417e-02,-7.147959671072368071e-02,-1.021209357596801898e-01,4.945520510128421920e-02,5.964927723604517701e-02,-1.259575092741049562e-01,1.883220364304892536e-02,-9.965990401445178060e-02,-1.681395491571316717e-04,-1.322718094685348825e-03,9.547646089512588929e-05,4.051888918199666274e-05,2.649792671791633271e-04,1.264579065917077619e-03,6.931547946905785704e-62,-6.045937039704607315e-62,-3.004170646719546633e-62,-1.551643807823051235e-62,5.063476783891567964e-63,-2.656993587766497399e-63,2.652254427303184072e-63,-5.055190602833237049e-64
1.551942839655348887e-03,1.444217286049322840e-02,1.944654883121043829e-03,1.637947812110861039e-03,5.712418901438061705e-03,-2.841747382283567151e-03,-3.270758322827433534e-02,-7.781922952213714273e-02,-9.768084284629859060e-02,4.565539063472021097e-02,5.866016988670004484e-02,-1.255550167868896838e-01,1.911445001745671821e-02,-9.964893786194405079e-02,-1.681395491571316717e-04,-1.322718094685348825e-03,9.547646089512588929e-05,4.051888918199666274e-05,2.649792671791633271e-04,1.264579065917077619e-03,4.834242819414389236e-62,-4.457391252260723671e-62,-1.719527687985985866e-62,-1.253566776820546236e-62,3.834760160984935644e-63,-2.105508513995965692e-63,2.009102625512742034e-63,-1.389222154136210484e-64
8.284363472590640549e-04,1.874938910097738096e-02,2.529582505594591205e-03,2.341901186534797556e-03,6.511112734920534474e-03,-7.954421269284386170e-03,-2.376810286417616047e-02,-8.208935897536978610e-02,-9.268591093891782873e-02,4.433441503499722242e-02,5.882535014599727524e-02,-1.242599744723677097e-01,2.118455190230099372e-02,-9.948178546174960002e-02,-1.681395491571316717e-04,-1.322718094685348825e-03,9.547646089512588929e-05,4.051888918199666274e-05,2.649792671791633271e-04,1.264579065917077619e-03,3.229661753070275468e-62,-3.162100665040279225e-62,-9.116173651516932234e-63,-9.357064979179850869e-63,2.763834724543536246e-63,-1.559052016057153910e-63,1.470434200164430275e-63,5.222299347422422113e-65
-2.043655847880235764e-03,1.650182210944731512e-02,5.081226841200261676e-03,3.682074180884504881e-03,9.631595668539121372e-03,-7.170204496949969357e-03,-1.382766536027230618e-02,-8.492686039447353008e-02,-9.014335882990850979e-02,4.521186502575309102e-02,5.767928179200519645e-02,-1.238582197198742768e-01,2.089988610107003722e-02,-9.873281792143066837e-02,-1.681395491571316717e-04,-1.322718094685348825e-03,9.547646089512588929e-05,4.051888918199666274e-05,2.649792671791633271e-04,1.264579065917077619e-03,2.052643502979327917e-62,-2.167468526573406199e-62,-4.196726842782667367e-63,-6.630332096404550681e-63,1.928664139609280230e-63,-1.105423528341839594e-63,1.066063394829521372e-63,1.407150900646585275e-64
-1.754258289233751825e-03,1.537505486714902704e-02,4.902838313802847063e-03,1.674736298441145948e-03,9.464826745293048599e-03,-8.426026732691955373e-03,-1.126234854755731388e-02,-8.962260508690264582e-02,-8.591746803225119855e-02,4.536822526571160363e-02,5.656315480542217083e-02,-1.273480703435725114e-01,2.268353170559118948e-02,-9.916081758505142230e-02,-1.681395491571316717e-04,-1.322718094685348825e-03,9.547646089512588929e-05,4.051888918199666274e-05,2.649792671791633271e-04,1.264579065917077619e-03,1.241965528293891614e-62,-1.438068467840702075e-62,-1.355560072754616927e-63,-4.433396871961814218e-63,1.272290439360862757e-63,-7.250832761367094175e-64,7.350503289179647346e-64,1.787311626635728759e-64
4.534206154552742826e-03,1.426976231060541646e-02,2.303339616767360008e-03,5.096604228197489355e-04,4.806522055311391456e-03,-8.698798357657055655e-03,-1.530524996841422028e-02,-8.740420877895922758e-02,-8.853429889200285785e-02,4.732026982915242541e-02,5.680480758940320563e-02,-1.284369206645151196e-01,2.515512520649226119e-02,-9.855597247261721483e-02,-1.681395491571316717e-04,-1.322718094685348825e-03,9.547646089512588929e-05,4.051888918199666274e-05,2.649792671791633271e-04,1.264579065917077619e-03,7.029438408985916739e-63,-9.197539450301109780e-63,1.738422205918128989e-64,-2.785770041482433678e-63,8.048172614661006882e-64,-4.486113710356369042e-64,4.826074847441634675e-64,1.789532733834820961e-64
1.008926718761207937e-03,1.726134606873796704e-02,-3.386539209040004099e-03,-1.197593242129470605e-03,5.577707265697345526e-03,-1.758783907770288674e-02,-1.460138365175353906e-02,-8.611782464611664190e-02,-8.967351338337577193e-02,4.998852091854605328e-02,5.654322931778828221e-02,-1.285166238701251629e-01,2.714237095021173815e-02,-9.663134097468774331e-02,-1.681395491571316717e-04,-1.322718094685348825e-03,9.547646089512588929e-05,4.051888918199666274e-05,2.649792671791633271e-04,1.264579065917077619e-03,3.565880136457752893e-63,-5.596855676972633073e-63,8.962653082819338165e-64,-1.631103744146718349e-63,4.735232287648184171e-64,-2.527951262767812599e-64,2.976044232517028166e-64,1.602635673865938562e-64
-9.650220263465189921e-04,1.492604177566365410e-02,-6.398111113786340322e-03,-3.799078113918396421e-03,6.860791689264023226e-03,-2.136843784262692364e-02,-1.718612300005840920e-02,-8.155735256815374590e-02,-9.633848112680412634e-02,5.387713253584978240e-02,5.678711909447766576e-02,-1.264379155866723614e-01,2.781487833560195716e-02,-9.396766526381340745e-02,-1.681395491571316717e-04,-1.322718094685348825e-03,9.547646089512588929e-05,4.051888918199666274e-05,2.649792671791633271e-04,1.264579065917077619e-03,1.445708028517838844e-63,-3.171460315845227811e-63,1.150076933363241861e-63,-8.618413915536167255e-64,2.515215354554995404e-64,-1.246093988643854892e-64,1.711628175714578739e-64,1.320065195805591673e-64
-2.388311136368085827e-03,7.856612086808583556e-03,-9.645432587091001472e-03,-6.237416518758349612e-03,7.759493274707697681e-03,-2.007858106096950188e-02,-1.644125589361501716e-02,-8.355741446761072444e-02,-9.523920770383045853e-02,4.677286530644589324e-02,5.768385570544781737e-02,-1.280094919004524379e-01,2.792808841508421722e-02,-9.537679635944558421e-02,-1.681395491571316717e-04,-1.322718094685348825e-03,9.547646089512588929e-05,4.051888918199666274e-05,2.649792671791633271e-04,1.264579065917077619e-03,2.264279302896567921e-64,-1.593385640294539310e-63,1.152174925166887202e-63,-3.814541542537842585e-64,1.102490280426952540e-64,-4.559234984968499062e-65,8.828478265932291826e-65,1.022294982915201576e-64
-2.158593845670703486e-03,-3.787341397787236802e-04,-1.109465516562981036e-02,-6.310205743040739335e-03,6.619182307514504676e-03,-1.477726848109096880e-02,-1.149154370463496139e-02,-8.351364712270188673e-02,-9.476993143607456704e-02,4.344518353558265988e-02,6.269357099253906884e-02,-1.252195063670255570e-01,2.887266314658421679e-02,-9.529945096464971510e-02,-1.681395491571316717e-04,-1.322718094685348825e-03,9.547646089512588929e-05,4.051888918199666274e-05,2.649792671791633271e-04,1.264579065917077619e-03,-4.084578074714687569e-64,-6.150128121957242953e-64,1.029656152939143800e-63,-1.041010432239449335e-64,2.434304731918149974e-65,1.468104275149884369e-66,3.551968657571848280e-65,7.539191030344146147e-65
3.235624792142118272e-03,-1.930316238229725289e-03,-1.185556522134005759e-02,-7.815511264982581696e-03,-1.065422096445913652e-03,-1.590099158310726360e-02,-9.955801644231609265e-03,-8.760096639088624237e-02,-9.049104635448614042e-02,3.848877267877209851e-02,6.815041520048575885e-02,-1.227252373851581979e-01,3.158150100914133840e-02,-9.559383458473982853e-02,-1.681395491571316717e-04,-1.322718094685348825e-03,9.547646089512588929e-05,4.051888918199666274e-05,2.649792671791633271e-04,1.264579065917077619e-03,-6.805909391881110412e-64,-4.766346747319348163e-65,8.615426026395471723e-64,3.848444911583769903e-65,-2.222079719499022279e-65,2.552662503860350743e-65,5.002170280824887331e-66,5.270195931148594967e-65
5.786120766709589545e-03,-2.505013452973376634e-03,-1.099690726687703457e-02,-6.917865404284996578e-03,-5.118612128502936405e-03,-1.561860599825789717e-02,-1.247115919824615810e-02,-8.419964176697536384e-02,-9.570101065946402807e-02,3.393649825702134415e-02,7.059028685646907830e-02,-1.220498732058192537e-01,2.836419720804408268e-02,-9.894321915314126248e-02,-1.681395491571316717e-04,-1.322718094685348825e-03,9.547646089512588929e-05,4.051888918199666274e-05,2.649792671791633271e-04,1.264579065917077619e-03,-7.441847451376040635e-64,2.519754393902480331e-64,6.872196359893889799e-64,1.027870129010953070e-64,-4.406425145527430289e-65,3.631743346757404388e-65,-1.136838284371632952e-65,3.591313543889953710e-65
8.018935511876648312e-03,-3.506074370016492789e-03,-8.070560687356528526e-03,-6.995442329546716458e-03,-1.065504353850847685e-02,-1.409062862893394920e-02,-1.599971245560100064e-02,-8.459458859800976505e-02,-9.704286459510907958e-02,4.069086900481801161e-02,7.075559863940013294e-02,-1.240627067279817253e-01,2.671747368413008791e-02,-1.019618873211807636e-01,-1.681395491571316717e-04,-1.322718094685348825e-03,9.547646089512588929e-05,4.051888918199666274e-05,2.649792671791633271e-04,1.264579065917077619e-03,-6.987795657267150243e-64,3.844482434770019070e-64,5.268953020028676596e-64,1.214504311968750108e-64,-5.009293517426863243e-65,3.710076786467807623e-65,-1.883378131389350151e-65,2.314795029064391199e-65
5.956319738451129955e-03,-6.442205704135558347e-03,-6.131921009112400317e-03,-4.935791136324868197e-03,-1.157521148887983437e-02,-1.024659254729710055e-02,-1.482529557012960547e-02,-9.168545020364321507e-02,-9.179388061458818027e-02,4.608727204958693729e-02,7.202007365632141778e-02,-1.257839133150500388e-01,2.526288055652572279e-02,-1.049420762051877509e-01,-1.681395491571316717e-04,-1.322718094685348825e-03,9.547646089512588929e-05,4.051888918199666274e-05,2.649792671791633271e-04,1.264579065917077619e-03,-5.976648279889047435e-64,4.108429814026087135e-64,3.971198312100528331e-64,1.082152345881541409e-64,-4.759222166552822587e-65,3.331262889261642156e-65,-2.120946400979888620e-65,1.421172224985908493e-65
1.195979311600587139e-03,-1.278860642167364836e-02,-4.735463739534716103e-03,-3.281301525426342548e-03,-9.151016320915668703e-03,-2.640364682872555456e-03,-1.574175417488411777e-02,-9.706425959600499531e-02,-8.836632507379842127e-02,4.999769325999019881e-02,7.232311147684784836e-02,-1.257362135147784277e-01,2.550821960138005898e-02,-1.063437835744783649e-01,-1.681395491571316717e-04,-1.322718094685348825e-03,9.547646089512588929e-05,4.051888918199666274e-05,2.649792671791633271e-04,1.264579065917077619e-03,-4.791337765488416408e-64,3.843930455439260288e-64,2.933607494753103954e-64,8.796325004447920032e-65,-4.097884631408369039e-65,2.723925156972202952e-65,-2.068480979918363019e-65,7.508920622818480606e-66
-1.054086770082698216e-03,-1.742613308275825154e-02,-8.966355051454768903e-04,-2.316122751888438983e-04,-7.007246441625083686e-03,6.573449990126207891e-03,-2.025907981128543742e-02,-1.008373064909236783e-01,-8.370899264161843489e-02,5.027989557463609371e-02,7.278504903427361616e-02,-1.244600319185540649e-01,2.872647253997372141e-02,-1.041796176443177541e-01,-1.681395491571316717e-04,-1.322718094685348825e-03,9.547646089512588929e-05,4.051888918199666274e-05,2.649792671791633271e-04,1.264579065917077619e-03,-3.687855757419798983e-64,3.343028787650136353e-64,2.123059215022956135e-64,6.672175422678559209e-65,-3.353517574251249633e-65,2.081018409020708748e-65,-1.868666275907851169e-65,3.534543924072412568e-66
1.376508325210527156e-03,-9.497798180449861655e-03,2.289885501325300467e-03,4.268447014616444206e-03,-7.156201111456952230e-03,3.344105798936436100e-03,-2.103373573282439971e-02,-1.031896727503348044e-01,-8.140302996665399471e-02,5.323587824214123798e-02,7.159270647995771841e-02,-1.262058472157275568e-01,3.077607065133823247e-02,-1.018976425187779061e-01,-1.681395491571316717e-04,-1.322718094685348825e-03,9.547646089512588929e-05,4.051888918199666274e-05,2.649792671791633271e-04,1.264579065917077619e-03,-2.753391145860676803e-64,2.760577812862795494e-64,1.513008972580386979e-64,4.627749795946437111e-65,-2.649913233555502067e-65,1.531217868432392904e-65,-1.596962712156154202e-65,1.497442381810796786e-66
-9.090943298486081105e-04,-1.122411041903241188e-02,2.736064017981623426e-03,3.410609271930279719e-03,-2.078583302298275121e-03,6.203077957750510393e-03,-2.228282574783257974e-02,-1.028719980544273438e-01,-8.338041178670659026e-02,5.698819457507187797e-02,6.815351666708076295e-02,-1.275258258913138099e-01,2.961398962431803505e-02,-9.948621889433337251e-02,-1.681395491571316717e-04,-1.322718094685348825e-03,9.547646089512588929e-05,4.051888918199666274e-05,2.649792671791633271e-04,1.264579065917077619e-03,-1.996966689389485816e-64,2.195893894773127954e-64,1.057974989438274260e-64,3.109279747136441197e-65,-2.031728718862644795e-65,1.110078184947957989e-65,-1.318025938307225377e-65,2.812586976410619291e-67
1.952232343128058878e-03,-1.185419113715872018e-02,2.857984295853206996e-03,5.454884826278538767e-03,-3.344270471578821881e-03,8.168171508004163153e-03,-2.021626633631405309e-02,-1.049708864343355808e-01,-8.275464029000542676e-02,6.258798102639344385e-02,6.535053474700071308e-02,-1.301333387224681004e-01,3.047635804601370874e-02,-9.743638689421771359e-02,-1.681395491571316717e-04,-1.322718094685348825e-03,9.547646089512588929e-05,4.051888918199666274e-05,2.649792671791633271e-04,1.264579065917077619e-03,-1.421850798812567234e-64,1.700164102819461006e-64,7.218335696813250497e-65,1.952152411211561611e-65,-1.492815754901435867e-65,7.640792142605150037e-66,-1.034675673553674340e-65,-3.681966223886456460e-67
6.827205185535797048e-03,-1.545251267306878111e-02,3.630348038575170657e-03,7.559016019682347765e-03,-8.155539092630594011e-03,1.271973451309520858e-02,-1.467545969420787355e-02,-1.073478694545885875e-01,-8.068576071894625890e-02,5.714092768863685695e-02,6.501198017093338943e-02,-1.307022723559213839e-01,3.130417413305883884e-02,-9.665527143842420066e-02,-1.681395491571316717e-04,-1.322718094685348825e-03,9.547646089512588929e-05,4.051888918199666274e-05,2.649792671791633271e-04,1.264579065917077619e-03,-9.824196448683665962e-65,1.278074548917150586e-64,4.863444873830848793e-65,1.096790351719500230e-65,-1.046345860571735433e-65,4.986815615614540407e-66,-7.879974488652937343e-66,-5.371394285696275204e-67
7.532297528139521130e-03,-1.155418570866273247e-02,3.950464138175890753e-03,8.814118968312856239e-03,-7.694454571825512165e-03,1.161959367762499529e-02,-1.359760687783031531e-02,-1.045904119849942887e-01,-8.317523956454159206e-02,5.236071449558887814e-02,6.393112807212690540e-02,-1.308988773489309088e-01,3.047848907911302960e-02,-9.732124737630958033e-02,-1.681395491571316717e-04,-1.322718094685348825e-03,9.547646089512588929e-05,4.051888918199666274e-05,2.649792671791633271e-04,1.264579065917077619e-03,-6.581442328481374715e-65,9.375297936618301922e-65,3.224080197506400883e-65,5.455588737219958671e-66,-7.059665388750081297e-66,2.971586065731952110e-66,-5.772663507753105627e-66,-5.622725286161449650e-67
-4.269911930945228390e-05,-1.584881386488523961e-02,4.633217711948869021e-03,8.599630955092439633e-03,-8.117747915143769602e-04,1.633324679012978370e-02,-1.819333043039514375e-02,-9.787115347856667480e-02,-9.071616497295029169e-02,5.300302444367153976e-02,6.230270952634898302e-02,-1.287294021552741474e-01,2.786300954731938534e-02,-9.912572762895371925e-02,-1.681395491571316717e-04,-1.322718094685348825e-03,9.547646089512588929e-05,4.051888918199666274e-05,2.649792671791633271e-04,1.264579065917077619e-03,-4.307354909572559759e-65,6.725226882169542519e-65,2.081626202568648192e-65,1.984635328449527556e-66,-4.673368495982584622e-66,1.682488073409026194e-66,-4.126002039968993461e-66,-5.302562207647121020e-67
2.819138040880329182e-03,-1.864391837705961508e-02,8.781376560901799425e-03,1.096440777654414042e-02,-3.974421604863158375e-03,2.190142013181204522e-02,-1.680351526056712841e-02,-9.575266888097505591e-02,-9.412894438953590959e-02,5.526782711325817915e-02,6.228118716796034876e-02,-1.283547618438414806e-01,2.490456733225804992e-02,-1.017801667882656802e-01,-1.681395491571316717e-04,-1.322718094685348825e-03,9.547646089512588929e-05,4.051888918199666274e-05,2.649792671791633271e-04,1.264579065917077619e-03,-2.729950829837222521e-65,4.696596921175592053e-65,1.312800747448500469e-65,-1.195540805415502296e-67,-2.909858698586150729e-66,8.364540082030933421e-67,-2.902033614323266180e-66,-4.539584272446684105e-67
1.750469933164729890e-03,-1.160862325060300557e-02,8.546416438776061747e-03,1.074508833011882103e-02,-1.221962396935726523e-03,1.593463167052971974e-02,-1.715846399729048163e-02,-9.249907331745547967e-02,-9.921043147659923400e-02,5.339278798829078659e-02,6.328640640275372264e-02,-1.278531444478868684e-01,2.403596657664205938e-02,-1.035036138642240477e-01,-1.681395491571316717e-04,-1.322718094685348825e-03,9.547646089512588929e-05,4.051888918199666274e-05,2.649792671791633271e-04,1.264579065917077619e-03,-1.665687998272006360e-65,3.189984736953601936e-65,8.033740049458822809e-66,-1.295766699425683258e-66,-1.731849503186278175e-66,3.428837142829633501e-67,-1.925797806154632063e-66,-3.839380711880428628e-67
1.751793190170836730e-03,-9.047631068004862581e-04,9.998829182550815486e-03,9.353507691083990869e-03,-1.825569672574159103e-03,6.788968163364942493e-03,-1.445978372714157301e-02,-8.585280631135860929e-02,-1.065214002143139715e-01,5.045268252361001515e-02,6.466969031566081882e-02,-1.288979726930204461e-01,2.345011844543444524e-02,-1.050086550446597544e-01,-1.681395491571316717e-04,-1.322718094685348825e-03,9.547646089512588929e-05,4.051888918199666274e-05,2.649792671791633271e-04,1.264579065917077619e-03,-9.647073539305224761e-66,2.102547253032898130e-65,4.688178551394656956e-66,-1.799537145198535562e-66,-9.737749982806636070e-67,9.117812297615616476e-68,-1.221376857825931115e-66,-3.139633807859986434e-67
1.992489876970997189e-03,1.063409005874517248e-02,9.609510329134970941e-03,6.507048389847730138e-03,-1.471791683503055007e-03,-4.973102980353596991e-03,-1.346538195243752664e-02,-8.554459718474159702e-02,-1.088069284402636699e-01,4.356951440433915607e-02,6.354515615863665090e-02,-1.301013604104996613e-01,2.076413738521188518e-02,-1.058008058174658012e-01,-1.681395491571316717e-04,-1.322718094685348825e-03,9.547646089512588929e-05,4.051888918199666274e-05,2.649792671791633271e-04,1.264579065917077619e-03,-5.144733659248244102e-66,1.336941977127437994e-65,2.560328813302510239e-66,-1.856798747516223791e-66,-4.746593365115443775e-67,-5.666760584128127274e-68,-7.323796907165629524e-67,-2.426756827032503548e-67
2.584040820225103671e-03,6.814253716804287084e-03,6.718221230993674624e-03,2.059099585527246479e-03,-3.946742569094144684e-03,-5.917170135192581330e-03,-1.435326995887873346e-02,-8.431645382733778116e-02,-1.111846040738130453e-01,3.864240589229159251e-02,6.393705366008635427e-02,-1.306428739375330994e-01,2.013688243275601683e-02,-1.055588412933682746e-01,-1.681395491571316717e-04,-1.322718094685348825e-03,9.547646089512588929e-05,4.051888918199666274e-05,2.649792671791633271e-04,1.264579065917077619e-03,-2.381626901836635282e-66,8.120844015382850978e-66,1.250476553062406891e-66,-1.697945767026064425e-66,-1.720379140338992289e-67,-1.221297950785569623e-67,-4.137059483073259551e-67,-1.773603328366697750e-67
5.362440499907803089e-03,2.788877186120191677e-03,4.455694098052103390e-03,-4.938621082538952912e-04,-8.239676692380112910e-03,-5.880896847089433360e-03,-7.582947275357367588e-03,-8.473597026914640729e-02,-1.123995414685573790e-01,3.061407837695107048e-02,6.648125018070040471e-02,-1.266510199729221076e-01,2.132102906274840198e-02,-1.023408759549456343e-01,-1.681395491571316717e-04,-1.322718094685348825e-03,9.547646089512588929e-05,4.051888918199666274e-05,2.649792671791633271e-04,1.264579065917077619e-03,-7.301617197606513511e-67,4.627644302380227594e-66,4.788129023531928942e-67,-1.434475630727789277e-66,2.095816120204003027e-69,-1.390065425316861162e-67,-2.106215696309077444e-67,-1.227796218167136956e-67
-3.559446893468793706e-03,-1.435023999901422626e-03,3.269039378820317622e-03,-1.424273827249445366e-03,-1.815370348470804474e-03,-3.804857904370273578e-03,-4.887755601180585052e-03,-8.341440625930063302e-02,-1.122229378380081161e-01,3.188179187953546490e-02,7.236602801294439447e-02,-1.206899904123132361e-01,2.420981514307342028e-02,-9.872548940684316987e-02,-1.681395491571316717e-04,-1.322718094685348825e-03,9.547646089512588929e-05,4.051888918199666274e-05,2.649792671791633271e-04,1.264579065917077619e-03,1.696329723692188853e-67,2.381332328032161200e-66,5.527098473485362011e-68,-1.150742911657050260e-66,8.723833836064865908e-68,-1.337948518028790860e-67,-8.757177719101367074e-68,-8.213197165466010990e-68
-2.589751668898814755e-03,-1.605837228899191418e-03,4.337010343307746464e-03,-1.938742169856024888e-03,-1.515992554291814565e-03,-1.195130708066859029e-03,-2.592498365420468995e-03,-8.373304869389444627e-02,-1.101701845694588455e-01,2.800151337418789466e-02,7.705479229310287226e-02,-1.202622364596565852e-01,2.737502893571091764e-02,-9.900869545429395735e-02,-1.681395491571316717e-04,-1.322718094685348825e-03,9.547646089512588929e-05,4.051888918199666274e-05,2.649792671791633271e-04,1.264579065917077619e-03,5.954019011785743847e-67,9.996622056036323843e-67,-1.554891062826762042e-67,-8.835737440566102727e-67,1.198358112187787345e-67,-1.145980837221953895e-67,-1.672844299252247465e-68,-5.288906836687564961e-68
-1.855969294186360884e-03,5.886579827574841411e-04,5.158536643051115853e-03,-2.472096453307480544e-03,-2.044553762125065049e-03,-1.934378218874617701e-03,-2.435378731109725907e-03,-8.534545331985499139e-02,-1.083759749217961948e-01,2.837308575218358900e-02,7.830691602040407151e-02,-1.226760830319564149e-01,3.064536847698526301e-02,-9.818507891836490697e-02,-1.681395491571316717e-04,-1.322718094685348825e-03,9.547646089512588929e-05,4.051888918199666274e-05,2.649792671791633271e-04,1.264579065917077619e-03,7.407222681430400969e-67,1.981256360962312193e-67,-2.427074079365621233e-67,-6.512598147512105748e-67,1.218268238375868574e-67,-9.120735835352150568e-68,2.070246595813387410e-68,-3.231133213172605691e-68
-3.343131913046116198e-03,9.033390150031333360e-03,6.795694643199542799e-03,-2.125496531822148542e-03,-8.915789377180981246e-04,-9.126162320161588376e-03,1.254850501645112231e-03,-9.338232705353277652e-02,-1.017031146898357274e-01,2.509224296721902087e-02,7.745027358571777987e-02,-1.264101706650296031e-01,3.015027218722660454e-02,-1.002822335804333248e-01,-1.681395491571316717e-04,-1.322718094685348825e-03,9.547646089512588929e-05,4.051888918199666274e-05,2.649792671791633271e-04,1.264579065917077619e-03,7.308576722465111552e-67,-2.275886073907564044e-67,-2.620609353829923728e-67,-4.613415361441461305e-67,1.090055313222369356e-67,-6.884920764617098132e-68,3.749827478101816090e-68,-1.836993651129762328e-68
-5.577706940295492494e-03,1.899844827513570006e-02,4.871857326318381441e-03,-3.419536536468096872e-03,2.929616243754190781e-03,-2.101130360397888280e-02,-7.899839649037817060e-03,-9.523705812753682776e-02,-1.000380097144513841e-01,2.946663939280977362e-02,7.841535810536377771e-02,-1.265793612363864118e-01,3.347793832028361088e-02,-9.921859843259221712e-02,-1.681395491571316717e-04,-1.322718094685348825e-03,9.547646089512588929e-05,4.051888918199666274e-05,2.649792671791633271e-04,1.264579065917077619e-03,6.515659182211024722e-67,-4.244734175819239308e-67,-2.442193937288411036e-67,-3.145298584166469369e-67,8.981101730386027847e-68,-4.914181919254578912e-68,4.152779922938136617e-68,-8.750317086845959056e-69
-5.246996493097360117e-03,2.633544115072864247e-02,-1.086350354416751839e-03,-8.295455662236184483e-03,2.938052534402553918e-03,-3.409202885516619819e-02,-9.527033799126576399e-03,-9.685016205444850479e-02,-1.003993215568934477e-01,3.134552717557949342e-02,7.839910990151885417e-02,-1.262605978521941508e-01,3.464002755014979756e-02,-9.782079545203188620e-02,-1.681395491571316717e-04,-1.322718094685348825e-03,9.547646089512588929e-05,4.051888918199666274e-05,2.649792671791633271e-04,1.264579065917077619e-03,5.414009399002214757e-67,-4.804486044884661358e-67,-2.142827097112660221e-67,-2.022324596799449151e-67,7.069650581992558278e-68,-3.440055229544633038e-68,3.920498041910176435e-68,-3.260814850297549982e-69
-5.811149365524775207e-03,2.604922714945382897e-02,-7.011317282051783388e-03,-1.264589719648412554e-02,1.478055478079804298e-03,-3.978304455407480344e-02,-6.705723064199564307e-03,-9.861300344620976821e-02,-1.005313515320724743e-01,3.862375397958608264e-02,7.625057930252096550e-02,-1.270913647926497914e-01,3.628063743985544820e-02,-9.338002162116448845e-02,-1.681395491571316717e-04,-1.322718094685348825e-03,9.547646089512588929e-05,4.051888918199666274e-05,2.649792671791633271e-04,1.264579065917077619e-03,4.278419799127609376e-67,-4.595077866457177934e-67,-1.801893462660492091e-67,-1.224987103722102819e-67,5.416493143812535623e-68,-2.350836689348976623e-68,3.426894142509274076e-68,-5.307873404987178159e-70
-7.217278110783746474e-03,2.403162421635607338e-02,-1.027893582081067930e-02,-1.272187147457227822e-02,7.226396493699568588e-05,-4.200746233198213858e-02,-8.077955185489585008e-03,-9.639243151194552828e-02,-1.043547093284487443e-01,4.880712325684724573e-02,7.258017803306023030e-02,-1.282554375120176782e-01,3.481264650292686252e-02,-9.428790366855241412e-02,-1.681395491571316717e-04,-1.322718094685348825e-03,9.547646089512588929e-05,4.051888918199666274e-05,2.649792671791633271e-04,1.264579065917077619e-03,3.246363012311183729e-67,-4.023911853896948876e-67,-1.472168448550878048e-67,-6.853910053973709304e-68,4.059704371329517693e-68,-1.509713758519986491e-68,2.850931729365058793e-68,8.005650222893216027e-70
-9.286326585238093359e-03,2.410144491160372271e-02,-1.342027343949162878e-02,-1.207847931513713821e-02,-1.006413436824401143e-03,-4.456771653811567035e-02,-9.966794237227384612e-03,-9.228127881189807091e-02,-1.104380469176781815e-01,6.025275350991266682e-02,7.403016431208124526e-02,-1.273867201666798454e-01,3.583576199931984979e-02,-9.537961153058258090e-02,-1.681395491571316717e-04,-1.322718094685348825e-03,9.547646089512588929e-05,4.051888918199666274e-05,2.649792671791633271e-04,1.264579065917077619e-03,2.389485987247402214e-67,-3.326865625376808903e-67,-1.182074552169874170e-67,-3.176995397884618096e-68,2.902532804106940302e-68,-9.205367033133582010e-69,2.309447364814688448e-68,1.445699650598319542e-69
-5.905077953774824639e-03,2.080059987666050061e-02,-1.392627319509654252e-02,-1.238853414719584198e-02,-7.705571057267338042e-03,-4.393850212938704008e-02,-1.149403946852051508e-02,-8.849239749488353735e-02,-1.175599042942321593e-01,6.646637068268856918e-02,7.409467804489626441e-02,-1.253660178782018686e-01,3.520884866710782823e-02,-9.519909887908335755e-02,-1.681395491571316717e-04,-1.322718094685348825e-03,9.547646089512588929e-05,4.051888918199666274e-05,2.649792671791633271e-04,1.264579065917077619e-03,1.712929524591462707e-67,-2.641012995324696819e-67,-9.298310552984528769e-68,-8.707602741442558150e-69,2.019569552081250314e-68,-5.754363815870074066e-69,1.830694425285853936e-68,1.524735783700874646e-69
-8.591242431497437410e-03,9.168547373057250871e-03,-1.204663868304712074e-02,-1.160294106615637928e-02,-6.993218487746777692e-03,-3.484729594272517605e-02,-1.273704489573862335e-02,-8.911639941310661728e-02,-1.202177648695730711e-01,6.146759562667927779e-02,7.267404892953339968e-02,-1.265867468791634642e-01,3.466047708142158679e-02,-9.599262721286005995e-02,-1.681395491571316717e-04,-1.322718094685348825e-03,9.547646089512588929e-05,4.051888918199666274e-05,2.649792671791633271e-04,1.264579065917077619e-03,1.188355644258665725e-67,-2.024205829907684988e-67,-7.228418588334330207e-68,4.315293936286880487e-69,1.373889924016004835e-68,-3.394814999481703012e-69,1.416092384430424071e-68,1.268108486278569364e-69
-1.123143711698761614e-02,6.828606467939001001e-04,-1.022570197158758146e-02,-1.208264484488026126e-02,-4.705577313992268668e-03,-3.049491004193708929e-02,-1.022366388453585864e-02,-9.442909123565461360e-02,-1.159645033688140037e-01,4.878388249351743589e-02,7.131337582712024559e-02,-1.303817567389193299e-01,3.395781152182733575e-02,-9.827042747543701662e-02,-1.681395491571316717e-04,-1.322718094685348825e-03,9.547646089512588929e-05,4.051888918199666274e-05,2.649792671791633271e-04,1.264579065917077619e-03,8.081105752334213579e-68,-1.510147970040244378e-67,-5.521909657994570731e-68,1.070715582935970731e-68,9.053461519900005967e-69,-1.841208890727659898e-69,1.055684690375759862e-68,1.011393217639853034e-69
-9.348985038081430998e-03,5.075764723928817036e-03,-7.958731201533203459e-03,-9.708926502973828920e-03,-7.454851044133495655e-03,-3.690756501957336011e-02,-3.194312053969739634e-03,-1.047385315388746907e-01,-1.094595338463863060e-01,4.916708613971837449e-02,6.770656099525242111e-02,-1.351684754501903396e-01,3.039508894588976995e-02,-1.014353570137613986e-01,-1.681395491571316717e-04,-1.322718094685348825e-03,9.547646089512588929e-05,4.051888918199666274e-05,2.649792671791633271e-04,1.264579065917077619e-03,5.308663436408568349e-68,-1.092674724134790474e-67,-4.212930572116499560e-68,1.340484878805572388e-68,5.883622005166134853e-69,-9.383893302355100966e-70,7.838794364497181762e-69,6.418696821524495555e-70
-6.779831643573104583e-03,1.183643915007950159e-02,-6.801019803309188427e-03,-7.661947713399801588e-03,-1.009758101388497087e-02,-4.367448358143322107e-02,-3.599090722228029220e-03,-1.061002509496935531e-01,-1.107564933861763384e-01,5.219055586746820796e-02,6.570708629934729483e-02,-1.355586761397736262e-01,2.931073937869209736e-02,-1.017774666891085728e-01,-1.681395491571316717e-04,-1.322718094685348825e-03,9.547646089512588929e-05,4.051888918199666274e-05,2.649792671791633271e-04,1.264579065917077619e-03,3.466792063537164957e-68,-7.793502869088600940e-68,-3.133552732636830452e-68,1.338217821606307646e-68,3.666568146457655317e-69,-4.648610704549295719e-70,5.565143296289788623e-69,4.576321273637578663e-70
-7.013442085094141742e-04,1.268960138905600964e-02,-6.519834500508412886e-03,-6.424059035064639753e-03,-1.419301033821960059e-02,-4.624436354597690618e-02,1.254474519476607777e-03,-1.024881893373367076e-01,-1.136504548515183399e-01,5.643121394251053580e-02,6.798951683183801498e-02,-1.369261770549347057e-01,2.836919560286551081e-02,-1.052223857958650560e-01,-1.681395491571316717e-04,-1.322718094685348825e-03,9.547646089512588929e-05,4.051888918199666274e-05,2.649792671791633271e-04,1.264579065917077619e-03,2.259822941214612020e-68,-5.493991566502380987e-68,-2.266870070736610902e-68,1.199335037244147942e-68,2.194653447940378311e-69,-1.982576734846747392e-70,3.837492091296239522e-69,3.282298352401544937e-70
1.968854662448797990e-03,1.096353192097236987e-02,-3.559085895291021467e-03,-2.774367805824067869e-03,-1.728839557855756798e-02,-4.289075834837527412e-02,3.235279298527596065e-03,-1.013928826123674520e-01,-1.158226944248214180e-01,6.562526177515383419e-02,6.809850655765138649e-02,-1.346181407459775548e-01,2.805519702304732840e-02,-1.028201698183104779e-01,-1.681395491571316717e-04,-1.322718094685348825e-03,9.547646089512588929e-05,4.051888918199666274e-05,2.649792671791633271e-04,1.264579065917077619e-03,1.427538851289482522e-68,-3.801508730806421008e-68,-1.618996447159241296e-68,9.914531827523103171e-69,1.331836781397356735e-69,-9.205361173684984940e-71,2.671989694996894123e-69,1.945651171768430582e-70
1.029918528190450211e-02,5.011198266718629515e-03,-3.117744938708208804e-05,-1.792857066534917464e-04,-2.872527883992531672e-02,-3.707455348951919222e-02,3.150162209260884416e-03,-9.694364986350645363e-02,-1.188604587005860497e-01,6.889740645416556064e-02,7.004039317388759123e-02,-1.354768810104657606e-01,2.839638029348770867e-02,-1.032827092559304855e-01,-1.681395491571316717e-04,-1.322718094685348825e-03,9.547646089512588929e-05,4.051888918199666274e-05,2.649792671791633271e-04,1.264579065917077619e-03,8.871534086040230294e-69,-2.591329306392400318e-68,-1.140895056125177516e-68,7.777741578472129887e-69,7.575035949752387950e-70,-1.355091080671538493e-71,1.855377171376753808e-69,6.486814397077710059e-71
1.502296598758915379e-02,5.902910756636320366e-03,2.142758723539616057e-03,2.490289455448894008e-03,-3.575048174688379155e-02,-3.862037646417378067e-02,3.909375803675914536e-03,-9.281131623566987732e-02,-1.217325048876263804e-01,7.368926707313989966e-02,7.265392243088308888e-02,-1.368095752830836842e-01,2.987297758338277459e-02,-1.034379397657597677e-01,-1.681395491571316717e-04,-1.322718094685348825e-03,9.547646089512588929e-05,4.051888918199666274e-05,2.649792671791633271e-04,1.264579065917077619e-03,5.428185462886158543e-69,-1.738736856805607687e-68,-7.942055004837569254e-69,5.954161612991046253e-69,4.234194453725260311e-70,-8.641855034159923595e-72,1.254651010017286977e-69,-1.357120832620528535e-71
1.524397452587955733e-02,-3.378864912945769849e-04,1.675672627082649057e-03,2.460430294733224801e-03,-3.817809928180466994e-02,-3.502330559692944101e-02,3.915095581801733039e-03,-9.757585694458327519e-02,-1.152778534504496494e-01,7.372937272933509367e-02,7.452684633529536862e-02,-1.412428760098832781e-01,3.122338892616392109e-02,-1.067845260909439237e-01,-1.681395491571316717e-04,-1.322718094685348825e-03,9.547646089512588929e-05,4.051888918199666274e-05,2.649792671791633271e-04,1.264579065917077619e-03,3.213015338900469217e-69,-1.140258968962657586e-68,-5.530055493964323855e-69,4.385135679528401795e-69,2.168736986664093034e-70,-6.581589506618419969e-72,8.285002277712914617e-70,-3.054551334106725441e-71
9.311262797107842243e-03,-6.161667452533223580e-03,1.357151373631426596e-03,3.732146156106256382e-03,-3.538876522487976323e-02,-2.923982225863403644e-02,-2.385382964827951167e-03,-1.022181657338343264e-01,-1.107774043841185524e-01,7.202314764259401536e-02,7.585121380190956719e-02,-1.448788518365768663e-01,3.096768183435538030e-02,-1.106974926167971635e-01,-1.681395491571316717e-04,-1.322718094685348825e-03,9.547646089512588929e-05,4.051888918199666274e-05,2.649792671791633271e-04,1.264579065917077619e-03,1.843195325993251006e-69,-7.305540421321086943e-69,-3.827593122684739506e-69,3.161176789283749184e-69,9.581591156474218577e-71,-3.239174493283944531e-72,5.333869879052752268e-70,-1.558964367978334168e-71
5.948868008419290823e-03,-8.665822907491783217e-03,1.884571712182701734e-03,4.107669763198346959e-03,-3.489601170541202502e-02,-2.870214970237952926e-02,-3.744493686292663104e-03,-1.087993889474740822e-01,-1.074122591819247491e-01,6.653804495369983196e-02,7.450953950730461461e-02,-1.463145012227657082e-01,3.130817640213768432e-02,-1.102682800119838408e-01,-1.681395491571316717e-04,-1.322718094685348825e-03,9.547646089512588929e-05,4.051888918199666274e-05,2.649792671791633271e-04,1.264579065917077619e-03,9.635308162057783566e-70,-4.526587028372915705e-69,-2.649419257714241533e-69,2.255136399038298986e-69,3.702563451621304410e-71,-1.916768545011886604e-72,3.345987970577892614e-70,-1.472281561217528921e-71
-2.401728275292657269e-03,-6.407966822934449067e-03,-3.558234411509513494e-03,4.964167497252926567e-04,-3.039344074670557658e-02,-3.849688086097884099e-02,-1.747223178778525843e-02,-1.043498648912679905e-01,-1.097786628747003251e-01,7.432096188774299506e-02,7.633857775606724128e-02,-1.447831250273979020e-01,3.488187553715935141e-02,-1.063521998360477949e-01,-1.681395491571316717e-04,-1.322718094685348825e-03,9.547646089512588929e-05,4.051888918199666274e-05,2.649792671791633271e-04,1.264579065917077619e-03,4.799956969783332446e-70,-2.732473571155454153e-69,-1.779840726575531229e-69,1.553253175290771632e-69,6.379963904323243836e-72,-1.315526524341025719e-72,1.968647330533929488e-70,-9.970881700817332952e-72
-9.075315713191178454e-03,7.700983182754870052e-04,-6.252403378491420624e-03,-3.466556587040064107e-03,-2.682786746489731686e-02,-5.030366308664690339e-02,-2.439332559160452968e-02,-1.028020727300131831e-01,-1.116416666239078981e-01,8.940127177510324985e-02,7.608864043099752839e-02,-1.447050796792748728e-01,3.404142981763461778e-02,-1.066238143258572968e-01,-1.681395491571316717e-04,-1.322718094685348825e-03,9.547646089512588929e-05,4.051888918199666274e-05,2.649792671791633271e-04,1.264579065917077619e-03,2.025869182565399277e-70,-1.570253919303318695e-69,-1.175514649978841670e-69,1.036506772695436145e-69,-5.106989779064135276e-72,5.544719425087749761e-73,1.112745686371509578e-70,-5.320758995278218888e-72
-9.826597293184797036e-03,8.060974354345665921e-03,-7.302997062959288264e-03,-6.512023062237198498e-03,-2.551085225037472842e-02,-6.051913218481203699e-02,-2.438910894075226390e-02,-1.017848711130560357e-01,-1.156276942884270076e-01,9.090682110689077278e-02,7.245002810806859539e-02,-1.447947059147109417e-01,3.073191956102794622e-02,-1.093500530359936829e-01,-1.681395491571316717e-04,-1.322718094685348825e-03,9.547646089512588929e-05,4.051888918199666274e-05,2.649792671791633271e-04,1.264579065917077619e-03,4.537394718101311989e-71,-8.320979043109271207e-70,-7.659162133312731014e-70,6.654174149866033605e-70,-7.253997607752533562e-72,-2.736315103579227538e-72,5.953641368354642684e-71,-6.376932342414098078e-72
-1.136584325181057634e-02,1.218367991304901074e-02,-8.283200225140657097e-03,-9.255276936596569179e-03,-2.224879618270098752e-02,-6.605829378811646502e-02,-2.507683658209892974e-02,-1.030104744747149664e-01,-1.172734782206380638e-01,9.511183245141011100e-02,7.056484781032790199e-02,-1.445258053244983798e-01,2.617628842012825752e-02,-1.121532784633774010e-01,-1.681395491571316717e-04,-1.322718094685348825e-03,9.547646089512588929e-05,4.051888918199666274e-05,2.649792671791633271e-04,1.264579065917077619e-03,-3.573311590697724491e-71,-3.833127029664844346e-70,-4.894116253501205590e-70,4.035499755831269516e-70,-6.252313046108323463e-72,-5.362236123771086506e-72,3.054740287476404652e-71,-5.478801589292506521e-72
-1.433690817898109794e-02,1.469864738791723351e-02,-1.011394242349021415e-02,-1.045415830305485363e-02,-2.105688899578789935e-02,-7.087340895107990812e-02,-2.114051350883780489e-02,-1.076248837794085839e-01,-1.169992480405737806e-01,9.353124873731225031e-02,6.884442279923656816e-02,-1.434482657182544196e-01,2.355652219802111674e-02,-1.122439520689922365e-01,-1.681395491571316717e-04,-1.322718094685348825e-03,9.547646089512588929e-05,4.051888918199666274e-05,2.649792671791633271e-04,1.264579065917077619e-03,-6.944402120779506014e-71,-1.249165426398843215e-70,-3.046059788290972569e-70,2.309493912287403367e-70,-4.209852007174928444e-72,-5.753946682675705524e-72,1.265353855446778667e-71,-4.695072921291756882e-72
-1.291840539264101431e-02,1.275404690671644130e-02,-9.584735471842893359e-03,-1.211002033638408637e-02,-2.452684173314277974e-02,-7.030266315380816200e-02,-1.689466065201847278e-02,-1.097948799260103775e-01,-1.180050760133970617e-01,8.838976195887279785e-02,6.902114158605703043e-02,-1.424807096152804486e-01,2.417801244553873657e-02,-1.110621825392258677e-01,-1.681395491571316717e-04,-1.322718094685348825e-03,9.547646089512588929e-05,4.051888918199666274e-05,2.649792671791633271e-04,1.264579065917077619e-03,-7.723186851915607646e-71,1.439932424093533661e-71,-1.830246104282016525e-70,1.223816268268717774e-70,-2.179278630429772394e-72,-5.689654527381619419e-72,2.676985320640435900e-72,-3.805839917422450054e-72
-1.145060592959940872e-02,1.331664006092997746e-02,-1.031118643084405311e-02,-1.261360431634783036e-02,-2.767638049456886198e-02,-7.568539058635007089e-02,-1.818350004383146104e-02,-1.124555851767090608e-01,-1.171199322829443307e-01,8.272899361651588068e-02,6.983955271777636531e-02,-1.421486096166508228e-01,2.764181022811279878e-02,-1.087637357555366335e-01,-1.681395491571316717e-04,-1.322718094685348825e-03,9.547646089512588929e-05,4.051888918199666274e-05,2.649792671791633271e-04,1.264579065917077619e-03,-7.188189810341320618e-71,8.098364127528095143e-71,-1.045636008847324582e-70,5.611665625305305434e-71,-5.691401220897382934e-73,-5.305695237866326970e-72,-2.390418277218963525e-72,-2.966671141916877566e-72
-9.317931340155367198e-03,1.403084395806597669e-02,-8.700869772062740093e-03,-1.126616529614251142e-02,-3.066356785930727386e-02,-7.991104330271329992e-02,-1.866734893393003428e-02,-1.155332569921872499e-01,-1.137127298799055775e-01,8.104660042265185438e-02,7.307305423094304087e-02,-1.426480630297706498e-01,3.022829449671345439e-02,-1.093046780926797273e-01,-1.681395491571316717e-04,-1.322718094685348825e-03,9.547646089512588929e-05,4.051888918199666274e-05,2.649792671791633271e-04,1.264579065917077619e-03,-6.152054087264470412e-71,1.052556496727184827e-70,-5.515917265208885566e-71,1.746510512686222691e-71,3.616495187270291410e-73,-4.608269785036499076e-72,-4.599545998118679277e-72,-2.208526850344234565e-72
-1.331542207078941983e-02,2.263664304537370969e-02,-6.475520535477246112e-03,-6.911126337602011525e-03,-2.709957912297454585e-02,-9.215642014649993996e-02,-2.179868620813175603e-02,-1.144124915676674181e-01,-1.149122762917786922e-01,8.141994540379768330e-02,7.340225640296121901e-02,-1.467182413643080552e-01,3.154715754079386730e-02,-1.113077857922722541e-01,-1.681395491571316717e-04,-1.322718094685348825e-03,9.547646089512588929e-05,4.051888918199666274e-05,2.649792671791633271e-04,1.264579065917077619e-03,-4.992326392559989960e-71,1.060704135585015002e-70,-2.467640220657378655e-71,-3.858727088017639264e-72,8.151660486991436634e-73,-3.774793670185624963e-72,-5.216879071333647967e-72,-1.622638867052401845e-72
-1.827272163451768711e-02,2.691877193953890607e-02,-5.209891152509605119e-03,-5.237353172141108806e-03,-2.384029480810906029e-02,-1.001931581475243027e-01,-1.946917591413302104e-02,-1.155418375540496340e-01,-1.147459720610685963e-01,7.713805237868195941e-02,7.232283288398080878e-02,-1.502713841057862487e-01,3.034328505550992414e-02,-1.151713188058235970e-01,-1.681395491571316717e-04,-1.322718094685348825e-03,9.547646089512588929e-05,4.051888918199666274e-05,2.649792671791633271e-04,1.264579065917077619e-03,-3.905628753673283642e-71,9.537638924645084090e-71,-6.739241858840063745e-72,-1.419030026931989058e-71,9.167064358361678989e-73,-2.924391092170081802e-72,-4.967337711329899251e-72,-1.143256544374026322e-72
-2.265542446418329983e-02,1.862611491123588453e-02,-7.666058894910574364e-03,-6.520968533408747110e-03,-2.136246485410341761e-02,-9.879289487187670193e-02,-1.641246234821370359e-02,-1.190386088720137153e-01,-1.115121272181437834e-01,6.891056158193652192e-02,7.303702889590329983e-02,-1.532930031510551794e-01,2.989135634738225231e-02,-1.188939355075640386e-01,-1.681395491571316717e-04,-1.322718094685348825e-03,9.547646089512588929e-05,4.051888918199666274e-05,2.649792671791633271e-04,1.264579065917077619e-03,-2.968900340854678060e-71,8.005185295413067726e-71,3.349630506546782709e-72,-1.821998475412802475e-71,8.382572370758534829e-73,-2.142344897632978641e-72,-4.352851580528275512e-72,-7.677456266129730416e-73
-3.027387699781119990e-02,1.958142513217518699e-02,-9.768218098881197020e-03,-7.081054016028415395e-03,-1.272433913291751845e-02,-1.056872131084036354e-01,-1.460336664914204524e-02,-1.196083264680971037e-01,-1.094698185260783441e-01,6.794082581035525148e-02,7.238338701260821351e-02,-1.568269989840544998e-01,3.310293687965066428e-02,-1.203797449706190542e-01,-1.681395491571316717e-04,-1.322718094685348825e-03,9.547646089512588929e-05,4.051888918199666274e-05,2.649792671791633271e-04,1.264579065917077619e-03,-2.217997503138884608e-71,6.444300465761892033e-71,8.182385106586769017e-72,-1.822754860685210385e-71,6.495386147543268813e-73,-1.474996978913460502e-72,-3.606375212838357328e-72,-5.225802625722748910e-73
-3.164558190380120650e-02,1.244615578922324099e-02,-1.283715161279734562e-02,-9.128415902630318546e-03,-7.535543573246129834e-03,-1.033462898489563436e-01,-1.095274516463259039e-02,-1.120016328458382088e-01,-1.188366363554777677e-01,5.759308236139400183e-02,7.100991036967731207e-02,-1.573013759397646205e-01,3.211464925942153492e-02,-1.210054717293193444e-01,-1.681395491571316717e-04,-1.322718094685348825e-03,9.547646089512588929e-05,4.051888918199666274e-05,2.649792671791633271e-04,1.264579065917077619e-03,-1.642640849042021480e-71,5.037003581667102351e-71,9.878722455905702938e-72,-1.628661451385544135e-71,4.995932005882057105e-73,-9.172648905366543653e-73,-2.859839915363390147e-72,-3.173535373993100225e-73
-2.133000578126437868e-02,1.657469303559400836e-02,-1.581956080383517191e-02,-8.886626802455280943e-03,-1.054316229884288102e-02,-1.091896892113612821e-01,-1.770217801943812369e-02,-1.060278706055261672e-01,-1.241584272867663208e-01,4.814944182387125016e-02,7.353533890624826264e-02,-1.590032747044280714e-01,3.376190226234145747e-02,-1.216224669073187464e-01,-1.681395491571316717e-04,-1.322718094685348825e-03,9.547646089512588929e-05,4.051888918199666274e-05,2.649792671791633271e-04,1.264579065917077619e-03,-1.205386701827016647e-71,3.843670535692714663e-71,9.867088991851727463e-72,-1.366373965017292297e-71,3.416658601460927932e-73,-5.437906076008649893e-73,-2.162422900641821923e-72,-2.093698406386310525e-73
-1.308071126797683871e-02,1.728960252244089030e-02,-2.008200854800695420e-02,-1.273321271135812588e-02,-1.528288955069691257e-02,-1.121167119464005074e-01,-2.099511742223934829e-02,-1.034040966429010805e-01,-1.233995279116566757e-01,4.093762336291531523e-02,7.761042415923803672e-02,-1.537306817724860553e-01,3.526820492111318317e-02,-1.176950839325410225e-01,-1.681395491571316717e-04,-1.322718094685348825e-03,9.547646089512588929e-05,4.051888918199666274e-05,2.649792671791633271e-04,1.264579065917077619e-03,-8.696612151245510090e-72,2.867466559972327750e-71,8.985271794839002138e-72,-1.108019368029423752e-71,1.591157462920232906e-73,-2.616990108490209571e-73,-1.600530744340383345e-72,-1.450156407871528008e-73
-1.491525870906196954e-02,1.555121894805020985e-02,-2.428359810648855754e-02,-1.449188702169823192e-02,-1.322876782500488624e-02,-1.155540824507885478e-01,-3.020130015483626917e-02,-1.010751020652368992e-01,-1.250179220071952757e-01,4.694521551144378857e-02,7.725158940677183395e-02,-1.511179446283036909e-01,3.647493523986677921e-02,-1.164773587637139562e-01,-1.681395491571316717e-04,-1.322718094685348825e-03,9.547646089512588929e-05,4.051888918199666274e-05,2.649792671791633271e-04,1.264579065917077619e-03,-6.214958909608092105e-72,2.096848321024902137e-71,7.724413645606998080e-72,-8.624149746945512986e-72,6.660689693263430107e-75,-9.890188502169115523e-74,-1.153905330975143717e-72,-1.075063528958882780e-73
-1.257155137526669124e-02,8.760129082413622981e-03,-2.718989621134829462e-02,-1.606086070621407652e-02,-1.698986692161993245e-02,-1.149962048507160300e-01,-2.524821385254068240e-02,-1.012659976843067883e-01,-1.238989895494282956e-01,5.464354846675441302e-02,7.807553607253939210e-02,-1.509522078609627505e-01,3.768645579502279824e-02,-1.130448184655742372e-01,-1.681395491571316717e-04,-1.322718094685348825e-03,9.547646089512588929e-05,4.051888918199666274e-05,2.649792671791633271e-04,1.264579065917077619e-03,-4.354719643137808385e-72,1.499606678447757496e-71,6.394579717690198874e-72,-6.566692103758926906e-72,-1.173249569312713613e-73,3.195542896265867895e-74,-8.127152080796774572e-73,-6.222720995942457920e-74
-1.315248388179401755e-02,1.268266532394555710e-02,-2.611425294422598659e-02,-1.404354732651246634e-02,-1.848305141050598371e-02,-1.213344405624766364e-01,-2.323887085328392443e-02,-9.980475530440172105e-02,-1.248931614037788046e-01,7.051502800339631838e-02,8.013522929754041124e-02,-1.465597605510942369e-01,3.933630890426244309e-02,-1.060005474797353631e-01,-1.681395491571316717e-04,-1.322718094685348825e-03,9.547646089512588929e-05,4.051888918199666274e-05,2.649792671791633271e-04,1.264579065917077619e-03,-3.021104886715802020e-72,1.053681447329031531e-71,5.132710020085809937e-72,-4.877860029959931567e-72,-2.090627828629937481e-73,1.167808793439298613e-73,-5.854536147376013195e-73,-2.123696137797695327e-74
-1.243640919328684903e-02,3.892043856422737827e-03,-2.384678623929576899e-02,-1.316661831416435571e-02,-2.112965924486767330e-02,-1.140968947089947144e-01,-1.760380412619355628e-02,-9.818240366504291106e-02,-1.286856845880460232e-01,6.917356670474665570e-02,7.906869206984540321e-02,-1.442599856994337126e-01,3.793504834349025606e-02,-1.035482238903763369e-01,-1.681395491571316717e-04,-1.322718094685348825e-03,9.547646089512588929e-05,4.051888918199666274e-05,2.649792671791633271e-04,1.264579065917077619e-03,-2.072637525600846505e-72,7.295560291152613359e-72,4.048214219913842188e-72,-3.543407040979836958e-72,-2.448753074723097972e-73,1.683650344674244941e-73,-4.218272695295677270e-73,1.580243359616890037e-75
-1.453725893320087156e-02,6.635182868958639305e-04,-2.280916829577699437e-02,-1.278155538007932565e-02,-2.303655567411053498e-02,-1.145164985487260034e-01,-1.098283135175637942e-02,-1.029120585980320690e-01,-1.263190310568442776e-01,7.069635207522421971e-02,7.465020985730004555e-02,-1.460732335740369814e-01,3.611516039353928481e-02,-1.040320578623458864e-01,-1.681395491571316717e-04,-1.322718094685348825e-03,9.547646089512588929e-05,4.051888918199666274e-05,2.649792671791633271e-04,1.264579065917077619e-03,-1.404032130304213531e-72,4.961148771939802353e-72,3.170392785683988504e-72,-2.542711302467496961e-72,-2.511413962124601894e-73,1.735593017764934655e-73,-3.108840222495734754e-73,2.466753070803274522e-74
-1.333614886486442740e-02,-7.122572243166969824e-03,-2.347900279474665619e-02,-1.383793573638602073e-02,-2.686605970639613025e-02,-1.092652854734529194e-01,-8.675038058429361543e-04,-1.055534164333101210e-01,-1.273364895595182900e-01,6.251837091909345778e-02,7.382815798338550339e-02,-1.484869399984691252e-01,3.554546922073684861e-02,-1.061125174079434325e-01,-1.681395491571316717e-04,-1.322718094685348825e-03,9.547646089512588929e-05,4.051888918199666274e-05,2.649792671791633271e-04,1.264579065917077619e-03,-9.139013768394874697e-73,3.340198267573710085e-72,2.444573767710943681e-72,-1.805128443384214259e-72,-2.363807544028880708e-73,1.643835551428387674e-73,-2.275725992069233067e-73,4.114636119230841247e-74
-1.086679711018196520e-02,-1.309623252877783854e-02,-2.254069525311212449e-02,-1.368832181087687588e-02,-3.168348160110727452e-02,-1.011667608105760591e-01,1.029037560643494657e-02,-1.071803315646213534e-01,-1.294266309779643076e-01,5.147271870255766546e-02,7.628214195429697253e-02,-1.472480367786889732e-01,3.399668770563886444e-02,-1.100570631439104635e-01,-1.681395491571316717e-04,-1.322718094685348825e-03,9.547646089512588929e-05,4.051888918199666274e-05,2.649792671791633271e-04,1.264579065917077619e-03,-5.930969660748138878e-73,2.238936949527972679e-72,1.859889881930652383e-72,-1.269600168305266075e-72,-2.019499874479025554e-73,1.466553303278854809e-73,-1.703804182768732135e-73,4.580729782434749902e-74
-9.999207792646031684e-03,-2.782690410656408347e-02,-2.260039607585292987e-02,-1.570090640827359260e-02,-3.557551749742785679e-02,-8.550290615678317330e-02,1.564154404360620226e-02,-1.112154279255267442e-01,-1.287159963221818637e-01,4.106717774748350203e-02,7.566400557935239191e-02,-1.501047993203696307e-01,3.302376703202711261e-02,-1.143436956909245628e-01,-1.681395491571316717e-04,-1.322718094685348825e-03,9.547646089512588929e-05,4.051888918199666274e-05,2.649792671791633271e-04,1.264579065917077619e-03,-3.799359948683370450e-73,1.489920300620066067e-72,1.406180740493622675e-72,-8.884343140897963657e-73,-1.680633747848347297e-73,1.217681848969085445e-73,-1.261823366592358171e-73,4.501712433783074152e-74
-8.488388717079633008e-03,-3.565122175591500103e-02,-2.370345073760036711e-02,-1.699775595796668495e-02,-4.038066676871485822e-02,-7.622255083500066586e-02,1.637895809264485261e-02,-1.159061206230885543e-01,-1.271732188249036777e-01,4.392006933208961877e-02,7.381697931144233504e-02,-1.530109333727037446e-01,3.281039196810806025e-02,-1.149886270043343067e-01,-1.681395491571316717e-04,-1.322718094685348825e-03,9.547646089512588929e-05,4.051888918199666274e-05,2.649792671791633271e-04,1.264579065917077619e-03,-2.411818345898514500e-73,9.873390855233181161e-73,1.052987372736804349e-72,-6.100217804668660413e-73,-1.396316211215555427e-73,9.801490020580333022e-74,-9.245338489677491544e-74,4.140258478086883403e-74
-1.499024044400979264e-03,-4.157407006128199800e-02,-1.774671443544507954e-02,-1.308987905219971895e-02,-4.800752945447364639e-02,-6.447773331618261716e-02,1.561393811180503306e-02,-1.148413379802980944e-01,-1.300916246085822847e-01,4.872389826038536070e-02,7.260763716069287832e-02,-1.550988328687383788e-01,3.342871529849814755e-02,-1.143004321895594311e-01,-1.681395491571316717e-04,-1.322718094685348825e-03,9.547646089512588929e-05,4.051888918199666274e-05,2.649792671791633271e-04,1.264579065917077619e-03,-1.612269911531163761e-73,6.537861218506215753e-73,7.809021937044879493e-73,-4.123951487053204252e-73,-1.129071598958485385e-73,7.661639758094214092e-74,-6.753922835193696934e-74,3.643279203228224281e-74
-1.296143382963222150e-03,-4.261392093364355094e-02,-1.203164243882307027e-02,-1.003598312961007620e-02,-4.761818428688884691e-02,-5.818898511381206951e-02,1.022844589600660319e-02,-1.115378434820470388e-01,-1.372095343102508191e-01,5.977587398429533294e-02,6.834074259472437685e-02,-1.559125336654753891e-01,3.051069092738432909e-02,-1.143816632065742522e-01,-1.681395491571316717e-04,-1.322718094685348825e-03,9.547646089512588929e-05,4.051888918199666274e-05,2.649792671791633271e-04,1.264579065917077619e-03,-1.103054106350379778e-73,4.311571079034917675e-73,5.758783034926296933e-73,-2.695231429716589997e-73,-8.979049745545987153e-74,6.038557635637346097e-74,-5.063758721593743695e-74,3.119750273643853868e-74
5.572092173721843178e-03,-3.041087796913561833e-02,-4.485324637624124242e-03,-5.489613774357432301e-03,-4.792015104883903115e-02,-5.853730389679522028e-02,7.528437579993415077e-03,-1.160997959460578904e-01,-1.311867328278002731e-01,5.579953392010170155e-02,7.105453712064098426e-02,-1.548786316880222114e-01,3.323841558998397172e-02,-1.128715390534263535e-01,-1.681395491571316717e-04,-1.322718094685348825e-03,9.547646089512588929e-05,4.051888918199666274e-05,2.649792671791633271e-04,1.264579065917077619e-03,-7.513929574124108991e-74,2.823456220978797391e-73,4.260996832090636855e-73,-1.774996211479998871e-73,-6.875302319669237612e-74,4.583368841159933100e-74,-3.765921584986184666e-74,2.507990224394578373e-74
1.070057080545751618e-02,-3.304243897744838648e-02,1.162043584724365905e-03,-2.883701614859900640e-03,-4.967399746869513577e-02,-5.017418904561259801e-02,-2.491511956202858286e-03,-1.065937468178477510e-01,-1.409960153153521356e-01,6.080979591527300998e-02,7.432146027520504517e-02,-1.517243633832446592e-01,3.528247417973788547e-02,-1.113720892873834717e-01,-1.681395491571316717e-04,-1.322718094685348825e-03,9.547646089512588929e-05,4.051888918199666274e-05,2.649792671791633271e-04,1.264579065917077619e-03,-5.876410911381201013e-74,1.888954807840078333e-73,3.100562372451766373e-73,-1.140058851850848655e-73,-5.111555629485647416e-74,3.428446563543178349e-74,-2.790090457827898059e-74,1.997749373160977806e-74
4.946222825134303017e-03,-3.246212967968319790e-02,3.065247357125943511e-03,-4.631809414291291130e-03,-4.533920768076020458e-02,-4.839952048657098632e-02,-1.039837757842539817e-02,-1.108772361175127535e-01,-1.391452808203010039e-01,6.327665100967422296e-02,7.477144030639519545e-02,-1.513408952665653007e-01,3.367420798828250905e-02,-1.134290825059741797e-01,-1.681395491571316717e-04,-1.322718094685348825e-03,9.547646089512588929e-05,4.051888918199666274e-05,2.649792671791633271e-04,1.264579065917077619e-03,-4.489767634984496708e-74,1.257706364226303994e-73,2.254526365507973719e-73,-7.087364744252335730e-74,-3.761552222224140983e-74,2.475957398477418889e-74,-2.083378485880850091e-74,1.520743586564385169e-74
-1.235005508071657619e-03,-3.694546361601867140e-02,5.988018158972424967e-03,-3.335974171362657802e-03,-4.023552659538070370e-02,-3.771042710947758447e-02,-4.941356311687471886e-03,-1.121333526291472676e-01,-1.378680313174870664e-01,6.593678377673929669e-02,7.755536237734536598e-02,-1.503121615827218149e-01,3.346335476259756220e-02,-1.142444106689124578e-01,-1.681395491571316717e-04,-1.322718094685348825e-03,9.547646089512588929e-05,4.051888918199666274e-05,2.649792671791633271e-04,1.264579065917077619e-03,-3.473058998002043577e-74,8.416634982461792666e-74,1.626717832561241755e-73,-4.361263867315308877e-74,-2.730410521163886048e-74,1.752518367893143086e-74,-1.540176704913396739e-74,1.137981176343233876e-74
-7.198011320280239649e-03,-3.921382159442828724e-02,6.274066232635256563e-03,-4.134326109681606479e-03,-3.621337749554706664e-02,-3.156752667157031178e-02,-2.054535675430181965e-04,-1.163390834486645042e-01,-1.328950442503554208e-01,6.546326722247892971e-02,7.817635565681134435e-02,-1.531323711826415301e-01,3.461697305927666918e-02,-1.143460401398296439e-01,-1.681395491571316717e-04,-1.322718094685348825e-03,9.547646089512588929e-05,4.051888918199666274e-05,2.649792671791633271e-04,1.264579065917077619e-03,-2.717305911229036330e-74,5.708088490605502306e-74,1.165173253955917997e-73,-2.556110611337926692e-74,-1.987946878137428158e-74,1.193367351855946223e-74,-1.104513556183118478e-74,8.349136317741590082e-75
-5.528662096157548229e-03,-3.691026210748937081e-02,5.363090153976465303e-03,-1.055856577951040307e-03,-3.639375355997508804e-02,-2.875939632992504519e-02,9.701289947370187600e-03,-1.171341409205349515e-01,-1.357008116605850911e-01,6.986797023779661719e-02,7.768799271610424273e-02,-1.531450354226863986e-01,3.259051455183256674e-02,-1.143475395034566772e-01,-1.681395491571316717e-04,-1.322718094685348825e-03,9.547646089512588929e-05,4.051888918199666274e-05,2.649792671791633271e-04,1.264579065917077619e-03,-2.055782272377762971e-74,3.891566789316655768e-74,8.349002003958692478e-74,-1.475613469657445572e-74,-1.424644055898407749e-74,8.026403950821155039e-75,-7.818097030904954092e-75,6.225060050648043158e-75
-9.464047268989642797e-04,-3.857618565234701563e-02,8.334253226252974489e-03,1.870977432563736796e-03,-3.984897474014974239e-02,-1.800479654490244261e-02,2.781363243136678563e-03,-1.188795756022668904e-01,-1.354443666040729966e-01,7.191995347171244168e-02,8.042680751532878258e-02,-1.525278386509668349e-01,3.437072814293490319e-02,-1.139833677249213612e-01,-1.681395491571316717e-04,-1.322718094685348825e-03,9.547646089512588929e-05,4.051888918199666274e-05,2.649792671791633271e-04,1.264579065917077619e-03,-1.594115703130814847e-74,2.746386950095304050e-74,5.926906174390103531e-74,-8.073260430103671726e-75,-9.960748370287836419e-75,5.056174917437340262e-75,-5.540086641321311697e-75,4.439330557674882074e-75
-6.582242636917964851e-04,-3.514545984040356313e-02,9.838378763831673313e-03,4.189784485059210029e-03,-3.751139948788824452e-02,-1.446843604804678649e-02,-8.037868828421345507e-03,-1.165001832575814911e-01,-1.398189501902909748e-01,6.690218531192827778e-02,7.995695189510829137e-02,-1.564972502383459863e-01,3.235188034074754776e-02,-1.172479069130550611e-01,-1.681395491571316717e-04,-1.322718094685348825e-03,9.547646089512588929e-05,4.051888918199666274e-05,2.649792671791633271e-04,1.264579065917077619e-03,-1.248717271927820016e-74,1.993556608016757703e-74,4.175548865531933738e-74,-3.844091095192071863e-75,-6.784264966879979032e-75,3.043231239336657397e-75,-3.888163357306803626e-75,3.125198798623635347e-75
-7.100167704597288394e-04,-2.921437301625986332e-02,1.183899116223067170e-02,8.562099581578514612e-03,-3.370191947407787103e-02,-1.422971508343363542e-02,-1.192733503866151221e-02,-1.088046194787493509e-01,-1.447775293569457389e-01,6.922544339634982558e-02,8.347509405002122296e-02,-1.585490738924470178e-01,3.389378944287539663e-02,-1.171393899703623009e-01,-1.681395491571316717e-04,-1.322718094685348825e-03,9.547646089512588929e-05,4.051888918199666274e-05,2.649792671791633271e-04,1.264579065917077619e-03,-9.959947144499280193e-75,1.493300622498593966e-74,2.895905008728720100e-74,-1.379712684057765165e-75,-4.582765565466798944e-75,1.750981917707927320e-75,-2.734488068388279554e-75,2.117364849637698258e-75
2.960922956147631936e-03,-2.745922769681341524e-02,1.393013928402167013e-02,1.225903559834745811e-02,-3.484122682989677922e-02,-1.088087433776736140e-02,-1.766773957208137014e-02,-1.068382461118210641e-01,-1.458503303578899679e-01,6.557130824534536384e-02,8.749637046916365624e-02,-1.595621368404443741e-01,3.519003538567250233e-02,-1.189383526800919799e-01,-1.681395491571316717e-04,-1.322718094685348825e-03,9.547646089512588929e-05,4.051888918199666274e-05,2.649792671791633271e-04,1.264579065917077619e-03,-7.685830973117204523e-75,1.122519742517157372e-74,2.004131967518816242e-74,-1.867520576681933550e-76,-3.005489460640421990e-75,9.056309989882738976e-76,-1.900252452228452687e-75,1.347396091888031905e-75
6.288160753622051152e-03,-1.966142395933370701e-02,1.212339922078948737e-02,1.270823026675928571e-02,-3.946643577380815754e-02,-1.829905207124047847e-02,-1.473866333548046539e-02,-1.153832072665258862e-01,-1.383626682060827284e-01,6.687835064362182558e-02,8.882900413810534967e-02,-1.603033827750583451e-01,3.626055422682802898e-02,-1.208701283369210538e-01,-1.681395491571316717e-04,-1.322718094685348825e-03,9.547646089512588929e-05,4.051888918199666274e-05,2.649792671791633271e-04,1.264579065917077619e-03,-5.793232705064002397e-75,8.392428682675458735e-75,1.382765737259432918e-74,3.372120262111111552e-76,-1.945511609797666350e-75,3.759402326845338312e-76,-1.315140219298886303e-75,8.152429678443421219e-76
-1.203416025310782671e-03,-1.438416953223617054e-02,1.021260276820061541e-02,9.628694693840225000e-03,-3.464495717508990491e-02,-2.653758998297064964e-02,-1.720152801838720907e-02,-1.187482870076362329e-01,-1.376207953178579524e-01,7.343605721773605044e-02,8.981489278643818575e-02,-1.597101987936870859e-01,3.558690013804915314e-02,-1.239545422627561372e-01,-1.681395491571316717e-04,-1.322718094685348825e-03,9.547646089512588929e-05,4.051888918199666274e-05,2.649792671791633271e-04,1.264579065917077619e-03,-4.420013844219444884e-75,6.335127651445791621e-75,9.416256387555029246e-75,5.965815692070202376e-76,-1.218350089584240532e-75,8.588147371306291891e-77,-9.249600236772149878e-76,4.575529168348378696e-76
-4.795085784589855037e-03,-8.649017000656275544e-03,7.332972352278439160e-03,7.950152992272852687e-03,-3.044355965155405921e-02,-3.382628476963155106e-02,-1.548159581693292833e-02,-1.227358774250201234e-01,-1.383765271467061464e-01,8.070567307511164468e-02,8.756088740131928727e-02,-1.567904204600507612e-01,3.378376368652709349e-02,-1.233111456624661206e-01,-1.681395491571316717e-04,-1.322718094685348825e-03,9.547646089512588929e-05,4.051888918199666274e-05,2.649792671791633271e-04,1.264579065917077619e-03,-3.317481357507900314e-75,4.778276604153546358e-75,6.357067994799585811e-75,6.466638174028149568e-76,-7.481864424832173632e-76,-6.213035580430852707e-77,-6.477192828979341561e-76,2.260483766292153169e-76
-1.529819478268391007e-03,-6.871654147832050030e-03,1.259871907762420001e-03,5.369394279385790100e-03,-3.045104542942957820e-02,-3.682282521156070992e-02,-1.427709603299708897e-02,-1.249747974454254867e-01,-1.351043409169417342e-01,8.219340312038998786e-02,8.736895703275480984e-02,-1.584798874730109497e-01,3.391364121014350114e-02,-1.225020508470296976e-01,-1.681395491571316717e-04,-1.322718094685348825e-03,9.547646089512588929e-05,4.051888918199666274e-05,2.649792671791633271e-04,1.264579065917077619e-03,-2.436201651386897962e-75,3.574190641576521160e-75,4.275964836343984755e-75,5.886567859252970285e-76,-4.556035867577360668e-76,-1.363148281111753450e-76,-4.436961656386626360e-76,8.442676815485565496e-77
4.521898742064949309e-04,-9.319293873395256486e-03,9.071481210697045910e-04,3.343911008148382335e-03,-2.970574691839215561e-02,-3.454854523573885894e-02,-8.584123010690135336e-03,-1.265681230538303059e-01,-1.312996986765751772e-01,8.328335726193381028e-02,8.958442156623148966e-02,-1.585378054853323615e-01,3.928522274586114527e-02,-1.183185827571398285e-01,-1.681395491571316717e-04,-1.322718094685348825e-03,9.547646089512588929e-05,4.051888918199666274e-05,2.649792671791633271e-04,1.264579065917077619e-03,-1.770313280260300047e-75,2.657648228883883809e-75,2.861924653234859227e-75,4.789970685560473848e-76,-2.735370505232515221e-76,-1.553419179644779270e-76,-3.053073867715256798e-76,8.455286818793728537e-78
6.336892448526635323e-03,-4.780429431671538894e-03,1.777473781287571431e-03,2.097276681173361555e-03,-3.427758516440979064e-02,-3.875323288252862514e-02,9.536006981976513641e-04,-1.323527304480356104e-01,-1.236714511364038760e-01,7.922155924705349961e-02,9.281938027959935056e-02,-1.564290344095922991e-01,4.431786200926210451e-02,-1.138291669959058255e-01,-1.681395491571316717e-04,-1.322718094685348825e-03,9.547646089512588929e-05,4.051888918199666274e-05,2.649792671791633271e-04,1.264579065917077619e-03,-1.265260158761923644e-75,1.945828348130402627e-75,1.923760479265520290e-75,3.331575652396011267e-76,-1.591723222782213938e-76,-1.471235960650281265e-76,-2.060795538904611528e-76,-3.116286463097935414e-77
3.478938497675812883e-03,-2.666108412079948656e-03,4.773138459126373759e-03,4.554050252802080076e-03,-3.598908714996620212e-02,-4.125937771335915633e-02,-3.166910876068674413e-03,-1.312705508139422605e-01,-1.267311299990055984e-01,7.424787411576322382e-02,9.232245831701520189e-02,-1.575636461501234709e-01,4.700549257695904593e-02,-1.119596805389644623e-01,-1.681395491571316717e-04,-1.322718094685348825e-03,9.547646089512588929e-05,4.051888918199666274e-05,2.649792671791633271e-04,1.264579065917077619e-03,-9.156398775768581227e-76,1.429724398175758621e-75,1.278676240719503910e-75,2.221817612888898997e-76,-8.771669756587311869e-77,-1.263527197051736181e-76,-1.355389676626053338e-76,-4.875225043176392301e-77
3.411167209631888776e-03,5.904756086934559098e-03,3.192092410413597311e-03,3.501770433913990212e-03,-3.513296617250198650e-02,-5.140087198861144346e-02,-2.744335784476720219e-03,-1.305758308809330248e-01,-1.292743511849136495e-01,7.497465624454417721e-02,9.276322010402399121e-02,-1.574330863337249642e-01,4.552942507015897422e-02,-1.135561308268144970e-01,-1.681395491571316717e-04,-1.322718094685348825e-03,9.547646089512588929e-05,4.051888918199666274e-05,2.649792671791633271e-04,1.264579065917077619e-03,-6.598883842048934029e-76,1.044957929484755998e-75,8.423164358430746105e-76,1.413265344064276804e-76,-4.492673295052623579e-77,-1.014282344865006439e-76,-9.033836951970925996e-77,-5.357094874288002812e-77
5.478795254262145906e-03,1.768867986636870129e-02,-3.350085293810510685e-04,1.248842346422712139e-03,-4.103607014224911614e-02,-6.784835352321968993e-02,-5.738322593448462808e-03,-1.320944946827516953e-01,-1.317738050899733004e-01,7.812927751164347456e-02,8.938011560951007739e-02,-1.584861786892573510e-01,4.199101446681764715e-02,-1.151090086237319399e-01,-1.681395491571316717e-04,-1.322718094685348825e-03,9.547646089512588929e-05,4.051888918199666274e-05,2.649792671791633271e-04,1.264579065917077619e-03,-4.689088708419370262e-76,7.572847840632458601e-76,5.507731742095454339e-76,8.776588359770703092e-77,-2.136577944152306450e-77,-7.759718292282671655e-77,-6.137378788258700991e-77,-5.002848885997468832e-77
7.154134169590233711e-03,1.730319270793632958e-02,-5.258906216489467236e-04,1.304811846711768962e-03,-4.344485569671262953e-02,-7.127819971090142148e-02,-4.017954704840891178e-03,-1.405013338496648168e-01,-1.271501235651619766e-01,7.924089807052236978e-02,8.706775670003169543e-02,-1.595866439855666563e-01,3.969756281340630633e-02,-1.166640940619818184e-01,-1.681395491571316717e-04,-1.322718094685348825e-03,9.547646089512588929e-05,4.051888918199666274e-05,2.649792671791633271e-04,1.264579065917077619e-03,-3.267549109883277185e-76,5.416535433778900899e-76,3.600867023312224792e-76,4.719435255172095668e-77,-9.063273985573369860e-78,-5.739214159893600950e-77,-4.293610696077003355e-77,-4.284001452965773122e-77
3.415254765949854270e-03,1.117771342493835418e-02,-2.223275990592822864e-03,3.764036783311625967e-04,-4.362553793167790739e-02,-7.095230432788511565e-02,-7.615126035338152383e-03,-1.449266676445838675e-01,-1.281778588326719925e-01,7.875412794131904370e-02,8.610260492637135388e-02,-1.588410454821339302e-01,3.586478248131170360e-02,-1.181697072968692364e-01,-1.681395491571316717e-04,-1.322718094685348825e-03,9.547646089512588929e-05,4.051888918199666274e-05,2.649792671791633271e-04,1.264579065917077619e-03,-2.269043839302609797e-76,3.849884045150529709e-76,2.336316523528157121e-76,1.842546164327672511e-77,-2.720998804711205127e-78,-4.147476204699119004e-77,-3.002903526905329473e-77,-3.452436717985905808e-77
-4.564836287681595627e-03,2.810217511323162901e-03,-4.915147588829946526e-03,-2.273416061167053085e-03,-4.187180592326328332e-02,-7.113566728879648637e-02,-9.428905071544532029e-03,-1.409895529124400582e-01,-1.333777135560885729e-01,8.717350171632289035e-02,8.727128256948625540e-02,-1.592929169794639888e-01,3.474387507077164594e-02,-1.184164873999453971e-01,-1.681395491571316717e-04,-1.322718094685348825e-03,9.547646089512588929e-05,4.051888918199666274e-05,2.649792671791633271e-04,1.264579065917077619e-03,-1.590430898656102941e-76,2.739179870858130070e-76,1.480398069642747104e-76,2.890554381819596480e-78,-1.055980095398531632e-79,-2.875530578733807899e-77,-2.126175464439182349e-77,-2.648133642614996036e-77
-5.209822225777640745e-03,-1.621393639978621626e-02,-6.517807013382729414e-03,-8.437542141404292054e-03,-4.707141166926918918e-02,-6.059166436499999198e-02,-7.958188644226414990e-03,-1.396543420956121995e-01,-1.347947000411846008e-01,9.623220110682044470e-02,8.721351506532193376e-02,-1.618461917946721340e-01,3.607982392787886100e-02,-1.191062283930853505e-01,-1.681395491571316717e-04,-1.322718094685348825e-03,9.547646089512588929e-05,4.051888918199666274e-05,2.649792671791633271e-04,1.264579065917077619e-03,-1.103649971517983577e-76,1.934353406487013462e-76,9.280396860422362025e-77,-5.354950756001429734e-78,4.177684632851453511e-79,-1.925613684644081957e-77,-1.532534717832010371e-77,-1.962956498821103519e-77
-6.191384358846536116e-03,-2.753608938792768274e-02,-3.052596889287765257e-03,-1.079452984642881481e-02,-5.055437548599582553e-02,-5.297851502863013679e-02,-8.259472387197475812e-03,-1.381855954571528378e-01,-1.391426621211779568e-01,1.106541779643103462e-01,8.405382019732882126e-02,-1.636266506429892853e-01,3.567823933874549047e-02,-1.190530371774081303e-01,-1.681395491571316717e-04,-1.322718094685348825e-03,9.547646089512588929e-05,4.051888918199666274e-05,2.649792671791633271e-04,1.264579065917077619e-03,-7.677927517686483510e-77,1.361960942676025523e-76,5.719895281149806379e-77,-8.901275934606250490e-78,-1.173402124338966240e-79,-1.235152370591729802e-77,-1.116499016805121112e-77,-1.404024478688160599e-77
-5.159088128275935055e-03,-3.121072568697768473e-02,5.276692233900318746e-04,-1.254895828561256033e-02,-5.272101175780654486e-02,-4.925331291355931201e-02,-6.661176467445632104e-03,-1.372653632324275230e-01,-1.414016722053311470e-01,1.196043212655329702e-01,8.304716894831834506e-02,-1.629506213249439506e-01,3.420643801964394493e-02,-1.199545120497061690e-01,-1.681395491571316717e-04,-1.322718094685348825e-03,9.547646089512588929e-05,4.051888918199666274e-05,2.649792671791633271e-04,1.264579065917077619e-03,-5.283677206721876885e-77,9.553297798316273973e-77,3.463108282876540536e-77,-9.904096503280146148e-78,-8.804435162603200281e-79,-7.672750114612852318e-78,-8.233887588274837130e-78,-9.842993147059628254e-78
3.935920298191036837e-04,-3.564275773018999588e-02,4.264499342490395140e-03,-1.282972146806520518e-02,-5.817892938498822608e-02,-4.249652726965900268e-02,1.474795958451397340e-03,-1.413809895707191788e-01,-1.392927071730361843e-01,1.250784468531045968e-01,8.323088138505131683e-02,-1.655416285011088173e-01,3.438939990059820123e-02,-1.228527878180085131e-01,-1.681395491571316717e-04,-1.322718094685348825e-03,9.547646089512588929e-05,4.051888918199666274e-05,2.649792671791633271e-04,1.264579065917077619e-03,-3.574782579399510948e-77,6.656465942930696801e-77,2.091751075634073138e-77,-9.786617412314518761e-78,-1.354572536601124161e-78,-4.483396613640271647e-78,-6.103049023071689398e-78,-6.658074203737287467e-78
-1.880970897206434619e-03,-3.341197558551497332e-02,8.821891522584605905e-03,-1.228761395237061398e-02,-5.576940822617273974e-02,-4.154179971650995284e-02,6.833640587198365653e-03,-1.407968517932873254e-01,-1.406901712285034689e-01,1.339301026499682967e-01,8.510659444753923553e-02,-1.687997934378516196e-01,3.262452985442746561e-02,-1.289465521792700908e-01,-1.681395491571316717e-04,-1.322718094685348825e-03,9.547646089512588929e-05,4.051888918199666274e-05,2.649792671791633271e-04,1.264579065917077619e-03,-2.454204674902147596e-77,4.652590978249091280e-77,1.241139625906471795e-77,-8.588468690369135893e-78,-1.557577231370041772e-78,-2.285510726044695035e-78,-4.554359513832607849e-78,-4.392111946412114129e-78
-9.748261148931715303e-03,-2.707627761844726838e-02,7.969666039288836323e-03,-1.130315899118732384e-02,-4.665936043950075912e-02,-4.649750156903465631e-02,2.600616027863715714e-03,-1.424261898520779723e-01,-1.400574815573265297e-01,1.366130155376654443e-01,8.747367006839554260e-02,-1.720783297807166323e-01,3.352419600093634044e-02,-1.326139346135215280e-01,-1.681395491571316717e-04,-1.322718094685348825e-03,9.547646089512588929e-05,4.051888918199666274e-05,2.649792671791633271e-04,1.264579065917077619e-03,-1.712240070393904945e-77,3.275581005818911825e-77,7.169719976366516166e-78,-6.976926533349284242e-78,-1.620707375058714907e-78,-9.186548281238329607e-79,-3.420746618108728832e-78,-2.873851454918614801e-78
-1.642372104509964154e-02,-1.733275488350859150e-02,1.078652516186194218e-02,-5.166936594411431112e-03,-4.034409841310847289e-02,-5.093902823373773481e-02,-7.606266356594692558e-03,-1.437026253707313350e-01,-1.417471682745147510e-01,1.329026008529132774e-01,8.747412004161776722e-02,-1.734314479823923227e-01,3.424257416246551805e-02,-1.333589163806805644e-01,-1.681395491571316717e-04,-1.322718094685348825e-03,9.547646089512588929e-05,4.051888918199666274e-05,2.649792671791633271e-04,1.264579065917077619e-03,-1.205228519332295733e-77,2.312123851642281954e-77,4.111225089822512742e-78,-5.521224641169530358e-78,-1.561202690026990789e-78,-8.777494769460988497e-80,-2.538556040061662972e-78,-1.851142177806098345e-78
-1.699173201957134352e-02,-1.936039208655965932e-02,1.531208083450608624e-02,1.162035811109882015e-03,-3.748189540142055076e-02,-4.167295317798760251e-02,-1.001114773075324066e-02,-1.483392183047455293e-01,-1.418398049681185158e-01,1.369598218704094761e-01,8.558005398700722910e-02,-1.719616105340747436e-01,3.371318918873114634e-02,-1.314140006174064346e-01,-1.681395491571316717e-04,-1.322718094685348825e-03,9.547646089512588929e-05,4.051888918199666274e-05,2.649792671791633271e-04,1.264579065917077619e-03,-8.389621829557656219e-78,1.620183924016300350e-77,2.474826594847275502e-78,-4.402327696674172102e-78,-1.486544758936157670e-78,3.833187477888908049e-79,-1.915786108443553848e-78,-1.147283916360615858e-78
-1.293510665856737601e-02,-1.028812708823468626e-02,2.030011918549183558e-02,8.002965001279976898e-03,-3.640032452969160087e-02,-4.305392917835895727e-02,-1.492530407798949368e-02,-1.502744342863058802e-01,-1.418160162880628683e-01,1.307036820375990782e-01,8.671111954840124425e-02,-1.712050744675409075e-01,3.593075411432197080e-02,-1.296394395247270903e-01,-1.681395491571316717e-04,-1.322718094685348825e-03,9.547646089512588929e-05,4.051888918199666274e-05,2.649792671791633271e-04,1.264579065917077619e-03,-5.887985936282889149e-78,1.139250220212808846e-77,1.579648016426984535e-78,-3.467532215519290276e-78,-1.313751471255622471e-78,5.549331784310722171e-79,-1.428579196635101481e-78,-6.764397703621930998e-79
-1.408828133533081110e-02,-8.457885432218543997e-03,1.874176000685169943e-02,7.934220262935080467e-03,-3.328924952475709187e-02,-4.417120401640076827e-02,-1.551284768717033948e-02,-1.543821388223843016e-01,-1.373830785802498400e-01,1.273218873386266770e-01,8.718401445244991499e-02,-1.702556683172813667e-01,4.064080392292820920e-02,-1.257171009307783693e-01,-1.681395491571316717e-04,-1.322718094685348825e-03,9.547646089512588929e-05,4.051888918199666274e-05,2.649792671791633271e-04,1.264579065917077619e-03,-4.137948515475176983e-78,8.015985685294253660e-78,1.089442471961052698e-78,-2.694794366297168897e-78,-1.121569378067256021e-78,5.800731274864423437e-79,-1.086003867882449191e-78,-3.832472613911213431e-79
-8.795935083560680462e-03,-4.455885231874036172e-03,1.503675752777231672e-02,6.592494665124890019e-03,-3.510103838485323369e-02,-4.868086423166621129e-02,-1.373658867038526910e-02,-1.543047115495868316e-01,-1.370212530540367013e-01,1.244629677917347271e-01,8.794470433664741682e-02,-1.691379607966438103e-01,4.391162153748309760e-02,-1.229348293310483925e-01,-1.681395491571316717e-04,-1.322718094685348825e-03,9.547646089512588929e-05,4.051888918199666274e-05,2.649792671791633271e-04,1.264579065917077619e-03,-2.926914852288493945e-78,5.666072727041809455e-78,8.219598709874741105e-79,-2.062192362417684741e-78,-9.348625352011729461e-79,5.423657215152085428e-79,-8.140960521331536722e-79,-1.974833146508131200e-79
-7.652046916189170558e-03,-7.942286022766791714e-03,1.209887273719852455e-02,4.674104757876061493e-03,-3.493155408014560204e-02,-4.691450193204667329e-02,-7.622951208960761227e-03,-1.571354847984952896e-01,-1.342684123618582970e-01,1.229101880152337900e-01,8.780889128523362841e-02,-1.708579062456122288e-01,4.545289571140388729e-02,-1.238325116383328373e-01,-1.681395491571316717e-04,-1.322718094685348825e-03,9.547646089512588929e-05,4.051888918199666274e-05,2.649792671791633271e-04,1.264579065917077619e-03,-2.083184139985437274e-78,4.017051672061003081e-78,6.894692721612031300e-79,-1.604255371885287136e-78,-7.598252662826433623e-79,4.680564825815658352e-79,-6.025234788377578581e-79,-8.975252179316731375e-80
-7.016251208222185412e-03,-1.094631236958811676e-02,1.061348620895301471e-02,2.901501417877376272e-03,-3.413921642319056593e-02,-4.535388331322839223e-02,-1.989749459927105807e-03,-1.614563667392462931e-01,-1.312387389344157884e-01,1.230059741830657610e-01,8.749099569736250304e-02,-1.728108637153929483e-01,4.299483685543495359e-02,-1.279767918892877610e-01,-1.681395491571316717e-04,-1.322718094685348825e-03,9.547646089512588929e-05,4.051888918199666274e-05,2.649792671791633271e-04,1.264579065917077619e-03,-1.456026282138462435e-78,2.855601611587569812e-78,6.292474033991709476e-79,-1.217202333631891073e-78,-6.035463658941679683e-79,3.819488572950606914e-79,-4.581568879727835532e-79,-3.696154388278618254e-80
-1.502032739759637768e-02,-8.166197777367453434e-03,6.180211241116075581e-03,7.138274961163097038e-04,-2.107629870891355311e-02,-4.990201127085733962e-02,-1.886894690300215281e-03,-1.595173106182489475e-01,-1.365048414008821764e-01,1.283968078244260291e-01,8.766100469557286390e-02,-1.736290828860203861e-01,4.075497626013916547e-02,-1.291420281012624349e-01,-1.681395491571316717e-04,-1.322718094685348825e-03,9.547646089512588929e-05,4.051888918199666274e-05,2.649792671791633271e-04,1.264579065917077619e-03,-1.026379844288861615e-78,2.061294576826176746e-78,5.784746776118477653e-79,-9.085248983154041012e-79,-4.646845369339420681e-79,2.955834898656902494e-79,-3.483956639403701963e-79,-5.266898238372386146e-81
-1.540645266870665185e-02,-8.916005524405704041e-03,1.760874512816449841e-04,-3.852958817577805881e-03,-1.635600167762198132e-02,-5.270710303327363899e-02,-1.484409360216911583e-02,-1.536809861302683988e-01,-1.469013212432736248e-01,1.361638011345224497e-01,8.721665151737945099e-02,-1.757829184604021711e-01,3.860057492184698624e-02,-1.322205324347584809e-01,-1.681395491571316717e-04,-1.322718094685348825e-03,9.547646089512588929e-05,4.051888918199666274e-05,2.649792671791633271e-04,1.264579065917077619e-03,-7.718358210691696349e-79,1.534090733490626675e-78,5.080039811132020789e-79,-6.607563323879873192e-79,-3.491049367427170586e-79,2.215511512598887357e-79,-2.614911188730164854e-79,7.859728901108020260e-81
-1.925576536489766524e-02,-4.330218972369659011e-03,-3.140081296463610901e-03,-5.766379465980938160e-03,-8.659830184077461912e-03,-5.693960076535894282e-02,-2.252803051091113382e-02,-1.478837451694406391e-01,-1.572885227050220824e-01,1.415325494011654972e-01,8.865890160049505475e-02,-1.762560882660693107e-01,3.789107416419722901e-02,-1.319107422771204630e-01,-1.681395491571316717e-04,-1.322718094685348825e-03,9.547646089512588929e-05,4.051888918199666274e-05,2.649792671791633271e-04,1.264579065917077619e-03,-5.883494859956537378e-79,1.157811708456860129e-78,4.451424507253393011e-79,-4.784879120051202790e-79,-2.608407647963550817e-79,1.669485812476538634e-79,-1.972465335252098132e-79,1.381583617831622708e-80
-2.239462849986797316e-02,-4.983505577302854012e-04,-3.151775545307643547e-03,-3.444149972483620623e-03,-4.576967945469183341e-03,-5.721507235723840429e-02,-2.150677995598088837e-02,-1.501453653636946051e-01,-1.623688479277367591e-01,1.372117139468091718e-01,8.625931224413951881e-02,-1.773662634127422810e-01,3.353747236816687766e-02,-1.333955030369010641e-01,-1.681395491571316717e-04,-1.322718094685348825e-03,9.547646089512588929e-05,4.051888918199666274e-05,2.649792671791633271e-04,1.264579065917077619e-03,-4.454791440033389476e-79,8.739197458365782931e-79,3.984739409580928071e-79,-3.467903628478914444e-79,-1.923093307479382666e-79,1.247911017519755199e-79,-1.475360094379771633e-79,1.403223170701289970e-80
-1.959217440816815245e-02,9.101191718777027276e-03,-2.549085832099779684e-03,-2.860967315629978601e-03,-6.697477470515481035e-03,-6.486603589627440436e-02,-1.644457832351102489e-02,-1.508082448597618530e-01,-1.628933222566153471e-01,1.325754461771518344e-01,8.546085201119388297e-02,-1.779666783420660592e-01,3.355916682148662317e-02,-1.335138020753325327e-01,-1.681395491571316717e-04,-1.322718094685348825e-03,9.547646089512588929e-05,4.051888918199666274e-05,2.649792671791633271e-04,1.264579065917077619e-03,-3.364029887551704507e-79,6.611211608361076898e-79,3.551693327103776566e-79,-2.524781478793762772e-79,-1.421342241711661812e-79,9.249225625478060482e-80,-1.124237429509281350e-79,1.451306870460585577e-80
-1.713060284662903943e-02,3.209005852202100745e-02,-5.067026453719558968e-03,-3.873976578003910688e-03,-7.539195041798753966e-03,-8.883917846958724884e-02,-1.011703563867920666e-02,-1.575853141467942753e-01,-1.572787535714919027e-01,1.367854339269525543e-01,8.518589675370237535e-02,-1.829865861829802487e-01,3.146565444064648720e-02,-1.385968695953546936e-01,-1.681395491571316717e-04,-1.322718094685348825e-03,9.547646089512588929e-05,4.051888918199666274e-05,2.649792671791633271e-04,1.264579065917077619e-03,-2.599878303931710492e-79,5.054683085454444747e-79,3.115440942274547086e-79,-1.860184999530366943e-79,-1.040421692673393991e-79,6.737516580172004766e-80,-8.519611580337347037e-80,1.278891473348056885e-80
-1.749440737935877704e-02,3.554671869340948059e-02,-8.314163614849070377e-03,-6.485057162540362047e-03,-7.388510488385075480e-03,-9.667298142619040746e-02,-1.307365505274811143e-03,-1.628546147789772247e-01,-1.504170409095003935e-01,1.362280072993503899e-01,8.583705526797051621e-02,-1.845199713893730109e-01,3.152445668891528524e-02,-1.399308649964908502e-01,-1.681395491571316717e-04,-1.322718094685348825e-03,9.547646089512588929e-05,4.051888918199666274e-05,2.649792671791633271e-04,1.264579065917077619e-03,-2.022302534363429152e-79,3.864624436872696314e-79,2.731034090104469033e-79,-1.425747064464407647e-79,-7.671581268850551549e-80,4.819505669063401893e-80,-6.506985008805071094e-80,1.116167408054230151e-80
-1.405401970455821825e-02,1.738250145206234748e-02,-9.436463396330474485e-03,-1.146340440948612205e-02,-8.805158272311812417e-03,-8.152077150420319884e-02,-1.493437094157436642e-03,-1.687257584667702370e-01,-1.482172145233486560e-01,1.283675220331464972e-01,8.022704018511681023e-02,-1.887128472727866157e-01,3.025667772921361923e-02,-1.399039856830134598e-01,-1.681395491571316717e-04,-1.322718094685348825e-03,9.547646089512588929e-05,4.051888918199666274e-05,2.649792671791633271e-04,1.264579065917077619e-03,-1.593708026327974697e-79,2.997491753492405005e-79,2.350631757706686864e-79,-1.056323594898746373e-79,-5.784887344949553834e-80,3.400424577899652056e-80,-4.943320629347531499e-80,8.752343105720328021e-81
-2.265093967704424893e-02,6.985697320695573309e-04,-1.119513976603916071e-02,-1.602391549411805519e-02,1.237741678465176937e-03,-6.861124466179233106e-02,-1.710296431637887147e-03,-1.618077500186931306e-01,-1.480144346229438634e-01,1.165628505505039020e-01,8.512439311976642553e-02,-1.874412206601999142e-01,3.623989167346045731e-02,-1.362722387949115155e-01,-1.681395491571316717e-04,-1.322718094685348825e-03,9.547646089512588929e-05,4.051888918199666274e-05,2.649792671791633271e-04,1.264579065917077619e-03,-1.341221091886170018e-79,2.402291262149336106e-79,1.949524120303658782e-79,-7.799920666349556947e-80,-4.356781223820105558e-80,2.332373110857532376e-80,-3.716063891975883316e-80,6.714890937448638228e-81
-2.749509758816824634e-02,-4.850000432888799604e-03,-9.877026749787850418e-03,-1.414089399452443663e-02,8.201317739214798383e-03,-6.176138298563309953e-02,-4.628445147234138204e-03,-1.612114777537129173e-01,-1.480246023985985482e-01,1.121093473313272831e-01,8.646184369306929296e-02,-1.843302331236027491e-01,3.602175835604913556e-02,-1.347279782169730489e-01,-1.681395491571316717e-04,-1.322718094685348825e-03,9.547646089512588929e-05,4.051888918199666274e-05,2.649792671791633271e-04,1.264579065917077619e-03,-1.120087895965687153e-79,1.939824321371186630e-79,1.600608565432173344e-79,-5.494568032311934749e-80,-3.328220496864559381e-80,1.543313153613089864e-80,-2.851254384785175014e-80,4.608095840581186898e-81
-2.593373857073692779e-02,-7.900554983717158683e-04,-1.262073173904058876e-02,-1.569255727252771501e-02,1.164100127671127693e-02,-6.693237788467201743e-02,-9.341667533698992665e-03,-1.553116681688694878e-01,-1.540528083748031463e-01,1.193364371273804153e-01,8.598805122083044705e-02,-1.827960406775908375e-01,3.630757520458097187e-02,-1.341501722738242808e-01,-1.681395491571316717e-04,-1.322718094685348825e-03,9.547646089512588929e-05,4.051888918199666274e-05,2.649792671791633271e-04,1.264579065917077619e-03,-9.263657079034866331e-80,1.575644627682780975e-79,1.301555222698413445e-79,-3.827986411599284599e-80,-2.562594273231038173e-80,9.948248916505396893e-81,-2.168040338263237910e-80,3.093657393435653375e-81
-2.256378406708252349e-02,2.484379705142667882e-03,-1.243758727156921325e-02,-1.434128561723163608e-02,1.365620157982984882e-02,-6.692488981781520574e-02,-1.012486834867471104e-02,-1.510036071012199610e-01,-1.612439108580661917e-01,1.286590274682720692e-01,8.323988028852434551e-02,-1.814166776755458677e-01,3.086288279708847976e-02,-1.354326474774728284e-01,-1.681395491571316717e-04,-1.322718094685348825e-03,9.547646089512588929e-05,4.051888918199666274e-05,2.649792671791633271e-04,1.264579065917077619e-03,-7.587540933809771862e-80,1.281102562515523608e-79,1.048970909376224951e-79,-2.526718903627860965e-80,-2.041742612383752902e-80,7.074277988985479059e-81,-1.691045007891159041e-80,1.667941428209630459e-81
-2.022618926282931939e-02,3.188582298788726968e-03,-1.289198639170882101e-02,-1.727674604172376588e-02,1.464387175687843941e-02,-6.807481777168786219e-02,-3.624044471903295830e-03,-1.522217115241315533e-01,-1.563995321650127057e-01,1.287302050536519860e-01,8.709244117932653240e-02,-1.794058158999723984e-01,3.373883216172805788e-02,-1.343368514721943741e-01,-1.681395491571316717e-04,-1.322718094685348825e-03,9.547646089512588929e-05,4.051888918199666274e-05,2.649792671791633271e-04,1.264579065917077619e-03,-6.115379007865580333e-80,1.032106883469589358e-79,8.521897866604431301e-80,-1.824410916721835623e-80,-1.644079789659860152e-80,4.926889955237302911e-81,-1.293446983483887126e-80,6.993284505458278116e-82
-1.918858553473742207e-02,4.547667254144084278e-03,-1.221940899716790832e-02,-1.928785269149930343e-02,1.665797599865466785e-02,-6.970739853412756537e-02,9.431012657949823866e-04,-1.547709004807820421e-01,-1.520294427243368829e-01,1.318710621434832364e-01,9.133275869934927294e-02,-1.808200537750190573e-01,3.524188512284787828e-02,-1.358641599805865408e-01,-1.681395491571316717e-04,-1.322718094685348825e-03,9.547646089512588929e-05,4.051888918199666274e-05,2.649792671791633271e-04,1.264579065917077619e-03,-4.763273552888839403e-80,8.257181451767818220e-80,6.962244264965041916e-80,-1.285748661699826607e-80,-1.331258911939862147e-80,3.485984938216527762e-81,-1.023876781017735508e-80,-2.672170330590207164e-83
-1.620338014389758122e-02,1.834215249018871646e-02,-1.133101272002574184e-02,-1.918977859581620649e-02,1.783089112679459021e-02,-8.069917552096431135e-02,2.998537884915187472e-03,-1.589898245325595261e-01,-1.488703428865232603e-01,1.449060588831632412e-01,9.177383298228265762e-02,-1.861130157218258696e-01,3.680859987829887547e-02,-1.396347669891016552e-01,-1.681395491571316717e-04,-1.322718094685348825e-03,9.547646089512588929e-05,4.051888918199666274e-05,2.649792671791633271e-04,1.264579065917077619e-03,-3.677847193280637417e-80,6.569959634613969617e-80,5.721706514471111096e-80,-9.198501563736058523e-81,-1.081392524650647386e-80,2.255764981545485497e-81,-8.369990569244144918e-81,-2.176403298474024684e-82
-1.292164144974043694e-02,1.668193672292952665e-02,-1.016351524263206692e-02,-1.644884451697029015e-02,1.652560687058437366e-02,-7.708962172016074754e-02,-2.832317551571409200e-04,-1.547871254938571195e-01,-1.591539890183163997e-01,1.429070243071337010e-01,8.933091453745900523e-02,-1.879299602276849890e-01,3.554501463683779061e-02,-1.416671593605530743e-01,-1.681395491571316717e-04,-1.322718094685348825e-03,9.547646089512588929e-05,4.051888918199666274e-05,2.649792671791633271e-04,1.264579065917077619e-03,-2.909797248525710071e-80,5.321192622914195574e-80,4.639304164446660520e-80,-5.770652777528432739e-81,-8.520109208831285592e-81,1.659882264231725399e-81,-6.777746202292678797e-81,-1.864873104852080799e-82
-1.086072245444589905e-02,1.208947430498684243e-02,-9.082531114679019343e-03,-1.498456049250571770e-02,1.807736355667950712e-02,-7.017333078502174804e-02,-4.121958379956578572e-04,-1.601770991382789056e-01,-1.604551436819251498e-01,1.376771182966294305e-01,8.665961734984793663e-02,-1.888383138225963598e-01,3.453317319823253490e-02,-1.424200645969330437e-01,-1.681395491571316717e-04,-1.322718094685348825e-03,9.547646089512588929e-05,4.051888918199666274e-05,2.649792671791633271e-04,1.264579065917077619e-03,-2.271511732667386880e-80,4.300740321732201935e-80,3.782932922668751185e-80,-3.666584067900868960e-81,-6.664287178553016238e-81,1.108106406423338912e-81,-5.481467323901847314e-81,-2.865605914403954175e-82
-9.951003506438392890e-03,6.859332102281430824e-03,-1.035627284332345764e-02,-1.085931398516963575e-02,1.809732983037071544e-02,-6.291107125931447164e-02,-5.769260625634724596e-03,-1.606402601241426475e-01,-1.646447422574627006e-01,1.199281165624038054e-01,8.376012007586289276e-02,-1.933362466647648159e-01,3.328240424465891273e-02,-1.475814564040368038e-01,-1.681395491571316717e-04,-1.322718094685348825e-03,9.547646089512588929e-05,4.051888918199666274e-05,2.649792671791633271e-04,1.264579065917077619e-03,-1.786978432809750432e-80,3.458250132964171379e-80,3.095947654356902494e-80,-2.665591407395785994e-81,-5.116708008100281380e-81,7.191452666305071338e-82,-4.396931674940338432e-81,-2.517203716435365895e-82
-8.246273015232265247e-03,1.018313154399117307e-02,-9.518198842884736249e-03,-7.364178321215473361e-03,1.815654942407219155e-02,-6.209195242985370011e-02,-6.887888633289443452e-03,-1.669194437454400437e-01,-1.648214860315845576e-01,1.152150097442778826e-01,8.126462858064746608e-02,-1.942134887557407652e-01,2.930231244680819164e-02,-1.499177715061826011e-01,-1.681395491571316717e-04,-1.322718094685348825e-03,9.547646089512588929e-05,4.051888918199666274e-05,2.649792671791633271e-04,1.264579065917077619e-03,-1.410514096674885926e-80,2.779753839248157732e-80,2.508776270290131718e-80,-1.866726336436446533e-81,-4.023809539368481806e-81,5.666366111117006999e-82,-3.531307631578741862e-81,-2.574983098654192371e-82
-3.946732536360251890e-03,1.019747699035711101e-02,-6.496657568012947741e-03,-2.740530591357081928e-03,1.758188081382703813e-02,-5.697779879546346904e-02,-1.540174414567482830e-02,-1.644202962184890815e-01,-1.706578477730264498e-01,1.114876343721659530e-01,7.994044449869285029e-02,-1.922420369986683197e-01,2.515927787023399323e-02,-1.506030832103054662e-01,-1.681395491571316717e-04,-1.322718094685348825e-03,9.547646089512588929e-05,4.051888918199666274e-05,2.649792671791633271e-04,1.264579065917077619e-03,-1.133571833168386563e-80,2.250107821789270467e-80,2.004798828833610662e-80,-1.219942763915201109e-81,-3.199763282262622316e-81,4.677032167647333202e-82,-2.819876869201179379e-81,-2.267347527153832562e-82
2.064346299969888228e-03,-8.155085201653304583e-04,-4.286307359202970804e-03,4.207687040764076028e-04,1.257297789748577921e-02,-4.407102293308302887e-02,-1.698301003393649922e-02,-1.615402856639757412e-01,-1.744297292293721935e-01,1.181103993913746736e-01,8.097091954334212360e-02,-1.912085713238224072e-01,2.212370482945181724e-02,-1.512273861954190057e-01,-1.681395491571316717e-04,-1.322718094685348825e-03,9.547646089512588929e-05,4.051888918199666274e-05,2.649792671791633271e-04,1.264579065917077619e-03,-9.100744291280157899e-81,1.815504344889845338e-80,1.590324591406878108e-80,-8.252697314464466230e-82,-2.597219567154600409e-81,4.103235589705514750e-82,-2.264297193219424614e-81,-1.730545533461924218e-82
9.022158049891206358e-03,-1.318377937206402853e-02,-5.293335121250779957e-03,-2.713261720096346065e-03,5.560098001887082801e-03,-3.368909252746935673e-02,-2.145959916758671121e-02,-1.634323434561567034e-01,-1.657564917165280649e-01,1.115963268549773207e-01,8.805647082506816437e-02,-1.899835200395961210e-01,2.788190883407392143e-02,-1.519005401448304815e-01,-1.681395491571316717e-04,-1.322718094685348825e-03,9.547646089512588929e-05,4.051888918199666274e-05,2.649792671791633271e-04,1.264579065917077619e-03,-7.229307932656591914e-81,1.453556016983410205e-80,1.267673128995948720e-80,-6.801093682817977290e-82,-2.116764705968984517e-81,3.525416252646718957e-82,-1.790140709066150475e-81,-1.881006819026255223e-82
1.454260323446299533e-02,-1.088580920207594775e-02,-4.412764757729390093e-03,-3.270991515749987425e-03,1.595430189055265478e-03,-3.390099770704559784e-02,-2.363069520779517013e-02,-1.621495823025766170e-01,-1.643127924808386042e-01,1.038473364757909745e-01,9.186344796178788630e-02,-1.873642613761737630e-01,3.006373868590704948e-02,-1.508568456054792395e-01,-1.681395491571316717e-04,-1.322718094685348825e-03,9.547646089512588929e-05,4.051888918199666274e-05,2.649792671791633271e-04,1.264579065917077619e-03,-5.801069036682911812e-81,1.167050834588198668e-80,1.001117805179281587e-80,-5.130108836928002959e-82,-1.701153556242882597e-81,2.947631289760661106e-82,-1.424210526694771191e-81,-1.479383379016429894e-82
1.564115865341396405e-02,-9.332936355297912628e-03,-2.975096659924413717e-03,-6.415519735382611312e-03,-6.836367455239447145e-04,-3.573433566679030254e-02,-1.663867307130742143e-02,-1.560154635939412504e-01,-1.695455434833023078e-01,1.104465785075413181e-01,9.612355844513686964e-02,-1.800692375356441610e-01,3.664282339811151396e-02,-1.436732671867586297e-01,-1.681395491571316717e-04,-1.322718094685348825e-03,9.547646089512588929e-05,4.051888918199666274e-05,2.649792671791633271e-04,1.264579065917077619e-03,-4.587471582053607908e-81,9.348556969222064417e-81,7.854329437415788823e-81,-3.953119615656289454e-82,-1.399029536855909846e-81,2.373288439803583767e-82,-1.139797424556708070e-81,-8.815427714934255786e-83
1.813875541868963104e-02,-1.150218141127338015e-02,2.459496541470646350e-03,-5.477140050849664023e-03,-6.674823975070085305e-03,-3.205926261314925863e-02,-4.079631856181108879e-03,-1.530864668445350296e-01,-1.695801991297358202e-01,1.136217223696606854e-01,1.010355287177504002e-01,-1.744897681877962403e-01,4.166579043749848998e-02,-1.369516398422052084e-01,-1.681395491571316717e-04,-1.322718094685348825e-03,9.547646089512588929e-05,4.051888918199666274e-05,2.649792671791633271e-04,1.264579065917077619e-03,-3.577348848146607490e-81,7.403895490102074517e-81,6.196176457463459570e-81,-3.806011908317308799e-82,-1.150578900526677724e-81,2.219795633572547794e-82,-9.179373557451035671e-82,-3.712421638992067920e-83
1.309462721632446112e-02,-1.247599647564865029e-02,5.486980915905933370e-03,-4.416705191278281345e-03,-7.071135800554383295e-03,-2.949905379492739899e-02,1.483881932547998286e-03,-1.544256722326949327e-01,-1.701199924110267103e-01,1.136631343511103620e-01,9.995156190179428635e-02,-1.726103314616819484e-01,4.282351328404614826e-02,-1.344096148978107530e-01,-1.681395491571316717e-04,-1.322718094685348825e-03,9.547646089512588929e-05,4.051888918199666274e-05,2.649792671791633271e-04,1.264579065917077619e-03,-2.756147588755735073e-81,5.837378011596647043e-81,4.919930798276804205e-81,-3.465046446769994693e-82,-9.493342482546015403e-82,1.942832012835192682e-82,-7.467559428668230063e-82,6.309396831001980295e-84
8.868777102619327529e-03,-4.769480879162867060e-03,5.989735151275332042e-03,-4.545573435267128565e-03,-6.896534162970363938e-03,-3.658580568844872760e-02,7.219283180025731252e-03,-1.603143487322961913e-01,-1.666949800752153821e-01,1.166834127512990094e-01,9.954383128245331003e-02,-1.724259474269555226e-01,4.286373693762515064e-02,-1.363378869683715688e-01,-1.681395491571316717e-04,-1.322718094685348825e-03,9.547646089512588929e-05,4.051888918199666274e-05,2.649792671791633271e-04,1.264579065917077619e-03,-2.103897265558931305e-81,4.585694226518795303e-81,3.930340886260485870e-81,-3.316307674018850647e-82,-7.732544812618896125e-82,1.647679386804908001e-82,-6.136333727649043713e-82,2.113289422929247860e-83
-1.198575565607368568e-03,-6.635060500922639222e-03,9.316290350160948489e-04,-5.952049669263693998e-03,8.654784803906580629e-04,-3.955548668092991743e-02,4.249193271735297525e-03,-1.556968672618952720e-01,-1.734595695315467589e-01,1.152944120981523879e-01,9.774188346588506826e-02,-1.731090886440306842e-01,4.056977823585451032e-02,-1.387624464333090391e-01,-1.681395491571316717e-04,-1.322718094685348825e-03,9.547646089512588929e-05,4.051888918199666274e-05,2.649792671791633271e-04,1.264579065917077619e-03,-1.669565816681670311e-81,3.641395780634753671e-81,3.123455833106011822e-81,-2.974273644279143606e-82,-6.248799015968281841e-82,1.411543791927407212e-82,-4.945414254507170687e-82,3.369873353097531484e-83
-7.061603970697988633e-03,1.323295051558500031e-03,-1.815895616556330392e-04,-4.167933365781287605e-03,3.657529428847693543e-03,-4.761275830830984102e-02,5.786150026795220877e-03,-1.540475169065392003e-01,-1.791561263875268428e-01,1.132253852937705335e-01,9.679552696260797229e-02,-1.736088945595171684e-01,3.821854750151953972e-02,-1.400039898521877602e-01,-1.681395491571316717e-04,-1.322718094685348825e-03,9.547646089512588929e-05,4.051888918199666274e-05,2.649792671791633271e-04,1.264579065917077619e-03,-1.315906302037136952e-81,2.884759746258216714e-81,2.499916123993374818e-81,-2.878394082246891596e-82,-5.074243681066594271e-82,1.301814429730915375e-82,-3.931971710522952733e-82,3.829447707467761150e-83
-1.464692287639161872e-02,2.653880563469352728e-03,-4.035096942355378795e-03,-2.096157067448643860e-03,9.127839389264348624e-03,-4.869513250062933868e-02,6.103969361715430066e-03,-1.497022604465649831e-01,-1.847922188343188721e-01,1.198611772734118341e-01,9.801335331720764654e-02,-1.752752657925227830e-01,4.018217768034286486e-02,-1.392332009682447913e-01,-1.681395491571316717e-04,-1.322718094685348825e-03,9.547646089512588929e-05,4.051888918199666274e-05,2.649792671791633271e-04,1.264579065917077619e-03,-1.040662337010363132e-81,2.289230802450919967e-81,2.007501044918468827e-81,-2.668614851039490007e-82,-4.121888234844586880e-82,1.142804481855400526e-82,-3.162753000258801957e-82,3.938180058575864508e-83
-1.938864663562084659e-02,7.984518456600850356e-03,-8.977534061927494938e-03,-2.461097894504873582e-03,1.459455840438222789e-02,-5.413902820924525183e-02,5.716936005806681244e-03,-1.552301895677752341e-01,-1.795672098130672856e-01,1.236292240351778010e-01,9.975040880414552669e-02,-1.799205789798887511e-01,4.145835246353146014e-02,-1.398618651622301479e-01,-1.681395491571316717e-04,-1.322718094685348825e-03,9.547646089512588929e-05,4.051888918199666274e-05,2.649792671791633271e-04,1.264579065917077619e-03,-8.335735697929979220e-82,1.824330417920854433e-81,1.611220878851002926e-81,-2.340254703045383407e-82,-3.397709665021467423e-82,9.742862932847983342e-83,-2.499375054344321401e-82,3.238791542971605116e-83
-2.432227919440914030e-02,3.246075073003698748e-03,-1.531240410644134006e-02,-4.169704143106708547e-03,1.683077171924580312e-02,-5.027841181637782847e-02,8.901185007706913926e-03,-1.628227542078804213e-01,-1.736032063521359969e-01,1.087808004927026118e-01,1.000027403153033179e-01,-1.857659755478598962e-01,4.090981911168940083e-02,-1.432275863301873953e-01,-1.681395491571316717e-04,-1.322718094685348825e-03,9.547646089512588929e-05,4.051888918199666274e-05,2.649792671791633271e-04,1.264579065917077619e-03,-6.649081597765144543e-82,1.451152368715715614e-81,1.310783881399642909e-81,-2.124045085540858264e-82,-2.741183892145951095e-82,8.176107704865102320e-83,-1.983684278812450820e-82,2.741790354260377083e-83
-1.518086592306043363e-02,-1.750386875546731946e-03,-1.591581866282632679e-02,-6.500585785904747227e-03,8.304516985479010530e-03,-4.802442146471090634e-02,1.701097680867167880e-02,-1.604204732664009370e-01,-1.764809202607245386e-01,1.070094601117577704e-01,1.022679658944251058e-01,-1.824952089123027255e-01,4.390593346795194918e-02,-1.425359077374192818e-01,-1.681395491571316717e-04,-1.322718094685348825e-03,9.547646089512588929e-05,4.051888918199666274e-05,2.649792671791633271e-04,1.264579065917077619e-03,-5.101093548103521855e-82,1.165732004740273690e-81,1.057495512671379918e-81,-1.827863633580418163e-82,-2.203934870045276472e-82,6.394400774116482105e-83,-1.618773194748531301e-82,2.495805062894053693e-83
-6.631889845371663483e-03,2.841972896286484168e-03,-1.580294994267853609e-02,-8.808131104372632358e-03,2.017790616409134881e-03,-5.310949279489760727e-02,2.233620471212292499e-02,-1.599389563568872352e-01,-1.805708696782394318e-01,1.138870507467714122e-01,1.012582056046843343e-01,-1.828421185338305888e-01,4.472588134361722007e-02,-1.421472568301146433e-01,-1.681395491571316717e-04,-1.322718094685348825e-03,9.547646089512588929e-05,4.051888918199666274e-05,2.649792671791633271e-04,1.264579065917077619e-03,-3.917745800177865847e-82,9.374641147367995821e-82,8.565026448064873572e-82,-1.548647102427667132e-82,-1.776317802775452486e-82,4.950520460963456811e-83,-1.330123490889697566e-82,2.648948977341582429e-83
-5.927437394322690629e-03,1.115200186490994567e-02,-1.595276983128765882e-02,-8.280168974818315555e-03,3.965385944404464444e-03,-6.153352495012465173e-02,2.364083692708181944e-02,-1.619112114849910466e-01,-1.816049325411381310e-01,1.254783234802066272e-01,1.020983675328349521e-01,-1.808850224817404873e-01,4.614167946432964906e-02,-1.395592905933795980e-01,-1.681395491571316717e-04,-1.322718094685348825e-03,9.547646089512588929e-05,4.051888918199666274e-05,2.649792671791633271e-04,1.264579065917077619e-03,-2.963415656230727376e-82,7.576404023921540631e-82,6.930960276220989001e-82,-1.293172264459509113e-82,-1.442487774073538426e-82,3.467400304887603830e-83,-1.108105519770706856e-82,2.275596325757302683e-83
-3.847156996425803426e-03,1.796219901050530310e-02,-1.250943318093690644e-02,-7.743352860746884579e-03,3.806551586617270416e-03,-6.796987800121628842e-02,2.083145898220398196e-02,-1.730244131966253152e-01,-1.751584121550895934e-01,1.302091640045630050e-01,1.000643677225160899e-01,-1.878940160584332553e-01,4.581550521279741106e-02,-1.434027129104122611e-01,-1.681395491571316717e-04,-1.322718094685348825e-03,9.547646089512588929e-05,4.051888918199666274e-05,2.649792671791633271e-04,1.264579065917077619e-03,-2.227070642782141262e-82,6.053220782055519570e-82,5.729594264408814108e-82,-1.143390019534667220e-82,-1.160926527430246431e-82,2.364366724559358866e-83,-9.133271409194594912e-83,1.742717766090212166e-83
-3.468942184746352797e-03,1.876189077788472173e-02,-4.549976136453314640e-03,-8.533390427948777182e-04,5.365839265202166503e-03,-6.166370366677535741e-02,1.226750239407820714e-02,-1.852619610384833582e-01,-1.692294747073511130e-01,1.338606582260342404e-01,9.885274969544437240e-02,-1.869666776583756018e-01,4.258129296183129492e-02,-1.445555725186125351e-01,-1.681395491571316717e-04,-1.322718094685348825e-03,9.547646089512588929e-05,4.051888918199666274e-05,2.649792671791633271e-04,1.264579065917077619e-03,-1.678277801650384105e-82,4.861779991893913362e-82,4.715421233941696089e-82,-9.638528795256535126e-83,-9.568349688113681154e-83,1.640778107757008646e-83,-7.676043793625180292e-83,1.367736845924222330e-83
-6.232718679600003815e-03,2.068869528161498481e-02,1.682345650082757611e-03,7.409781214236571024e-03,1.025326773163415771e-02,-5.878072001611747699e-02,8.553276068237908661e-03,-1.881637599361104252e-01,-1.680773302302766281e-01,1.312267423603130923e-01,9.969709868226460381e-02,-1.842766121961322279e-01,4.130871215214416275e-02,-1.443520787491023027e-01,-1.681395491571316717e-04,-1.322718094685348825e-03,9.547646089512588929e-05,4.051888918199666274e-05,2.649792671791633271e-04,1.264579065917077619e-03,-1.340520067353651004e-82,3.979232080165784483e-82,3.826160625782710499e-82,-7.742560312340559523e-83,-7.720454656203630335e-83,1.173971646950260560e-83,-6.391892093438986774e-83,8.750113517592129861e-84
-6.089536978768323762e-03,1.403972637284260291e-02,2.334140148159395082e-03,9.396993443013071726e-03,8.196623711210987775e-03,-5.525180080482616773e-02,4.784360962487065397e-03,-1.877169111636839138e-01,-1.706735839608958250e-01,1.284762936569885938e-01,9.809137895096418924e-02,-1.874302429585976981e-01,4.076887518768540497e-02,-1.449372787685636321e-01,-1.681395491571316717e-04,-1.322718094685348825e-03,9.547646089512588929e-05,4.051888918199666274e-05,2.649792671791633271e-04,1.264579065917077619e-03,-1.071214952914856047e-82,3.265496453194821308e-82,3.098981689636312103e-82,-6.000041975637975185e-83,-6.281699305069157741e-83,8.541704408479297682e-84,-5.176035019478583224e-83,5.850794229791815285e-84
-6.893232481003845266e-03,1.015371593963827063e-02,-2.680404416058762042e-04,8.907472159409852985e-03,9.538574052479417698e-03,-5.377969587501383458e-02,-2.581037092109927759e-03,-1.841594441758087064e-01,-1.768858286954314296e-01,1.258561341458169780e-01,9.870284616410444911e-02,-1.857813929948915477e-01,4.094491505411036736e-02,-1.426159734587549577e-01,-1.681395491571316717e-04,-1.322718094685348825e-03,9.547646089512588929e-05,4.051888918199666274e-05,2.649792671791633271e-04,1.264579065917077619e-03,-8.824498354482090990e-83,2.697841180992803688e-82,2.489347456944815247e-82,-4.419648836457711493e-83,-5.048504394253427006e-83,5.929839577960077018e-84,-4.284968238890662986e-83,5.137657634933953191e-84
-1.080256648485039724e-02,3.244602963287747388e-03,-3.484041296599021606e-03,4.760155076338315298e-03,1.385468691590970719e-02,-4.903710450511458707e-02,-8.014499172142426631e-03,-1.744114533495076946e-01,-1.881735189287367105e-01,1.343192774312262083e-01,1.013338262919241672e-01,-1.856853775642515747e-01,4.174767727987954008e-02,-1.404880094477925778e-01,-1.681395491571316717e-04,-1.322718094685348825e-03,9.547646089512588929e-05,4.051888918199666274e-05,2.649792671791633271e-04,1.264579065917077619e-03,-7.505214645679206294e-83,2.233065754181360695e-82,1.988806432142882239e-82,-3.134854304412907945e-83,-4.049474907194637673e-83,4.535513071565034344e-84,-3.567596557937261039e-83,4.533149682642318670e-84
-1.165734456328547212e-02,-3.002617391591117131e-03,-8.295659167014949112e-03,-4.785227143988312129e-04,1.386786327875381974e-02,-4.586451152247666974e-02,-9.246361534202678437e-03,-1.707189188416413095e-01,-1.933851289254561179e-01,1.390377337909298461e-01,1.010737104511556378e-01,-1.911582951892602245e-01,3.981951940849553367e-02,-1.429474244953255757e-01,-1.681395491571316717e-04,-1.322718094685348825e-03,9.547646089512588929e-05,4.051888918199666274e-05,2.649792671791633271e-04,1.264579065917077619e-03,-6.296294513877555775e-83,1.830180057503444178e-82,1.602636423722593117e-82,-2.279053459757753663e-83,-3.260348239486170425e-83,3.766140701086747439e-84,-2.966745942269176522e-83,4.018880860656765458e-84
-1.725570177500809765e-02,-2.715939774792196226e-03,-1.027560169336629199e-02,-4.305357625656969049e-03,2.326205569113564200e-02,-4.685874749004648870e-02,-8.176921616794471590e-03,-1.706574084022167426e-01,-1.922447247810448179e-01,1.470442050705316472e-01,1.014855005199951921e-01,-1.954976663192575514e-01,4.229471738175698964e-02,-1.421346299481157371e-01,-1.681395491571316717e-04,-1.322718094685348825e-03,9.547646089512588929e-05,4.051888918199666274e-05,2.649792671791633271e-04,1.264579065917077619e-03,-5.158532880331013777e-83,1.489921633503293020e-82,1.296007462923897545e-82,-1.632713602778951363e-83,-2.708922967557098870e-83,3.027103660777351164e-84,-2.456507439731430343e-83,2.964683513438031193e-84
-1.430666238946116248e-02,-4.308586992192625469e-03,-6.772815511574227162e-03,-6.061253411277449550e-03,2.680509833112328447e-02,-3.981169576105760693e-02,-9.218147616987125773e-03,-1.677878603552971359e-01,-1.935257775823023274e-01,1.563943748628295882e-01,1.032879123121634157e-01,-2.020857367372998759e-01,4.673686414721278659e-02,-1.412327868464906544e-01,-1.681395491571316717e-04,-1.322718094685348825e-03,9.547646089512588929e-05,4.051888918199666274e-05,2.649792671791633271e-04,1.264579065917077619e-03,-4.200491445425682945e-83,1.214286406197956876e-82,1.049750220041889528e-82,-1.174369336685753821e-83,-2.213072848074680976e-83,2.167974498736980240e-84,-2.009538071806202921e-83,2.379361456606016699e-84
-1.013275722260495101e-02,8.035272962954066733e-03,-6.954232235676983433e-03,-9.043319767965483924e-03,2.785204577618220420e-02,-5.087899643114500436e-02,-8.511830650062335302e-03,-1.768824897335321833e-01,-1.864158619708373432e-01,1.609806321989328548e-01,1.030894240343732254e-01,-2.063954282643352123e-01,4.994700906650233196e-02,-1.429517583214592880e-01,-1.681395491571316717e-04,-1.322718094685348825e-03,9.547646089512588929e-05,4.051888918199666274e-05,2.649792671791633271e-04,1.264579065917077619e-03,-3.350497331293369473e-83,9.841869101827411321e-83,8.588227172488728967e-83,-8.400422604235285159e-84,-1.810298046833234214e-83,1.209383196598425511e-84,-1.655243605862372328e-83,2.059992852401887253e-84
-6.931617665822099872e-03,1.861393935708650915e-02,-1.023924710637932542e-02,-1.026445611415150241e-02,2.763530941170406693e-02,-6.150118836963817948e-02,-6.317075695964551735e-03,-1.849222595544469105e-01,-1.845638224446820574e-01,1.687840263221862258e-01,1.020011664222056080e-01,-2.051980163654519296e-01,4.966160811900709182e-02,-1.424328264827365298e-01,-1.681395491571316717e-04,-1.322718094685348825e-03,9.547646089512588929e-05,4.051888918199666274e-05,2.649792671791633271e-04,1.264579065917077619e-03,-2.695728327839197174e-83,8.006736627403181669e-83,6.997208871861144537e-83,-5.779443309560054338e-84,-1.510889058281258958e-83,7.693162084257445811e-85,-1.373061636934456704e-83,1.582238617696201204e-84
-3.241570809387313290e-03,2.514855863270879649e-02,-1.118782775869212390e-02,-9.719585599384635011e-03,2.439949955052649749e-02,-6.774028717302482683e-02,-5.215339289539848086e-03,-1.931293290346279279e-01,-1.822129918947715532e-01,1.680462916246383553e-01,1.000773038216488386e-01,-2.056501281327529351e-01,5.101772831380875506e-02,-1.407466733562720840e-01,-1.681395491571316717e-04,-1.322718094685348825e-03,9.547646089512588929e-05,4.051888918199666274e-05,2.649792671791633271e-04,1.264579065917077619e-03,-2.129158522149217443e-83,6.458006764370097562e-83,5.772197196436127258e-83,-4.424155753667516578e-84,-1.266006021804364568e-83,5.996259646861671216e-85,-1.131138466836821535e-83,1.126665706008364461e-84
-3.976610481490556841e-03,2.771483654085848264e-02,-9.930839435529106168e-03,-1.177658279295381617e-02,2.256418984253192456e-02,-7.319778027550995214e-02,-1.208540029710836010e-02,-1.966316448753554769e-01,-1.847667111915729798e-01,1.753656572854532525e-01,9.750530833645602857e-02,-2.074230614660980965e-01,4.802284321381020127e-02,-1.430255380449217961e-01,-1.681395491571316717e-04,-1.322718094685348825e-03,9.547646089512588929e-05,4.051888918199666274e-05,2.649792671791633271e-04,1.264579065917077619e-03,-1.787949076454233215e-83,5.282669412373138644e-83,4.708307920313623979e-83,-3.072489070426723708e-84,-1.054107009520603474e-83,4.253821075053313081e-85,-9.305938285984687759e-84,9.033332536484825234e-85
-9.978533497955505323e-04,2.793373853392681558e-02,-9.008992521010986479e-03,-1.342084376148960055e-02,1.653315276539952389e-02,-7.673244437566026366e-02,-1.959574124696337322e-02,-1.916167997842261050e-01,-1.939756208992091113e-01,1.866300063670154885e-01,9.352365186883138115e-02,-2.085692398449996154e-01,4.628613923256384710e-02,-1.458860783811223860e-01,-1.681395491571316717e-04,-1.322718094685348825e-03,9.547646089512588929e-05,4.051888918199666274e-05,2.649792671791633271e-04,1.264579065917077619e-03,-1.538687384091019384e-83,4.337067381585650774e-83,3.813613609125399503e-83,-1.993607131058669771e-84,-8.840364931109924663e-84,2.509129702408461300e-85,-7.711794593899378165e-84,8.883293630690716214e-85
1.508516242615914882e-03,2.337248542881369823e-02,-8.193677977670925025e-03,-1.454558384858213246e-02,1.042912337585442072e-02,-7.585514967180351231e-02,-2.015351800279221312e-02,-1.930590957958130960e-01,-1.936792194954524982e-01,1.867897430258580738e-01,9.341292743918178099e-02,-2.084275301155813498e-01,4.763883302886281340e-02,-1.457940527584317414e-01,-1.681395491571316717e-04,-1.322718094685348825e-03,9.547646089512588929e-05,4.051888918199666274e-05,2.649792671791633271e-04,1.264579065917077619e-03,-1.326990784745208200e-83,3.552200046504084369e-83,3.115519109889746406e-83,-1.544180712822194767e-84,-7.307530793826582019e-84,7.243360431881990960e-86,-6.397252216441037160e-84,8.741865730520150186e-85
6.811266491105982118e-03,1.546320738922002738e-02,-1.011182019925958506e-02,-1.589426669849445736e-02,1.362390592700686923e-03,-7.353773683029977970e-02,-1.851672597348666058e-02,-1.939070357994836513e-01,-1.961062189108892517e-01,1.795265882473283114e-01,9.285503750363655051e-02,-2.103410850453738268e-01,4.690565640997072794e-02,-1.478443814428875569e-01,-1.681395491571316717e-04,-1.322718094685348825e-03,9.547646089512588929e-05,4.051888918199666274e-05,2.649792671791633271e-04,1.264579065917077619e-03,-1.146596293159761519e-83,2.921963576180399005e-83,2.541042597279151499e-83,-1.088565952868608299e-84,-6.056677973699253385e-84,7.206558259482017526e-86,-5.228224327493592823e-84,8.237845087477283453e-85
5.495699471077698274e-03,-9.527116496959794900e-05,-8.386171797278860543e-03,-1.467977247468712533e-02,-5.242481743758036286e-03,-6.260388998024214724e-02,-1.790251848759384992e-02,-1.985470935749424071e-01,-1.951067559754782466e-01,1.731837108998389163e-01,9.369902192036344557e-02,-2.117818861752568393e-01,4.147521049890046108e-02,-1.536071926072482552e-01,-1.681395491571316717e-04,-1.322718094685348825e-03,9.547646089512588929e-05,4.051888918199666274e-05,2.649792671791633271e-04,1.264579065917077619e-03,-9.597952317292362175e-84,2.392477118889791570e-83,2.086324253491125982e-83,-7.081931392830771454e-85,-5.046241011560894614e-84,6.308340984485156484e-86,-4.323944160195577177e-84,6.361684689082460914e-85
7.040988640241038765e-03,-9.834941330318001072e-04,-1.110006533765506287e-02,-1.435538622807194797e-02,-9.603809748535391266e-03,-6.685098388280276416e-02,-1.646358240445952928e-02,-2.076086497152445087e-01,-1.911567617998312096e-01,1.740903931159384910e-01,9.149629847423576545e-02,-2.110851295383165682e-01,3.826492312277023772e-02,-1.554277912428563280e-01,-1.681395491571316717e-04,-1.322718094685348825e-03,9.547646089512588929e-05,4.051888918199666274e-05,2.649792671791633271e-04,1.264579065917077619e-03,-8.107718214857076421e-84,1.955267552662016534e-83,1.715309975010918883e-83,-3.297930524059221239e-85,-4.194874581309143588e-84,1.683580730186244169e-86,-3.587806763583070380e-84,5.028051646685252442e-85
3.715978287898733488e-03,6.234211482613149884e-04,-9.980224543864558637e-03,-1.317439052266834026e-02,-1.119317478124565689e-02,-7.156659323337678791e-02,-1.543047949829481555e-02,-2.138375205609643337e-01,-1.863542970564189549e-01,1.707368126530458274e-01,9.396166927251316248e-02,-2.073776022098469674e-01,3.626637949559621127e-02,-1.570698346484041275e-01,-1.681395491571316717e-04,-1.322718094685348825e-03,9.547646089512588929e-05,4.051888918199666274e-05,2.649792671791633271e-04,1.264579065917077619e-03,-6.803432813886365860e-84,1.597644875498556064e-83,1.414612489298578809e-83,-1.150164314936633267e-85,-3.472490846914984155e-84,1.741697930027078226e-86,-3.028058527938058218e-84,3.467332963624549676e-85
1.548205606899831152e-04,-7.080977669206685310e-03,-8.655741192143641058e-03,-1.056024638197138391e-02,-1.182171614104828190e-02,-6.504395712450364297e-02,-1.275259063353345081e-02,-2.246543917964196890e-01,-1.785821436413864427e-01,1.693608843150320176e-01,9.367364185413941391e-02,-2.098629651009924491e-01,3.140142986534683045e-02,-1.626747134930060512e-01,-1.681395491571316717e-04,-1.322718094685348825e-03,9.547646089512588929e-05,4.051888918199666274e-05,2.649792671791633271e-04,1.264579065917077619e-03,-5.764199268739124778e-84,1.306424361875729317e-83,1.172008249197164817e-83,2.515760968469425302e-86,-2.863154252988784508e-84,3.158675123877903343e-86,-2.553758589858184256e-84,1.736761209481149377e-85
-7.318588237716886109e-03,-1.394865444303226495e-02,-7.980737439332927577e-03,-6.012047949703482920e-03,-5.776830424466293870e-03,-5.772067839379965704e-02,-1.249040141462224446e-02,-2.267400640347767837e-01,-1.760613482852668721e-01,1.689100257664883364e-01,9.471988067965844693e-02,-2.096732536784016443e-01,2.824442015622673219e-02,-1.656723983438463388e-01,-1.681395491571316717e-04,-1.322718094685348825e-03,9.547646089512588929e-05,4.051888918199666274e-05,2.649792671791633271e-04,1.264579065917077619e-03,-4.945671086910625508e-84,1.079022748572398379e-83,9.642445648529545567e-84,1.156012725470535352e-85,-2.359008881244714548e-84,4.321123358447765684e-86,-2.138392755965894915e-84,6.287607158053031461e-86
-1.174946216899441960e-02,-1.104390570019225803e-02,-7.392506122358596422e-03,-5.139830482667678141e-03,-8.424417538637225117e-04,-5.908434206395128674e-02,-1.626317761409433807e-02,-2.225935575134688482e-01,-1.755670281017197576e-01,1.714218823570698436e-01,9.912173225542547650e-02,-2.054846036341071713e-01,2.795742452006557202e-02,-1.644359585251557176e-01,-1.681395491571316717e-04,-1.322718094685348825e-03,9.547646089512588929e-05,4.051888918199666274e-05,2.649792671791633271e-04,1.264579065917077619e-03,-4.319334675296618370e-84,9.032582331515106325e-84,7.872789196626570270e-84,2.246071428134919565e-85,-1.950774668657481342e-84,3.605453238064159024e-86,-1.802048293608344325e-84,-2.876349834214537689e-86
-1.402892566758917256e-02,-8.982898449977832350e-03,-1.532134315295399264e-03,-2.995751483529042383e-03,3.227126135204382712e-03,-5.372167158324687997e-02,-1.780877192362525022e-02,-2.130186723893702783e-01,-1.786518386604444564e-01,1.845640686848318834e-01,1.029904034646299676e-01,-2.042123779108654946e-01,2.855457231811850405e-02,-1.620735324894642670e-01,-1.681395491571316717e-04,-1.322718094685348825e-03,9.547646089512588929e-05,4.051888918199666274e-05,2.649792671791633271e-04,1.264579065917077619e-03,-3.789176221852991754e-84,7.548716161582682476e-84,6.450708892258072933e-84,2.189213502480284971e-85,-1.622757634493594261e-84,3.268524054498280082e-86,-1.523899263424246422e-84,-7.232992847246978029e-86
-1.748308265020371774e-02,9.007542651335125050e-04,-4.947279263387019399e-03,-4.062376618312350460e-03,1.281740861066468437e-02,-5.981457955766908419e-02,-1.296783366039579860e-02,-2.050430621842168344e-01,-1.821696068622039588e-01,1.923124156132336449e-01,1.064334805468891282e-01,-2.050730814043894012e-01,3.030359712607790315e-02,-1.626162263699379440e-01,-1.681395491571316717e-04,-1.322718094685348825e-03,9.547646089512588929e-05,4.051888918199666274e-05,2.649792671791633271e-04,1.264579065917077619e-03,-3.353081203313101034e-84,6.353141476253979956e-84,5.262747045648126761e-84,2.475509175684187839e-85,-1.343987542409528643e-84,1.673609105488793800e-86,-1.298071032538770760e-84,-8.773914850515010070e-86
-1.391793918209276171e-02,3.699397195183853557e-03,-5.717978785069966798e-03,-7.276174113037599950e-05,1.408948076473805558e-02,-5.725523285635830684e-02,-1.705554773627107612e-02,-1.960645093853586041e-01,-1.911185282734078617e-01,1.982636639629870023e-01,1.077861243393043872e-01,-2.073893175823065538e-01,3.141961555303133397e-02,-1.638092182090778726e-01,-1.681395491571316717e-04,-1.322718094685348825e-03,9.547646089512588929e-05,4.051888918199666274e-05,2.649792671791633271e-04,1.264579065917077619e-03,-2.899429980185791335e-84,5.325313751171179327e-84,4.345607192382337851e-84,2.418880345007950593e-85,-1.087465048947686575e-84,3.616243563179242266e-87,-1.114142676738345886e-84,-8.593356881679106700e-86
-9.842828967373378965e-03,5.506958193357177657e-03,-6.287917306672015545e-03,6.231602881322443992e-04,1.401124758570142237e-02,-5.488434962138654533e-02,-2.186803006038532185e-02,-2.008833765954278483e-01,-1.906942208451796461e-01,1.912386020802447073e-01,1.114692878600886117e-01,-2.049413552923661508e-01,3.165302812484782624e-02,-1.634700615519456557e-01,-1.681395491571316717e-04,-1.322718094685348825e-03,9.547646089512588929e-05,4.051888918199666274e-05,2.649792671791633271e-04,1.264579065917077619e-03,-2.416917055433044687e-84,4.457077976818558272e-84,3.626546925400026299e-84,2.465553981073524762e-85,-8.922087986833133500e-85,-5.263067427774771153e-87,-9.576278685986754346e-85,-1.058457522736041514e-85
-1.578587204531195151e-02,5.151509351446874503e-03,-8.688341287001164620e-03,4.583487323256740841e-04,2.007389352214474301e-02,-5.226973018920642866e-02,-1.960736911354565848e-02,-2.012407624192943667e-01,-1.907939114678762205e-01,1.853579184667737412e-01,1.127648543670872472e-01,-1.951197361408556208e-01,3.434612640428258423e-02,-1.569027178437595871e-01,-1.681395491571316717e-04,-1.322718094685348825e-03,9.547646089512588929e-05,4.051888918199666274e-05,2.649792671791633271e-04,1.264579065917077619e-03,-1.956507279962315134e-84,3.701462023077479205e-84,3.003580030948044171e-84,2.480328935085795858e-85,-7.627911824784324124e-85,4.073666161460117407e-87,-8.358334554405256366e-85,-1.311180296451458138e-85
-2.124559288199298970e-02,4.415495168246266929e-03,-1.297508776100719796e-02,4.878127632732452376e-04,2.856264397603312105e-02,-5.018158585783059900e-02,-1.416931946843704056e-02,-2.020755315731775359e-01,-1.908174824243962509e-01,1.771232707316306165e-01,1.131905590299907283e-01,-1.881141839053226406e-01,3.801467670421825734e-02,-1.509058616542671150e-01,-1.681395491571316717e-04,-1.322718094685348825e-03,9.547646089512588929e-05,4.051888918199666274e-05,2.649792671791633271e-04,1.264579065917077619e-03,-1.577091351888700834e-84,3.056035568805257695e-84,2.520827107532080221e-84,2.094346433725410905e-85,-6.429240613835786269e-85,5.037991075288475875e-87,-7.201642852064529833e-85,-1.299064397676760507e-85
-2.345390481440144323e-02,1.755174432860442599e-02,-1.994587207779505850e-02,-3.989644866430401907e-03,3.486144222128213094e-02,-6.469475946436847869e-02,-8.274650573255281499e-03,-2.056566611737181416e-01,-1.879529974714920226e-01,1.671456508800210072e-01,1.125197040991158942e-01,-1.880039907863786941e-01,4.103374631764209607e-02,-1.502068723599197519e-01,-1.681395491571316717e-04,-1.322718094685348825e-03,9.547646089512588929e-05,4.051888918199666274e-05,2.649792671791633271e-04,1.264579065917077619e-03,-1.270347685413719911e-84,2.518899091671371176e-84,2.129606235218517602e-84,1.555848807015024827e-85,-5.277243446146958712e-85,7.943396187811895179e-87,-6.189267593272133795e-85,-1.221777725806373437e-85
-1.890547179123226382e-02,2.108448726637667664e-02,-2.640136341774029088e-02,-8.052639333302403363e-03,3.110876546254132125e-02,-7.179325409514457357e-02,-6.607854017944962167e-03,-2.126034382777163556e-01,-1.785431338767690113e-01,1.515197447691704891e-01,1.157025073780164337e-01,-1.923763462861252660e-01,4.376485966811824446e-02,-1.528245115321305581e-01,-1.681395491571316717e-04,-1.322718094685348825e-03,9.547646089512588929e-05,4.051888918199666274e-05,2.649792671791633271e-04,1.264579065917077619e-03,-1.010958516921677986e-84,2.072605803341884705e-84,1.807417153355477329e-84,9.379919348662562747e-86,-4.378711228947314956e-85,4.976157046165787728e-87,-5.246317128362256347e-85,-1.203289745446581616e-85
-2.345394721586898171e-02,1.435227820701892240e-02,-2.989723204010200780e-02,-1.268983118332537262e-02,3.189679173423527747e-02,-7.123344139325431257e-02,-3.397298801067134052e-03,-2.192303979435226147e-01,-1.697481126360841364e-01,1.425746765554068984e-01,1.197929455222480621e-01,-1.966029379193379723e-01,4.522405282387275544e-02,-1.550648772859785363e-01,-1.681395491571316717e-04,-1.322718094685348825e-03,9.547646089512588929e-05,4.051888918199666274e-05,2.649792671791633271e-04,1.264579065917077619e-03,-8.045839261710381272e-85,1.703484373172179104e-84,1.536825753268730480e-84,5.108267057140456503e-86,-3.661905699623813073e-85,5.184123518780981253e-90,-4.426835609460199991e-85,-1.128355367727191077e-85
-2.799328380213162229e-02,9.180511353488646914e-03,-3.217703273083156318e-02,-1.524376381922868534e-02,3.291299172992901562e-02,-7.202581275074258771e-02,-8.826832708934253049e-04,-2.236652014502470698e-01,-1.621241537352873241e-01,1.507244283817179009e-01,1.202125314695114688e-01,-2.022477040037507778e-01,4.984306168429959022e-02,-1.532973615031282544e-01,-1.681395491571316717e-04,-1.322718094685348825e-03,9.547646089512588929e-05,4.051888918199666274e-05,2.649792671791633271e-04,1.264579065917077619e-03,-6.493711218424583172e-85,1.405444133738799249e-84,1.294379543097314061e-84,2.929574721265245537e-86,-3.120888089085257019e-85,-1.012591654250185328e-86,-3.714248176682705781e-85,-1.050821930427622165e-85
-2.813893747183695768e-02,1.121580597749626852e-02,-3.584264674512736143e-02,-1.740212674116367250e-02,3.077901248826391337e-02,-7.696147674407353978e-02,-4.855965230031456838e-03,-2.289810167102801219e-01,-1.639955327527060913e-01,1.673322593884764287e-01,1.135973411988984300e-01,-2.083696383120209328e-01,4.726776209090137459e-02,-1.532087201795283848e-01,-1.681395491571316717e-04,-1.322718094685348825e-03,9.547646089512588929e-05,4.051888918199666274e-05,2.649792671791633271e-04,1.264579065917077619e-03,-5.468417111459330437e-85,1.170575602034724641e-84,1.082378428239293514e-84,2.080344735026376120e-86,-2.663216196496767035e-85,-1.059465988606221309e-86,-3.075143435658147722e-85,-9.223537058193611723e-86
-2.578944376003110620e-02,1.112865610040793436e-02,-3.742142476206085366e-02,-1.697341213955622444e-02,2.591598486114688252e-02,-7.754911739061344511e-02,-7.663746542305680323e-03,-2.301638884964885001e-01,-1.678565259626104700e-01,1.820603093713096809e-01,1.095475955941593860e-01,-2.088946217429826779e-01,4.323013531470971255e-02,-1.539542392154998607e-01,-1.681395491571316717e-04,-1.322718094685348825e-03,9.547646089512588929e-05,4.051888918199666274e-05,2.649792671791633271e-04,1.264579065917077619e-03,-4.715102496946188470e-85,9.790224646529183117e-85,8.990430927757848294e-85,2.026743824162689524e-86,-2.288292780137551045e-85,-7.382873718763116965e-87,-2.538242364972624572e-85,-7.899220406299987801e-86
-2.813552366914400665e-02,1.823434064812508304e-02,-3.877409166392236511e-02,-1.652354231886767749e-02,2.830717392565086643e-02,-8.464514505487827356e-02,-1.350911231897396550e-02,-2.148188017973869379e-01,-1.837892532178313498e-01,1.981412361913969244e-01,1.095556303475881815e-01,-2.116396468343336168e-01,4.266431072652575318e-02,-1.580930871581685271e-01,-1.681395491571316717e-04,-1.322718094685348825e-03,9.547646089512588929e-05,4.051888918199666274e-05,2.649792671791633271e-04,1.264579065917077619e-03,-4.182378582362395276e-85,8.284504550867794866e-85,7.432537979154880432e-85,1.816510662008986717e-86,-1.953543033512167961e-85,-3.610365516299320242e-87,-2.066489497969807716e-85,-6.650665752014147881e-86
-2.384017054465591839e-02,2.005416948206535654e-02,-3.456170312789713650e-02,-1.541019619018878933e-02,2.727624029401271716e-02,-8.271377559014185532e-02,-1.285957405920806935e-02,-2.081035344310624424e-01,-1.949726189100777496e-01,2.149549322824182152e-01,1.053986703288203319e-01,-2.151953019726260408e-01,4.153387849599535220e-02,-1.619739181210383128e-01,-1.681395491571316717e-04,-1.322718094685348825e-03,9.547646089512588929e-05,4.051888918199666274e-05,2.649792671791633271e-04,1.264579065917077619e-03,-3.667496462978138000e-85,7.031216818933110747e-85,6.169165670416159257e-85,1.782127473133804384e-86,-1.668696724710976969e-85,-4.656811649211999928e-87,-1.677982419877258094e-85,-5.479570696331505645e-86
-1.939924965110886163e-02,1.478375236398618564e-02,-3.412498353500337950e-02,-1.504343445839688084e-02,2.120313363862237968e-02,-7.810203599292867005e-02,-1.859515011191972128e-02,-2.047666301002107614e-01,-2.006490204883437933e-01,2.105509107940571334e-01,1.065049146106882144e-01,-2.148288924595418425e-01,4.081908498047245870e-02,-1.625170137541349924e-01,-1.681395491571316717e-04,-1.322718094685348825e-03,9.547646089512588929e-05,4.051888918199666274e-05,2.649792671791633271e-04,1.264579065917077619e-03,-3.101687355750181736e-85,6.005578875771676337e-85,5.136308014697454309e-85,1.841679461400379543e-86,-1.421225632775776776e-85,-4.382225165187784561e-87,-1.383917070136451093e-85,-4.717911676554073071e-86
-2.376445499515306148e-02,2.189816771176279070e-02,-3.768195302168946687e-02,-1.437275038147052021e-02,2.499671439738127693e-02,-8.527676087741488387e-02,-1.032288007847603079e-02,-2.024345249708967565e-01,-2.037623042202783286e-01,2.098694563429491511e-01,1.122616265573816163e-01,-2.122604596139639199e-01,4.493073141771279644e-02,-1.591534754878680680e-01,-1.681395491571316717e-04,-1.322718094685348825e-03,9.547646089512588929e-05,4.051888918199666274e-05,2.649792671791633271e-04,1.264579065917077619e-03,-2.583282446078762409e-85,5.114419968089143917e-85,4.303785636385831539e-85,1.839197472401722350e-86,-1.195852077176436736e-85,-1.951984033184687356e-87,-1.134666852293557556e-85,-3.982481588985037119e-86
-2.398875509743508133e-02,2.464476816615689472e-02,-3.833026308733762655e-02,-1.072081454227376968e-02,2.663302599167264445e-02,-8.803913528996183679e-02,-2.851633596829442757e-03,-2.096759205886784272e-01,-2.018279464365183296e-01,2.144305578557333947e-01,1.126681906077261069e-01,-2.131974176052806313e-01,4.781778824660450761e-02,-1.553402062112322901e-01,-1.681395491571316717e-04,-1.322718094685348825e-03,9.547646089512588929e-05,4.051888918199666274e-05,2.649792671791633271e-04,1.264579065917077619e-03,-2.141474507501311690e-85,4.344202484172551886e-85,3.622240006297478945e-85,1.727989248177664094e-86,-1.020778057478476681e-85,-1.007232910081310394e-87,-9.271914926880798315e-86,-3.445994635155496146e-86
-2.889934093606028043e-02,2.151178814334703260e-02,-3.595708963750290921e-02,-5.746992552428207592e-03,3.121059027732382696e-02,-8.446122508565437337e-02,8.020139688915357834e-03,-2.095577174163145151e-01,-2.051158414630701310e-01,2.116876914876973381e-01,1.165071220662236839e-01,-2.074980947638344619e-01,5.250086160903900956e-02,-1.497091805883092319e-01,-1.681395491571316717e-04,-1.322718094685348825e-03,9.547646089512588929e-05,4.051888918199666274e-05,2.649792671791633271e-04,1.264579065917077619e-03,-1.759599063104286211e-85,3.701603637547543321e-85,3.049955073841387174e-85,1.492557284184846913e-86,-8.715017260910934125e-86,-1.351229908472930855e-88,-7.626066614501143562e-86,-2.846579164349432387e-86
-3.511084577951754937e-02,2.458004381806581234e-02,-3.426197106426785016e-02,-6.344985678586125694e-03,4.137100628003193004e-02,-8.485916114342278993e-02,2.016111479632979459e-02,-2.129274203448355829e-01,-2.068932746096978081e-01,2.106668061162304539e-01,1.164053877116836416e-01,-2.094278727331187751e-01,5.648765037478527956e-02,-1.472605114591508946e-01,-1.681395491571316717e-04,-1.322718094685348825e-03,9.547646089512588929e-05,4.051888918199666274e-05,2.649792671791633271e-04,1.264579065917077619e-03,-1.445178560571619088e-85,3.138966003061738358e-85,2.583366084459602653e-85,1.362699907613960510e-86,-7.511047743165879072e-86,1.291832858023813112e-88,-6.365427145691409977e-86,-2.213238363342075210e-86
-3.942065630334228715e-02,2.982780784098002305e-02,-3.289557391127988228e-02,-7.686101489159267650e-03,4.663195774387904335e-02,-8.698526992822552817e-02,3.010610474025082056e-02,-2.123419957016620396e-01,-2.105547371264288314e-01,2.197042454468783879e-01,1.168477560105223856e-01,-2.098636966334155030e-01,6.264623850544163985e-02,-1.406664272817534922e-01,-1.681395491571316717e-04,-1.322718094685348825e-03,9.547646089512588929e-05,4.051888918199666274e-05,2.649792671791633271e-04,1.264579065917077619e-03,-1.192715548024544769e-85,2.667063964955407011e-85,2.179186824362748551e-85,1.331724409511773102e-86,-6.549551868883864312e-86,1.376420982163014351e-88,-5.378399793641292482e-86,-1.731232663828419936e-86
-3.806615104959397422e-02,4.270112524271121868e-02,-3.228800736024101115e-02,-4.321099938180924561e-03,4.887340095008970570e-02,-9.746357155732554567e-02,3.688333138631445102e-02,-2.130879748835572685e-01,-2.139394953284818601e-01,2.286563480250758951e-01,1.168012503654990708e-01,-2.146366595864988291e-01,6.386399849681077823e-02,-1.417863691544195559e-01,-1.681395491571316717e-04,-1.322718094685348825e-03,9.547646089512588929e-05,4.051888918199666274e-05,2.649792671791633271e-04,1.264579065917077619e-03,-9.733869699884384496e-86,2.254710021817151387e-85,1.859287432585062100e-85,9.593874506159141914e-87,-5.708426716623775735e-86,1.771728530781005828e-88,-4.612519200152052803e-86,-1.386771333746496286e-86
-3.417993627191134864e-02,4.870319073435520202e-02,-2.881031548826836278e-02,-3.823178591611293368e-03,4.869608020662767600e-02,-1.012056575057935365e-01,3.827390437378705434e-02,-2.189722485395886042e-01,-2.167407252805782503e-01,2.278985214035158802e-01,1.148412444950847461e-01,-2.204769451686893755e-01,6.365635901019484066e-02,-1.451167992868201140e-01,-1.681395491571316717e-04,-1.322718094685348825e-03,9.547646089512588929e-05,4.051888918199666274e-05,2.649792671791633271e-04,1.264579065917077619e-03,-7.950020736297054354e-86,1.912686154839290927e-85,1.586298388596735274e-85,7.688193879723505009e-87,-4.943606252440866939e-86,4.932042119696459988e-88,-4.051246042760852163e-86,-1.094347062981771020e-86
-3.018129467359167289e-02,3.922821838473253275e-02,-2.477216390536592094e-02,-7.085720539633602773e-03,4.914116968396294027e-02,-9.211089548041125064e-02,3.717924601222046682e-02,-2.212501411033886423e-01,-2.217379810764969206e-01,2.152572130107034132e-01,1.143168558856104827e-01,-2.277578775727784333e-01,6.267340833037754466e-02,-1.511356941406103715e-01,-1.681395491571316717e-04,-1.322718094685348825e-03,9.547646089512588929e-05,4.051888918199666274e-05,2.649792671791633271e-04,1.264579065917077619e-03,-6.516335086467188226e-86,1.632868642045940698e-85,1.356816907116121468e-85,7.889131491107492107e-87,-4.256336642901147448e-86,7.772471504170233628e-88,-3.417198854921716635e-86,-8.262938381412289867e-87
-2.364252349853454560e-02,3.345004848107781259e-02,-2.280129713826198681e-02,-6.828214963036953987e-03,4.338642696992716513e-02,-8.796780352815873616e-02,3.838223615265076022e-02,-2.251580229025779700e-01,-2.266013790838960484e-01,2.044161444614534529e-01,1.112996347569214922e-01,-2.295109582450172436e-01,6.003271473933054214e-02,-1.526461250163029526e-01,-1.681395491571316717e-04,-1.322718094685348825e-03,9.547646089512588929e-05,4.051888918199666274e-05,2.649792671791633271e-04,1.264579065917077619e-03,-5.284552911676971197e-86,1.391749061517309510e-85,1.160530457106180932e-85,9.083549316533102809e-87,-3.659845567099687313e-86,9.895443442315014257e-88,-2.901403588399645510e-86,-6.170696003135567253e-87
-1.779188407506488573e-02,1.949250635905293988e-02,-2.327089231153219029e-02,-7.659302037063073741e-03,3.789318921072181573e-02,-7.919645816130196914e-02,3.993787386073132523e-02,-2.304192218714913865e-01,-2.271575999050329808e-01,1.977573776812641959e-01,1.120582521065460330e-01,-2.310692408716710222e-01,5.710438060733716986e-02,-1.578505038526116788e-01,-1.681395491571316717e-04,-1.322718094685348825e-03,9.547646089512588929e-05,4.051888918199666274e-05,2.649792671791633271e-04,1.264579065917077619e-03,-4.254965875984883081e-86,1.166320495280155075e-85,1.015616559320455304e-85,5.604946782940043112e-87,-3.085522144845472382e-86,1.085428373321595352e-87,-2.445674298462345051e-86,-4.528171775222149843e-87
-1.843824363304072400e-02,1.754179094103872072e-02,-2.565862984695000196e-02,-1.106982078174385299e-02,3.723672571880765753e-02,-8.388521107396523790e-02,3.669576185006471342e-02,-2.356309083111249036e-01,-2.245732775962912819e-01,1.817907978913724520e-01,1.172007158682313033e-01,-2.284783594814220331e-01,5.885222731429524262e-02,-1.570633490407270516e-01,-1.681395491571316717e-04,-1.322718094685348825e-03,9.547646089512588929e-05,4.051888918199666274e-05,2.649792671791633271e-04,1.264579065917077619e-03,-3.298025867321662637e-86,9.883626259172451374e-86,8.818790477740357933e-86,3.824197821768109111e-87,-2.587928594205680336e-86,9.488229564618635382e-88,-1.988885518547778058e-86,-3.506580810151392318e-87
-2.427650934632607019e-02,1.210143679537906136e-02,-2.438165883313140117e-02,-9.155013361803474373e-03,3.931897552666550888e-02,-8.171204472296772492e-02,3.529202627460943653e-02,-2.424968061887608495e-01,-2.180600529291088219e-01,1.841745128647746810e-01,1.204366789613824928e-01,-2.260173568558316581e-01,6.095394342357671885e-02,-1.565752087002253434e-01,-1.681395491571316717e-04,-1.322718094685348825e-03,9.547646089512588929e-05,4.051888918199666274e-05,2.649792671791633271e-04,1.264579065917077619e-03,-2.551727752802318962e-86,8.352908959088661013e-86,7.631041755023577345e-86,3.558764849525042272e-87,-2.188003362311607110e-86,5.659283209507357386e-88,-1.678430715654277693e-86,-2.994272096276117439e-87
-2.357298121365964186e-02,1.164340620975505905e-02,-2.272505930733693946e-02,-4.929521900953416115e-03,4.103143790802658147e-02,-7.755678726742282203e-02,3.686377572122828683e-02,-2.364854631886517677e-01,-2.259961492513372361e-01,1.900466565731150637e-01,1.219692952282043635e-01,-2.249578430879640989e-01,6.049263545672248221e-02,-1.572581657426666557e-01,-1.681395491571316717e-04,-1.322718094685348825e-03,9.547646089512588929e-05,4.051888918199666274e-05,2.649792671791633271e-04,1.264579065917077619e-03,-2.083867176117435458e-86,7.140880926678404009e-86,6.494721886144163790e-86,3.636972347519088853e-87,-1.843742959945964208e-86,6.394099827594204986e-88,-1.403602497811558191e-86,-2.239615539012097356e-87
-1.616467169211735846e-02,1.526468120880777705e-02,-2.215097315934695665e-02,-3.178523621430251814e-03,3.877733926907758061e-02,-7.685246720890460959e-02,2.862201053250334332e-02,-2.317284346099881542e-01,-2.365494725375280882e-01,1.961017282318467947e-01,1.177632329061212846e-01,-2.271571141136511096e-01,5.475734213705570064e-02,-1.606593517604158194e-01,-1.681395491571316717e-04,-1.322718094685348825e-03,9.547646089512588929e-05,4.051888918199666274e-05,2.649792671791633271e-04,1.264579065917077619e-03,-1.809747556903066441e-86,6.152928991863335522e-86,5.462528657448763599e-86,4.100647533342191725e-87,-1.546470808503873063e-86,5.600765111730330554e-88,-1.156868159745597639e-86,-1.404300607867242820e-87
-4.667614099612095099e-03,1.367363620785171964e-02,-2.157120379202435642e-02,-2.055853712919267738e-03,3.179609082090369132e-02,-7.190650400864495584e-02,1.930928672383370320e-02,-2.325297796496436087e-01,-2.434430901195884234e-01,2.077538343145375332e-01,1.140995995482815967e-01,-2.300768516904620753e-01,5.097782963029587333e-02,-1.625712407375298763e-01,-1.681395491571316717e-04,-1.322718094685348825e-03,9.547646089512588929e-05,4.051888918199666274e-05,2.649792671791633271e-04,1.264579065917077619e-03,-1.542269987272017939e-86,5.273729640741929807e-86,4.620419583777103625e-86,4.335372916897061496e-87,-1.300087435343602642e-86,3.389591914698156611e-88,-9.909583871337587568e-87,-1.069591930615915941e-87
7.100436120034381640e-03,8.590257985471812241e-03,-1.658539264490411017e-02,-1.605609626111426840e-03,1.973133659820291291e-02,-6.415444541700500436e-02,1.463980813258010730e-02,-2.274196476873385775e-01,-2.503113005391228718e-01,2.097179686639835672e-01,1.183610305149695174e-01,-2.283491128535305448e-01,5.227899839448450769e-02,-1.608147988004768325e-01,-1.681395491571316717e-04,-1.322718094685348825e-03,9.547646089512588929e-05,4.051888918199666274e-05,2.649792671791633271e-04,1.264579065917077619e-03,-1.263505192585790589e-86,4.473505689583401220e-86,3.927176171368256902e-86,3.974802059980842878e-87,-1.094320750402778873e-86,3.552478765816769721e-88,-8.415575821173112585e-87,-7.443190085423998715e-88
1.384115917904400056e-02,3.213057359188880961e-03,-1.099993797298387185e-02,-3.610458126105302399e-04,1.162532678776005864e-02,-5.647519165524647611e-02,1.763448314195445107e-02,-2.275536975827383845e-01,-2.502152668324899576e-01,2.101268777134094601e-01,1.167840447298047757e-01,-2.329468466580330022e-01,5.139247206064217338e-02,-1.645928531234792380e-01,-1.681395491571316717e-04,-1.322718094685348825e-03,9.547646089512588929e-05,4.051888918199666274e-05,2.649792671791633271e-04,1.264579065917077619e-03,-1.026846241531814707e-86,3.763107262532320696e-86,3.349447082987655834e-86,3.401723644843353856e-87,-9.272636124738172621e-87,2.314474250314179824e-88,-7.310214800994296085e-87,-4.972861366680667627e-88
1.059896232883179509e-02,-2.695374321093153315e-03,-6.740691686397648832e-03,2.337268649407445338e-03,1.200799066099286425e-02,-4.647365016691475809e-02,2.000746247539200023e-02,-2.358143061749234937e-01,-2.415286126361038399e-01,2.068574612534942736e-01,1.157747974570202260e-01,-2.403389998631465241e-01,5.165215777638843681e-02,-1.714867935106227093e-01,-1.681395491571316717e-04,-1.322718094685348825e-03,9.547646089512588929e-05,4.051888918199666274e-05,2.649792671791633271e-04,1.264579065917077619e-03,-8.184488301272568639e-87,3.124847290823829510e-86,2.908390203753223221e-86,2.601663197057769152e-87,-7.738738857237403729e-87,-2.376048611204484883e-89,-6.322244633140137665e-87,-4.652915215669253744e-88
8.851692359528500267e-03,-1.806627680074648218e-02,-4.064112922991759344e-03,5.590511668333934467e-03,9.961213971522300120e-03,-2.743491978727627054e-02,2.428435850979884097e-02,-2.450902848153867220e-01,-2.324390876236605008e-01,2.044337687684130711e-01,1.154262997891526005e-01,-2.456051768835302851e-01,5.013995923997118659e-02,-1.772974489502210371e-01,-1.681395491571316717e-04,-1.322718094685348825e-03,9.547646089512588929e-05,4.051888918199666274e-05,2.649792671791633271e-04,1.264579065917077619e-03,-6.461487788199212687e-87,2.585581332278908751e-86,2.530305200589254417e-86,2.136631542252987647e-87,-6.534791745549839318e-87,-1.246600381240786368e-88,-5.502702965297833142e-87,-5.271078976646180006e-88
1.614129545111673419e-02,-1.939917890039036252e-02,-7.032184761103412417e-03,6.488929211358070853e-03,2.479914380857770398e-03,-2.543186332909536801e-02,2.586057829130423286e-02,-2.585892859634378316e-01,-2.196482015241691121e-01,2.082373069071946359e-01,1.181689461536027386e-01,-2.527254552283885736e-01,4.871739099476178614e-02,-1.855021804784738604e-01,-1.681395491571316717e-04,-1.322718094685348825e-03,9.547646089512588929e-05,4.051888918199666274e-05,2.649792671791633271e-04,1.264579065917077619e-03,-5.423049501747059784e-87,2.161518544755725249e-86,2.189329556708016322e-86,1.730784034751176262e-87,-5.465884948748093832e-87,-2.389441238336511758e-88,-4.750467005741710081e-87,-6.486925067380367985e-88
1.714666311088343040e-02,-9.677779200604599841e-03,-1.124621012441701443e-02,2.459562982129477778e-03,6.797582615224345357e-03,-3.481915357485258766e-02,2.139514290620226147e-02,-2.618742630343569022e-01,-2.181990665275361785e-01,2.042294130537510577e-01,1.255232351162883508e-01,-2.457214549647426804e-01,5.404970096169416094e-02,-1.797749042618124460e-01,-1.681395491571316717e-04,-1.322718094685348825e-03,9.547646089512588929e-05,4.051888918199666274e-05,2.649792671791633271e-04,1.264579065917077619e-03,-4.550649036049687237e-87,1.826338482112286940e-86,1.879410357671118276e-86,1.469294679953572236e-87,-4.530269256121222340e-87,-2.395239555041269329e-88,-4.135090938623361849e-87,-6.683068536309574145e-88
1.132245207436780726e-02,4.745954343921660393e-03,-1.664559197480561942e-02,-7.172415837088915239e-04,1.184250058306641692e-02,-5.234929821452374843e-02,2.319804813656477921e-02,-2.636592353906319075e-01,-2.165413654894609297e-01,2.102603548325541194e-01,1.309799602083670245e-01,-2.376604366172934968e-01,6.135215962407869483e-02,-1.691092568632525939e-01,-1.681395491571316717e-04,-1.322718094685348825e-03,9.547646089512588929e-05,4.051888918199666274e-05,2.649792671791633271e-04,1.264579065917077619e-03,-3.757837133931566892e-87,1.544744010139726365e-86,1.601976719245204324e-86,1.331111242451154872e-87,-3.902351204113793394e-87,-2.973546671396268705e-88,-3.570302268828134266e-87,-6.702762311698889631e-88
4.978542927638388710e-03,1.492126448609277546e-02,-1.823792764308237654e-02,-2.244088094749954396e-03,1.706793207542283905e-02,-6.231837857902153277e-02,2.854292509550460794e-02,-2.657346180663759383e-01,-2.156003883091974771e-01,2.088585971137374708e-01,1.314832431090310616e-01,-2.366666523400254019e-01,6.559343700363882979e-02,-1.644650227540004617e-01,-1.681395491571316717e-04,-1.322718094685348825e-03,9.547646089512588929e-05,4.051888918199666274e-05,2.649792671791633271e-04,1.264579065917077619e-03,-3.144308299905495099e-87,1.296341242588715616e-86,1.379601329145197330e-86,1.026920107276214015e-87,-3.307064451591807338e-87,-2.969249063918875142e-88,-3.021433240061454935e-87,-6.438260028215710957e-88
3.827675460766872574e-03,1.684331780717260307e-02,-1.835532224987523886e-02,-4.305961301909933328e-03,1.821101239019711979e-02,-6.349462261144124542e-02,2.939295078326410043e-02,-2.621808892571332872e-01,-2.249690334959648652e-01,1.979651331702062533e-01,1.283767788933184717e-01,-2.362708134310917696e-01,6.676658556817871570e-02,-1.633192947851738464e-01,-1.681395491571316717e-04,-1.322718094685348825e-03,9.547646089512588929e-05,4.051888918199666274e-05,2.649792671791633271e-04,1.264579065917077619e-03,-2.570287292159388892e-87,1.103145414435426098e-86,1.177815383716529544e-86,9.222050384033642085e-88,-2.783859566235389357e-87,-2.522061120901209672e-88,-2.502945790118233795e-87,-5.388920171994786986e-88
-6.214521740328026941e-04,1.264296867007380643e-02,-1.726014472019509957e-02,-5.789983546495978094e-03,2.122096875750749401e-02,-5.849736010159414801e-02,3.209768192636293371e-02,-2.601426913019216358e-01,-2.300236870718636861e-01,1.904381966081037381e-01,1.273391238169663264e-01,-2.361947078191184712e-01,6.862958024789754530e-02,-1.615984668237829269e-01,-1.681395491571316717e-04,-1.322718094685348825e-03,9.547646089512588929e-05,4.051888918199666274e-05,2.649792671791633271e-04,1.264579065917077619e-03,-2.095875790018142817e-87,9.349105526406911271e-87,1.005214540689941453e-86,8.446752151810738307e-88,-2.390285952824444266e-87,-1.890446881695883544e-88,-2.089582670848323573e-87,-4.323774442552177090e-88
-8.183957813982793011e-03,5.641897924777902577e-03,-1.453094638628095459e-02,-8.337253832397407277e-03,2.867726366217244333e-02,-5.055737357029797818e-02,3.726683643415251712e-02,-2.632725617131543294e-01,-2.289927790690297338e-01,1.898715677918410838e-01,1.236803244231385601e-01,-2.375963603317543249e-01,7.077424285972368223e-02,-1.577840644892528621e-01,-1.681395491571316717e-04,-1.322718094685348825e-03,9.547646089512588929e-05,4.051888918199666274e-05,2.649792671791633271e-04,1.264579065917077619e-03,-1.713736712056961666e-87,7.900760347943204835e-87,8.546618733842738586e-87,8.606678229634179167e-88,-2.112778214813132102e-87,-1.613193487279996550e-88,-1.767381240977333065e-87,-3.538897672010153375e-88
-1.631297481927891646e-02,1.446319504585611218e-02,-1.145528091319286679e-02,-6.589659231153279992e-03,3.862892645218996002e-02,-5.563652256724600093e-02,3.895899773562746388e-02,-2.680352378371291810e-01,-2.230543059936186678e-01,2.056277827548723958e-01,1.197924111603187597e-01,-2.412631794450789680e-01,7.213613346811827143e-02,-1.583276402631591251e-01,-1.681395491571316717e-04,-1.322718094685348825e-03,9.547646089512588929e-05,4.051888918199666274e-05,2.649792671791633271e-04,1.264579065917077619e-03,-1.468401781993349348e-87,6.695658969572101196e-87,7.201974057056387852e-87,9.060324167405864911e-88,-1.885224942251512636e-87,-1.721053786364839255e-88,-1.540486492028832058e-87,-3.159383001890414595e-88
-9.121787184594061515e-03,3.022756513258057290e-02,-9.736174636704435920e-03,-5.079723226899284481e-03,3.716974954428416134e-02,-6.428714524941062103e-02,3.210001458122433565e-02,-2.618120117222123011e-01,-2.259509783019252871e-01,2.166638806364384051e-01,1.194597858903766047e-01,-2.423746507573061315e-01,7.595428915372492984e-02,-1.552844562331880396e-01,-1.681395491571316717e-04,-1.322718094685348825e-03,9.547646089512588929e-05,4.051888918199666274e-05,2.649792671791633271e-04,1.264579065917077619e-03,-1.312208064072745965e-87,5.736290800760612453e-87,6.039079435427204699e-87,9.465874021765556060e-88,-1.662993966953647466e-87,-1.803555267057890711e-88,-1.333249504955181462e-87,-2.620310134628826634e-88
-3.112390870556105971e-04,3.952386103748913027e-02,-9.092472234414214483e-03,-6.431158921072723487e-03,3.165045298612333136e-02,-7.058339502901635198e-02,2.860995603453790961e-02,-2.505451673772570165e-01,-2.354919901978149710e-01,2.294252051702431183e-01,1.215760617270973121e-01,-2.431974125094127082e-01,7.831185999438169953e-02,-1.549893496399445125e-01,-1.681395491571316717e-04,-1.322718094685348825e-03,9.547646089512588929e-05,4.051888918199666274e-05,2.649792671791633271e-04,1.264579065917077619e-03,-1.173732152145534083e-87,4.931537528732746931e-87,5.059811620979614377e-87,9.734545799245626388e-88,-1.453198780724652389e-87,-1.804464318552630024e-88,-1.143214097587982738e-87,-1.940548306911447184e-88
2.008372795103921526e-03,4.506307673775265116e-02,-1.532466205225181503e-02,-1.176035958464742223e-02,3.271431219475972457e-02,-8.197943432479365411e-02,1.910085225745326853e-02,-2.453963245453988640e-01,-2.478276624039810749e-01,2.366656528061617804e-01,1.188388998406303271e-01,-2.409009371912419206e-01,7.662964748784099889e-02,-1.540567699718840833e-01,-1.681395491571316717e-04,-1.322718094685348825e-03,9.547646089512588929e-05,4.051888918199666274e-05,2.649792671791633271e-04,1.264579065917077619e-03,-1.050286834775762844e-87,4.258076597131313659e-87,4.235792417374809166e-87,9.617162208495661496e-88,-1.258390475124023921e-87,-1.615747444570668313e-88,-9.934306864360804206e-88,-1.478280069018839594e-88
4.515021642006909145e-04,3.016311744944597667e-02,-1.956846067196002861e-02,-1.451241109352524941e-02,3.464722007396989906e-02,-7.179886094266992036e-02,1.563668537736593103e-02,-2.512504040106846026e-01,-2.455357482325459251e-01,2.255759244984585354e-01,1.198666221575611507e-01,-2.407241840611243910e-01,7.331207912453054087e-02,-1.589475801393374077e-01,-1.681395491571316717e-04,-1.322718094685348825e-03,9.547646089512588929e-05,4.051888918199666274e-05,2.649792671791633271e-04,1.264579065917077619e-03,-8.984019307948583428e-88,3.616296497202866636e-87,3.608353428788781399e-87,8.249243219827175878e-88,-1.080056099653374464e-87,-1.565668720103136092e-88,-8.756947230166652138e-88,-1.269049141039332260e-88
1.043422781455468056e-03,1.396172094856806475e-02,-2.107002502330047877e-02,-1.343157053255791822e-02,3.221119492936758838e-02,-5.845694441363019633e-02,2.385227280187910553e-02,-2.461090442326072936e-01,-2.538247625540283603e-01,2.173454484942293763e-01,1.236770876694688603e-01,-2.372347414823599288e-01,6.970275727531639876e-02,-1.624191727571130672e-01,-1.681395491571316717e-04,-1.322718094685348825e-03,9.547646089512588929e-05,4.051888918199666274e-05,2.649792671791633271e-04,1.264579065917077619e-03,-7.504795404157101612e-88,3.080738611078894411e-87,3.063941638418734717e-87,7.198168277748716274e-88,-9.169269564596729953e-88,-1.292738541838708509e-88,-7.654061758227680702e-88,-9.614523305462668778e-89
8.150591334117813710e-03,1.928398549678232016e-02,-1.948602893200989880e-02,-1.230051822711532641e-02,2.292938515772404220e-02,-6.522581002716300314e-02,2.435935481347675097e-02,-2.448589774588516010e-01,-2.577373208001215721e-01,2.179209915785515206e-01,1.271157238104868026e-01,-2.403194463120764124e-01,6.788627827453312669e-02,-1.684772765892489366e-01,-1.681395491571316717e-04,-1.322718094685348825e-03,9.547646089512588929e-05,4.051888918199666274e-05,2.649792671791633271e-04,1.264579065917077619e-03,-6.204849363348339834e-88,2.621193865480955193e-87,2.616071709738079356e-87,6.576987249386662016e-88,-7.768933926301802804e-88,-1.100958779355263084e-88,-6.624253397387653005e-88,-8.609008141362145055e-89
8.736996793720950422e-03,1.348024761564980273e-02,-1.871914872301392099e-02,-1.270482819841067812e-02,1.893969502500247870e-02,-5.991991773071177890e-02,2.496954519833994093e-02,-2.490653580091506114e-01,-2.553180111246044492e-01,2.114736660729147344e-01,1.297792362551354051e-01,-2.482943669019690713e-01,6.742210026019927749e-02,-1.733702150760051131e-01,-1.681395491571316717e-04,-1.322718094685348825e-03,9.547646089512588929e-05,4.051888918199666274e-05,2.649792671791633271e-04,1.264579065917077619e-03,-5.056106823948875205e-88,2.218718952579570529e-87,2.246988715677948869e-87,6.176639678942912977e-88,-6.663515953680836370e-88,-1.025285683400591761e-88,-5.585860979461574018e-88,-7.835093574297261593e-89
6.403425663106343188e-03,7.111639062360557151e-03,-1.785996536200009505e-02,-1.343015534842744926e-02,1.681355515164496828e-02,-5.429236382092327701e-02,2.686175235834922445e-02,-2.456888518699477664e-01,-2.519630413858363616e-01,2.177643892363947120e-01,1.398830899958579121e-01,-2.464605321404612637e-01,7.353303188449769601e-02,-1.707708060317660037e-01,-1.681395491571316717e-04,-1.322718094685348825e-03,9.547646089512588929e-05,4.051888918199666274e-05,2.649792671791633271e-04,1.264579065917077619e-03,-4.204092692567076520e-88,1.870101675966545052e-87,1.930500459186627880e-87,5.393261450002715490e-88,-5.696694241332369552e-88,-9.487358817348250596e-89,-4.738067034786511615e-88,-7.529915348508762945e-89
-4.894185025581887852e-04,1.000035954673701190e-02,-1.701580672107215822e-02,-1.411382560497921601e-02,2.027706527919255486e-02,-5.859107213191492441e-02,2.722746195658088883e-02,-2.485879653411794121e-01,-2.563111808833727356e-01,2.173575591442986621e-01,1.401545359122224055e-01,-2.358265269536580222e-01,7.538363988695545581e-02,-1.665113749757580475e-01,-1.681395491571316717e-04,-1.322718094685348825e-03,9.547646089512588929e-05,4.051888918199666274e-05,2.649792671791633271e-04,1.264579065917077619e-03,-3.325308128374482735e-88,1.576434172018197941e-87,1.653323225335205037e-87,4.793846913720599923e-88,-4.943226451105315743e-88,-7.356618175312483249e-89,-4.032414506927964460e-88,-6.489985628870967388e-89
-4.810138590600951218e-03,1.736225030439445677e-02,-1.584897677998915386e-02,-1.155776680961345497e-02,1.961871135664259788e-02,-6.770965366966957832e-02,2.845743149404497685e-02,-2.570761694119332863e-01,-2.555070543343105904e-01,2.042354161129556200e-01,1.389987631040687788e-01,-2.374597395118552279e-01,7.367930315302692601e-02,-1.700638304235365938e-01,-1.681395491571316717e-04,-1.322718094685348825e-03,9.547646089512588929e-05,4.051888918199666274e-05,2.649792671791633271e-04,1.264579065917077619e-03,-2.693809614149230050e-88,1.318079469006696711e-87,1.433629594848794659e-87,3.840664786507164230e-88,-4.207411367829381221e-88,-5.873109217957914432e-89,-3.383369618299405360e-88,-5.593070416597578245e-89
-6.579078820987170964e-03,2.243695845319402735e-02,-1.970686994758086980e-02,-9.933278034901989531e-03,1.960398848502157773e-02,-7.580770522192423200e-02,2.924199775919197886e-02,-2.626929273405599341e-01,-2.557836844208343230e-01,2.164226460271676533e-01,1.327681261141004376e-01,-2.478134966428753583e-01,6.774302150007215084e-02,-1.787958742399557710e-01,-1.681395491571316717e-04,-1.322718094685348825e-03,9.547646089512588929e-05,4.051888918199666274e-05,2.649792671791633271e-04,1.264579065917077619e-03,-2.222926632212747052e-88,1.101383161768128145e-87,1.239964950578944594e-87,3.330201884198624601e-88,-3.589295887814425698e-88,-4.535937798786998965e-89,-2.839516485986554450e-88,-4.888160495091300306e-89
-6.319844664540026982e-03,1.629438608068126126e-02,-2.211002691492885280e-02,-9.642570126234378466e-03,1.476927519254193216e-02,-7.525038209660464550e-02,3.049583686284556769e-02,-2.659201888853214846e-01,-2.581999413511323338e-01,2.155780349562340381e-01,1.285468193065068543e-01,-2.556597897343358960e-01,6.162932617644653610e-02,-1.891824471179140155e-01,-1.681395491571316717e-04,-1.322718094685348825e-03,9.547646089512588929e-05,4.051888918199666274e-05,2.649792671791633271e-04,1.264579065917077619e-03,-1.847355661635847758e-88,9.241055627861749167e-88,1.069573019955051384e-87,2.873368633485426532e-88,-3.013582935443602222e-88,-3.532460839938166501e-89,-2.399644220884439810e-88,-4.325631799961564304e-89
-8.399968119356638133e-03,1.967884041357113173e-02,-2.606234262918377675e-02,-1.490791647264898614e-02,1.045331988850402641e-02,-8.946732087916739462e-02,3.546477785252353382e-02,-2.712756766934132369e-01,-2.540923112578052923e-01,2.298788377762244484e-01,1.255523744153640153e-01,-2.615889155101610020e-01,6.706717239930504171e-02,-1.878963417469919073e-01,-1.681395491571316717e-04,-1.322718094685348825e-03,9.547646089512588929e-05,4.051888918199666274e-05,2.649792671791633271e-04,1.264579065917077619e-03,-1.502984880637306218e-88,7.746813537830418952e-88,9.237777988619671097e-88,2.445526241107181160e-88,-2.566795430523656282e-88,-3.525809538343653903e-89,-2.044228968564728963e-88,-3.744777455428830649e-89
-1.072475126634782686e-02,2.354612723787839063e-02,-2.320050310171243441e-02,-1.572965038463745163e-02,9.044693477670093934e-03,-9.401182624209171446e-02,4.393199493437390662e-02,-2.677491819042162602e-01,-2.614201892768177049e-01,2.312966058892886312e-01,1.241773075705535634e-01,-2.625791981359565375e-01,6.503929275249109576e-02,-1.896050694798711023e-01,-1.681395491571316717e-04,-1.322718094685348825e-03,9.547646089512588929e-05,4.051888918199666274e-05,2.649792671791633271e-04,1.264579065917077619e-03,-1.239394197732576313e-88,6.617633362501745489e-88,7.863867909901002984e-88,2.139173301644784754e-88,-2.188874111832979511e-88,-3.101941179770227508e-89,-1.765061297198856330e-88,-3.270521723288763012e-89
-1.610426164207186608e-02,2.356959615114956677e-02,-1.564641521378083364e-02,-1.531117847020205432e-02,1.033660654637713096e-02,-9.019916003792922965e-02,4.398221737145963095e-02,-2.714613940634491018e-01,-2.624893507465194675e-01,2.397282099927909027e-01,1.242992492885743733e-01,-2.574663343365513057e-01,6.531370457142006425e-02,-1.853462370353479161e-01,-1.681395491571316717e-04,-1.322718094685348825e-03,9.547646089512588929e-05,4.051888918199666274e-05,2.649792671791633271e-04,1.264579065917077619e-03,-9.639399227887569243e-89,5.690893699709506959e-88,6.655484529116924176e-88,1.899894080847273882e-88,-1.943381060478783475e-88,-3.060086331580065114e-89,-1.517221580769861671e-88,-2.848499000485356512e-89
-1.983048124961339295e-02,1.587100496140448486e-02,-1.254044477676114627e-02,-1.494516350008987318e-02,9.100285599656109115e-03,-8.352829294048873254e-02,4.319797469026306902e-02,-2.796011872748678795e-01,-2.612098911546809621e-01,2.491652258173581713e-01,1.242948185454965659e-01,-2.568106395605081471e-01,6.506688558528990474e-02,-1.835389539911581602e-01,-1.681395491571316717e-04,-1.322718094685348825e-03,9.547646089512588929e-05,4.051888918199666274e-05,2.649792671791633271e-04,1.264579065917077619e-03,-7.404287401734771390e-89,4.862979956193196273e-88,5.695069371585532306e-88,1.813202979064174035e-88,-1.720124363457817092e-88,-2.797214592255732023e-89,-1.313215993968717359e-88,-2.613431901127441286e-89
-2.185200241967515111e-02,1.486380790603639146e-02,-1.226856079649243231e-02,-1.289424350919089746e-02,3.871145831290719735e-03,-8.635567628158971609e-02,4.275795411860554979e-02,-2.849586327274354347e-01,-2.619877639399090241e-01,2.573919710911702352e-01,1.246279926416169748e-01,-2.585944217488627128e-01,6.344539654804880191e-02,-1.848219170320138105e-01,-1.681395491571316717e-04,-1.322718094685348825e-03,9.547646089512588929e-05,4.051888918199666274e-05,2.649792671791633271e-04,1.264579065917077619e-03,-5.638004148335673405e-89,4.158298933105054563e-88,4.870544995694278470e-88,1.695458024068392835e-88,-1.521773128667491233e-88,-2.714627394736877289e-89,-1.133347121412759459e-88,-2.297775848324363079e-89
-1.289893330547062407e-02,1.567461063546745151e-03,-2.718445070973454433e-03,-8.218147915920924473e-03,-8.941299408104085022e-03,-7.057556387475069637e-02,5.295060994374353736e-02,-2.863693815931353526e-01,-2.629224034009060018e-01,2.640953451595879908e-01,1.302750680450482368e-01,-2.618947701719477328e-01,6.697019467818825234e-02,-1.838247902485408147e-01,-1.681395491571316717e-04,-1.322718094685348825e-03,9.547646089512588929e-05,4.051888918199666274e-05,2.649792671791633271e-04,1.264579065917077619e-03,-4.240441393050562876e-89,3.573230988286555819e-88,4.173321740166118145e-88,1.542407598066013368e-88,-1.331910679714888487e-88,-2.553452148539549814e-89,-9.494634931135361353e-89,-1.968030939506969370e-89
-6.288586212144444028e-03,-9.821871620448598128e-03,-3.989005388833614940e-03,-4.327490492970750835e-03,-1.679954181919255524e-02,-6.019033544212963605e-02,5.919468289047591369e-02,-2.781153287729407619e-01,-2.677947803585979392e-01,2.685428445158870026e-01,1.397367928573565454e-01,-2.644141216231462588e-01,7.277959666446612297e-02,-1.807199417601994818e-01,-1.681395491571316717e-04,-1.322718094685348825e-03,9.547646089512588929e-05,4.051888918199666274e-05,2.649792671791633271e-04,1.264579065917077619e-03,-3.578332541777581711e-89,3.080955859318162237e-88,3.577276339954926638e-88,1.337667662817841569e-88,-1.151755882163609553e-88,-2.283048961404441861e-89,-8.068875922218428468e-89,-1.769370760780037191e-89
-3.273755497251085080e-03,-1.508881537475093362e-02,-6.093471387162305297e-03,-2.491659184070614454e-03,-1.580594931157962985e-02,-5.212967483648072581e-02,5.968427372020519706e-02,-2.746762575540708795e-01,-2.748183810295441454e-01,2.713563725206565302e-01,1.481163624632806097e-01,-2.646659954121198810e-01,7.839613755898809655e-02,-1.774500919932709142e-01,-1.681395491571316717e-04,-1.322718094685348825e-03,9.547646089512588929e-05,4.051888918199666274e-05,2.649792671791633271e-04,1.264579065917077619e-03,-2.652303993404149920e-89,2.667701131985559655e-88,3.075703159426810155e-88,1.173045868864938496e-88,-9.884606532538178781e-89,-2.008424587854498631e-89,-6.892340775243817512e-89,-1.628250628402480304e-89
-4.351887451791035602e-03,-1.006694569414894914e-02,-6.746738353060242020e-03,-2.255552145069951789e-04,-1.182539333729941064e-02,-5.145625434371400159e-02,6.298126571102699578e-02,-2.736290686787494764e-01,-2.824685221064856533e-01,2.868935966562733975e-01,1.491757032031354457e-01,-2.691329950077736566e-01,7.958469417840105531e-02,-1.786946289840532498e-01,-1.681395491571316717e-04,-1.322718094685348825e-03,9.547646089512588929e-05,4.051888918199666274e-05,2.649792671791633271e-04,1.264579065917077619e-03,-2.050708897804903859e-89,2.290126151001442859e-88,2.653686255943437174e-88,1.014466278689243960e-88,-8.570995791968231400e-89,-1.684390821492760759e-89,-5.935144486907991844e-89,-1.440426383376735230e-89
2.766249262415089796e-03,-1.846177806996188164e-02,4.229787634771964636e-04,2.739255108623830318e-03,-2.664159859141596726e-02,-4.290455870428987878e-02,6.717174382199828098e-02,-2.754750871332226625e-01,-2.863568762416415225e-01,2.907290599750855242e-01,1.495245448989207249e-01,-2.702434649768360453e-01,8.017757308898280921e-02,-1.819514317067799647e-01,-1.681395491571316717e-04,-1.322718094685348825e-03,9.547646089512588929e-05,4.051888918199666274e-05,2.649792671791633271e-04,1.264579065917077619e-03,-1.412389387044502883e-89,1.952348821497693144e-88,2.304856428878884582e-88,8.629672096316875388e-89,-7.311496699900169685e-89,-1.480302964791697075e-89,-5.314715154614100141e-89,-1.401846291882844814e-89
8.622751539095089429e-03,-2.236256741491434927e-02,5.434313731605400905e-03,8.556487048420319610e-03,-3.599659126747146998e-02,-3.457307619583339237e-02,7.507205989303947224e-02,-2.822646226231816935e-01,-2.893519806113511450e-01,2.920099321634974654e-01,1.496437597383800666e-01,-2.701351384167390846e-01,7.780175745267420284e-02,-1.849492549769357064e-01,-1.681395491571316717e-04,-1.322718094685348825e-03,9.547646089512588929e-05,4.051888918199666274e-05,2.649792671791633271e-04,1.264579065917077619e-03,-8.877547035743067840e-90,1.670682856102734319e-88,1.991262602265037821e-88,7.412674376013795620e-89,-6.319010533350089374e-89,-1.278065751325394504e-89,-4.746026531907896677e-89,-1.283937040236875013e-89
1.501276855954224512e-02,-2.184941546928452494e-02,1.110531221673090145e-02,1.393028401763675948e-02,-4.527832016194623804e-02,-2.919927960803444036e-02,8.328092225634392554e-02,-2.911605836796782310e-01,-2.899566596882691139e-01,2.942027857825086912e-01,1.505417833762359159e-01,-2.694804176596739542e-01,8.051418331653069360e-02,-1.821077582660124428e-01,-1.681395491571316717e-04,-1.322718094685348825e-03,9.547646089512588929e-05,4.051888918199666274e-05,2.649792671791633271e-04,1.264579065917077619e-03,-1.796987783804517182e-90,1.455738442319042656e-88,1.695604415766901439e-88,6.581027558419927843e-89,-5.502992163220000127e-89,-1.180522205541187037e-89,-4.115303571895062327e-89,-1.133419370735030930e-89
1.832860709127932114e-02,-3.167978072197795425e-02,1.576057753927655528e-02,1.608898523488230814e-02,-4.285100030108274227e-02,-9.864040444431832616e-03,8.460600127572637241e-02,-3.024224694644544464e-01,-2.950993301131505930e-01,2.847292892013321142e-01,1.465757385610575447e-01,-2.694716168398855749e-01,8.087563930052600603e-02,-1.792320999503806689e-01,-1.681395491571316717e-04,-1.322718094685348825e-03,9.547646089512588929e-05,4.051888918199666274e-05,2.649792671791633271e-04,1.264579065917077619e-03,3.499205958500434441e-90,1.263572082725929528e-88,1.455662513757724373e-88,5.787291284365968440e-89,-4.723705769563121314e-89,-1.015992454737378777e-89,-3.621304714526437579e-89,-9.893922403156460284e-90
2.667160193766143772e-02,-3.826592622387276627e-02,2.263816722163924239e-02,1.625205679216128185e-02,-4.218103351031839837e-02,9.769039717026833936e-03,9.072791317695499957e-02,-3.104584159932375909e-01,-2.902105983862187655e-01,2.953763327983383036e-01,1.477071567798881324e-01,-2.672039806523712202e-01,8.229443846604193868e-02,-1.789550348601039731e-01,-1.681395491571316717e-04,-1.322718094685348825e-03,9.547646089512588929e-05,4.051888918199666274e-05,2.649792671791633271e-04,1.264579065917077619e-03,5.619615902451694478e-90,1.089639745221989493e-88,1.247339102079648132e-88,5.066629914004217553e-89,-4.064242334452111910e-89,-9.081956262332992006e-90,-3.247847470980888447e-89,-9.081183063793888254e-90
2.917339530681962306e-02,-4.181326271985848914e-02,2.602944003778594195e-02,1.448994839925686964e-02,-4.300194361459435538e-02,1.748854584677694834e-02,9.111917474031824837e-02,-3.163133041601438600e-01,-2.896027979333868352e-01,3.017537407492454915e-01,1.478436691778234335e-01,-2.686055940747581472e-01,8.659970077766819541e-02,-1.771677313818457444e-01,-1.681395491571316717e-04,-1.322718094685348825e-03,9.547646089512588929e-05,4.051888918199666274e-05,2.649792671791633271e-04,1.264579065917077619e-03,6.561584778313709093e-90,9.322599477852850869e-89,1.079414698731057127e-88,4.431016731372385924e-89,-3.465635590369010854e-89,-8.085949737388287684e-90,-2.804464243469041139e-89,-7.644749896702916873e-90
3.210569372105598340e-02,-4.389527461164524635e-02,3.182369298802319169e-02,1.581053643851364557e-02,-4.377849632976157229e-02,2.885823885553367996e-02,7.954671137857463603e-02,-3.224443258630560472e-01,-2.913645107374659982e-01,3.073690871188320961e-01,1.470526675691606611e-01,-2.672174684962419500e-01,9.060318239405981688e-02,-1.733227638522801539e-01,-1.681395491571316717e-04,-1.322718094685348825e-03,9.547646089512588929e-05,4.051888918199666274e-05,2.649792671791633271e-04,1.264579065917077619e-03,7.069244206796430397e-90,8.114065326433501019e-89,9.239231564131529436e-89,3.953635718872222431e-89,-2.966224753255932956e-89,-7.787828306916770061e-90,-2.453619768810049605e-89,-6.567934665629119204e-90
3.323201855617486516e-02,-5.249895359215735191e-02,3.019170733030042755e-02,1.814505669024559648e-02,-4.297641439916182610e-02,4.052553443175499481e-02,7.344440659630424584e-02,-3.233534406629954283e-01,-2.990713581863995163e-01,3.074069291866867726e-01,1.427209943451200891e-01,-2.694578246951229161e-01,8.763966729947067491e-02,-1.761466139930945862e-01,-1.681395491571316717e-04,-1.322718094685348825e-03,9.547646089512588929e-05,4.051888918199666274e-05,2.649792671791633271e-04,1.264579065917077619e-03,6.504226925455048603e-90,7.073902647614227974e-89,7.889333359168589773e-89,3.614650046719551720e-89,-2.506880950739612541e-89,-6.912787909725099016e-90,-2.175916586015597213e-89,-6.285588794321399493e-90
2.693827149098873552e-02,-4.473197342544617261e-02,2.989172932711089969e-02,1.694402175280820128e-02,-3.243393164145975255e-02,3.740830577934739498e-02,6.505932856977700296e-02,-3.207781551565939693e-01,-3.089219150221778620e-01,3.092806033285525058e-01,1.426327392160049168e-01,-2.749988893017629166e-01,8.226820332042941719e-02,-1.819199884647401677e-01,-1.681395491571316717e-04,-1.322718094685348825e-03,9.547646089512588929e-05,4.051888918199666274e-05,2.649792671791633271e-04,1.264579065917077619e-03,5.536759021882278584e-90,6.190358388505751469e-89,6.673241185977377715e-89,3.287126729743542256e-89,-2.110413555317259462e-89,-5.832212868154668665e-90,-1.898472837763150656e-89,-6.018533707575625998e-90
1.624691726518471754e-02,-4.199070951927618561e-02,2.348545917966649368e-02,1.182863864438873230e-02,-2.379601932801227865e-02,2.793036738192082591e-02,5.035027076828387654e-02,-3.181621180672798421e-01,-3.119388167122278954e-01,3.084729760096736051e-01,1.536532587239241299e-01,-2.703665000164461873e-01,8.145213079550511770e-02,-1.849146899104835429e-01,-1.681395491571316717e-04,-1.322718094685348825e-03,9.547646089512588929e-05,4.051888918199666274e-05,2.649792671791633271e-04,1.264579065917077619e-03,4.103843176601796981e-90,5.412194749204705739e-89,5.620706642429279897e-89,2.943159033606451464e-89,-1.779442444306667929e-89,-4.957748107677596673e-90,-1.657459573232267810e-89,-5.680578388848850108e-90
1.138021966081805177e-02,-3.793812129315846798e-02,1.869479678604177297e-02,6.262651654808762056e-03,-1.971044013145815260e-02,1.997933757879569172e-02,5.159011198688478322e-02,-3.203037022625300212e-01,-3.065185471643394610e-01,2.925058716093396072e-01,1.651045174363646728e-01,-2.610306430656741394e-01,8.622998534557121952e-02,-1.828835830730677903e-01,-1.681395491571316717e-04,-1.322718094685348825e-03,9.547646089512588929e-05,4.051888918199666274e-05,2.649792671791633271e-04,1.264579065917077619e-03,3.631932158442565023e-90,4.647184241784922845e-89,4.773872604225079916e-89,2.545605174454210009e-89,-1.491982448973120431e-89,-4.159220404169314211e-90,-1.439558071486091289e-89,-5.315174362165042461e-90
1.060580688208462297e-02,-3.237200297207563221e-02,1.481710880229388655e-02,3.283969371758751251e-03,-2.127849760800417517e-02,1.084920137485271240e-02,5.008752777999050942e-02,-3.285761711235895000e-01,-3.043863115573481881e-01,2.782199571673005245e-01,1.633067089380148551e-01,-2.559961293252348558e-01,7.980070111574820435e-02,-1.855305557066189992e-01,-1.681395491571316717e-04,-1.322718094685348825e-03,9.547646089512588929e-05,4.051888918199666274e-05,2.649792671791633271e-04,1.264579065917077619e-03,3.285153758039291797e-90,3.933343129654171002e-89,4.064888754242748146e-89,2.200980857820261625e-89,-1.271560468746636241e-89,-3.615619939213326580e-90,-1.228730902413936595e-89,-4.745107484371875350e-90
1.460703530845001638e-02,-3.309400588762996531e-02,1.166473548807087784e-02,2.263247528475771306e-03,-2.652181698052850922e-02,8.907856929563168213e-03,3.892403254672056195e-02,-3.336090618287984033e-01,-3.117504438725285931e-01,2.617465343875816641e-01,1.554497929970837800e-01,-2.576742157539148037e-01,7.197577206446588438e-02,-1.901249182458951970e-01,-1.681395491571316717e-04,-1.322718094685348825e-03,9.547646089512588929e-05,4.051888918199666274e-05,2.649792671791633271e-04,1.264579065917077619e-03,3.076423126192393670e-90,3.297746873684958893e-89,3.487514541634533495e-89,1.970252016076431949e-89,-1.064278553164981320e-89,-3.114279101395167393e-90,-1.055525414081599678e-89,-4.267877359541356519e-90
1.463272720773762213e-02,-2.357445935969323947e-02,9.648080931615723652e-03,2.706110425464093496e-03,-2.946571041096667301e-02,-1.515497880516900042e-03,3.778864686291069641e-02,-3.313516903902798405e-01,-3.209418457831378912e-01,2.573069475887063695e-01,1.499593816330686002e-01,-2.591935316361026476e-01,6.874488131791729739e-02,-1.914152022519166052e-01,-1.681395491571316717e-04,-1.322718094685348825e-03,9.547646089512588929e-05,4.051888918199666274e-05,2.649792671791633271e-04,1.264579065917077619e-03,2.782875078337797324e-90,2.744222232289230725e-89,2.977080862178043326e-89,1.727671671987984478e-89,-8.973805538982394714e-90,-2.728881910367174894e-90,-8.943254928301030639e-90,-3.666907392595997471e-90
1.591961322876035353e-02,-1.434117539418392102e-02,8.284190735808235825e-03,1.385522537760732354e-03,-2.979312288140791368e-02,-9.933484564027577485e-03,3.636587793272435393e-02,-3.301740697618029130e-01,-3.242158659456099157e-01,2.622333331246117227e-01,1.478228345740426608e-01,-2.592895781691668677e-01,6.723216334147288920e-02,-1.915108365134552126e-01,-1.681395491571316717e-04,-1.322718094685348825e-03,9.547646089512588929e-05,4.051888918199666274e-05,2.649792671791633271e-04,1.264579065917077619e-03,2.440992591461654654e-90,2.274598266610638898e-89,2.530966861879634060e-89,1.518902264121951754e-89,-7.582192054895213290e-90,-2.400650979095592720e-90,-7.594161921727344329e-90,-3.150356643422724123e-90
5.831675772168646438e-03,-1.458067811952439181e-02,8.040448995623476411e-03,2.372245465125089742e-03,-2.046211992063520779e-02,-9.737822277768117679e-03,4.328435567078080248e-02,-3.188374136475922715e-01,-3.341880563128447057e-01,2.734765920916693571e-01,1.510282920870359702e-01,-2.565543767212633552e-01,6.961863164398854331e-02,-1.912413901142664407e-01,-1.681395491571316717e-04,-1.322718094685348825e-03,9.547646089512588929e-05,4.051888918199666274e-05,2.649792671791633271e-04,1.264579065917077619e-03,1.958202579509714643e-90,1.883531324429836333e-89,2.138162494920880790e-89,1.322874334148766254e-89,-6.335013301840525334e-90,-2.079354267211137853e-90,-6.434019509457872761e-90,-2.647315775104995679e-90
-4.440533130908152354e-03,-2.552016737703812627e-02,6.804002889029839296e-03,-6.024836374716826572e-04,-1.211244924192122173e-02,-9.765211908754865833e-04,5.097732899966024578e-02,-3.173056621866508498e-01,-3.350350210554781660e-01,2.805633939959346068e-01,1.493295022194408017e-01,-2.646247438571942556e-01,6.876874927736181808e-02,-1.955947754806240391e-01,-1.681395491571316717e-04,-1.322718094685348825e-03,9.547646089512588929e-05,4.051888918199666274e-05,2.649792671791633271e-04,1.264579065917077619e-03,1.575196394640230216e-90,1.549317268127876288e-89,1.810752910398848411e-89,1.147318385160319250e-89,-5.280848846606328559e-90,-1.764393453175179182e-90,-5.455078889538343932e-90,-2.263403876876021267e-90
-1.272730179025991296e-02,-2.443735414604627718e-02,3.807084768165889047e-03,-2.318926521926763327e-03,-7.021034194046655262e-03,-5.779285808123917935e-03,6.092047248831242851e-02,-3.129166003688423348e-01,-3.367221968801043519e-01,2.906087941261488727e-01,1.470885641050726500e-01,-2.678874051990967620e-01,7.153606373206577995e-02,-1.954678876545765109e-01,-1.681395491571316717e-04,-1.322718094685348825e-03,9.547646089512588929e-05,4.051888918199666274e-05,2.649792671791633271e-04,1.264579065917077619e-03,1.250671709644474135e-90,1.281799554067841100e-89,1.526887989625500297e-89,9.880702656350884164e-90,-4.418467506240363349e-90,-1.483896365883308145e-90,-4.599790395611656635e-90,-1.902284558428339296e-90
-6.076632595281814507e-03,-2.269455314836372334e-02,3.361453817385352903e-03,-2.868389933832555822e-03,-1.318330598510026111e-02,-5.845391060794274257e-03,5.607776757112509225e-02,-3.114701672187019654e-01,-3.338166810110135274e-01,2.943397391145138320e-01,1.469824298722255673e-01,-2.714260799050822737e-01,7.649615173221337161e-02,-1.952590507724072666e-01,-1.681395491571316717e-04,-1.322718094685348825e-03,9.547646089512588929e-05,4.051888918199666274e-05,2.649792671791633271e-04,1.264579065917077619e-03,1.034976579169105438e-90,1.066614115492356184e-89,1.288823299460824121e-89,8.553326979215171939e-90,-3.723436810331375887e-90,-1.309463964738059165e-90,-3.924013154071177133e-90,-1.657590083896375399e-90
-4.992177193214042408e-03,-1.934441164674021232e-02,-7.957410914328955261e-04,-6.270093192264934029e-03,-1.357479425917618686e-02,-1.218233053024102980e-02,4.530440622018850477e-02,-3.264388061022693854e-01,-3.240803139650422215e-01,2.914675945811338043e-01,1.479423700588198276e-01,-2.729033816372458121e-01,8.284848144773429568e-02,-1.896896706239257491e-01,-1.681395491571316717e-04,-1.322718094685348825e-03,9.547646089512588929e-05,4.051888918199666274e-05,2.649792671791633271e-04,1.264579065917077619e-03,1.071086682391258427e-90,8.942996602903140552e-90,1.089974155077756452e-89,7.428657223579054184e-90,-3.185201390887127631e-90,-1.210842648261577297e-90,-3.359359582352626265e-90,-1.475129900618272189e-90
-2.032873366442505825e-04,-2.478577015836054206e-02,-1.788606914733247141e-03,-5.897974136692686956e-03,-2.028866853952058374e-02,-7.167833925414116188e-03,3.459851753274737624e-02,-3.420727387260714125e-01,-3.163413463106038992e-01,2.829146593939986243e-01,1.496960243487243380e-01,-2.733892883403720719e-01,8.852146285953982341e-02,-1.850962859676847094e-01,-1.681395491571316717e-04,-1.322718094685348825e-03,9.547646089512588929e-05,4.051888918199666274e-05,2.649792671791633271e-04,1.264579065917077619e-03,1.018606216761264974e-90,7.465661225580095458e-90,9.260035438927118216e-90,6.389881750726892903e-90,-2.716450653617914042e-90,-1.101910409609051321e-90,-2.856854436637934839e-90,-1.295239020058353401e-90
1.673064084539004201e-03,-8.067361909397899322e-03,-2.549181592004033658e-03,-1.910637720407235354e-03,-2.679333647612978583e-02,-2.412048880281394969e-02,3.323434561858248926e-02,-3.547342725296799837e-01,-3.114960841825522575e-01,2.867701664926763372e-01,1.445283021782000632e-01,-2.818330806829597579e-01,8.522769895938731022e-02,-1.886055509267915153e-01,-1.681395491571316717e-04,-1.322718094685348825e-03,9.547646089512588929e-05,4.051888918199666274e-05,2.649792671791633271e-04,1.264579065917077619e-03,9.182960373745510215e-91,6.170596828550001924e-90,7.885080016895561504e-90,5.511960702062254673e-90,-2.314708681132163176e-90,-9.877031274022965877e-91,-2.419760669236754650e-90,-1.124333050505673350e-90
-3.424010661756940813e-03,6.916677304741906604e-03,-1.508553885345631377e-03,1.529808886414664448e-03,-2.730609303470349705e-02,-3.896240786325823324e-02,3.161787946547013617e-02,-3.630266667663277769e-01,-3.051478984003108685e-01,2.954613680915268992e-01,1.431751004372635860e-01,-2.837951565131383580e-01,8.552726897361058456e-02,-1.889991750206073684e-01,-1.681395491571316717e-04,-1.322718094685348825e-03,9.547646089512588929e-05,4.051888918199666274e-05,2.649792671791633271e-04,1.264579065917077619e-03,7.976827644408971093e-91,5.064824710060397112e-90,6.702511674238117704e-90,4.731192340172597509e-90,-1.973863156234970441e-90,-8.614845212685554501e-91,-2.054587942377132855e-90,-9.736346451273335847e-91
5.066164467533131738e-03,9.894526556975875853e-03,-5.598120642055425152e-03,-7.837054210906644995e-04,-2.832230676012139486e-02,-3.920005175222298494e-02,3.352789410017887467e-02,-3.683833226378313563e-01,-2.997577552865923201e-01,3.031978462873831104e-01,1.405845957671026936e-01,-2.852719664042931424e-01,8.216592502738319370e-02,-1.904734087179354440e-01,-1.681395491571316717e-04,-1.322718094685348825e-03,9.547646089512588929e-05,4.051888918199666274e-05,2.649792671791633271e-04,1.264579065917077619e-03,6.144689706888119387e-91,4.173214658781568549e-90,5.659887734659335905e-90,4.079020266699013567e-90,-1.675634930990516029e-90,-7.357894473123764366e-91,-1.731430775825225521e-90,-8.396098003755707547e-91
-1.036943797906782032e-02,3.113547552466497392e-03,-5.547960820847860387e-03,-4.291761131336650596e-03,-9.869681863386492449e-03,-3.110377722711588772e-02,2.274981139479002878e-02,-3.619904098575409401e-01,-3.098747323043203883e-01,3.024721371905970124e-01,1.438327199754182439e-01,-2.835455168134471404e-01,8.390340460598633143e-02,-1.886210719472321828e-01,-1.681395491571316717e-04,-1.322718094685348825e-03,9.547646089512588929e-05,4.051888918199666274e-05,2.649792671791633271e-04,1.264579065917077619e-03,4.216978313445013747e-91,3.492711611088064135e-90,4.760722362820864583e-90,3.509933051069981692e-90,-1.400739347032087864e-90,-6.267036620647957348e-91,-1.456260916306750878e-90,-7.184324776688158021e-91
-1.665544765284342199e-02,9.385887442826998904e-04,-9.019629220638531245e-03,-9.079985972919361881e-03,-1.079613181662733568e-03,-3.143837119617851061e-02,1.851357813682131745e-02,-3.628586135662572598e-01,-3.116557304255599958e-01,3.154166313133474620e-01,1.424481637394054701e-01,-2.878945843475198552e-01,8.609267385085393742e-02,-1.896277975986171427e-01,-1.681395491571316717e-04,-1.322718094685348825e-03,9.547646089512588929e-05,4.051888918199666274e-05,2.649792671791633271e-04,1.264579065917077619e-03,2.706238029662299174e-91,2.909352620697592553e-90,4.024310599388290767e-90,3.000186658230795862e-90,-1.177394949143523596e-90,-5.447084282224277485e-91,-1.225338452412473903e-90,-6.134525910725701772e-91
-1.547445919877282403e-02,1.199937006885415727e-03,-1.008660911252607165e-02,-1.125048795963819875e-02,1.929497371663970503e-03,-2.962087325478287431e-02,1.337851790186766858e-02,-3.653121014901459240e-01,-3.119263273164217809e-01,3.340005706316493406e-01,1.360966813090253580e-01,-3.024469167290548266e-01,9.047355465842180089e-02,-1.933510974626566070e-01,-1.681395491571316717e-04,-1.322718094685348825e-03,9.547646089512588929e-05,4.051888918199666274e-05,2.649792671791633271e-04,1.264579065917077619e-03,1.636942302465196305e-91,2.410353818390499160e-90,3.414542941269926735e-90,2.565336032220725312e-90,-9.934597067020390795e-91,-4.806191742365320319e-91,-1.037774538409432174e-90,-5.260394459658728988e-91
-8.602797590895414764e-03,-1.041690316512248159e-02,-7.737860676512787680e-03,-1.003203737219680522e-02,-2.585241458505703731e-03,-1.403192353383719317e-02,1.999339183319403385e-02,-3.715953395978389140e-01,-3.021031737617669299e-01,3.243023874250035021e-01,1.438371714051633610e-01,-3.027625116204072375e-01,9.621139505938347547e-02,-1.933513230632922242e-01,-1.681395491571316717e-04,-1.322718094685348825e-03,9.547646089512588929e-05,4.051888918199666274e-05,2.649792671791633271e-04,1.264579065917077619e-03,1.007505542290070896e-91,2.012335727466616205e-90,2.901677245792044232e-90,2.188373188417070855e-90,-8.372405117644998102e-91,-4.201864571693663784e-91,-8.822418003391445375e-91,-4.571114307824345448e-91
2.364884209656668151e-04,-4.789347230632521116e-03,-4.912467597427192141e-03,-7.270345718498143033e-03,-9.720058572936157021e-03,-1.472328033620778041e-02,3.762198402956506982e-02,-3.767627004130603696e-01,-2.899216300432916338e-01,3.110386601952085939e-01,1.513355547741317142e-01,-3.094103666456275992e-01,9.686123632643511838e-02,-1.969603838701612653e-01,-1.681395491571316717e-04,-1.322718094685348825e-03,9.547646089512588929e-05,4.051888918199666274e-05,2.649792671791633271e-04,1.264579065917077619e-03,5.220993252806658090e-92,1.667384183332111766e-90,2.488701782782061224e-90,1.859885842350725820e-90,-7.093131518044936799e-91,-3.627733276130761750e-91,-7.438502164565700389e-91,-4.023662273202599192e-91
4.679289710205833050e-03,-3.908663226646148618e-03,-7.263698720900007080e-03,-6.556494875330873273e-03,-1.465898290291665386e-02,-1.757683924730114866e-02,4.659999787249284597e-02,-3.764452504121595933e-01,-2.869659342424023540e-01,3.171286664291216306e-01,1.585637808021022610e-01,-3.100270012284664922e-01,9.470845058318530518e-02,-1.996395550280891662e-01,-1.681395491571316717e-04,-1.322718094685348825e-03,9.547646089512588929e-05,4.051888918199666274e-05,2.649792671791633271e-04,1.264579065917077619e-03,2.115979853088144552e-92,1.386929677782693772e-90,2.134045745895372648e-90,1.578970438183779915e-90,-6.062752705320109280e-91,-3.171433451663404030e-91,-6.317956589071787458e-91,-3.507404886288093351e-91
1.206999935465965373e-02,-4.435633643324945856e-03,-8.773521961851046130e-03,-5.265580716327347005e-03,-2.544996681309262543e-02,-2.137334730340180108e-02,5.011718973776571606e-02,-3.729942734763792567e-01,-2.919797841180390430e-01,3.304729591910808839e-01,1.623367543963665505e-01,-3.053836251011708969e-01,9.883293963414623018e-02,-1.940127370131076168e-01,-1.681395491571316717e-04,-1.322718094685348825e-03,9.547646089512588929e-05,4.051888918199666274e-05,2.649792671791633271e-04,1.264579065917077619e-03,1.435535312152700443e-93,1.168334698644063972e-90,1.827025005933123308e-90,1.354926424266096820e-90,-5.241038801012527227e-91,-2.846361940350027476e-91,-5.409425486621966821e-91,-3.037451839507506293e-91
1.390993032065459753e-02,1.436154109525982284e-03,-1.233500514940529327e-02,-5.882203274815637171e-03,-2.821606161866401646e-02,-3.240583262407584902e-02,4.185516263734639919e-02,-3.693396853019705883e-01,-3.060048555607166043e-01,3.392677070360516356e-01,1.624352719282484703e-01,-3.049379567053385198e-01,1.048746679302642593e-01,-1.877451030093634787e-01,-1.681395491571316717e-04,-1.322718094685348825e-03,9.547646089512588929e-05,4.051888918199666274e-05,2.649792671791633271e-04,1.264579065917077619e-03,-1.310631586846832198e-92,1.003333862103828097e-90,1.563755121272024881e-90,1.168548077190212229e-90,-4.545738305214380522e-91,-2.540891764889697437e-91,-4.617682644540501048e-91,-2.619263505218956420e-91
2.009987536980173059e-02,7.912774750219411790e-03,-7.721421346992629088e-03,-5.975653011891575439e-03,-3.873628781828803574e-02,-4.222480254928093896e-02,4.726945465890826370e-02,-3.666711872072569434e-01,-3.227245077473325230e-01,3.359120229751086928e-01,1.604893535258495041e-01,-3.031990825821864743e-01,1.035884542930068097e-01,-1.863410973608954080e-01,-1.681395491571316717e-04,-1.322718094685348825e-03,9.547646089512588929e-05,4.051888918199666274e-05,2.649792671791633271e-04,1.264579065917077619e-03,-1.099172439675273575e-92,8.545301067776969577e-91,1.349821519963804150e-90,1.004216298906441699e-90,-3.956881056341282570e-91,-2.213062789213723083e-91,-3.934094210540445606e-91,-2.220871542594498244e-91
1.875485083605700487e-02,1.496569482526806730e-02,-8.028931724617579049e-03,-8.128299208205000403e-03,-4.602927710335554673e-02,-6.014216017467617637e-02,5.199205700970008920e-02,-3.670678684674860692e-01,-3.342110864115067637e-01,3.394424524167277135e-01,1.560502486607160122e-01,-3.072112646769771249e-01,1.049218495112157479e-01,-1.863429981357828669e-01,-1.681395491571316717e-04,-1.322718094685348825e-03,9.547646089512588929e-05,4.051888918199666274e-05,2.649792671791633271e-04,1.264579065917077619e-03,-7.792116809821636479e-93,7.270350908149980586e-91,1.170800975376248182e-90,8.577470383368339611e-91,-3.426074605528396465e-91,-1.926961101182125669e-91,-3.338276431163882067e-91,-1.858747852161091704e-91
2.115332079414636995e-02,1.576800387318489510e-03,-2.150694333315777626e-03,-5.400489231255637540e-03,-5.342116743976432769e-02,-4.686881988993006620e-02,4.695905493996130331e-02,-3.715564626634536016e-01,-3.455476883367296081e-01,3.299146294254232670e-01,1.480692456109865274e-01,-3.114143699868708870e-01,9.814145857116640670e-02,-1.882679881751869455e-01,-1.681395491571316717e-04,-1.322718094685348825e-03,9.547646089512588929e-05,4.051888918199666274e-05,2.649792671791633271e-04,1.264579065917077619e-03,-2.784823808762582957e-94,6.181691787679410945e-91,1.018047552964782636e-90,7.466097796999991547e-91,-2.954741678345995836e-91,-1.672790789804266186e-91,-2.877603584929272638e-91,-1.587123319674477999e-91
1.055297339086546000e-02,-2.991745136457613086e-03,4.714826253168658866e-03,-6.290149625803494182e-04,-5.338614839600513279e-02,-4.355412086928215493e-02,4.562844157304839915e-02,-3.752833150692009845e-01,-3.548506090255200141e-01,3.340642858970547802e-01,1.361217825100982659e-01,-3.205874973214520862e-01,9.768476948961464512e-02,-1.871450150296735115e-01,-1.681395491571316717e-04,-1.322718094685348825e-03,9.547646089512588929e-05,4.051888918199666274e-05,2.649792671791633271e-04,1.264579065917077619e-03,2.881166798458516260e-93,5.226883528682695116e-91,8.834144100621600156e-91,6.445530063739468099e-91,-2.584788605954803765e-91,-1.434064051795867462e-91,-2.460053614084928715e-91,-1.334331327840889198e-91
1.586355676310560736e-02,-1.383339211888337007e-02,2.329724411083442491e-03,3.358063708905826943e-03,-6.239250049419461236e-02,-3.706840294195053870e-02,5.638300891611872090e-02,-3.800775370142761012e-01,-3.482900522079566130e-01,3.359989367951516370e-01,1.377062773632148351e-01,-3.256093799917507692e-01,1.051325505851706255e-01,-1.814022802400309109e-01,-1.681395491571316717e-04,-1.322718094685348825e-03,9.547646089512588929e-05,4.051888918199666274e-05,2.649792671791633271e-04,1.264579065917077619e-03,1.796802893487036939e-93,4.424648960347915281e-91,7.637211675618640734e-91,5.527620437418644562e-91,-2.271910250537689232e-91,-1.241764886660554060e-91,-2.094377945849676723e-91,-1.126531073054152298e-91
1.635151031641948055e-02,-1.332095192564950771e-02,4.528727041790719943e-03,4.833455257976970905e-03,-6.836260642064201365e-02,-4.027925855182909465e-02,6.764898089299282991e-02,-3.845394653649832906e-01,-3.445510608706894851e-01,3.411733973104528750e-01,1.432586165651973387e-01,-3.275384947499572208e-01,1.076384755815967681e-01,-1.840487176998938934e-01,-1.681395491571316717e-04,-1.322718094685348825e-03,9.547646089512588929e-05,4.051888918199666274e-05,2.649792671791633271e-04,1.264579065917077619e-03,4.359870584863685164e-93,3.712673950618595551e-91,6.665012024626375879e-91,4.676155170395303784e-91,-1.973739240761545601e-91,-1.083361907641391872e-91,-1.784349884992712493e-91,-9.614035992845374730e-92
2.027861455855765188e-02,-1.186245313587819088e-02,1.857868336803426661e-03,5.244054277245114616e-03,-7.261472114271518008e-02,-4.377570852808204682e-02,8.227698793376915509e-02,-3.868161887558711487e-01,-3.401050073022615639e-01,3.494893749352995793e-01,1.480338310958805581e-01,-3.259712265846368417e-01,1.127450314516042496e-01,-1.831021004331095103e-01,-1.681395491571316717e-04,-1.322718094685348825e-03,9.547646089512588929e-05,4.051888918199666274e-05,2.649792671791633271e-04,1.264579065917077619e-03,5.915741710228226340e-93,3.158750027055253568e-91,5.766321983014664423e-91,4.005953454151784874e-91,-1.756711250620052527e-91,-9.951478984725655059e-92,-1.533391970588988308e-91,-8.320602774021962995e-92
2.569086262746611907e-02,-1.578141624260729833e-02,1.054108011477632645e-03,6.491624357607002696e-03,-8.395196499115241406e-02,-4.462198246292702758e-02,9.460438327413213389e-02,-3.941947427205935162e-01,-3.357916251154628995e-01,3.661404583369431420e-01,1.430594477722444968e-01,-3.312401225933249149e-01,1.202992879278010352e-01,-1.791716432234219669e-01,-1.681395491571316717e-04,-1.322718094685348825e-03,9.547646089512588929e-05,4.051888918199666274e-05,2.649792671791633271e-04,1.264579065917077619e-03,7.025653485103817413e-93,2.737066942447231103e-91,4.972306502250095532e-91,3.495057530373149738e-91,-1.581391189933206700e-91,-9.290995631402722108e-92,-1.325787705764924939e-91,-7.222388231823384670e-92
2.184817178768877141e-02,-2.281888770006715653e-02,4.965034927676379188e-04,5.755704444684094610e-03,-8.545963491570708614e-02,-4.245754238030201300e-02,9.811982553388147454e-02,-3.981823609620367410e-01,-3.413754466423814526e-01,3.690245496542887693e-01,1.343268844189738631e-01,-3.455221626663059764e-01,1.211958849572549179e-01,-1.842206753566293653e-01,-1.681395491571316717e-04,-1.322718094685348825e-03,9.547646089512588929e-05,4.051888918199666274e-05,2.649792671791633271e-04,1.264579065917077619e-03,8.311019131685150445e-93,2.354529056285838593e-91,4.322343336130197423e-91,3.061639814847069415e-91,-1.408419840289437242e-91,-8.498602217477771588e-92,-1.125937871244141122e-91,-6.038215252617211946e-92
1.064833985485347419e-02,-2.437610679342271450e-02,-1.053319797919175871e-04,5.503905403743179423e-03,-8.064604948905110260e-02,-4.534679631130950767e-02,9.047232767235174888e-02,-4.053691500651316892e-01,-3.457156654076699587e-01,3.617180911073425986e-01,1.315318965374707993e-01,-3.518390693938958091e-01,1.275686040335139992e-01,-1.828689200270538218e-01,-1.681395491571316717e-04,-1.322718094685348825e-03,9.547646089512588929e-05,4.051888918199666274e-05,2.649792671791633271e-04,1.264579065917077619e-03,1.024331689486136174e-92,2.062955497610729550e-91,3.758978099789778103e-91,2.689893834102132320e-91,-1.235395330917450337e-91,-7.702444107960046182e-92,-9.597506306155030880e-92,-5.157599530412918060e-92
2.198706386174491614e-03,-2.320609064524584153e-02,2.128399884082787016e-03,4.583723306501530370e-03,-7.363710921550489785e-02,-4.537245145667044566e-02,8.127383638946658606e-02,-4.147202908217307860e-01,-3.491802103473233276e-01,3.682581429925712024e-01,1.280692626956255742e-01,-3.597660812879198144e-01,1.226005496025106833e-01,-1.902267747919352547e-01,-1.681395491571316717e-04,-1.322718094685348825e-03,9.547646089512588929e-05,4.051888918199666274e-05,2.649792671791633271e-04,1.264579065917077619e-03,1.221623111195289473e-92,1.775926959467275637e-91,3.302696667881958964e-91,2.421563292014522503e-91,-1.067351733981225265e-91,-6.748110046391489367e-92,-8.326924396884245557e-92,-4.551703505626967331e-92
-4.215351003370672658e-03,-2.017835712472882195e-02,1.011845985970062254e-03,2.854015292265634114e-03,-6.757026056288481519e-02,-4.998867535113739324e-02,7.958890386017379581e-02,-4.220996898589127189e-01,-3.500360146233209013e-01,3.717687122120066912e-01,1.251714915705516296e-01,-3.630350612177666858e-01,1.218763080120445347e-01,-1.916440734540967306e-01,-1.681395491571316717e-04,-1.322718094685348825e-03,9.547646089512588929e-05,4.051888918199666274e-05,2.649792671791633271e-04,1.264579065917077619e-03,1.431838735250776224e-92,1.530785488472041936e-91,2.900723398513565333e-91,2.183657350128246346e-91,-9.272793356601308745e-92,-5.982189133046356352e-92,-7.064237046251389724e-92,-3.853463667323774916e-92
-1.328262623832994656e-02,-2.675630880737898606e-02,2.608212948125960065e-03,1.233246149208581596e-03,-6.331457036644203007e-02,-4.618129621223067416e-02,6.702082408802585711e-02,-4.326659366032680754e-01,-3.492764278696219304e-01,3.628560266917236210e-01,1.262241076343296464e-01,-3.613767897634996284e-01,1.171694203808290313e-01,-1.971327075781146299e-01,-1.681395491571316717e-04,-1.322718094685348825e-03,9.547646089512588929e-05,4.051888918199666274e-05,2.649792671791633271e-04,1.264579065917077619e-03,1.515799707205061109e-92,1.333844323057263972e-91,2.547110211776732964e-91,1.968432849584102305e-91,-8.052497158893077516e-92,-5.292853756419164425e-92,-6.121962765934073148e-92,-3.390516100589354688e-92
-1.410647004033259259e-02,-2.434693121340814406e-02,1.249285925629315102e-03,1.799767918936334872e-03,-6.184909012141218132e-02,-4.696665028501796624e-02,6.976276369759271123e-02,-4.322010417179777964e-01,-3.502848955395444497e-01,3.649834778103359656e-01,1.268926452882660760e-01,-3.636598427594045502e-01,1.207635436683935498e-01,-1.976902279360386594e-01,-1.681395491571316717e-04,-1.322718094685348825e-03,9.547646089512588929e-05,4.051888918199666274e-05,2.649792671791633271e-04,1.264579065917077619e-03,1.322206097047769257e-92,1.151745402182989083e-91,2.223147451480173738e-91,1.758342291969201991e-91,-7.055035802660105940e-92,-4.755746324051096243e-92,-5.230992658145038167e-92,-2.866829357248878609e-92
-1.237708567278800013e-02,-1.437334651184790993e-02,-2.350951735654343427e-03,1.145679909073957746e-03,-5.936830490288959317e-02,-5.674070424890605147e-02,8.179959309575240978e-02,-4.243508260748764527e-01,-3.541427077353717090e-01,3.696082477779885078e-01,1.359267850875345851e-01,-3.543006580735053035e-01,1.235781848157707780e-01,-1.947842734354186256e-01,-1.681395491571316717e-04,-1.322718094685348825e-03,9.547646089512588929e-05,4.051888918199666274e-05,2.649792671791633271e-04,1.264579065917077619e-03,1.191536662097122384e-92,9.905056394635894338e-92,1.934859566392019345e-91,1.545319574072903621e-91,-6.190378733904777394e-92,-4.216017645154217713e-92,-4.489956906051973877e-92,-2.424724112246201510e-92
-9.206699950615159986e-03,3.522122555704384345e-03,-5.088038128069717614e-03,3.969597631374609768e-03,-6.018486310368480197e-02,-7.404229950875937383e-02,8.970920177974653353e-02,-4.205924605042818953e-01,-3.615384644294124539e-01,3.570353363463620311e-01,1.394196387429113282e-01,-3.487660380708399455e-01,1.208838305852575901e-01,-1.955277920363818200e-01,-1.681395491571316717e-04,-1.322718094685348825e-03,9.547646089512588929e-05,4.051888918199666274e-05,2.649792671791633271e-04,1.264579065917077619e-03,1.091008360638708095e-92,8.516259761042529319e-92,1.685434105662616274e-91,1.358536428742651229e-91,-5.367674972425946310e-92,-3.644130379595705719e-92,-3.857741019949546145e-92,-2.045842855701212412e-92
2.284925983976549696e-03,2.081229752672277694e-02,-7.904765852990713881e-04,6.878510602720416117e-03,-5.730463425818960177e-02,-7.343834482916107576e-02,7.108045472584614832e-02,-4.073164678280333795e-01,-3.578748530788856130e-01,3.533983154775641178e-01,1.596973039313415166e-01,-3.322918120297371214e-01,1.265900193567785492e-01,-1.920543937803658174e-01,-1.681395491571316717e-04,-1.322718094685348825e-03,9.547646089512588929e-05,4.051888918199666274e-05,2.649792671791633271e-04,1.264579065917077619e-03,1.006903666861507085e-92,7.347736548725208896e-92,1.463389641440491553e-91,1.195392567446200774e-91,-4.677297054373579215e-92,-3.248404011647513674e-92,-3.314162480768295539e-92,-1.757697893480907627e-92
8.693623171852214032e-03,3.479520927175266953e-02,5.174323761845921188e-04,6.447775724449292430e-03,-6.171121342266355086e-02,-8.528255848918106508e-02,6.289287899093806700e-02,-4.007014158123985981e-01,-3.652169655381883873e-01,3.487124753268996957e-01,1.648628410964406987e-01,-3.259377956930175069e-01,1.212592407076025780e-01,-1.956788915695852338e-01,-1.681395491571316717e-04,-1.322718094685348825e-03,9.547646089512588929e-05,4.051888918199666274e-05,2.649792671791633271e-04,1.264579065917077619e-03,9.851698176356635717e-93,6.306794815850619229e-92,1.270436186932163985e-91,1.054141293728478711e-91,-4.051267591022559762e-92,-2.848027125212087458e-92,-2.856084704778603479e-92,-1.518647870518348479e-92
6.745721037614935134e-03,4.388455243693218516e-02,-1.817316653054112333e-03,5.048434131517020446e-03,-6.511558559613067620e-02,-1.019636173249210687e-01,6.315765725102287509e-02,-3.970284634872772722e-01,-3.624245777600860752e-01,3.398126655982061095e-01,1.746739736702305201e-01,-3.160463950387526477e-01,1.202304116727114375e-01,-1.993597882206732952e-01,-1.681395491571316717e-04,-1.322718094685348825e-03,9.547646089512588929e-05,4.051888918199666274e-05,2.649792671791633271e-04,1.264579065917077619e-03,9.227353222475050474e-93,5.378252736994823679e-92,1.101089345697034978e-91,9.263721023388552918e-92,-3.503380310249785331e-92,-2.508622792016869434e-92,-2.463652019576376497e-92,-1.307254154514333987e-92
5.341345929191421670e-03,1.574142693435431201e-02,-1.384249389684558216e-03,5.460308382909427778e-03,-7.596652737546281953e-02,-8.461655230532254268e-02,6.620850690512407322e-02,-4.003506433572653900e-01,-3.552075567033283199e-01,3.340458128319482856e-01,1.844331530573407041e-01,-3.131300894081930908e-01,1.230425689204232009e-01,-1.996919138293411777e-01,-1.681395491571316717e-04,-1.322718094685348825e-03,9.547646089512588929e-05,4.051888918199666274e-05,2.649792671791633271e-04,1.264579065917077619e-03,7.898603705791084523e-93,4.567153669656075724e-92,9.510660438412328916e-92,8.093526818291349685e-92,-3.031988520062272108e-92,-2.197689992915411597e-92,-2.120769445934015828e-92,-1.128548214478702900e-92
1.267053095657684827e-02,-9.405285383493160178e-04,5.342269622906846080e-03,7.702964709437761653e-03,-9.202296178971733354e-02,-7.058741825699949013e-02,7.704923690285346571e-02,-4.027633367387006835e-01,-3.546731358200371775e-01,3.473120823362401133e-01,1.861641857212876783e-01,-3.143300901621491339e-01,1.272872724952321954e-01,-1.979160500013416868e-01,-1.681395491571316717e-04,-1.322718094685348825e-03,9.547646089512588929e-05,4.051888918199666274e-05,2.649792671791633271e-04,1.264579065917077619e-03,6.801762156674344870e-93,3.837896621126474286e-92,8.216689565185321299e-92,7.070394858828603315e-92,-2.638237858421063230e-92,-1.939574807880568957e-92,-1.826211333595475336e-92,-9.766193046231537015e-93
4.776781064620613457e-03,-8.393754861135794415e-03,1.093284737323351428e-02,4.990964036798361744e-03,-9.135172278593954587e-02,-6.766663623373703196e-02,7.406343209220804524e-02,-4.083609338621757567e-01,-3.614621767495603821e-01,3.564662722948566120e-01,1.823093556096460899e-01,-3.152745726674884841e-01,1.196454477143659711e-01,-2.033736403289043149e-01,-1.681395491571316717e-04,-1.322718094685348825e-03,9.547646089512588929e-05,4.051888918199666274e-05,2.649792671791633271e-04,1.264579065917077619e-03,6.083654877738863884e-93,3.189830025301885174e-92,7.142184319324739607e-92,6.192955805748317242e-92,-2.279541981920864090e-92,-1.694910686071416606e-92,-1.593277526212018799e-92,-8.728457809583580000e-93
-9.540420790979097301e-03,-1.854031847630465552e-02,1.622561978819275080e-02,4.321215677802320125e-03,-8.734779409162575503e-02,-6.152372533342195110e-02,7.128502433862443644e-02,-4.137348746034008595e-01,-3.672610122596682292e-01,3.629141334320468704e-01,1.847972215232339122e-01,-3.098634126316519022e-01,1.151277590452789573e-01,-2.068963091165115786e-01,-1.681395491571316717e-04,-1.322718094685348825e-03,9.547646089512588929e-05,4.051888918199666274e-05,2.649792671791633271e-04,1.264579065917077619e-03,5.454609251465453785e-93,2.657650934033084778e-92,6.201999715012497628e-92,5.408194275847478403e-92,-1.977644595975804410e-92,-1.486072117746054483e-92,-1.388873531366289833e-92,-7.760593383565778997e-93
-1.631953028350993304e-02,-2.304921495198960363e-02,2.133418098644109320e-02,5.619737804553431339e-03,-8.344549078432958455e-02,-5.337051798713651762e-02,6.221393376263865960e-02,-4.305647997431984453e-01,-3.639938902161932166e-01,3.456613541760588104e-01,1.861196858893401918e-01,-3.064713880967978032e-01,1.128424212453408293e-01,-2.092653703384910469e-01,-1.681395491571316717e-04,-1.322718094685348825e-03,9.547646089512588929e-05,4.051888918199666274e-05,2.649792671791633271e-04,1.264579065917077619e-03,5.209148021692640603e-93,2.232262264862334477e-92,5.384764887600826309e-92,4.725957249805930769e-92,-1.727097726046723556e-92,-1.317564701858006956e-92,-1.204661887885959482e-92,-6.912926282797332708e-93
-5.851486791440574028e-03,-2.438407797670734400e-02,2.655026248709051878e-02,1.205139871525523834e-02,-9.990833418000305555e-02,-4.964145865790859508e-02,6.732818430483959726e-02,-4.361901319269178567e-01,-3.680992640444721298e-01,3.438375053938274584e-01,1.836509624999681789e-01,-3.090613031304548786e-01,1.175201818349779909e-01,-2.054575413332264122e-01,-1.681395491571316717e-04,-1.322718094685348825e-03,9.547646089512588929e-05,4.051888918199666274e-05,2.649792671791633271e-04,1.264579065917077619e-03,4.745150362397438097e-93,1.861341280329158055e-92,4.664441884606400328e-92,4.129824142801193993e-92,-1.507372227012502209e-92,-1.167731249391516274e-92,-1.046330232006687328e-92,-6.126319271424780402e-93
-5.887075588819524682e-03,-3.364900542330351296e-02,1.890680866327458173e-02,1.383353974558424772e-02,-1.031087916851237962e-01,-4.817927441170334613e-02,7.374038122422724162e-02,-4.338941260068159833e-01,-3.778084172612268810e-01,3.389736701244436823e-01,1.874450353367114186e-01,-3.090646362807674130e-01,1.180803622327213920e-01,-2.052833202855919303e-01,-1.681395491571316717e-04,-1.322718094685348825e-03,9.547646089512588929e-05,4.051888918199666274e-05,2.649792671791633271e-04,1.264579065917077619e-03,4.265572140480719009e-93,1.550060749635954221e-92,4.030464283056849430e-92,3.610799749694778144e-92,-1.289644474825138790e-92,-1.007801076410408998e-92,-9.091096731782067927e-93,-5.448112303016699431e-93
-4.034728789981356818e-03,-3.731976309379658741e-02,1.639160612366263869e-02,1.833427210617409250e-02,-1.095169645438435341e-01,-4.707639079060065013e-02,6.961327379900343615e-02,-4.318101767608245600e-01,-3.859856967880184175e-01,3.373382954785186794e-01,1.882401116324454449e-01,-3.110503176554918481e-01,1.209483195380982312e-01,-2.043184209833300569e-01,-1.681395491571316717e-04,-1.322718094685348825e-03,9.547646089512588929e-05,4.051888918199666274e-05,2.649792671791633271e-04,1.264579065917077619e-03,3.852333553665182934e-93,1.286294216768534110e-92,3.485820722094649634e-92,3.158049760938328586e-92,-1.104659308758568773e-92,-8.734916403818948276e-93,-7.814770704693381949e-93,-4.768667795020478963e-93
2.835480789395601435e-03,-2.571018563939712898e-02,1.574702806221382756e-02,1.870597922617241518e-02,-1.098619266267668176e-01,-5.084482465829343045e-02,8.261988181006026111e-02,-4.264407650459688948e-01,-3.866773111489185122e-01,3.361132892988202281e-01,1.956189306835320052e-01,-3.083866876180759165e-01,1.176947874223489982e-01,-2.130304046624267034e-01,-1.681395491571316717e-04,-1.322718094685348825e-03,9.547646089512588929e-05,4.051888918199666274e-05,2.649792671791633271e-04,1.264579065917077619e-03,3.371776022733688154e-93,1.064900107871565819e-92,3.007362317146744206e-92,2.761283158147623717e-92,-9.450980332952125874e-93,-7.584521553470976071e-93,-6.718516584633325854e-93,-4.171754479023690857e-93
6.260801431767571215e-03,-3.727055197935770503e-02,2.374020884872114767e-02,1.944344401616485141e-02,-1.147498878460261607e-01,-3.079767499667393146e-02,8.640604860581993507e-02,-4.362202343880731137e-01,-3.739201883607266019e-01,3.224930459198282473e-01,2.049754499992781920e-01,-3.111660604709832190e-01,1.174386619795629583e-01,-2.159683815196850876e-01,-1.681395491571316717e-04,-1.322718094685348825e-03,9.547646089512588929e-05,4.051888918199666274e-05,2.649792671791633271e-04,1.264579065917077619e-03,2.975360676485943334e-93,8.772939913772600095e-93,2.595916497943215388e-92,2.405697957811879684e-92,-8.082766689380571156e-93,-6.569481348284808337e-93,-5.763156023393190651e-93,-3.655126788680424888e-93
4.948143871969783170e-03,-3.802939194172944709e-02,2.583121798376434436e-02,2.164749351022664942e-02,-1.076431002117373553e-01,-1.871024773309698519e-02,1.087087862151921297e-01,-4.294634809752455040e-01,-3.801719187852559134e-01,3.207286355223713525e-01,2.191988302162987123e-01,-3.069191637908032511e-01,1.189153460753068908e-01,-2.139902085082024119e-01,-1.681395491571316717e-04,-1.322718094685348825e-03,9.547646089512588929e-05,4.051888918199666274e-05,2.649792671791633271e-04,1.264579065917077619e-03,2.567963034725332000e-93,7.171716838882809411e-93,2.236877046780682904e-92,2.091676534743295532e-92,-6.893290867543606019e-93,-5.666025898392309793e-93,-4.954875996301304582e-93,-3.215967337807080312e-93
1.475040448223218642e-02,-4.607508178226425721e-02,2.867939865862980525e-02,2.196682081026486016e-02,-1.201236410707986202e-01,-1.175621869292085495e-02,1.321752732328161650e-01,-4.149300581545006250e-01,-3.993618867252402005e-01,3.235201375424077153e-01,2.208299595536096227e-01,-3.079434559741383026e-01,1.113338480440390771e-01,-2.214253513603936518e-01,-1.681395491571316717e-04,-1.322718094685348825e-03,9.547646089512588929e-05,4.051888918199666274e-05,2.649792671791633271e-04,1.264579065917077619e-03,2.264428798105660557e-93,5.865585047906150074e-93,1.926475950272145799e-92,1.817021932414063955e-92,-5.867284060109925074e-93,-4.877422303337596693e-93,-4.257074908830268755e-93,-2.820287112158653260e-93
2.421673545773002367e-02,-5.582017788522571078e-02,3.160218945881556468e-02,2.264550116578338546e-02,-1.374138416067502977e-01,-7.704088834547401232e-03,1.501539612325906714e-01,-4.047444770652544044e-01,-4.104323531416888549e-01,3.305433027433117843e-01,2.305072923631086290e-01,-2.947151026774642024e-01,1.175433124764792697e-01,-2.133243320895082396e-01,-1.681395491571316717e-04,-1.322718094685348825e-03,9.547646089512588929e-05,4.051888918199666274e-05,2.649792671791633271e-04,1.264579065917077619e-03,2.032305492224337911e-93,4.796489897827671894e-93,1.657815803337755213e-92,1.578542547456917485e-92,-4.997273465114699693e-93,-4.214949475296769408e-93,-3.654579509486342344e-93,-2.469516118368151168e-93
2.288173571360198680e-02,-7.959668861295343678e-02,3.093887554546728008e-02,2.255924699478767392e-02,-1.402686490918828022e-01,1.250030738477621653e-02,1.540066986651094927e-01,-4.040630905067959522e-01,-4.251019375540204814e-01,3.232904096641981972e-01,2.298522448686324549e-01,-2.932059540995998193e-01,1.125872918509656928e-01,-2.184911590916464863e-01,-1.681395491571316717e-04,-1.322718094685348825e-03,9.547646089512588929e-05,4.051888918199666274e-05,2.649792671791633271e-04,1.264579065917077619e-03,1.857453352613942248e-93,3.925418322140027891e-93,1.427089087658078769e-92,1.374717011984313213e-92,-4.274101669116452115e-93,-3.666826714149400783e-93,-3.132372162890425437e-93,-2.159781252630274217e-93
3.101740971837486233e-02,-7.713654503402003759e-02,3.435143124120441233e-02,2.182244336223564812e-02,-1.465052452091630819e-01,1.454762522953168685e-02,1.766720260129749087e-01,-3.957301755573366941e-01,-4.319508138425431909e-01,3.213446814150988096e-01,2.360881449788189146e-01,-2.818637727555693973e-01,1.212316431982082693e-01,-2.117634797406197089e-01,-1.681395491571316717e-04,-1.322718094685348825e-03,9.547646089512588929e-05,4.051888918199666274e-05,2.649792671791633271e-04,1.264579065917077619e-03,1.695687370212690599e-93,3.184277761581704232e-93,1.224821087278705149e-92,1.196707391843755148e-92,-3.657115284025201752e-93,-3.194071367031013212e-93,-2.678425766190225775e-93,-1.885662194086838336e-93
3.658239209323481400e-02,-8.481832521164035799e-02,3.317549319852766687e-02,1.899920832284597572e-02,-1.457781706502017660e-01,2.692797831433339784e-02,1.975521850373771759e-01,-3.850661613238529624e-01,-4.445050348343355662e-01,3.233986391088699563e-01,2.461245862580547505e-01,-2.717489769752333140e-01,1.259993933650380427e-01,-2.100205354331924623e-01,-1.681395491571316717e-04,-1.322718094685348825e-03,9.547646089512588929e-05,4.051888918199666274e-05,2.649792671791633271e-04,1.264579065917077619e-03,1.566003557757824130e-93,2.592648794845206777e-93,1.050192874645586076e-92,1.044883618336012243e-92,-3.129643028585584842e-93,-2.792350518357721387e-93,-2.294194850242682461e-93,-1.654031411263915305e-93
3.536501896249684418e-02,-9.616120861697755040e-02,3.372239055192647467e-02,1.593238729856103625e-02,-1.443149494219512496e-01,3.930706922254800090e-02,1.899852618848827390e-01,-3.884064414087655681e-01,-4.572907641139383750e-01,3.074122033229289008e-01,2.440710967372931861e-01,-2.742242869487959145e-01,1.197258421720548000e-01,-2.209662457615096665e-01,-1.681395491571316717e-04,-1.322718094685348825e-03,9.547646089512588929e-05,4.051888918199666274e-05,2.649792671791633271e-04,1.264579065917077619e-03,1.447424533757131937e-93,2.123871933264147785e-93,8.936058041550211654e-93,9.172740716071954297e-93,-2.688637819095381732e-93,-2.450664701535240558e-93,-1.968014759565523512e-93,-1.455092386994715415e-93
3.399992946277070882e-02,-9.534144685400990082e-02,3.648222847019973875e-02,1.678286049980625555e-02,-1.320962624417141573e-01,5.274026412236622330e-02,1.791810975205282430e-01,-3.942169641587942586e-01,-4.665700340523189493e-01,3.075648862093855462e-01,2.407829166003905286e-01,-2.765103208144901736e-01,1.209100715838860446e-01,-2.219473195462016157e-01,-1.681395491571316717e-04,-1.322718094685348825e-03,9.547646089512588929e-05,4.051888918199666274e-05,2.649792671791633271e-04,1.264579065917077619e-03,1.336101470481707147e-93,1.756999766733616840e-93,7.534412117366609260e-93,8.121511160020210698e-93,-2.313796608302802023e-93,-2.158211062151900368e-93,-1.666645375058715852e-93,-1.263090842295036078e-93
3.490454701370711982e-02,-8.892962068019118205e-02,4.104430883080024961e-02,1.948086679962832829e-02,-1.318120734789823556e-01,5.354445959005264127e-02,1.760454143405075222e-01,-3.937669979688190325e-01,-4.752487546546841357e-01,3.117091720895409090e-01,2.470218938024478506e-01,-2.687502534156845924e-01,1.272688891425943214e-01,-2.153709780849399624e-01,-1.681395491571316717e-04,-1.322718094685348825e-03,9.547646089512588929e-05,4.051888918199666274e-05,2.649792671791633271e-04,1.264579065917077619e-03,1.206558832457940796e-93,1.405985259305374983e-93,6.349410311329755282e-93,7.125244521283268362e-93,-1.984078669435556353e-93,-1.917192526951816503e-93,-1.390124102456889912e-93,-1.087722461719470844e-93
2.975412628647741697e-02,-8.611980961723993133e-02,4.413156454585433208e-02,2.174279417095886097e-02,-1.265676796895694733e-01,5.903262195326981071e-02,1.680252872954420273e-01,-4.028224671663495626e-01,-4.790962232606741922e-01,3.217749912970192527e-01,2.427126741357937822e-01,-2.700534751700410241e-01,1.280500336249751070e-01,-2.185584749542454353e-01,-1.681395491571316717e-04,-1.322718094685348825e-03,9.547646089512588929e-05,4.051888918199666274e-05,2.649792671791633271e-04,1.264579065917077619e-03,1.076781401188611181e-93,1.079648172263324485e-93,5.323288568856941604e-93,6.204358896254651315e-93,-1.688737159784659196e-93,-1.690093909352962149e-93,-1.140120607591951590e-93,-9.353743149472211803e-94
2.658650572912583249e-02,-7.589981504243803467e-02,3.860112050409574697e-02,2.188930090404419410e-02,-1.196293704387649259e-01,5.142989760099216101e-02,1.634361513601518823e-01,-4.060977932435666515e-01,-4.813121807117377582e-01,3.363998292414906444e-01,2.391817934348881847e-01,-2.798837997942864586e-01,1.267349872194268867e-01,-2.226942642473208334e-01,-1.681395491571316717e-04,-1.322718094685348825e-03,9.547646089512588929e-05,4.051888918199666274e-05,2.649792671791633271e-04,1.264579065917077619e-03,9.636435428513418824e-94,8.470075294898453025e-94,4.408330421997767908e-93,5.405987844639394738e-93,-1.449540121521841833e-93,-1.502551690610433043e-93,-9.320745529843999610e-94,-7.986634803678542206e-94
2.824740801844350876e-02,-8.083569519434512241e-02,2.920102865576851975e-02,1.914261729591294064e-02,-1.170490315613671312e-01,5.335981717026288401e-02,1.571613978084118179e-01,-4.095376170444314790e-01,-4.840540747775099462e-01,3.422911744325522476e-01,2.429521517539090514e-01,-2.805407709792103743e-01,1.307417245228633951e-01,-2.197748571644089766e-01,-1.681395491571316717e-04,-1.322718094685348825e-03,9.547646089512588929e-05,4.051888918199666274e-05,2.649792671791633271e-04,1.264579065917077619e-03,8.486221295590708384e-94,6.560823980064582624e-94,3.651015370330515468e-93,4.726151964509240723e-93,-1.242729067830669614e-93,-1.337936590047173652e-93,-7.717765956265344504e-94,-6.965814877239414895e-94
2.054066379361963596e-02,-7.461578832257653726e-02,2.697991804897411153e-02,2.146454764705901797e-02,-1.088601321662415189e-01,5.085371718756244441e-02,1.435456595476780062e-01,-4.169766953819911137e-01,-4.839160137715627363e-01,3.412442338587480251e-01,2.508106415317900018e-01,-2.817935057305608337e-01,1.349687093131498594e-01,-2.166221422253309936e-01,-1.681395491571316717e-04,-1.322718094685348825e-03,9.547646089512588929e-05,4.051888918199666274e-05,2.649792671791633271e-04,1.264579065917077619e-03,7.319046367511018680e-94,4.742756350527401272e-94,3.041454571287279045e-93,4.093260728358005492e-93,-1.070649414816269194e-93,-1.197576520244503915e-93,-6.104406945243748009e-94,-5.756173968006128670e-94
1.409543679448412544e-02,-7.705594114627897784e-02,2.416222289335663923e-02,2.222148681273269574e-02,-1.025776933131670315e-01,5.383238700042840968e-02,1.392099535644838459e-01,-4.164004214373671076e-01,-4.829902663559158538e-01,3.304592799262397462e-01,2.581194466555007394e-01,-2.817436876285909775e-01,1.414328411968160393e-01,-2.112235789697619603e-01,-1.681395491571316717e-04,-1.322718094685348825e-03,9.547646089512588929e-05,4.051888918199666274e-05,2.649792671791633271e-04,1.264579065917077619e-03,6.133608909622143959e-94,3.131619778802031130e-94,2.531760614096762207e-93,3.509012994434405000e-93,-9.311429854483620421e-94,-1.092324419437222948e-93,-4.801451431114843563e-94,-4.825150271500679092e-94
2.234668098833129946e-02,-4.966832104728910458e-02,2.824034603569523794e-02,2.197867512341900378e-02,-9.581411551209854938e-02,4.520265330122923836e-02,1.525368629828095512e-01,-4.078341827093429073e-01,-4.676069979809506783e-01,3.149578953038393858e-01,2.582007242889068910e-01,-2.909113717153349321e-01,1.435332078142861900e-01,-2.121796401889690376e-01,-1.681395491571316717e-04,-1.322718094685348825e-03,9.547646089512588929e-05,4.051888918199666274e-05,2.649792671791633271e-04,1.264579065917077619e-03,5.399951489037092583e-94,2.088635518330353584e-94,2.112648449972010101e-93,3.015280126999013913e-93,-8.257016897437677995e-94,-1.002410200080331641e-93,-3.722596174851198157e-94,-3.963082483293472530e-94
2.658665219623377457e-02,-4.005898259519161120e-02,3.352964167230466225e-02,2.600969035283989469e-02,-9.492659918221993398e-02,4.942394315507263325e-02,1.632397068460478828e-01,-4.059845221669844961e-01,-4.605754634012319548e-01,2.953486429145322223e-01,2.563320161169341249e-01,-2.982101725088989186e-01,1.459177690858912413e-01,-2.141471755587707471e-01,-1.681395491571316717e-04,-1.322718094685348825e-03,9.547646089512588929e-05,4.051888918199666274e-05,2.649792671791633271e-04,1.264579065917077619e-03,4.600928053915693913e-94,1.425615514787694552e-94,1.713573668874693521e-93,2.665391095583807816e-93,-7.286473350216067024e-94,-9.051261315103400471e-94,-2.935929040904753352e-94,-3.327332727869094636e-94
2.762789210171412782e-02,-4.376543586126444008e-02,3.583164077625468347e-02,2.988482883257510131e-02,-9.718517059434482463e-02,5.856300095051950733e-02,1.694758196023260222e-01,-4.052363963372994649e-01,-4.665350952106334104e-01,2.786216119048924855e-01,2.611578356096928566e-01,-3.008689068364967523e-01,1.425300678221647077e-01,-2.214820858048814345e-01,-1.681395491571316717e-04,-1.322718094685348825e-03,9.547646089512588929e-05,4.051888918199666274e-05,2.649792671791633271e-04,1.264579065917077619e-03,3.725854291904345231e-94,5.659679682526613191e-95,1.413129675840125049e-93,2.332437052870214770e-93,-6.501424263194844162e-94,-8.255278727078835233e-94,-2.471662568612186494e-94,-2.950918697144268900e-94
2.287309355296805735e-02,-4.628951738201122351e-02,3.242008603876019024e-02,3.132471393089261008e-02,-1.024221309593985885e-01,5.192758728862800072e-02,1.749950447242598628e-01,-4.030200661732185052e-01,-4.567480313126814906e-01,3.066129315168656388e-01,2.555555710608317099e-01,-3.124887723755201963e-01,1.491240976404953900e-01,-2.169305305330119227e-01,-1.681395491571316717e-04,-1.322718094685348825e-03,9.547646089512588929e-05,4.051888918199666274e-05,2.649792671791633271e-04,1.264579065917077619e-03,2.897377464156388902e-94,-1.650517821904352889e-95,1.175078263224399094e-93,2.021008908689243495e-93,-5.567563009090645794e-94,-7.273519001547629513e-94,-1.760662179406361559e-94,-2.305422616443966716e-94
1.585646674073185741e-02,-3.541862203098855577e-02,3.014715031119486952e-02,3.097305599808417367e-02,-1.007548774010597475e-01,3.558144062718174294e-02,1.747800063064684217e-01,-4.050986172584286060e-01,-4.647437042812130881e-01,3.154032355841562274e-01,2.451001075643765292e-01,-3.150399103488926711e-01,1.513905628157156125e-01,-2.128717236222275044e-01,-1.681395491571316717e-04,-1.322718094685348825e-03,9.547646089512588929e-05,4.051888918199666274e-05,2.649792671791633271e-04,1.264579065917077619e-03,2.108124745119346435e-94,-8.198583762603659208e-95,9.785657095838623965e-94,1.709222911969005558e-93,-4.747716552302005664e-94,-6.406070507734762367e-94,-1.342859702132041188e-94,-1.963870294635168514e-94
1.499577374118396013e-02,-4.069634694699488658e-02,2.413185424755439137e-02,2.699320908028169166e-02,-1.059410971229733517e-01,2.971658369619394405e-02,1.621717237760043340e-01,-4.167581911844521203e-01,-4.541480943436320139e-01,3.189319988505340264e-01,2.402304811606922885e-01,-3.112097644335704016e-01,1.607976942747950944e-01,-2.039103282671000106e-01,-1.681395491571316717e-04,-1.322718094685348825e-03,9.547646089512588929e-05,4.051888918199666274e-05,2.649792671791633271e-04,1.264579065917077619e-03,1.417056566820189464e-94,-1.310614215039903222e-94,8.300310415514273183e-94,1.444820240612958403e-93,-3.910265342547387863e-94,-5.457734166876667026e-94,-7.730278503530127236e-95,-1.443064544082774142e-94
1.574379093748996122e-02,-4.154320379630736804e-02,2.016672981361476366e-02,2.279869217954100594e-02,-1.026781893205635510e-01,2.935384520852909671e-02,1.515448463669190060e-01,-4.304036636916312442e-01,-4.594245348984853927e-01,3.077362508633270100e-01,2.237331027403997863e-01,-3.207551504535233189e-01,1.592878939148827389e-01,-2.063050502537159547e-01,-1.681395491571316717e-04,-1.322718094685348825e-03,9.547646089512588929e-05,4.051888918199666274e-05,2.649792671791633271e-04,1.264579065917077619e-03,9.079161596110183899e-95,-1.617398426232949224e-94,6.909044476369307666e-94,1.201357385836580389e-93,-3.279303634755908860e-94,-4.671752024115241506e-94,-5.774344849781650573e-95,-1.272062117295006881e-94
1.425524114493980504e-02,-4.902778650586889914e-02,1.420442492574479354e-02,1.891818058028191946e-02,-9.917371020271070758e-02,3.218538838147858711e-02,1.431669374515441018e-01,-4.412331287786469547e-01,-4.664947242306532460e-01,3.094433162858520880e-01,2.083571736627404525e-01,-3.358433615989517285e-01,1.480422712408822061e-01,-2.185558084548631930e-01,-1.681395491571316717e-04,-1.322718094685348825e-03,9.547646089512588929e-05,4.051888918199666274e-05,2.649792671791633271e-04,1.264579065917077619e-03,5.927098605463827062e-95,-1.706409282257133744e-94,5.704342905803603358e-94,9.979299618244774224e-94,-2.741870509157227405e-94,-4.035164352575762982e-94,-4.110788453344670526e-95,-1.108106186298898636e-94
1.908881297242380481e-02,-4.462708040420509253e-02,1.017341707778368284e-02,1.427991104604217285e-02,-1.014651626617450592e-01,2.494895335238375006e-02,1.486265903526307053e-01,-4.404072486581865342e-01,-4.738141336413029259e-01,3.312773233186662725e-01,2.082101351749374718e-01,-3.400141260000615340e-01,1.439804041372807764e-01,-2.248155633042066559e-01,-1.681395491571316717e-04,-1.322718094685348825e-03,9.547646089512588929e-05,4.051888918199666274e-05,2.649792671791633271e-04,1.264579065917077619e-03,4.306392080496373598e-95,-1.711978243584951465e-94,4.692882888121723137e-94,8.399125135033777039e-94,-2.271043042670277175e-94,-3.477787128330649536e-94,-2.693418545419252982e-95,-9.621603029881880643e-95
1.550515598277329987e-02,-3.815294104245318951e-02,8.139955606867185778e-03,1.189163185242926232e-02,-9.482440875007583370e-02,1.905965095314171229e-02,1.404295414393678665e-01,-4.549915868230245408e-01,-4.826836612988122388e-01,3.673940211861069227e-01,1.952535888219253668e-01,-3.622839661270086942e-01,1.472774106950137663e-01,-2.261369331211019462e-01,-1.681395491571316717e-04,-1.322718094685348825e-03,9.547646089512588929e-05,4.051888918199666274e-05,2.649792671791633271e-04,1.264579065917077619e-03,3.164437041029718636e-95,-1.696660539229868783e-94,3.966305771176105528e-94,7.145221143946945459e-94,-1.847671949940115053e-94,-2.948929540433936375e-94,-2.109004913672583341e-95,-8.699749893612465255e-95
6.703025922019963459e-03,-3.590867660619182639e-02,9.973270576724979630e-03,1.005023326711970005e-02,-1.091412044236255985e-01,-4.858062054425911491e-03,1.654672717281348016e-01,-4.365790318007423121e-01,-4.892581366105875906e-01,4.102604820634861982e-01,1.958127480924989616e-01,-3.709828977972524089e-01,1.470681300850852080e-01,-2.301591897141018750e-01,-1.681395491571316717e-04,-1.322718094685348825e-03,9.547646089512588929e-05,4.051888918199666274e-05,2.649792671791633271e-04,1.264579065917077619e-03,2.104381078755134092e-95,-1.599165200642793404e-94,3.384216472841988199e-94,6.146412752419995968e-94,-1.538467573536257761e-94,-2.526380955327292516e-94,-1.130932106450448113e-95,-7.296743304744011056e-95
6.046596405956004491e-04,-2.206397213424976869e-02,8.039636654013374018e-03,7.562364371079013242e-03,-1.146802398734615286e-01,-3.269891193883904534e-02,1.700308831565937873e-01,-4.422476753094303770e-01,-4.913049863283049379e-01,4.557187333562120468e-01,1.915286909283940298e-01,-3.857831339560364725e-01,1.407595731983317389e-01,-2.404541860882129511e-01,-1.681395491571316717e-04,-1.322718094685348825e-03,9.547646089512588929e-05,4.051888918199666274e-05,2.649792671791633271e-04,1.264579065917077619e-03,1.264943103273584666e-95,-1.451502098602292905e-94,2.795445456570189907e-94,5.180009645524667100e-94,-1.303279166036747594e-94,-2.157642103761862607e-94,-6.335578067318358120e-96,-6.201522207770866405e-95
-1.801451053834303255e-04,-1.515662476897103317e-02,1.269312916623702506e-02,6.552912099660872583e-03,-1.185534429987673832e-01,-3.994275937601294429e-02,1.624207761598721322e-01,-4.525157842077037751e-01,-4.897568921588403845e-01,5.038904779359797415e-01,1.933588253216956543e-01,-3.943977122021161685e-01,1.410593007418928235e-01,-2.459554459718979180e-01,-1.681395491571316717e-04,-1.322718094685348825e-03,9.547646089512588929e-05,4.051888918199666274e-05,2.649792671791633271e-04,1.264579065917077619e-03,6.663949361089064977e-96,-1.309824229641861722e-94,2.331619983642569305e-94,4.414359633888163342e-94,-1.078456882132500219e-94,-1.790133827149955722e-94,-2.441887615305811099e-96,-5.149915828030622791e-95
-1.949735586859210499e-03,-2.476705945027578987e-02,1.473215403307137454e-02,7.587651185578540326e-03,-1.246845048760451963e-01,-3.599398273885544980e-02,1.535155117784251788e-01,-4.644255395372821060e-01,-4.920527550052782306e-01,5.267757416737260945e-01,2.048889117542265215e-01,-3.839394532120699033e-01,1.430234343438332167e-01,-2.466144199465868103e-01,-1.681395491571316717e-04,-1.322718094685348825e-03,9.547646089512588929e-05,4.051888918199666274e-05,2.649792671791633271e-04,1.264579065917077619e-03,-4.833076800033632871e-96,-1.213567905793309331e-94,2.039110241703811319e-94,3.721359932561376816e-94,-9.036097473445304248e-95,-1.503696240429202120e-94,2.096437654684098979e-96,-4.253324352275744701e-95
1.146270714702446328e-03,-2.758166343946949484e-02,1.843932568624129242e-02,7.572427435640662063e-03,-1.318858699139380253e-01,-3.448691426621394718e-02,1.405486333340084382e-01,-4.847313373658383440e-01,-4.910554656807019636e-01,5.382940012027199739e-01,2.139569073136006749e-01,-3.759684770801877129e-01,1.450377513947404551e-01,-2.471076876962927660e-01,-1.681395491571316717e-04,-1.322718094685348825e-03,9.547646089512588929e-05,4.051888918199666274e-05,2.649792671791633271e-04,1.264579065917077619e-03,-1.516136087507078046e-95,-1.109827312526473891e-94,1.866829969402471670e-94,3.152174946598025335e-94,-7.841274713591199462e-95,-1.279715716709093911e-94,1.026974092442812507e-95,-2.947905833583578207e-95
5.429497067535290870e-03,-3.997894001140910036e-02,1.657074734442295916e-02,7.005897594800135873e-03,-1.337391979356905292e-01,-2.169465039071847429e-02,1.203307696093268431e-01,-5.004325738697125159e-01,-4.921983557906117190e-01,5.364523719281407699e-01,2.182542430194077399e-01,-3.770212753728773847e-01,1.419298931224514948e-01,-2.554120713414534394e-01,-1.681395491571316717e-04,-1.322718094685348825e-03,9.547646089512588929e-05,4.051888918199666274e-05,2.649792671791633271e-04,1.264579065917077619e-03,-2.145205157747245739e-95,-9.958163294039213573e-95,1.689260635023166248e-94,2.612339913814231226e-94,-6.817002586840118292e-95,-1.084589883787428810e-94,1.478957267058329600e-95,-2.017445676361157269e-95
4.920491630727666203e-03,-3.564934424528427848e-02,1.857522179567781470e-02,6.307164810435471856e-03,-1.293406809979953664e-01,-2.011733634285382127e-02,1.220356088670145195e-01,-5.080989965141993192e-01,-4.984940907693532486e-01,5.167220526222848775e-01,2.336820112402842597e-01,-3.669996166299294704e-01,1.457646094027318373e-01,-2.534099827535813976e-01,-1.681395491571316717e-04,-1.322718094685348825e-03,9.547646089512588929e-05,4.051888918199666274e-05,2.649792671791633271e-04,1.264579065917077619e-03,-2.441553797814335712e-95,-8.978041645232374183e-95,1.544755275864752306e-94,2.171713650894248323e-94,-6.032688213309189387e-95,-9.308863176831010344e-95,1.692532785262956001e-95,-1.328428537795895795e-95
2.720746853815481439e-03,-2.137396116385430894e-02,2.368044941203940879e-02,1.175140216458194289e-02,-1.148837312965663715e-01,-1.212204817103567679e-02,1.439575103715745041e-01,-5.026522465423867159e-01,-4.865104313740762909e-01,4.985426625860601701e-01,2.552060999344543113e-01,-3.490860234241311422e-01,1.625908738472758019e-01,-2.398645072924572852e-01,-1.681395491571316717e-04,-1.322718094685348825e-03,9.547646089512588929e-05,4.051888918199666274e-05,2.649792671791633271e-04,1.264579065917077619e-03,-2.558461660318225675e-95,-7.909607761205822079e-95,1.403290774349076491e-94,1.822012319117501028e-94,-5.315441987165085174e-95,-7.936121208268827264e-95,1.831422499032241723e-95,-7.733229360715702567e-96
1.435820504492263047e-02,-1.580134885495606406e-02,2.975486168816646182e-02,1.372753887052835693e-02,-1.249430641205504094e-01,-8.083010889346351618e-03,1.619996082139336935e-01,-5.099152916156125537e-01,-4.762241328993833678e-01,4.878464951403514993e-01,2.694401176754494531e-01,-3.370611055744599516e-01,1.680416220397460969e-01,-2.368852098653324578e-01,-1.681395491571316717e-04,-1.322718094685348825e-03,9.547646089512588929e-05,4.051888918199666274e-05,2.649792671791633271e-04,1.264579065917077619e-03,-2.599029695103661471e-95,-6.947319681239628120e-95,1.270458189829876954e-94,1.571554295569650360e-94,-4.735001367546408664e-95,-6.801209876451171498e-95,1.912074101769748682e-95,-3.121662491717296566e-96
2.264837879701349713e-02,-3.093894146078524782e-02,3.244011651006629970e-02,1.605705269065883789e-02,-1.336314192586108562e-01,1.142662950897572680e-02,1.781745908653465105e-01,-5.056466878728973491e-01,-4.852578276250972267e-01,4.590893798690232064e-01,2.758485269087916358e-01,-3.304206805634540833e-01,1.653797043763842456e-01,-2.411495771544014677e-01,-1.681395491571316717e-04,-1.322718094685348825e-03,9.547646089512588929e-05,4.051888918199666274e-05,2.649792671791633271e-04,1.264579065917077619e-03,-2.624709988815767913e-95,-6.035490961658501844e-95,1.135809583626271697e-94,1.355920348362712550e-94,-4.277179944338349733e-95,-5.884888022642536913e-95,1.805755356233665180e-95,-8.551134278325094776e-97
2.211249324584316223e-02,-3.595383306499206483e-02,3.335596522233814226e-02,1.863005041795749717e-02,-1.363415579783286702e-01,1.707208463731448717e-02,1.852377379443377048e-01,-5.045249372221261019e-01,-5.021770507382387061e-01,4.412331643558771721e-01,2.774228616191108387e-01,-3.260430839347852050e-01,1.655753508322187206e-01,-2.397263386469530022e-01,-1.681395491571316717e-04,-1.322718094685348825e-03,9.547646089512588929e-05,4.051888918199666274e-05,2.649792671791633271e-04,1.264579065917077619e-03,-2.551213608585080195e-95,-5.194625835652108392e-95,1.008830215388799275e-94,1.173751635151826250e-94,-3.813945058706805373e-95,-5.132918570965166235e-95,1.657649399828227053e-95,3.453766808555368380e-97
2.455753561598453261e-02,-1.747915341649704246e-02,3.288865935486022518e-02,1.814295167275821463e-02,-1.375591527365679634e-01,4.117609334951637112e-04,1.942959047443228726e-01,-4.997368671415273189e-01,-5.016146585245444545e-01,4.312356239022785420e-01,2.738848321673087449e-01,-3.310770763355636026e-01,1.632263858285230573e-01,-2.416407402047641706e-01,-1.681395491571316717e-04,-1.322718094685348825e-03,9.547646089512588929e-05,4.051888918199666274e-05,2.649792671791633271e-04,1.264579065917077619e-03,-2.440771672742628189e-95,-4.495565120812877263e-95,8.938134852865492937e-95,1.023331739797222047e-94,-3.396791750596282535e-95,-4.462855775720528658e-95,1.608184928987371016e-95,2.317925056939624810e-96
1.908822606440888775e-02,-4.128484802919815677e-03,3.409289194685779373e-02,1.891443865146344785e-02,-1.328762152277682407e-01,-1.004681328636759970e-02,2.092914171446864369e-01,-4.898590962039142682e-01,-5.107385260949455219e-01,4.383318098200946755e-01,2.851708530527481966e-01,-3.234266961041611932e-01,1.639118542299828063e-01,-2.424815082627991558e-01,-1.681395491571316717e-04,-1.322718094685348825e-03,9.547646089512588929e-05,4.051888918199666274e-05,2.649792671791633271e-04,1.264579065917077619e-03,-2.327999479478474064e-95,-3.886833086447191345e-95,8.073046349610286887e-95,8.996155451578489993e-95,-3.058827335802562380e-95,-3.905221531452911960e-95,1.478828485393633731e-95,3.162730036054893090e-96
1.564428497222484366e-02,1.487832293895850755e-02,2.924422915298583586e-02,1.880595046663227632e-02,-1.293062472302465016e-01,-3.197115380903590293e-02,2.185164393831888485e-01,-4.837685698368012766e-01,-5.318602080086850536e-01,4.130179515336198648e-01,2.803150164040052461e-01,-3.269813812728820657e-01,1.545200544922157027e-01,-2.506395488867351751e-01,-1.681395491571316717e-04,-1.322718094685348825e-03,9.547646089512588929e-05,4.051888918199666274e-05,2.649792671791633271e-04,1.264579065917077619e-03,-2.248279603408200643e-95,-3.410364328905209260e-95,7.279091779222477512e-95,7.894372976892962719e-95,-2.754078148651608898e-95,-3.424881094443024648e-95,1.331983336912217818e-95,3.516113925378307631e-96
8.273030530438377911e-03,2.009446729539017540e-02,3.476117051867831653e-02,1.826238812085781427e-02,-1.380783007533254170e-01,-4.666787717861559798e-02,2.373271089374063836e-01,-4.701222579638681398e-01,-5.607914146911927578e-01,4.024961508096748242e-01,2.996404655278246398e-01,-3.196394397759615980e-01,1.535494174231283593e-01,-2.522293340120648208e-01,-1.681395491571316717e-04,-1.322718094685348825e-03,9.547646089512588929e-05,4.051888918199666274e-05,2.649792671791633271e-04,1.264579065917077619e-03,-2.163833981644484556e-95,-3.016826912060896063e-95,6.566110414475511023e-95,7.028632292989336848e-95,-2.528104634294431889e-95,-3.062291495222433479e-95,1.193606005227269828e-95,3.712665675519893537e-96
5.677230443040907903e-03,1.326877304382084732e-02,3.494482790234113012e-02,1.749651992379348819e-02,-1.545783636560688346e-01,-5.771347359681128913e-02,2.198806797357898690e-01,-4.797900657737367291e-01,-5.821924394921681456e-01,3.874261765085999509e-01,3.109553998639460470e-01,-3.111114508443191817e-01,1.686197460072176302e-01,-2.383026697551558215e-01,-1.681395491571316717e-04,-1.322718094685348825e-03,9.547646089512588929e-05,4.051888918199666274e-05,2.649792671791633271e-04,1.264579065917077619e-03,-2.057663220904084486e-95,-2.659359373041027166e-95,5.777138899290062120e-95,6.291235132202829998e-95,-2.281011569824064677e-95,-2.706344976306268912e-95,1.069218620453803918e-95,3.780492884478697609e-96
7.964117487455237357e-03,1.839391316077172364e-03,3.012046247420715681e-02,1.861010849207839213e-02,-1.679020606333585242e-01,-5.937105411942537186e-02,2.161744404133881248e-01,-4.911679732335119120e-01,-5.898047240075382502e-01,3.987139968161779735e-01,3.090598160869201805e-01,-3.199189305041435505e-01,1.712468592561375291e-01,-2.396987997364777856e-01,-1.681395491571316717e-04,-1.322718094685348825e-03,9.547646089512588929e-05,4.051888918199666274e-05,2.649792671791633271e-04,1.264579065917077619e-03,-1.904363716996556962e-95,-2.356921415183916330e-95,5.030019738534502928e-95,5.607868083923020190e-95,-2.084832865371131071e-95,-2.434311183481536639e-95,9.795476347746718921e-96,3.911063008449087698e-96
1.123313236229718341e-02,4.368172869852630924e-03,2.784004858463709486e-02,1.686128250068440540e-02,-1.638990380732439633e-01,-5.685153991033100457e-02,2.132307825892765796e-01,-4.990244273220262872e-01,-5.904785841660769030e-01,4.044945980825994103e-01,3.086321761555103071e-01,-3.266953033791710204e-01,1.674063875735070095e-01,-2.451814636853522078e-01,-1.681395491571316717e-04,-1.322718094685348825e-03,9.547646089512588929e-05,4.051888918199666274e-05,2.649792671791633271e-04,1.264579065917077619e-03,-1.763352333419555719e-95,-2.105834583003607643e-95,4.397830739874506432e-95,4.972494537602303149e-95,-1.904336177989430325e-95,-2.196882397085923117e-95,8.507641863117761871e-96,3.533815364737821891e-96
1.549092318451132308e-02,1.494432934213163477e-02,2.064780017354728506e-02,1.530920256137922354e-02,-1.523069198587295170e-01,-5.875069973555302472e-02,2.154615564344114498e-01,-4.994157412209032088e-01,-5.623414004386612097e-01,4.103692494441213978e-01,3.240285286337937776e-01,-3.133192077342096260e-01,1.788810850266612795e-01,-2.341946662217053998e-01,-1.681395491571316717e-04,-1.322718094685348825e-03,9.547646089512588929e-05,4.051888918199666274e-05,2.649792671791633271e-04,1.264579065917077619e-03,-1.577498285970214289e-95,-1.854872638359900480e-95,3.857020713922077355e-95,4.426972449601553597e-95,-1.717292650353623521e-95,-1.969381676543859056e-95,7.510803387602993274e-96,3.307848842282435336e-96
2.201308874093753365e-02,9.347702640888654047e-03,1.752817537899899886e-02,1.360009307758070982e-02,-1.503764853943557467e-01,-4.861170398380522395e-02,2.164179582793382128e-01,-5.044222113584064804e-01,-5.754060260957623019e-01,4.029474831076095831e-01,3.370767128569694959e-01,-3.023160675335546665e-01,1.834927022571412880e-01,-2.315486244883909195e-01,-1.681395491571316717e-04,-1.322718094685348825e-03,9.547646089512588929e-05,4.051888918199666274e-05,2.649792671791633271e-04,1.264579065917077619e-03,-1.378642942660316484e-95,-1.606962454367503323e-95,3.474217497071942087e-95,3.980654258845754517e-95,-1.647028913759573196e-95,-1.859883604522250905e-95,6.564084283742457663e-96,3.016990577006824417e-96
2.601003531945934866e-02,-1.337878160582312015e-03,1.132571779153200391e-02,6.750367996188923192e-03,-1.587620861790297877e-01,-5.334262642904837731e-02,2.114026495778817127e-01,-5.107153853038716163e-01,-5.933881054994664117e-01,4.020052479907508802e-01,3.512641048382735831e-01,-2.879987720148777797e-01,1.848205526907126250e-01,-2.309307953904164712e-01,-1.681395491571316717e-04,-1.322718094685348825e-03,9.547646089512588929e-05,4.051888918199666274e-05,2.649792671791633271e-04,1.264579065917077619e-03,-1.236193415350880011e-95,-1.427163006981061461e-95,3.094731771810610064e-95,3.532493604841988185e-95,-1.542956417438240957e-95,-1.728086077479637890e-95,5.901172417537390621e-96,2.876699063198757303e-96
2.366720369630892148e-02,-1.406934172532473644e-03,8.360249578011982180e-03,3.946503527380842632e-03,-1.696978082585025027e-01,-7.081480305656923102e-02,2.012326961212768106e-01,-5.205979018003302761e-01,-6.147959781593249629e-01,3.871048217651044121e-01,3.497405984412007007e-01,-2.911215492382932535e-01,1.789363302872239436e-01,-2.395988798834534639e-01,-1.681395491571316717e-04,-1.322718094685348825e-03,9.547646089512588929e-05,4.051888918199666274e-05,2.649792671791633271e-04,1.264579065917077619e-03,-1.087707729200894721e-95,-1.258141598209677977e-95,2.755827448751572082e-95,3.133757470543930653e-95,-1.426677910265997505e-95,-1.591201402831935384e-95,5.485152879022313195e-96,2.849687280427825493e-96
1.914747508181760885e-02,-3.388874264799521946e-02,5.674979306176271103e-03,2.374342640070617808e-03,-1.893631053687583610e-01,-6.624918538074775487e-02,1.949950992754878043e-01,-5.227193974280338606e-01,-6.394185431587724455e-01,3.902519402873438903e-01,3.553421043581606042e-01,-2.887950848725934216e-01,1.703651466219616994e-01,-2.515674275792119108e-01,-1.681395491571316717e-04,-1.322718094685348825e-03,9.547646089512588929e-05,4.051888918199666274e-05,2.649792671791633271e-04,1.264579065917077619e-03,-9.722557057928233325e-96,-1.122033668043900341e-95,2.422808936306735311e-95,2.788616333003259933e-95,-1.331289936202898120e-95,-1.475244751316039077e-95,5.019958610361822966e-96,2.737746798262671229e-96
2.141801263493697816e-02,-5.391740728574634378e-02,3.448492735425057708e-03,-5.456085101810969652e-04,-1.888857645982076339e-01,-4.812857464951894593e-02,2.077523986584133564e-01,-5.126336506243207580e-01,-6.647656458877447827e-01,3.887211904940109930e-01,3.480995904221405590e-01,-3.002756326468303261e-01,1.765867915150590439e-01,-2.484030134354382469e-01,-1.681395491571316717e-04,-1.322718094685348825e-03,9.547646089512588929e-05,4.051888918199666274e-05,2.649792671791633271e-04,1.264579065917077619e-03,-8.542662683156447227e-96,-9.982358948731057401e-96,2.137336874029542248e-95,2.462453077194547310e-95,-1.208867180158899726e-95,-1.346278811078852640e-95,4.218211758132525634e-96,2.217753833062261130e-96
2.217396221685666649e-02,-6.706948071112772691e-02,2.697819221514436740e-03,-3.729517598175052361e-03,-1.918355310835299643e-01,-4.008513433664957770e-02,2.236414697724534162e-01,-5.017780847046376946e-01,-6.711130192751258994e-01,3.858220882367980331e-01,3.687532873179825144e-01,-2.824475560525793738e-01,1.948585175369422495e-01,-2.336908072667290559e-01,-1.681395491571316717e-04,-1.322718094685348825e-03,9.547646089512588929e-05,4.051888918199666274e-05,2.649792671791633271e-04,1.264579065917077619e-03,-7.675452894413715493e-96,-9.041591123343307814e-96,1.926108516036960986e-95,2.192829719512194957e-95,-1.089457800772121221e-95,-1.216002825448994130e-95,3.705676039883553288e-96,1.957913152375030957e-96
2.570315978533787085e-02,-6.865719328868344351e-02,6.367679855041573356e-03,-4.831242287705283557e-03,-2.005632410397309995e-01,-4.082095874573714311e-02,2.394633333918888829e-01,-4.873851986198216579e-01,-6.707568198933517856e-01,3.854284910318540591e-01,3.883225416365650440e-01,-2.633728811655602353e-01,2.119725802088188726e-01,-2.187001539408343909e-01,-1.681395491571316717e-04,-1.322718094685348825e-03,9.547646089512588929e-05,4.051888918199666274e-05,2.649792671791633271e-04,1.264579065917077619e-03,-6.997187010594799730e-96,-8.328821840424261202e-96,1.719651620917030425e-95,1.947646754763686477e-95,-9.680163774013442258e-96,-1.088905309650546854e-95,3.098151676487643255e-96,1.560362209165965913e-96
2.238027825152803449e-02,-6.465785704513267451e-02,1.316127598490448442e-02,-3.748753066614471385e-03,-2.044192228808830447e-01,-4.355247285191796158e-02,2.482275296941859055e-01,-4.784999073525889046e-01,-6.682524841960006956e-01,3.765749715420725896e-01,3.816728038451436267e-01,-2.717908851419424954e-01,2.098646545675185160e-01,-2.211441393978965941e-01,-1.681395491571316717e-04,-1.322718094685348825e-03,9.547646089512588929e-05,4.051888918199666274e-05,2.649792671791633271e-04,1.264579065917077619e-03,-6.280222240462912267e-96,-7.553041346160142913e-96,1.479111187953180310e-95,1.734574573295718695e-95,-8.555931910201099213e-96,-9.749509236393224125e-96,2.637187054970675365e-96,1.283448104064481911e-96
2.691170159724950300e-02,-6.029176237922171527e-02,1.757722313362600555e-02,-1.924898268060415418e-03,-2.061724292516948498e-01,-3.810499062954294386e-02,2.839500308347756574e-01,-4.578380599521751915e-01,-6.854346088365194101e-01,3.775486809831893886e-01,3.829393567497902384e-01,-2.711658186162747008e-01,2.093697560251946976e-01,-2.224613814081021490e-01,-1.681395491571316717e-04,-1.322718094685348825e-03,9.547646089512588929e-05,4.051888918199666274e-05,2.649792671791633271e-04,1.264579065917077619e-03,-5.397028380292115962e-96,-6.820568715979375276e-96,1.297680395652095849e-95,1.566451686897356391e-95,-7.716231539334019760e-96,-8.845042935437509280e-96,2.056489922321863687e-96,8.551832724446022713e-97
2.657278467962610399e-02,-6.426296829680937239e-02,1.958696999470407873e-02,-1.657075164905674660e-03,-1.997181303200037117e-01,-2.425651346247083978e-02,3.010219720090214768e-01,-4.459995768415356832e-01,-7.087436382847540628e-01,3.953145250101751107e-01,3.744061566041697042e-01,-2.806349946481389579e-01,2.026042887075714394e-01,-2.320074349658118873e-01,-1.681395491571316717e-04,-1.322718094685348825e-03,9.547646089512588929e-05,4.051888918199666274e-05,2.649792671791633271e-04,1.264579065917077619e-03,-4.822447298160263073e-96,-6.201105960067986306e-96,1.084810263151852967e-95,1.466750783858117919e-95,-7.074984890372032156e-96,-8.074411049654316635e-96,1.643853861878780285e-96,5.925238198777289871e-97
2.283256449473777816e-02,-9.089035592809495412e-02,1.525017724575223124e-02,-3.037046922498108561e-03,-1.994077727466573580e-01,-4.381292584693309566e-03,2.994342249115315435e-01,-4.499253714828475026e-01,-7.263251414083419233e-01,3.823355295836027845e-01,3.658324941776413541e-01,-2.896950938921024066e-01,1.971541598135094775e-01,-2.381167444421174173e-01,-1.681395491571316717e-04,-1.322718094685348825e-03,9.547646089512588929e-05,4.051888918199666274e-05,2.649792671791633271e-04,1.264579065917077619e-03,-4.396269886053039153e-96,-5.689014203190364179e-96,8.823697234845066636e-96,1.336237475422352085e-95,-6.526175573462174471e-96,-7.412151104817635052e-96,1.380949457101515247e-96,4.831127737138600159e-97
1.809206991246857174e-02,-1.236627266862548175e-01,9.993100150459045816e-03,-5.619460774926620869e-03,-1.997297739355207435e-01,1.794112369367996743e-02,3.139462736460511549e-01,-4.295438514843859523e-01,-7.474817116359449010e-01,3.834717322522367966e-01,3.610321009938266545e-01,-2.942993233768083639e-01,1.932867319233256276e-01,-2.446217533993572113e-01,-1.681395491571316717e-04,-1.322718094685348825e-03,9.547646089512588929e-05,4.051888918199666274e-05,2.649792671791633271e-04,1.264579065917077619e-03,-3.896455323877921844e-96,-5.003222838212313794e-96,7.130647913742105689e-96,1.223478653233131213e-95,-5.929513325562814048e-96,-6.715492291842760779e-96,8.952457388940195692e-97,1.158592179123898247e-97
1.351418399713138693e-02,-1.253552994128225295e-01,1.191427628535637363e-02,-3.068779084780270255e-03,-2.073310370220503018e-01,1.284099047265443300e-02,3.167657492517841344e-01,-4.278698715769299610e-01,-7.514827655906650694e-01,3.981194943858495927e-01,3.599720836159899240e-01,-2.991071730591877142e-01,1.825361005940447368e-01,-2.582808481892029384e-01,-1.681395491571316717e-04,-1.322718094685348825e-03,9.547646089512588929e-05,4.051888918199666274e-05,2.649792671791633271e-04,1.264579065917077619e-03,-3.367431201872918906e-96,-4.427679398707331564e-96,5.603285183654501293e-96,1.125937031163150332e-95,-5.271970210660115782e-96,-6.050729883224335873e-96,6.640137794793701573e-97,-4.873797092400962039e-98
8.356722104175800386e-03,-1.340024824234287149e-01,1.074655129419791605e-02,-1.913862785776920643e-03,-2.037436428140941558e-01,2.101868719931535359e-02,3.102789481903676094e-01,-4.346199748487737380e-01,-7.648205080851774307e-01,3.811743750081394433e-01,3.484366920015968816e-01,-3.109976033440095544e-01,1.570441677641806200e-01,-2.825805695965156183e-01,-1.681395491571316717e-04,-1.322718094685348825e-03,9.547646089512588929e-05,4.051888918199666274e-05,2.649792671791633271e-04,1.264579065917077619e-03,-3.051439946674608760e-96,-4.116319011791281073e-96,4.151467530501438091e-96,9.997786890262191797e-96,-4.664299280017405798e-96,-5.477759923380620128e-96,4.386827213038960338e-97,-2.106832610777065003e-97
1.084761762473547900e-03,-1.252487828828746652e-01,7.346856955537663450e-03,-4.244095289086964248e-03,-1.822734009192278071e-01,2.370751975386891849e-02,2.963789579002187868e-01,-4.465239394894899294e-01,-7.581239216113718760e-01,3.887150553839400779e-01,3.546444164455554438e-01,-3.047024907712364561e-01,1.619432254352133893e-01,-2.782198581263175541e-01,-1.681395491571316717e-04,-1.322718094685348825e-03,9.547646089512588929e-05,4.051888918199666274e-05,2.649792671791633271e-04,1.264579065917077619e-03,-2.807540655685726883e-96,-3.782740108421364805e-96,2.755604634739443752e-96,9.245221112061386936e-96,-4.188548774818083042e-96,-4.951359766424790331e-96,3.611172573230625456e-97,-2.162891954611582203e-97
1.523743880657941032e-03,-1.186051926548894464e-01,1.048451514183634109e-02,-3.984205534665470096e-03,-1.757325189520915765e-01,2.865761369165220965e-02,2.743944532939722736e-01,-4.682758550232953287e-01,-7.582245215793544935e-01,3.911464583690373309e-01,3.540597988388290429e-01,-3.067977545013997331e-01,1.604359962988791688e-01,-2.810140442646243963e-01,-1.681395491571316717e-04,-1.322718094685348825e-03,9.547646089512588929e-05,4.051888918199666274e-05,2.649792671791633271e-04,1.264579065917077619e-03,-2.696760736245315662e-96,-3.608741461592882109e-96,1.619626685173727325e-96,8.403398156924126109e-96,-3.829163886339202482e-96,-4.545954698577722279e-96,4.475263734796089934e-97,-8.056938555147550722e-98
1.017836282893674026e-04,-1.287429624869919353e-01,9.271086971446473174e-03,-3.998606473133882802e-03,-1.742299418754537921e-01,3.890440029817425482e-02,2.460202436644375601e-01,-4.915822651930019105e-01,-7.508699695145840680e-01,3.711308552778620484e-01,3.447739758564882795e-01,-3.131638309808868481e-01,1.651591336640017005e-01,-2.768633725876041285e-01,-1.681395491571316717e-04,-1.322718094685348825e-03,9.547646089512588929e-05,4.051888918199666274e-05,2.649792671791633271e-04,1.264579065917077619e-03,-2.553745634598324250e-96,-3.368149688830870101e-96,1.056594051016330589e-96,7.456016289255686620e-96,-3.567611808014399849e-96,-4.205386348475558417e-96,8.822658451863574968e-97,4.208935357778737374e-97
-5.134188348435882177e-03,-1.299325842342477222e-01,7.892046861125934232e-03,-3.822498286050462525e-03,-1.676574919625155868e-01,4.133420196311893974e-02,2.310328883841436531e-01,-5.012562162975070512e-01,-7.457467143349246763e-01,3.676959085393843307e-01,3.292456038698203247e-01,-3.315394409675523901e-01,1.456689212813637169e-01,-2.986013791585940824e-01,-1.681395491571316717e-04,-1.322718094685348825e-03,9.547646089512588929e-05,4.051888918199666274e-05,2.649792671791633271e-04,1.264579065917077619e-03,-2.315815187027519595e-96,-3.378093822091347509e-96,6.457032391852792707e-97,6.363927343104759211e-96,-3.345685112934521520e-96,-3.919425724117208205e-96,1.231724615935757450e-96,8.216896699687539769e-97
-9.773266857659756654e-03,-1.423290542617708931e-01,1.023190178362817261e-02,-8.128732554526282156e-04,-1.645189526629077525e-01,5.823088357124205083e-02,2.231268965187627740e-01,-5.133311044036393822e-01,-7.297894752262114038e-01,3.987488823585605413e-01,3.093765691805953622e-01,-3.506888509192799819e-01,1.344516541805642895e-01,-3.122775975982599039e-01,-1.681395491571316717e-04,-1.322718094685348825e-03,9.547646089512588929e-05,4.051888918199666274e-05,2.649792671791633271e-04,1.264579065917077619e-03,-2.072284266514896934e-96,-3.189712159254632307e-96,2.755168862720074359e-97,5.428721824624927070e-96,-3.102511538509228321e-96,-3.628381861102113457e-96,1.480787130678381866e-96,1.109019631746397512e-96
-1.214925782063134771e-02,-1.366281274457014361e-01,1.953089926770232992e-02,3.402952801768804013e-03,-1.612887431536536298e-01,6.742812642323597894e-02,2.077702335222849916e-01,-5.385392227763931006e-01,-7.100725200376852841e-01,4.254256290500527671e-01,2.956704960171284147e-01,-3.662267845091197738e-01,1.243217932095683209e-01,-3.257320360064815401e-01,-1.681395491571316717e-04,-1.322718094685348825e-03,9.547646089512588929e-05,4.051888918199666274e-05,2.649792671791633271e-04,1.264579065917077619e-03,-1.810420109351706133e-96,-2.897106761974979759e-96,3.336164477935193929e-98,4.668360905114494359e-96,-2.825924989444803997e-96,-3.317161664219573043e-96,1.641657399822924605e-96,1.283645214114304065e-96
-6.565190872269518162e-03,-1.398122348951653660e-01,2.314967839235468339e-02,4.222456109958363027e-03,-1.554398604472748968e-01,8.729558917561325293e-02,1.951157490872681977e-01,-5.553081719766992386e-01,-6.984132495376742522e-01,4.461042524407581311e-01,2.940734089881652524e-01,-3.701106579061050339e-01,1.305467632428749802e-01,-3.242465364512663872e-01,-1.681395491571316717e-04,-1.322718094685348825e-03,9.547646089512588929e-05,4.051888918199666274e-05,2.649792671791633271e-04,1.264579065917077619e-03,-1.682540511793125173e-96,-2.634679513717422605e-96,1.268701248495370653e-97,3.960522275948050171e-96,-2.765672092718326109e-96,-3.196583256567282819e-96,1.795621062853132948e-96,1.466012070958154682e-96
8.751060289695383743e-03,-1.568154383677998476e-01,2.414967405775269096e-02,7.900022661817735631e-03,-1.652039265531677903e-01,1.150580536149763966e-01,2.080513826378876108e-01,-5.524386141011220497e-01,-6.853223492223614599e-01,4.232036813250312779e-01,2.801241663126955994e-01,-3.894188036874626224e-01,1.390542491130350999e-01,-3.191793274522836121e-01,-1.681395491571316717e-04,-1.322718094685348825e-03,9.547646089512588929e-05,4.051888918199666274e-05,2.649792671791633271e-04,1.264579065917077619e-03,-1.612961194932348170e-96,-2.408678041683318920e-96,1.542356166439096099e-97,3.344145402838363832e-96,-2.803442742188572867e-96,-3.168824320894459789e-96,1.851050109999706593e-96,1.562165089635881289e-96
1.018368329531289806e-02,-1.347566560248163736e-01,1.874300911573404532e-02,1.001842751183523901e-02,-1.602870986722083058e-01,9.764264851492798769e-02,2.381231706573270768e-01,-5.290853657542758937e-01,-6.634683843602533493e-01,4.040157930030525146e-01,3.010699671213783457e-01,-3.760400382845646150e-01,1.511112023619694267e-01,-3.099625437681550189e-01,-1.681395491571316717e-04,-1.322718094685348825e-03,9.547646089512588929e-05,4.051888918199666274e-05,2.649792671791633271e-04,1.264579065917077619e-03,-1.488630917468387185e-96,-2.168545409250375400e-96,3.850359817556954997e-97,2.700163950403285108e-96,-2.606794786462460960e-96,-2.940207171209311916e-96,1.858605438859552008e-96,1.589929474583182914e-96
7.795421004349151542e-03,-1.243367939302507802e-01,1.586556049452824552e-02,1.064489730431185735e-02,-1.532735117350609855e-01,9.157585218653990777e-02,2.526694371470823985e-01,-5.189429660826164747e-01,-6.649067128511072511e-01,4.088110117856971204e-01,3.325157476482167862e-01,-3.472763425821608907e-01,1.669559547107404840e-01,-2.952765724408216164e-01,-1.681395491571316717e-04,-1.322718094685348825e-03,9.547646089512588929e-05,4.051888918199666274e-05,2.649792671791633271e-04,1.264579065917077619e-03,-1.404689510662918905e-96,-1.958354943747458278e-96,5.436467023366913961e-97,2.223062268800709748e-96,-2.465815370185375782e-96,-2.753471813928431757e-96,1.880014151438019411e-96,1.638658154109039849e-96
8.612918426389903209e-03,-1.087855906384540550e-01,1.095813255642915859e-02,1.049798797984336819e-02,-1.504654611658032826e-01,7.687959995934803836e-02,2.588530925220068890e-01,-5.175857074000316249e-01,-6.592606682276586083e-01,4.313356260259415542e-01,3.618495044865905341e-01,-3.207096781418118936e-01,1.809932010773511180e-01,-2.835639814656574220e-01,-1.681395491571316717e-04,-1.322718094685348825e-03,9.547646089512588929e-05,4.051888918199666274e-05,2.649792671791633271e-04,1.264579065917077619e-03,-1.327806835579792505e-96,-1.779689700575811665e-96,5.785933327560208656e-97,1.813391374405338578e-96,-2.275402842654643953e-96,-2.520775242077917823e-96,1.847704105673020544e-96,1.627876749245590149e-96
1.082841150219898858e-02,-8.923523607083011511e-02,1.089288425660541425e-02,1.081021515363995641e-02,-1.412188440205733031e-01,7.071535425796790508e-02,2.774743151097777694e-01,-5.004625505619189063e-01,-6.760549906982602497e-01,4.246130996599382645e-01,3.762124881086949535e-01,-3.087549624207577281e-01,1.906006150324549564e-01,-2.763007321747539269e-01,-1.681395491571316717e-04,-1.322718094685348825e-03,9.547646089512588929e-05,4.051888918199666274e-05,2.649792671791633271e-04,1.264579065917077619e-03,-1.228430425014431068e-96,-1.577176970503654489e-96,5.977664524437614386e-97,1.565191048991171158e-96,-2.169794253472581690e-96,-2.369764598874799273e-96,1.780388958801389541e-96,1.586260745725828950e-96
1.479602290505996690e-02,-8.760465165365952100e-02,1.373877935853923087e-02,1.090280558542018781e-02,-1.331607140322491889e-01,8.552846692652001093e-02,2.826744041620274928e-01,-4.918402280971775342e-01,-6.979499503027295493e-01,3.952120080910540012e-01,3.629122973662202711e-01,-3.210071632229350991e-01,1.844285184343264494e-01,-2.856336689865878187e-01,-1.681395491571316717e-04,-1.322718094685348825e-03,9.547646089512588929e-05,4.051888918199666274e-05,2.649792671791633271e-04,1.264579065917077619e-03,-1.134787174625736018e-96,-1.394392737543523305e-96,5.320427550742716222e-97,1.333675720330920669e-96,-2.047064781457318409e-96,-2.210202562849124919e-96,1.669185812372123210e-96,1.499769914680308699e-96
2.054999746233475422e-02,-8.079253602002824108e-02,2.004061961248299745e-02,1.123497475596188164e-02,-1.431657055595871586e-01,8.236552649381401192e-02,2.899688115742342087e-01,-4.839803851785920985e-01,-7.169346632014197418e-01,3.694953766402633288e-01,3.488386933268716739e-01,-3.350123618317918939e-01,1.745073587621693567e-01,-2.972583051173873780e-01,-1.681395491571316717e-04,-1.322718094685348825e-03,9.547646089512588929e-05,4.051888918199666274e-05,2.649792671791633271e-04,1.264579065917077619e-03,-1.069074319441734694e-96,-1.272774947093952587e-96,4.963414607483502762e-97,1.138125058583517938e-96,-1.945051646445860531e-96,-2.081169840590799919e-96,1.556523042235152018e-96,1.409555910749410363e-96
2.159927534774564242e-02,-6.773167228279244889e-02,2.614615155984842745e-02,1.148372097803345739e-02,-1.654411843515811720e-01,5.585918483213979380e-02,2.903050400162522915e-01,-4.863792238137285007e-01,-7.093573116791547228e-01,3.684107704423993379e-01,3.449859094779553215e-01,-3.450581635534530900e-01,1.720441950924544439e-01,-3.013857178643184476e-01,-1.681395491571316717e-04,-1.322718094685348825e-03,9.547646089512588929e-05,4.051888918199666274e-05,2.649792671791633271e-04,1.264579065917077619e-03,-9.973791799944825073e-97,-1.155753927189973522e-96,4.014263309702333247e-97,1.024827061631125412e-96,-1.818890623774378721e-96,-1.931380145811265207e-96,1.436498965307976206e-96,1.310435171728409050e-96
1.913873214973652384e-02,-7.385416445822828857e-02,2.325852985904280565e-02,8.910278121892602557e-03,-1.618022137949615968e-01,5.982505066309154462e-02,2.886802577826644289e-01,-4.915214392750990036e-01,-7.105441220040118466e-01,3.677146169368197270e-01,3.351710077183185366e-01,-3.600356723869003739e-01,1.668493132763108067e-01,-3.084964085407213563e-01,-1.681395491571316717e-04,-1.322718094685348825e-03,9.547646089512588929e-05,4.051888918199666274e-05,2.649792671791633271e-04,1.264579065917077619e-03,-9.522002747632794027e-97,-1.078569202170068211e-96,3.771624302934104396e-97,9.114734153314175941e-97,-1.713361003597796575e-96,-1.807520784722661324e-96,1.300194551469825520e-96,1.190551454538118901e-96
5.780006032628084989e-03,-1.098099980796107544e-01,1.619333504820179639e-02,6.293100371981458913e-03,-1.801147625784931816e-01,5.678267135075659722e-02,3.023002228135872049e-01,-4.725204539698831807e-01,-7.056158204559603853e-01,3.952358154898880649e-01,3.245002695798961945e-01,-3.695990456915432265e-01,1.643580097370835880e-01,-3.119470237583884531e-01,-1.681395491571316717e-04,-1.322718094685348825e-03,9.547646089512588929e-05,4.051888918199666274e-05,2.649792671791633271e-04,1.264579065917077619e-03,-8.942343655763400446e-97,-9.939665809483590115e-97,3.115103330566773471e-97,8.441958708890745179e-97,-1.599854643739226444e-96,-1.674229153884085521e-96,1.187055247112133538e-96,1.092599896313016452e-96
1.687287864350795787e-03,-1.236585565682529891e-01,1.137107458070113659e-02,3.468979461106250044e-03,-1.903985407414462983e-01,5.036664417956455975e-02,3.053556470455370264e-01,-4.675167162085574479e-01,-7.061535242327950934e-01,4.180206106034921043e-01,3.183498691634553124e-01,-3.818170141714283816e-01,1.398379446453486552e-01,-3.398733871865702305e-01,-1.681395491571316717e-04,-1.322718094685348825e-03,9.547646089512588929e-05,4.051888918199666274e-05,2.649792671791633271e-04,1.264579065917077619e-03,-7.979266229124445092e-97,-8.838187418111643430e-97,3.064125184788227398e-97,7.847026823156592381e-97,-1.477909356924035907e-96,-1.537604128753936439e-96,1.118344619497212462e-96,1.036941275889409777e-96
1.542445748776823892e-03,-1.355187111320978188e-01,5.130309545398136807e-03,1.672235059471939306e-03,-1.932517134900181566e-01,5.277674531342334274e-02,3.175838739120355747e-01,-4.571298712330351677e-01,-7.077981801132610107e-01,4.279957815854167347e-01,3.302515588580497430e-01,-3.800185391083003017e-01,1.266029005342398095e-01,-3.550412690964663831e-01,-1.681395491571316717e-04,-1.322718094685348825e-03,9.547646089512588929e-05,4.051888918199666274e-05,2.649792671791633271e-04,1.264579065917077619e-03,-7.242898132202948207e-97,-8.073576717882735164e-97,2.806989184163090204e-97,7.195368058024267668e-97,-1.364299035769666053e-96,-1.415498058191769882e-96,1.029782926583531723e-96,9.601546781981160743e-97
3.544337188898514721e-03,-1.393182732248142708e-01,2.889990312184884114e-03,1.951493952176648833e-03,-1.929641724372289091e-01,5.841246773227838640e-02,3.189391965755631331e-01,-4.594702488623133574e-01,-7.027003505129088001e-01,4.072408214341085575e-01,3.352248089440244549e-01,-3.821008282432952763e-01,1.297180065344482880e-01,-3.544221993143925609e-01,-1.681395491571316717e-04,-1.322718094685348825e-03,9.547646089512588929e-05,4.051888918199666274e-05,2.649792671791633271e-04,1.264579065917077619e-03,-6.610140327927864440e-97,-7.379684423822010545e-97,2.538270040381456251e-97,5.933838704700916877e-97,-1.271162161221138187e-96,-1.314135829373747013e-96,9.538174156502156634e-97,8.912377923795352703e-97
1.329117374953148363e-02,-1.540468607551780666e-01,1.850250006302671824e-03,3.362187637170131315e-03,-1.789287449319840184e-01,9.825922275935089489e-02,3.136039200210674061e-01,-4.691700903223166019e-01,-7.106186979900570577e-01,4.154197967009902182e-01,3.322358975678500470e-01,-3.875450710128846010e-01,1.267598512285656454e-01,-3.587265121151195224e-01,-1.681395491571316717e-04,-1.322718094685348825e-03,9.547646089512588929e-05,4.051888918199666274e-05,2.649792671791633271e-04,1.264579065917077619e-03,-6.093853487738459479e-97,-6.842889570468639931e-97,2.094915086996103155e-97,5.010198599236885196e-97,-1.192223622015627727e-96,-1.229041814988752550e-96,8.849082504610594563e-97,8.284929492073900616e-97
2.646476088434508364e-02,-1.205023397677219554e-01,2.883274137172020177e-03,2.128431276660941625e-03,-1.639403256480439774e-01,9.394352288525605055e-02,3.106068184206431937e-01,-4.841334352609087399e-01,-7.123513057277406357e-01,3.917103276705513615e-01,3.304461338607659893e-01,-3.878591264005634698e-01,1.238604865967925794e-01,-3.615711395147690466e-01,-1.681395491571316717e-04,-1.322718094685348825e-03,9.547646089512588929e-05,4.051888918199666274e-05,2.649792671791633271e-04,1.264579065917077619e-03,-5.987791369269304433e-97,-6.698973434246172019e-97,1.967926991180553597e-97,4.125145041063723401e-97,-1.114360761850661209e-96,-1.145111993158646671e-96,8.085003777695253560e-97,7.592974125184538815e-97
2.725671975663204044e-02,-1.091399116455133156e-01,9.339760437487536551e-03,4.054283940626846050e-03,-1.753553923082746824e-01,8.107330073259053083e-02,3.211646358748113106e-01,-4.842917077459873987e-01,-7.485678992021495004e-01,3.901386828640774351e-01,3.393102486467692303e-01,-3.774796437867902199e-01,1.336240944986165080e-01,-3.532021820029279113e-01,-1.681395491571316717e-04,-1.322718094685348825e-03,9.547646089512588929e-05,4.051888918199666274e-05,2.649792671791633271e-04,1.264579065917077619e-03,-5.709922660141950706e-97,-6.369667799410212319e-97,1.757388824402532994e-97,3.513415133519472948e-97,-1.038408829214439542e-96,-1.066672480835695412e-96,7.410393322388371556e-97,6.973810814214932648e-97
1.517089730453757140e-02,-7.940953832653026290e-02,1.530582183567396649e-02,8.083748029687858050e-03,-1.605352772336298139e-01,6.512422506380628751e-02,3.235416539955089377e-01,-4.874488984038570782e-01,-7.643259480311361820e-01,3.929825575743438604e-01,3.402669946841468951e-01,-3.798282749365881616e-01,1.399604277831512922e-01,-3.512340427841612600e-01,-1.681395491571316717e-04,-1.322718094685348825e-03,9.547646089512588929e-05,4.051888918199666274e-05,2.649792671791633271e-04,1.264579065917077619e-03,-5.388473604745413959e-97,-6.008266036296924242e-97,1.488485438947242147e-97,2.991920835285462494e-97,-9.787976010324755452e-97,-1.005536921264747047e-96,6.771378312276965568e-97,6.378421752293787820e-97
2.357308597761172131e-02,-4.885198410351196396e-02,1.479652598142764536e-02,9.016594330814592037e-03,-1.482533471954909088e-01,5.664783732431188240e-02,3.503769333715502921e-01,-4.733998668600440385e-01,-7.631572890181550495e-01,4.033937472036657756e-01,3.347462209998893767e-01,-3.864440003027338477e-01,1.431494419507988447e-01,-3.501948205574879069e-01,-1.681395491571316717e-04,-1.322718094685348825e-03,9.547646089512588929e-05,4.051888918199666274e-05,2.649792671791633271e-04,1.264579065917077619e-03,-5.014124455443291560e-97,-5.550909712528343251e-97,1.343456749670668831e-97,2.726159512411788092e-97,-9.344398076804091586e-97,-9.579793698810474057e-97,6.377215695327036299e-97,6.030889937132431836e-97
2.890591915875676335e-02,-3.157250356859801765e-02,1.896060868709008307e-02,1.136496389631971513e-02,-1.334770748816890285e-01,6.621796554509158661e-02,3.638450879867407006e-01,-4.664596325005619937e-01,-7.732089702298043932e-01,3.967917233512058273e-01,3.204726189883460585e-01,-4.025051671368091721e-01,1.520061924788827790e-01,-3.426430818406120959e-01,-1.681395491571316717e-04,-1.322718094685348825e-03,9.547646089512588929e-05,4.051888918199666274e-05,2.649792671791633271e-04,1.264579065917077619e-03,-4.750744681509187793e-97,-5.216568590113208352e-97,1.189575837179361421e-97,2.373857336630203435e-97,-8.907064284713461397e-97,-9.114983498348273308e-97,5.898763269800782162e-97,5.590013975318643536e-97
2.599734497126657967e-02,-2.421581129959224019e-02,1.623065733695648258e-02,1.215123323952965739e-02,-1.200239896070352252e-01,6.813533468899612977e-02,3.744288013343547994e-01,-4.636418972095713298e-01,-7.772132031193005330e-01,3.956663578599136089e-01,3.168843820536477729e-01,-4.108870604736539200e-01,1.558542519955622707e-01,-3.414841508860790853e-01,-1.681395491571316717e-04,-1.322718094685348825e-03,9.547646089512588929e-05,4.051888918199666274e-05,2.649792671791633271e-04,1.264579065917077619e-03,-4.495250022504814552e-97,-4.905722040699432761e-97,1.340700418242419261e-97,2.237121971674225551e-97,-8.559525571040950698e-97,-8.743969455500842159e-97,5.517760369828680613e-97,5.243871921377195408e-97
1.895203671403908677e-02,-3.234813376992402845e-02,1.379255474961336471e-02,1.215373557949274257e-02,-1.410612350650185809e-01,4.652122490982048275e-02,3.960502316803321543e-01,-4.438231754647978256e-01,-7.732561364761464384e-01,4.211594016813954844e-01,3.217146533595854896e-01,-4.074799152520476309e-01,1.595196886212502108e-01,-3.404364112022916222e-01,-1.681395491571316717e-04,-1.322718094685348825e-03,9.547646089512588929e-05,4.051888918199666274e-05,2.649792671791633271e-04,1.264579065917077619e-03,-4.214732722940196048e-97,-4.561071794212643553e-97,1.278100544317188523e-97,2.100549416707122066e-97,-8.081790243911334054e-97,-8.248016700577239724e-97,5.202261813247051854e-97,4.960550479536034805e-97
1.374684466736948024e-02,-3.619740547463528441e-02,9.052876436354532000e-03,1.083038578329467531e-02,-1.459383337931787483e-01,3.537179354250905017e-02,4.039397442038348274e-01,-4.362917594660351006e-01,-7.665377216396415117e-01,4.344651896003163816e-01,3.204071880539322015e-01,-4.089882052659355449e-01,1.648182038125761972e-01,-3.364438746555689086e-01,-1.681395491571316717e-04,-1.322718094685348825e-03,9.547646089512588929e-05,4.051888918199666274e-05,2.649792671791633271e-04,1.264579065917077619e-03,-3.992664512100724886e-97,-4.295987509075922444e-97,1.173610452635230889e-97,1.930884570992426122e-97,-7.626297183917564041e-97,-7.783525996604001407e-97,4.820708851482106794e-97,4.609553719149187432e-97
1.585568974668162892e-02,-3.600877810245010913e-02,6.577864343777840503e-03,1.031416635412565203e-02,-1.574531218788166875e-01,2.318737197214072385e-02,4.036986218084465117e-01,-4.366174684582989074e-01,-7.247374499188038444e-01,4.710508181302402453e-01,3.232274868245428312e-01,-4.041466701824282248e-01,1.895480015497028048e-01,-3.121175879076792947e-01,-1.681395491571316717e-04,-1.322718094685348825e-03,9.547646089512588929e-05,4.051888918199666274e-05,2.649792671791633271e-04,1.264579065917077619e-03,-3.799433181068489775e-97,-4.086563337896082799e-97,1.131539230535069095e-97,1.732869746217508130e-97,-7.144139030443590942e-97,-7.299388650185582859e-97,4.610876183763216483e-97,4.423232127563337638e-97
2.073853485646262249e-02,-3.579937557504442314e-02,4.869716070082560043e-03,8.057230341671998280e-03,-1.654196807899162291e-01,1.663335108394023432e-02,4.057836514568079478e-01,-4.351605879600751736e-01,-7.005888871623062730e-01,5.143881890237517185e-01,3.347899975001248918e-01,-3.900821341984825885e-01,2.163964767079338547e-01,-2.858471794464563231e-01,-1.681395491571316717e-04,-1.322718094685348825e-03,9.547646089512588929e-05,4.051888918199666274e-05,2.649792671791633271e-04,1.264579065917077619e-03,-3.661433440534978607e-97,-3.936723682988689985e-97,1.027849270489107887e-97,1.765603390418978787e-97,-6.799796018943968159e-97,-6.946188506154197125e-97,4.367650764296687523e-97,4.200795358829521381e-97
2.397253436112557062e-02,-3.739464995681535120e-02,5.161858905560162518e-03,7.322992177253766742e-03,-1.754901173355452038e-01,1.165636499436631390e-02,4.033223002712030825e-01,-4.386901101580945594e-01,-7.174386965240521219e-01,5.360568744705096478e-01,3.376925338646276642e-01,-3.879582799687766870e-01,2.187006205704008499e-01,-2.845611640109150242e-01,-1.681395491571316717e-04,-1.322718094685348825e-03,9.547646089512588929e-05,4.051888918199666274e-05,2.649792671791633271e-04,1.264579065917077619e-03,-3.493115381770405247e-97,-3.736980337582254418e-97,9.643647225310934288e-98,1.781970212519713986e-97,-6.559486844820326797e-97,-6.688976014900537603e-97,4.123370874986609669e-97,3.978079058438177277e-97
2.436280924396652670e-02,-4.305249916562725598e-02,6.612120275023267157e-03,8.249432016441519272e-03,-1.899566753691049881e-01,6.244571804928970675e-03,3.938738600424495084e-01,-4.484655702731008553e-01,-7.261855258123287582e-01,5.488281290671644941e-01,3.353092643155101138e-01,-3.954164550279509749e-01,2.154931344932214943e-01,-2.898240687954057870e-01,-1.681395491571316717e-04,-1.322718094685348825e-03,9.547646089512588929e-05,4.051888918199666274e-05,2.649792671791633271e-04,1.264579065917077619e-03,-3.311185936280125967e-97,-3.516308362326758853e-97,8.690336181078559207e-98,1.803931523360324977e-97,-6.321122127949197380e-97,-6.432453380842254735e-97,3.874270173871634515e-97,3.747107781544874026e-97
2.469013613128101525e-02,-5.873356563160889166e-02,5.315478704946528452e-03,7.405900346935719719e-03,-2.041171816312790377e-01,7.035706935203447747e-03,3.820902232367852647e-01,-4.664040923420209594e-01,-7.414610258063766279e-01,5.449200862026003511e-01,3.269549955553976983e-01,-4.131786640847857628e-01,2.103067302472213240e-01,-2.983585589243208380e-01,-1.681395491571316717e-04,-1.322718094685348825e-03,9.547646089512588929e-05,4.051888918199666274e-05,2.649792671791633271e-04,1.264579065917077619e-03,-3.177461137323128298e-97,-3.294217020556946068e-97,9.508841873080332987e-98,1.852801693045529073e-97,-6.123317840822525054e-97,-6.215408356827526380e-97,3.662976894307472833e-97,3.552409381329663380e-97
1.964151663667530745e-02,-8.409603036012078259e-02,3.556737238522773500e-03,6.842261833117702086e-03,-2.169244427347262749e-01,1.329378371588164388e-02,3.756836797998553967e-01,-4.747231270992030017e-01,-7.258498363355181393e-01,5.195816240592578961e-01,3.217113790752934577e-01,-4.208577852699771360e-01,2.074134545965102550e-01,-3.021902292178872407e-01,-1.681395491571316717e-04,-1.322718094685348825e-03,9.547646089512588929e-05,4.051888918199666274e-05,2.649792671791633271e-04,1.264579065917077619e-03,-3.061143469530157471e-97,-3.120860305064411953e-97,9.898746539633645487e-98,1.767405282910788976e-97,-5.969910301557213801e-97,-6.049624927600037059e-97,3.609210759843914789e-97,3.514945988825635234e-97
2.081654838184029618e-02,-8.958148458313312801e-02,6.110736114575661751e-03,6.893184403182379960e-03,-2.325338528626610668e-01,7.763802533400307633e-03,3.454418357583568522e-01,-5.024699581039607788e-01,-7.160342401651235145e-01,5.087518732085718476e-01,3.245442455172556917e-01,-4.165832187264195685e-01,2.126447501001101081e-01,-2.975926868374592082e-01,-1.681395491571316717e-04,-1.322718094685348825e-03,9.547646089512588929e-05,4.051888918199666274e-05,2.649792671791633271e-04,1.264579065917077619e-03,-2.923500203945237585e-97,-2.950897436177475665e-97,1.028728545056643864e-97,1.643545896521957029e-97,-5.693651165580880629e-97,-5.760025374360908964e-97,3.482586402707460566e-97,3.402089289602930116e-97
1.962894751143880873e-02,-7.697862549974021640e-02,-1.316551272428689856e-03,5.784141850758492756e-03,-2.233729627487579805e-01,-4.231779570829426011e-03,3.206881918261077491e-01,-5.174013839187141528e-01,-7.097687404995253191e-01,4.942442925379462171e-01,3.292088560682403520e-01,-4.099591091197627435e-01,2.118050937611514750e-01,-2.995736152213671066e-01,-1.681395491571316717e-04,-1.322718094685348825e-03,9.547646089512588929e-05,4.051888918199666274e-05,2.649792671791633271e-04,1.264579065917077619e-03,-2.805611086378864129e-97,-2.808430391355617796e-97,1.027845303018240118e-97,1.420244090107765518e-97,-5.469767063032243855e-97,-5.519297831496997333e-97,3.325896988522853787e-97,3.257355874803139972e-97
2.377448229735046326e-02,-7.977908368382097271e-02,-2.572883450678615722e-03,4.822423968894486504e-03,-2.243833362718511970e-01,3.840281985473276843e-04,2.943630276649706889e-01,-5.363614160239853490e-01,-7.060655747739362775e-01,5.057886185202929985e-01,3.204612370056717507e-01,-4.149356621888206087e-01,2.209798035305373387e-01,-2.910135466977080698e-01,-1.681395491571316717e-04,-1.322718094685348825e-03,9.547646089512588929e-05,4.051888918199666274e-05,2.649792671791633271e-04,1.264579065917077619e-03,-2.681893854288909991e-97,-2.664208753634664271e-97,9.916237865988659272e-98,1.158552327217904291e-97,-5.267921085406341989e-97,-5.303017231333686817e-97,3.211886972003390681e-97,3.154241693553389062e-97
2.575279900291364832e-02,-8.476800969982858924e-02,-1.950974361773279153e-03,4.756479554577888909e-03,-2.271020261200849544e-01,5.942391165894448345e-03,2.902198832405922246e-01,-5.437736381107467487e-01,-6.984117919004894093e-01,5.336453682552702027e-01,3.387199444111276270e-01,-3.992816079113660210e-01,2.214905524581344543e-01,-2.937441381008492614e-01,-1.681395491571316717e-04,-1.322718094685348825e-03,9.547646089512588929e-05,4.051888918199666274e-05,2.649792671791633271e-04,1.264579065917077619e-03,-2.518697849174213636e-97,-2.484758931202107037e-97,9.285984175974710226e-98,8.975338935173394087e-98,-5.017238621447321323e-97,-5.039402737283352748e-97,3.048022068142990637e-97,3.000868105887382862e-97
2.569289020962165979e-02,-8.389385279679342777e-02,-1.307770318798885927e-04,4.532958096720535353e-03,-2.277917774757657055e-01,6.669373385035785515e-03,2.859288708730570727e-01,-5.535862420078150326e-01,-6.986231139432406145e-01,5.305056736097413239e-01,3.362096597803089781e-01,-4.017213055577415481e-01,2.151357412708546080e-01,-3.015291041848820464e-01,-1.681395491571316717e-04,-1.322718094685348825e-03,9.547646089512588929e-05,4.051888918199666274e-05,2.649792671791633271e-04,1.264579065917077619e-03,-2.335617522426969914e-97,-2.278127045227281907e-97,9.276592891103354908e-98,6.323447360868227855e-98,-4.734484246458348942e-97,-4.742897679125883092e-97,2.880574770769066890e-97,2.844442660904307839e-97
2.512105493453092864e-02,-1.070617460374841956e-01,1.535695284846849131e-03,3.181166486315354335e-03,-2.273734543213863923e-01,3.101758739895797007e-02,2.802121232022750652e-01,-5.651384968961103983e-01,-7.246251180102915024e-01,5.316078976997457017e-01,3.251709448241777989e-01,-4.158859867422329826e-01,2.199536061193247127e-01,-2.977775439165238347e-01,-1.681395491571316717e-04,-1.322718094685348825e-03,9.547646089512588929e-05,4.051888918199666274e-05,2.649792671791633271e-04,1.264579065917077619e-03,-2.153204574354206454e-97,-2.088898838543392240e-97,8.841814889493512952e-98,4.174928700240223408e-98,-4.461374608461431741e-97,-4.462823207128462268e-97,2.700432697767613223e-97,2.672971935967007809e-97
2.368937629886916363e-02,-1.168845044579460007e-01,7.836054382065862954e-04,9.363962337156947306e-04,-2.204090713893724907e-01,4.460328594396695961e-02,2.755366440745067869e-01,-5.779635252644221843e-01,-7.461425295985286699e-01,5.325086064065887026e-01,3.208356512303799923e-01,-4.231988896831624936e-01,2.227895955022646257e-01,-2.972823222766314277e-01,-1.681395491571316717e-04,-1.322718094685348825e-03,9.547646089512588929e-05,4.051888918199666274e-05,2.649792671791633271e-04,1.264579065917077619e-03,-2.023948613257892193e-97,-1.954224962402815560e-97,9.139757674067760882e-98,2.834908556719733325e-98,-4.221340102980267003e-97,-4.215904264127835332e-97,2.503334224230851293e-97,2.483902617049769190e-97
2.256804458822568582e-02,-1.144114458524227995e-01,2.595326092772552024e-03,6.010764676291358022e-04,-2.115958119078921451e-01,5.199207243864436417e-02,2.582756507188820327e-01,-5.962142302142724448e-01,-7.559767640893705343e-01,5.307841662056748122e-01,3.159050835628597342e-01,-4.318053921798687411e-01,2.259060978606719228e-01,-2.974828958725651007e-01,-1.681395491571316717e-04,-1.322718094685348825e-03,9.547646089512588929e-05,4.051888918199666274e-05,2.649792671791633271e-04,1.264579065917077619e-03,-1.897350674660286089e-97,-1.838702848573807462e-97,8.961805356541745337e-98,2.995627852040270703e-98,-4.089918546003277478e-97,-4.081878950335435285e-97,2.379058489611496938e-97,2.364713889715358458e-97
2.795549601337793399e-02,-8.289512269946766598e-02,1.015925143615956788e-03,9.150667693907173390e-04,-2.053870996478844857e-01,3.163232505817096391e-02,2.371195857987437039e-01,-6.195479888159299842e-01,-7.452869532255036455e-01,5.260114435886343864e-01,3.138475669005497126e-01,-4.353813263694132352e-01,2.393303100975354147e-01,-2.867171822862519259e-01,-1.681395491571316717e-04,-1.322718094685348825e-03,9.547646089512588929e-05,4.051888918199666274e-05,2.649792671791633271e-04,1.264579065917077619e-03,-1.800451625498666268e-97,-1.718537770391951885e-97,8.046808209945465119e-98,2.270074202848657014e-98,-3.952576172342140915e-97,-3.936595777192224617e-97,2.241167609415647196e-97,2.233571878873817338e-97
2.827005635311813370e-02,-7.357191098977101940e-02,-1.003681422688305121e-03,6.248082936568105910e-04,-2.002634267686776159e-01,2.645214171732418809e-02,2.309400354607112626e-01,-6.285943431402012394e-01,-7.443576809111437376e-01,5.350597224962797549e-01,3.211973175155992122e-01,-4.296975290766397171e-01,2.429828054891977063e-01,-2.852937218649200801e-01,-1.681395491571316717e-04,-1.322718094685348825e-03,9.547646089512588929e-05,4.051888918199666274e-05,2.649792671791633271e-04,1.264579065917077619e-03,-1.717815178508634759e-97,-1.628816869399463534e-97,7.643987722987801444e-98,2.490872135020193405e-98,-3.856532939592610728e-97,-3.838436569496894183e-97,2.140337598821273096e-97,2.136060159638714105e-97
2.670981136583962592e-02,-9.175696558266029090e-02,-2.304417133946808516e-04,8.034424636795114765e-04,-1.943214775855548471e-01,5.071207042881735461e-02,2.243848556235549796e-01,-6.397889291288553215e-01,-7.244264970497520384e-01,5.183620115446776477e-01,3.281739159055744870e-01,-4.284020508114904091e-01,2.306523161473241768e-01,-3.006553877419858023e-01,-1.681395491571316717e-04,-1.322718094685348825e-03,9.547646089512588929e-05,4.051888918199666274e-05,2.649792671791633271e-04,1.264579065917077619e-03,-1.626229221805641271e-97,-1.543172317371000839e-97,6.693395941543816168e-98,2.320146156787339402e-98,-3.755283457707293621e-97,-3.739554182931402636e-97,2.088360710212408426e-97,2.086272226250026214e-97
2.050101738047989397e-02,-9.995753523258817108e-02,2.316333566256565356e-03,-4.046763539912869934e-04,-1.887908600718575247e-01,6.028239186242809883e-02,2.206038128550805444e-01,-6.448827692732860273e-01,-7.179125056877093680e-01,5.134647566375296623e-01,3.360199533875323774e-01,-4.321120499658859804e-01,2.266608757914692629e-01,-3.105100249956005420e-01,-1.681395491571316717e-04,-1.322718094685348825e-03,9.547646089512588929e-05,4.051888918199666274e-05,2.649792671791633271e-04,1.264579065917077619e-03,-1.575735892666428171e-97,-1.505050392144485717e-97,5.958203262564407071e-98,2.494679955928328859e-98,-3.703942471028511306e-97,-3.690829235384780884e-97,2.062258402859059927e-97,2.061492122604598302e-97
2.296564121717114063e-02,-9.988209396146766061e-02,1.034226464019684377e-02,1.917794717735172086e-03,-1.794212529378540755e-01,8.248525513782617447e-02,2.197485690186328222e-01,-6.557779059361823482e-01,-7.252916557586727153e-01,5.251064646425426252e-01,3.513870581153122341e-01,-4.264682061067365804e-01,2.240789926392673936e-01,-3.167861716369855252e-01,-1.681395491571316717e-04,-1.322718094685348825e-03,9.547646089512588929e-05,4.051888918199666274e-05,2.649792671791633271e-04,1.264579065917077619e-03,-1.520761721689142476e-97,-1.418811621679998430e-97,6.058689612290704978e-98,1.837248011426206392e-98,-3.571150641163702954e-97,-3.554830679181496603e-97,1.978044287547220686e-97,1.979385314561946707e-97
2.539720190524005772e-02,-8.590780744251792778e-02,1.205614697342466402e-02,5.331045795638577126e-03,-1.711048759020597498e-01,8.460176339737326967e-02,2.212537595607359797e-01,-6.655574622740701995e-01,-7.259407993712517770e-01,5.215951722791831724e-01,3.543460875526762699e-01,-4.281676505568448587e-01,2.310203295440625970e-01,-3.103709944749481475e-01,-1.681395491571316717e-04,-1.322718094685348825e-03,9.547646089512588929e-05,4.051888918199666274e-05,2.649792671791633271e-04,1.264579065917077619e-03,-1.483007011179294394e-97,-1.349740841056451253e-97,6.365362597833432978e-98,2.439350349198467818e-98,-3.432580508412120828e-97,-3.407884881493506030e-97,1.833992391987459272e-97,1.840637174040985474e-97
3.599181995386941529e-02,-6.233160100225761807e-02,2.047525024601374449e-02,8.777053800761800556e-03,-1.592313507758731372e-01,9.421370665883128936e-02,2.459735707661224735e-01,-6.515314139311971786e-01,-7.089630006091879322e-01,5.305685655740757234e-01,3.513028048942702375e-01,-4.385290616749127346e-01,2.410444726382299785e-01,-3.021538251440991640e-01,-1.681395491571316717e-04,-1.322718094685348825e-03,9.547646089512588929e-05,4.051888918199666274e-05,2.649792671791633271e-04,1.264579065917077619e-03,-1.408282980814610285e-97,-1.239774888261262260e-97,6.045212348294059270e-98,2.796221540692296254e-98,-3.264583626487836911e-97,-3.215335357859065255e-97,1.717283695558598321e-97,1.730981460158884041e-97
3.531507030079012593e-02,-4.691911056451594786e-02,2.215164776551099488e-02,8.950000343948948806e-03,-1.390124365983070598e-01,1.005194962773806044e-01,2.680088035239533428e-01,-6.383167113605003884e-01,-6.976141179719956842e-01,5.404989620397394612e-01,3.808195403315691174e-01,-4.152674468601365021e-01,2.546517274218544347e-01,-2.908584541129238810e-01,-1.681395491571316717e-04,-1.322718094685348825e-03,9.547646089512588929e-05,4.051888918199666274e-05,2.649792671791633271e-04,1.264579065917077619e-03,-1.274469186911427064e-97,-1.098362052311995265e-97,4.891654805702332504e-98,2.453382652443595843e-98,-3.114636090337743675e-97,-3.046165748443161248e-97,1.632637995575512571e-97,1.651191342996607532e-97
3.203580596003490627e-02,-3.438557992080775588e-02,2.403749951324912065e-02,9.210765064781736497e-03,-1.377724984258547614e-01,8.857773293206767928e-02,2.716272168464207160e-01,-6.392807003406474342e-01,-6.933678584267151113e-01,5.255422166931481565e-01,3.900407586898814172e-01,-4.081211303626742781e-01,2.683280116974207097e-01,-2.790370171014605605e-01,-1.681395491571316717e-04,-1.322718094685348825e-03,9.547646089512588929e-05,4.051888918199666274e-05,2.649792671791633271e-04,1.264579065917077619e-03,-1.147223527707718063e-97,-9.810983299682129714e-98,4.572990669754895966e-98,1.814457321792208387e-98,-2.938043562927791725e-97,-2.864670721167795191e-97,1.534122695295807022e-97,1.554748016870061106e-97
2.468579231862607845e-02,-3.336641414893812968e-02,2.943069040554346233e-02,1.041592878641473506e-02,-1.318896933894393719e-01,9.332878062175171963e-02,2.643184251074871538e-01,-6.466294617430848879e-01,-6.847293397620298760e-01,5.089421558416004077e-01,3.885717911480263687e-01,-4.144531607054608990e-01,2.757964081706730242e-01,-2.711502536449931777e-01,-1.681395491571316717e-04,-1.322718094685348825e-03,9.547646089512588929e-05,4.051888918199666274e-05,2.649792671791633271e-04,1.264579065917077619e-03,-1.030489986899130535e-97,-8.840080814479905319e-98,4.573737505714210503e-98,2.138649230182211795e-98,-2.803780463960252081e-97,-2.728320944237611445e-97,1.445555595912991714e-97,1.465462455284877887e-97
2.390133464532622626e-02,-5.635139169907385503e-02,3.102340388959460432e-02,8.909511073453684274e-03,-1.385136742775587571e-01,1.098336223324039296e-01,2.623099741594237533e-01,-6.479579612107110309e-01,-6.903185191524107145e-01,5.371810709949369489e-01,3.746495895143190924e-01,-4.320540445250478645e-01,2.760970667253477839e-01,-2.729243433202430680e-01,-1.681395491571316717e-04,-1.322718094685348825e-03,9.547646089512588929e-05,4.051888918199666274e-05,2.649792671791633271e-04,1.264579065917077619e-03,-9.361292694756589958e-98,-8.090584322800061576e-98,4.750175607141764576e-98,2.221973178182979264e-98,-2.648630469441073089e-97,-2.575313006875516862e-97,1.330698701119738426e-97,1.350573889224418539e-97
2.198439019505932582e-02,-6.684761078434940662e-02,2.894474802313075704e-02,7.983718172419438860e-03,-1.414636854406287059e-01,1.135049584242329435e-01,2.655894412735089749e-01,-6.434231951032665098e-01,-6.917548598768212820e-01,5.404595711714552664e-01,3.706694513310676564e-01,-4.343527406390711443e-01,2.832552814326786961e-01,-2.663681700723378731e-01,-1.681395491571316717e-04,-1.322718094685348825e-03,9.547646089512588929e-05,4.051888918199666274e-05,2.649792671791633271e-04,1.264579065917077619e-03,-8.273624299021603534e-98,-7.169214995627727121e-98,4.273450773342514717e-98,1.666093146746339487e-98,-2.511279076808193779e-97,-2.442336844572754343e-97,1.233950456198561246e-97,1.254434349478021959e-97
1.813141699580554655e-02,-6.993900667728611409e-02,2.575048474825998926e-02,5.784318217280081179e-03,-1.319868046119451188e-01,1.181608939605605924e-01,2.754397458285862688e-01,-6.355942291469504069e-01,-7.055816302989450506e-01,5.414352674190020531e-01,3.621698955381932872e-01,-4.427647558954627138e-01,2.713890519867468987e-01,-2.810205670034737202e-01,-1.681395491571316717e-04,-1.322718094685348825e-03,9.547646089512588929e-05,4.051888918199666274e-05,2.649792671791633271e-04,1.264579065917077619e-03,-7.782464530603449508e-98,-6.880709896892899920e-98,3.976019469757084644e-98,1.672076012014503627e-98,-2.428627309801827673e-97,-2.367339434681231614e-97,1.196812564637351748e-97,1.216759129477715841e-97
1.467834100456767016e-02,-7.258458708767820400e-02,2.006045051065252771e-02,3.959845047519167452e-03,-1.244517024714051484e-01,1.187696872708225299e-01,2.761717170526341025e-01,-6.381619837472788381e-01,-7.237897261359637069e-01,5.425424075367527577e-01,3.589414536272150791e-01,-4.469146122408212962e-01,2.636352799032044003e-01,-2.916416009702495482e-01,-1.681395491571316717e-04,-1.322718094685348825e-03,9.547646089512588929e-05,4.051888918199666274e-05,2.649792671791633271e-04,1.264579065917077619e-03,-7.261413852264627830e-98,-6.547479878973529252e-98,4.072840336573662650e-98,1.893979188720994550e-98,-2.358851446008015028e-97,-2.306889544333457067e-97,1.141474213637626426e-97,1.160664939423452093e-97
1.227756830159658016e-02,-7.305085813467793177e-02,1.591788366987016701e-02,3.115200879909460659e-03,-1.151698570767518137e-01,1.222168856306519585e-01,2.852667765418614443e-01,-6.305875785917649523e-01,-7.392645875370523756e-01,5.408096950491242394e-01,3.691793241280023619e-01,-4.405918378645802824e-01,2.658993522843300372e-01,-2.944359803474512205e-01,-1.681395491571316717e-04,-1.322718094685348825e-03,9.547646089512588929e-05,4.051888918199666274e-05,2.649792671791633271e-04,1.264579065917077619e-03,-6.781255156709328725e-98,-6.096564151377399762e-98,4.166823010902551632e-98,2.186482250705246313e-98,-2.258684744106198079e-97,-2.211063430068271477e-97,1.102012964246347958e-97,1.121697546832575220e-97
1.620029972198855708e-02,-6.822754230758362737e-02,1.265972899211268050e-02,3.151288348945865611e-03,-1.186831565047168219e-01,1.153503437046554947e-01,2.765369663893086916e-01,-6.441513082984431371e-01,-7.500997890122957923e-01,5.262967463488055220e-01,3.645322545055156849e-01,-4.448089509545216091e-01,2.518230303101516299e-01,-3.108529421331758802e-01,-1.681395491571316717e-04,-1.322718094685348825e-03,9.547646089512588929e-05,4.051888918199666274e-05,2.649792671791633271e-04,1.264579065917077619e-03,-6.251742560717404297e-98,-5.376287946637154642e-98,4.117818159024612076e-98,2.361414277913012467e-98,-2.143648354269137325e-97,-2.099439384655035305e-97,1.054086478135086784e-97,1.073439274418934929e-97
1.611345758335763767e-02,-6.176492369353000361e-02,1.377403208255439764e-02,6.027919019604379390e-03,-1.267480052954745862e-01,1.047602280215249593e-01,2.784135018859632549e-01,-6.437095699278079231e-01,-7.402567444432053279e-01,5.172446704888435942e-01,3.583052026897846076e-01,-4.564790342919118338e-01,2.381622159402274341e-01,-3.259038134401095466e-01,-1.681395491571316717e-04,-1.322718094685348825e-03,9.547646089512588929e-05,4.051888918199666274e-05,2.649792671791633271e-04,1.264579065917077619e-03,-6.039196478648699965e-98,-5.159983901858108180e-98,3.813685270768459783e-98,2.532466480315744403e-98,-2.075551189895791483e-97,-2.034601904051399351e-97,1.040488606750871546e-97,1.058549193892532638e-97
1.509582772953963273e-02,-6.246776305277567526e-02,1.174665392590197414e-02,8.816042716268658597e-03,-1.372715617544333355e-01,9.497075756096265420e-02,2.860989443969068069e-01,-6.392503308225286895e-01,-7.322382068476098738e-01,4.986360725652367876e-01,3.399137806197140566e-01,-4.813545310022972479e-01,2.150250682264050195e-01,-3.514408597686137226e-01,-1.681395491571316717e-04,-1.322718094685348825e-03,9.547646089512588929e-05,4.051888918199666274e-05,2.649792671791633271e-04,1.264579065917077619e-03,-5.875031242435455971e-98,-5.091803812619945055e-98,3.521945533313514007e-98,2.739745612816449741e-98,-2.025724876296420895e-97,-1.990220042211796354e-97,1.048195357800855204e-97,1.064339319837722966e-97
1.415412643565149009e-02,-6.493434352072666171e-02,9.379966053432275963e-03,9.715918389642676234e-03,-1.484909944238048118e-01,8.449654608036652470e-02,2.718498057112985755e-01,-6.570263694995420733e-01,-7.384531925776799399e-01,5.343896483108229178e-01,3.297018549087030737e-01,-4.941448954212672162e-01,1.993997407846783421e-01,-3.687950464198621048e-01,-1.681395491571316717e-04,-1.322718094685348825e-03,9.547646089512588929e-05,4.051888918199666274e-05,2.649792671791633271e-04,1.264579065917077619e-03,-5.404979125983290013e-98,-4.742247366332377976e-98,3.316536294364991084e-98,2.652904352095882737e-98,-1.956167203780310331e-97,-1.926484972977758165e-97,1.041844696710071054e-97,1.055723169947626665e-97
1.681126814886058432e-02,-6.871710969427205495e-02,1.428941542553148480e-02,9.773333594771720090e-03,-1.618178398775128590e-01,8.310877741008475261e-02,2.702129281111544379e-01,-6.673525041110284217e-01,-7.312940803841234683e-01,5.458676231740289264e-01,3.291532615624260250e-01,-5.010478706703024310e-01,1.897182292250397251e-01,-3.796528683763891743e-01,-1.681395491571316717e-04,-1.322718094685348825e-03,9.547646089512588929e-05,4.051888918199666274e-05,2.649792671791633271e-04,1.264579065917077619e-03,-4.738872808367055920e-98,-4.167983830579875447e-98,3.223960704942549035e-98,2.521252283747880643e-98,-1.881043392931318319e-97,-1.851905855751788629e-97,9.974242631656668486e-98,1.009603640801703666e-97
2.159243722631927834e-02,-5.615809612057606759e-02,1.238414118994854776e-02,7.163892780812229806e-03,-1.663838910855823527e-01,6.723077102734094368e-02,2.790547933412083070e-01,-6.690891249180802580e-01,-7.287693652214684015e-01,5.520347251037270864e-01,3.389211988277888721e-01,-4.975657095559736787e-01,1.867280209667588065e-01,-3.863056004401607679e-01,-1.681395491571316717e-04,-1.322718094685348825e-03,9.547646089512588929e-05,4.051888918199666274e-05,2.649792671791633271e-04,1.264579065917077619e-03,-4.411261552844611349e-98,-3.942265950955376364e-98,3.335707566424563056e-98,2.800994901957126979e-98,-1.816803533538595034e-97,-1.791223929651882258e-97,9.504034527470426774e-98,9.609941390175158306e-98
2.662877303530612055e-02,-4.618459009909048341e-02,1.613541941245547756e-02,6.052826534653612048e-03,-1.753664832657901296e-01,5.678216357060809905e-02,2.890284056537018587e-01,-6.698212883167060649e-01,-7.269922308425050828e-01,5.613218795685699369e-01,3.411437160533118407e-01,-5.023723484331875655e-01,1.843302015634833424e-01,-3.919272873563734438e-01,-1.681395491571316717e-04,-1.322718094685348825e-03,9.547646089512588929e-05,4.051888918199666274e-05,2.649792671791633271e-04,1.264579065917077619e-03,-4.249701900190299928e-98,-3.780058076460680430e-98,3.307701718790867377e-98,2.904089892262578764e-98,-1.756181442132174979e-97,-1.735126298267939464e-97,9.037481668936936252e-98,9.129307024852450053e-98
3.827148909238052565e-02,-1.952090400936288064e-02,1.655606263253555852e-02,6.527429131468722584e-03,-1.567169682425321453e-01,6.188317764628383649e-02,3.080314747707250111e-01,-6.663141528755797127e-01,-7.023494147407263188e-01,5.645269399403645139e-01,3.203727593140799912e-01,-5.207858333876645984e-01,1.833368557095615137e-01,-3.964544502613100985e-01,-1.681395491571316717e-04,-1.322718094685348825e-03,9.547646089512588929e-05,4.051888918199666274e-05,2.649792671791633271e-04,1.264579065917077619e-03,-4.053633739240212188e-98,-3.426501780889794718e-98,3.075381258205034541e-98,2.770633048786600167e-98,-1.678583163150635523e-97,-1.659736778779278928e-97,8.404160431547928865e-98,8.495488783684842581e-98
4.026764145258458077e-02,2.968082432402048554e-04,1.278669492788976278e-02,5.413350621648981356e-03,-1.357679821122416419e-01,6.104075631946569158e-02,3.122441960996956145e-01,-6.675030721794802391e-01,-6.986464281045378089e-01,5.562506725538597374e-01,3.057334629989956198e-01,-5.339700581734415641e-01,1.790016118837322312e-01,-4.038532143665370389e-01,-1.681395491571316717e-04,-1.322718094685348825e-03,9.547646089512588929e-05,4.051888918199666274e-05,2.649792671791633271e-04,1.264579065917077619e-03,-3.703573833034068008e-98,-2.986144635099171497e-98,2.919559966030269630e-98,2.505026260533318434e-98,-1.615375153715417820e-97,-1.594890406605768762e-97,7.771646597986528589e-98,7.866658359905528309e-98
5.333965941790401455e-02,7.734872304703307999e-03,1.018768035710692146e-02,3.940441489173019188e-03,-1.410518233467248361e-01,5.814875359121796788e-02,3.153369255803287197e-01,-6.819155549078120826e-01,-7.167035860736324926e-01,5.521125388606118456e-01,2.874894863074881068e-01,-5.500441949642103090e-01,1.728340130165347266e-01,-4.124626130786733236e-01,-1.681395491571316717e-04,-1.322718094685348825e-03,9.547646089512588929e-05,4.051888918199666274e-05,2.649792671791633271e-04,1.264579065917077619e-03,-3.479132052626175236e-98,-2.772054974779796899e-98,2.976682987386040165e-98,2.372222866406678380e-98,-1.551615984194590953e-97,-1.526549609949201223e-97,7.363237654686940464e-98,7.457608801333920311e-98
6.703863067542166487e-02,3.473641126858321125e-03,7.230848309585169789e-03,2.650148352364315417e-03,-1.459977677775746163e-01,6.771394875690366078e-02,3.074163042321773065e-01,-7.079583302039265114e-01,-7.154478780359915246e-01,5.670955795152998746e-01,2.817104690292570601e-01,-5.527170617109159467e-01,1.743075325548222587e-01,-4.126174586904284292e-01,-1.681395491571316717e-04,-1.322718094685348825e-03,9.547646089512588929e-05,4.051888918199666274e-05,2.649792671791633271e-04,1.264579065917077619e-03,-3.264953082385285291e-98,-2.592506621075775672e-98,2.903880991923881401e-98,2.282219306580107618e-98,-1.518154504494981424e-97,-1.493326114149592250e-97,7.165300274802667421e-98,7.253166854387806981e-98
6.924217852210975965e-02,4.672753458663777074e-04,1.102627607181684219e-02,2.262233671102972018e-03,-1.388025520504125032e-01,8.413987362603488063e-02,2.914745854318904761e-01,-7.303098249546458032e-01,-7.060275862666545166e-01,5.871061773210026757e-01,2.923342386512948199e-01,-5.462552581165442955e-01,1.865247844284163015e-01,-4.028638583718807675e-01,-1.681395491571316717e-04,-1.322718094685348825e-03,9.547646089512588929e-05,4.051888918199666274e-05,2.649792671791633271e-04,1.264579065917077619e-03,-3.080844877204075823e-98,-2.495477651338839507e-98,2.791836913031971830e-98,2.228587094881962866e-98,-1.504648558400794178e-97,-1.481916923788739558e-97,7.026035267856144711e-98,7.106968684973445970e-98
6.313828581320758693e-02,-2.660406534886981637e-03,1.504300407095885035e-02,1.974304001061931001e-03,-1.344669657264907225e-01,8.989652739595384301e-02,2.803136716153284969e-01,-7.390424359959211209e-01,-7.014023319740428919e-01,5.979432858982474119e-01,2.989001192753787950e-01,-5.433616508659800948e-01,1.924378671375026884e-01,-3.987082162513420069e-01,-1.681395491571316717e-04,-1.322718094685348825e-03,9.547646089512588929e-05,4.051888918199666274e-05,2.649792671791633271e-04,1.264579065917077619e-03,-2.836592836873281423e-98,-2.387134101585692538e-98,2.483474870349481268e-98,2.242083989644557226e-98,-1.477716694231535539e-97,-1.467125919345657441e-97,6.814489580856476852e-98,6.883129779944467993e-98
5.463130976366493974e-02,-9.648363976404240091e-04,1.844444366526338738e-02,3.087283939075022299e-03,-1.267000406449588223e-01,9.241491395237516615e-02,2.700375794419838105e-01,-7.439522978425286981e-01,-7.079482478249330413e-01,5.997424887807096816e-01,3.055407606712758906e-01,-5.400333567335194873e-01,1.937195016626341859e-01,-4.001946799526923670e-01,-1.681395491571316717e-04,-1.322718094685348825e-03,9.547646089512588929e-05,4.051888918199666274e-05,2.649792671791633271e-04,1.264579065917077619e-03,-2.742393365440971833e-98,-2.432795143433269889e-98,2.225194950281778765e-98,2.272492903756635793e-98,-1.457148901695447209e-97,-1.454056341029851613e-97,6.647874317761993739e-98,6.704293381567388443e-98
6.082462982855081635e-02,-8.393220288430529308e-04,1.908609721172267390e-02,3.630106031346782072e-03,-1.128451039919638049e-01,1.140721205108848751e-01,2.644241993778770894e-01,-7.483394108704886083e-01,-6.949158884193417096e-01,6.147062602834363343e-01,3.225029109512341785e-01,-5.216415518567715237e-01,1.961190116798851024e-01,-4.002890884759623402e-01,-1.681395491571316717e-04,-1.322718094685348825e-03,9.547646089512588929e-05,4.051888918199666274e-05,2.649792671791633271e-04,1.264579065917077619e-03,-2.561587434301680790e-98,-2.319311087294479242e-98,2.155531638665595127e-98,2.345423420482171228e-98,-1.440670093002189954e-97,-1.441996193488445267e-97,6.434951936031778021e-98,6.474469160076107260e-98
6.052967569200757431e-02,-4.317107983545584102e-03,1.655872622606600897e-02,3.646107177574129873e-03,-9.868206445428644169e-02,1.294567297844235187e-01,2.461480059246786145e-01,-7.652612292026483853e-01,-6.721587514280215059e-01,6.361449539856022239e-01,3.369775840259977007e-01,-5.066476701477204969e-01,2.036656378205835283e-01,-3.948915866642066508e-01,-1.681395491571316717e-04,-1.322718094685348825e-03,9.547646089512588929e-05,4.051888918199666274e-05,2.649792671791633271e-04,1.264579065917077619e-03,-2.380958757085938012e-98,-2.197478776487816486e-98,2.062573117828893430e-98,2.284699549490184785e-98,-1.430180896420826111e-97,-1.434030020337600912e-97,6.351157938087138801e-98,6.378748772558762658e-98
5.367131634017850705e-02,-1.035212424964702949e-02,1.287877129080233427e-02,2.550936555615259706e-03,-8.949895210496226772e-02,1.338859588689183810e-01,2.355147759707357513e-01,-7.733884881131745104e-01,-6.757525528967764927e-01,6.458312531002089463e-01,3.462672604827602973e-01,-5.000415862407859846e-01,2.086090309486608452e-01,-3.929051447891803717e-01,-1.681395491571316717e-04,-1.322718094685348825e-03,9.547646089512588929e-05,4.051888918199666274e-05,2.649792671791633271e-04,1.264579065917077619e-03,-2.397364734625560451e-98,-2.254002942508066223e-98,2.095835187080325380e-98,2.229080249605322563e-98,-1.414379754702849020e-97,-1.418187413432366425e-97,6.142166551383753581e-98,6.166089620643781075e-98
4.164357279285640923e-02,-1.010482678052840484e-02,9.037329092878482878e-03,6.619871322995464838e-04,-7.652416049274950172e-02,1.297285931928006397e-01,2.150365291125989897e-01,-7.876908455175055668e-01,-6.659014125914335391e-01,6.644267214480228390e-01,3.665904103657902091e-01,-4.870164961117319224e-01,2.244149659901054639e-01,-3.798458024988378146e-01,-1.681395491571316717e-04,-1.322718094685348825e-03,9.547646089512588929e-05,4.051888918199666274e-05,2.649792671791633271e-04,1.264579065917077619e-03,-2.382015228378309139e-98,-2.270262973004193851e-98,2.108126871897650147e-98,2.170055401940222888e-98,-1.408474583233010016e-97,-1.411826165343705552e-97,6.020898678485485771e-98,6.040977676701805062e-98
3.549079533482571436e-02,4.512856363369104756e-03,6.233906100280616272e-03,-1.258780730885931563e-03,-7.479164710241001379e-02,1.066027405991549770e-01,2.115820147242939431e-01,-7.897240451079128309e-01,-6.373372264263572617e-01,7.092656597868538526e-01,3.843585307625830283e-01,-4.762079083499634047e-01,2.333789147914099860e-01,-3.753084594544868202e-01,-1.681395491571316717e-04,-1.322718094685348825e-03,9.547646089512588929e-05,4.051888918199666274e-05,2.649792671791633271e-04,1.264579065917077619e-03,-2.251418667812457793e-98,-2.190073311760064594e-98,1.915432841166826194e-98,2.152944588902605311e-98,-1.394560043943694169e-97,-1.398483346460329732e-97,5.852246592704129668e-98,5.865267604161374308e-98
2.418720783120484330e-02,7.217085146212554904e-03,4.464869202218479591e-03,-2.269182514443467656e-03,-7.198880696726273065e-02,9.310323086235459955e-02,2.063286670966509029e-01,-7.872145544696259600e-01,-6.203871039946921018e-01,7.290170996071423382e-01,3.925905230552100278e-01,-4.701515465633097079e-01,2.380550818200904140e-01,-3.732339805603394622e-01,-1.681395491571316717e-04,-1.322718094685348825e-03,9.547646089512588929e-05,4.051888918199666274e-05,2.649792671791633271e-04,1.264579065917077619e-03,-2.182811450082383492e-98,-2.153287418585148595e-98,1.836681977113739144e-98,2.126793031071471596e-98,-1.387782257123691453e-97,-1.391632454193986483e-97,5.768401174867254164e-98,5.776931942837355734e-98
1.293923223719166231e-02,8.053240113126617153e-03,4.297380743321630760e-03,-2.295252523190348913e-03,-7.148337889296448033e-02,8.161812416006333781e-02,2.084021831317537654e-01,-7.784873157564655699e-01,-6.132415377643506416e-01,7.280496312598386810e-01,3.858185194923670069e-01,-4.771095692419426437e-01,2.377650816630437203e-01,-3.752000012690467901e-01,-1.681395491571316717e-04,-1.322718094685348825e-03,9.547646089512588929e-05,4.051888918199666274e-05,2.649792671791633271e-04,1.264579065917077619e-03,-2.119192896888789679e-98,-2.001166275347712792e-98,1.758817561835922407e-98,1.989163094428642674e-98,-1.354660587033648315e-97,-1.355795169884847640e-97,5.608953393597037738e-98,5.624725762771656679e-98
1.833491627470975466e-02,9.325456899301079114e-03,-4.652428433675141056e-04,-2.546159523865219963e-03,-7.260245517686141070e-02,7.987282868772133115e-02,2.018689729407215083e-01,-7.691791957490594633e-01,-6.133589528798386592e-01,7.177522405498937275e-01,3.857396067471383083e-01,-4.714686345057968464e-01,2.397425859932020009e-01,-3.746032288190320192e-01,-1.681395491571316717e-04,-1.322718094685348825e-03,9.547646089512588929e-05,4.051888918199666274e-05,2.649792671791633271e-04,1.264579065917077619e-03,-2.043458384471222069e-98,-1.878526856770272262e-98,1.655289431703845650e-98,1.795760032706853280e-98,-1.321595682315555079e-97,-1.307188750287236074e-97,5.348318272592658653e-98,5.356295365060991374e-98
2.858611314367096035e-02,3.833608563815454201e-02,-4.125902763247509333e-03,-1.907315586639143435e-03,-5.816900512379258315e-02,7.261027013743243108e-02,1.911627345003930611e-01,-7.678317981426406869e-01,-5.994872933889076050e-01,6.900701007653455843e-01,3.903166886227277810e-01,-4.625184096438288983e-01,2.358750078962003338e-01,-3.801948080740381042e-01,-1.681395491571316717e-04,-1.322718094685348825e-03,9.547646089512588929e-05,4.051888918199666274e-05,2.649792671791633271e-04,1.264579065917077619e-03,-2.075504087214076514e-98,-1.945387614908444887e-98,1.579858360454960452e-98,1.661062653808393359e-98,-1.294304506736360084e-97,-1.273834921070725424e-97,5.121349838883017051e-98,5.120637613034580289e-98
4.163619140885378711e-02,4.772123125477721606e-02,-5.889356875475590565e-03,-1.240008921726521189e-03,-6.161240594420088618e-02,7.163331390526500586e-02,1.910546550168149560e-01,-7.730145505637612269e-01,-6.006008144579261243e-01,6.684545390772897999e-01,3.887239929938173799e-01,-4.621678634501038552e-01,2.230106859822213183e-01,-3.947527774155386582e-01,-1.681395491571316717e-04,-1.322718094685348825e-03,9.547646089512588929e-05,4.051888918199666274e-05,2.649792671791633271e-04,1.264579065917077619e-03,-2.059195171394716663e-98,-1.869238594672428416e-98,1.512435795747169085e-98,1.464103520406749027e-98,-1.262681693849694981e-97,-1.239539030355600792e-97,4.858372620188627945e-98,4.862359177558062663e-98
4.632901124496738299e-02,7.127537186703053473e-02,-6.271046304658526443e-03,-1.550746551873386815e-03,-4.058331609642393256e-02,7.304862621577959403e-02,2.053828221466394988e-01,-7.701463161639968691e-01,-6.040416150970242537e-01,6.406889808559169674e-01,3.860264670229412443e-01,-4.705540089386818225e-01,2.051169241591598580e-01,-4.152247419047981336e-01,-1.681395491571316717e-04,-1.322718094685348825e-03,9.547646089512588929e-05,4.051888918199666274e-05,2.649792671791633271e-04,1.264579065917077619e-03,-2.042179151476472205e-98,-1.870221222039884088e-98,1.473488621670510154e-98,1.401055420905590458e-98,-1.231933830175736069e-97,-1.210416279355201066e-97,4.740293395379348354e-98,4.745861930641046512e-98
3.961878493730069950e-02,7.493576985574693095e-02,4.717681643696442981e-03,-2.118141668953755705e-03,-2.221846617308802924e-02,9.176379356573231838e-02,2.144079158059169488e-01,-7.737033795560378513e-01,-6.191743193381242794e-01,6.263058462462005593e-01,3.811463410522318851e-01,-4.946015277810469346e-01,1.904448953706324443e-01,-4.336482356930100313e-01,-1.681395491571316717e-04,-1.322718094685348825e-03,9.547646089512588929e-05,4.051888918199666274e-05,2.649792671791633271e-04,1.264579065917077619e-03,-2.020783731139295749e-98,-1.873956457137103891e-98,1.357559490224122328e-98,1.305251177647490199e-98,-1.196172069356047705e-97,-1.177865504044731968e-97,4.601877998395311526e-98,4.606253353846357352e-98
4.465337128235547653e-02,6.811581890783068027e-02,1.508784850619928133e-02,-4.429831234031228818e-04,-3.187186492712429375e-02,1.059933553928368299e-01,2.647185794517956658e-01,-7.622202336010359680e-01,-6.405143268470412377e-01,6.244376394689018506e-01,3.788310494947191853e-01,-5.152003534908787818e-01,1.921444738041695188e-01,-4.370693695417902647e-01,-1.681395491571316717e-04,-1.322718094685348825e-03,9.547646089512588929e-05,4.051888918199666274e-05,2.649792671791633271e-04,1.264579065917077619e-03,-1.960874201785924573e-98,-1.783763683477224087e-98,1.444603664876644777e-98,1.390617694520949550e-98,-1.164524843897578242e-97,-1.147528723550299871e-97,4.441232209139701842e-98,4.450075511345570291e-98
4.929079930109288993e-02,6.424850747080082525e-02,1.939746535457687049e-02,4.685233411756549882e-04,-2.905396888953002896e-02,1.226132750333621679e-01,2.953983718431366645e-01,-7.592279059534338126e-01,-6.583715900530410225e-01,6.334660107702967391e-01,3.758472825496804171e-01,-5.264488604180151965e-01,1.921796899753572818e-01,-4.407405786591025443e-01,-1.681395491571316717e-04,-1.322718094685348825e-03,9.547646089512588929e-05,4.051888918199666274e-05,2.649792671791633271e-04,1.264579065917077619e-03,-1.962392931480987720e-98,-1.775492700716009690e-98,1.498126579647160650e-98,1.355001227072949932e-98,-1.144790052988818760e-97,-1.129441621638561167e-97,4.394518409655266890e-98,4.406676393392282247e-98
4.473498484229490590e-02,5.454630072903744742e-02,1.927540350125031554e-02,-9.212877151677238870e-04,-2.825268314587488921e-02,1.273821329977764261e-01,3.044714018457833071e-01,-7.556136400675993459e-01,-6.756764349544330805e-01,6.337527472535990913e-01,3.814399794647730380e-01,-5.265540318034059863e-01,1.951215689969146572e-01,-4.413516900227295037e-01,-1.681395491571316717e-04,-1.322718094685348825e-03,9.547646089512588929e-05,4.051888918199666274e-05,2.649792671791633271e-04,1.264579065917077619e-03,-1.917275224013164154e-98,-1.696139920094016465e-98,1.445202911980248933e-98,1.136413506740039144e-98,-1.120298916831760395e-97,-1.106975350219262456e-97,4.310218258628010975e-98,4.324825724143935987e-98
3.664455381235623421e-02,4.076964096054966347e-02,1.607728998727504799e-02,-2.023576468396227207e-03,-3.654345982033351675e-02,1.208410055823775087e-01,2.991899576158456586e-01,-7.616055238373115044e-01,-7.019458333490217194e-01,6.338961154952524879e-01,3.795413739365394723e-01,-5.307432311026972771e-01,1.875986430220187851e-01,-4.518683729193500032e-01,-1.681395491571316717e-04,-1.322718094685348825e-03,9.547646089512588929e-05,4.051888918199666274e-05,2.649792671791633271e-04,1.264579065917077619e-03,-1.848011945216519921e-98,-1.629970370680846948e-98,1.491938662311698673e-98,1.027119646573583749e-98,-1.088460173970647329e-97,-1.075063456515781959e-97,4.208312325943752559e-98,4.226492056568534771e-98
3.091296305432343280e-02,3.279275173219077522e-02,1.046878797363843400e-02,-3.605840502980538209e-03,-3.561440078215213217e-02,1.172615882069124316e-01,2.937788707040617786e-01,-7.665966946330009524e-01,-7.095352331623238085e-01,6.331880939397309671e-01,3.781447763891936376e-01,-5.371561296767600746e-01,1.824082306638091233e-01,-4.604633587045424692e-01,-1.681395491571316717e-04,-1.322718094685348825e-03,9.547646089512588929e-05,4.051888918199666274e-05,2.649792671791633271e-04,1.264579065917077619e-03,-1.766452028716512864e-98,-1.592712810486020358e-98,1.444090310246852112e-98,9.925878811310004677e-99,-1.068271462094897877e-97,-1.058266743850241856e-97,4.183887516726746462e-98,4.201898128245638473e-98
2.863954389122137442e-02,6.640338036282450451e-02,1.025285639415898266e-02,-1.462719349335817563e-03,-3.022639037857398694e-02,8.843566713708539417e-02,2.962939039096503802e-01,-7.622454754972128876e-01,-6.900156717973068288e-01,6.316325533879084686e-01,3.984058575815678238e-01,-5.200009345746005041e-01,2.021509676449186055e-01,-4.457777704021125276e-01,-1.681395491571316717e-04,-1.322718094685348825e-03,9.547646089512588929e-05,4.051888918199666274e-05,2.649792671791633271e-04,1.264579065917077619e-03,-1.677732060313704621e-98,-1.545554078396917753e-98,1.380555620364240793e-98,1.010666559306417897e-98,-1.056031303829719877e-97,-1.049012893935607615e-97,4.187292667832662824e-98,4.203996567461445540e-98
2.281890643911782882e-02,7.126087939339270649e-02,8.454018067137990255e-03,-4.071860114673966132e-04,-3.221631304733788698e-02,7.498614634718303584e-02,2.975514205124402123e-01,-7.563493778037738702e-01,-6.842814182525375211e-01,6.311598221241935258e-01,4.088880132466915507e-01,-5.080544639669145601e-01,2.104848462153007527e-01,-4.406179744562656042e-01,-1.681395491571316717e-04,-1.322718094685348825e-03,9.547646089512588929e-05,4.051888918199666274e-05,2.649792671791633271e-04,1.264579065917077619e-03,-1.633372076112300662e-98,-1.346949557097469830e-98,1.229677690846782347e-98,9.637913277153819662e-99,-1.041833474807474093e-97,-1.034961203342457535e-97,4.101025260067797193e-98,4.117990615132275127e-98
1.626180288658587297e-02,5.257871078814042864e-02,2.076642466889155186e-02,1.319532691111408333e-03,-4.437753320434082577e-02,8.915974666378265190e-02,2.912530513092476125e-01,-7.593601579218468567e-01,-6.875001093686182729e-01,6.197462739244872232e-01,4.282763520795482837e-01,-5.033425331939955782e-01,2.226377864475776458e-01,-4.287610769741137529e-01,-1.681395491571316717e-04,-1.322718094685348825e-03,9.547646089512588929e-05,4.051888918199666274e-05,2.649792671791633271e-04,1.264579065917077619e-03,-1.681692305999209649e-98,-1.355630146252272299e-98,1.181770489098336939e-98,1.016975878525620243e-98,-1.028167941964140803e-97,-1.016653669198879121e-97,4.006570402137874007e-98,4.022154863399139990e-98
1.096724482306429826e-02,3.546778928441859935e-02,2.490411815057375425e-02,1.999726023007050539e-03,-5.228224723987238975e-02,9.807065077911254758e-02,2.879391692789536883e-01,-7.607008505521857256e-01,-6.935787733285259105e-01,6.185088182265012779e-01,4.365948144578305490e-01,-4.996108607693899861e-01,2.291542864575437655e-01,-4.232726581268654864e-01,-1.681395491571316717e-04,-1.322718094685348825e-03,9.547646089512588929e-05,4.051888918199666274e-05,2.649792671791633271e-04,1.264579065917077619e-03,-1.687677014136001820e-98,-1.378145847636335855e-98,1.143135205913740487e-98,1.058249836241113210e-98,-1.020847618994200821e-97,-1.007987458675363316e-97,3.959742592492050961e-98,3.973837368213433549e-98
1.857891873481692241e-02,5.451009841876560541e-02,2.711228513712384339e-02,4.425627478353951622e-03,-4.555076443386002483e-02,9.783595728078217646e-02,2.867071151440693799e-01,-7.694570891590103434e-01,-6.852289400455068291e-01,6.005072308467517272e-01,4.434015678977549779e-01,-4.943988525400889733e-01,2.303423013255299356e-01,-4.244519078340280860e-01,-1.681395491571316717e-04,-1.322718094685348825e-03,9.547646089512588929e-05,4.051888918199666274e-05,2.649792671791633271e-04,1.264579065917077619e-03,-1.612151814055766706e-98,-1.340850141023592749e-98,1.028760813678532645e-98,9.807813574008157273e-99,-1.007304506215099824e-97,-9.942210838736409799e-98,3.839431724465631146e-98,3.853413375483135852e-98
2.336840620478142921e-02,5.903232942161842911e-02,2.326741658785218270e-02,3.634954548785654209e-03,-4.723282099351158725e-02,9.192293183453295602e-02,2.921225365533720586e-01,-7.690231802794263993e-01,-7.056829251570692074e-01,5.907096820241133361e-01,4.412975811325565711e-01,-4.971289616000189038e-01,2.179078198049862469e-01,-4.415609338204810608e-01,-1.681395491571316717e-04,-1.322718094685348825e-03,9.547646089512588929e-05,4.051888918199666274e-05,2.649792671791633271e-04,1.264579065917077619e-03,-1.619876965152451899e-98,-1.394029663028244763e-98,9.390866867526621467e-99,9.623443538806082157e-99,-9.939244307582584238e-98,-9.822149028952879443e-98,3.736643146592345456e-98,3.747423165049307792e-98
2.189781014267452863e-02,6.823347753140870942e-02,2.051821966071981640e-02,3.254796592123490769e-03,-4.227604609406372671e-02,8.316861593213463466e-02,2.929702700047255859e-01,-7.669462485863365320e-01,-7.031720819252117449e-01,5.730730718251555444e-01,4.393610886028638807e-01,-4.976095169828903542e-01,2.122557368524417010e-01,-4.506806046214348327e-01,-1.681395491571316717e-04,-1.322718094685348825e-03,9.547646089512588929e-05,4.051888918199666274e-05,2.649792671791633271e-04,1.264579065917077619e-03,-1.611600065841581801e-98,-1.432758898889783627e-98,8.941337421986535141e-99,9.532417332115776807e-99,-9.867134146797512064e-98,-9.767327907561979436e-98,3.685533896658062946e-98,3.694143020830033427e-98
1.601230394070097054e-02,9.329602743599083037e-02,2.153496979219816920e-02,4.691016793418984268e-03,-2.137760692022942777e-02,7.564595255776117300e-02,3.045544814169132142e-01,-7.596397282263060990e-01,-7.407986878830793431e-01,5.857083950994766974e-01,4.588355000461046829e-01,-4.838643239700093912e-01,2.231692310598780704e-01,-4.446799527467575897e-01,-1.681395491571316717e-04,-1.322718094685348825e-03,9.547646089512588929e-05,4.051888918199666274e-05,2.649792671791633271e-04,1.264579065917077619e-03,-1.580620365797923934e-98,-1.442175106125154174e-98,8.766346982323858989e-99,9.069233334827034399e-99,-9.643144743775246135e-98,-9.553820816183408497e-98,3.553239209948414156e-98,3.557905512965511728e-98
1.352967194394569250e-02,8.955365539105865358e-02,1.720483356123763199e-02,5.201632320505576376e-03,4.306171973099737205e-03,9.897710030373553514e-02,3.157147534924924503e-01,-7.494997334276136680e-01,-7.585729031711964110e-01,6.080776393785539691e-01,4.886457763708314528e-01,-4.547377593271023644e-01,2.377747795032882361e-01,-4.337377578163755243e-01,-1.681395491571316717e-04,-1.322718094685348825e-03,9.547646089512588929e-05,4.051888918199666274e-05,2.649792671791633271e-04,1.264579065917077619e-03,-1.536048139637921135e-98,-1.449157493410181806e-98,8.028453391563964060e-99,8.592739004391328356e-99,-9.448348749908993381e-98,-9.375781939343759991e-98,3.443891099792578180e-98,3.443457455562274102e-98
1.165657868380469593e-02,7.219208558858042357e-02,1.523250002795395464e-02,3.270307647400433684e-03,2.188802325509890331e-02,1.281970994309744871e-01,3.076881290745076547e-01,-7.526746867747564629e-01,-7.567095888705729356e-01,6.303635507756741863e-01,5.123469469495731676e-01,-4.266761223324407326e-01,2.555688807072542534e-01,-4.169062761311798093e-01,-1.681395491571316717e-04,-1.322718094685348825e-03,9.547646089512588929e-05,4.051888918199666274e-05,2.649792671791633271e-04,1.264579065917077619e-03,-1.456485900221133445e-98,-1.414352512400809860e-98,7.194597006495098036e-99,7.863678418975670940e-99,-9.259891494803454878e-98,-9.198662617636596374e-98,3.336598529177413818e-98,3.343279641409228961e-98
9.616751197672543036e-03,6.274202908213914742e-02,1.320486545426175287e-02,2.156613223702659628e-03,3.144822050130065272e-02,1.420378273893918020e-01,3.045188742606825816e-01,-7.551062208434952128e-01,-7.557779317202678593e-01,6.415065064742409007e-01,5.237113861038097395e-01,-4.121591576999756312e-01,2.650371251888150037e-01,-4.090617291681596934e-01,-1.681395491571316717e-04,-1.322718094685348825e-03,9.547646089512588929e-05,4.051888918199666274e-05,2.649792671791633271e-04,1.264579065917077619e-03,-1.414349717021686112e-98,-1.399305085387177295e-98,6.777668813960665023e-99,7.499148126267842231e-99,-9.162983215205252043e-98,-9.112782608828448150e-98,3.283135082858819361e-98,3.293007895343718666e-98
8.787171271723090080e-03,5.533306363598410743e-02,1.092095252815746161e-02,1.866752036078820221e-03,3.565982406574102342e-02,1.502117542210977819e-01,3.021754179779866933e-01,-7.562482267959164117e-01,-7.585645353967040982e-01,6.510154843689505144e-01,5.294757936711238511e-01,-4.042977955801015377e-01,2.698348133189856779e-01,-4.058880893698795789e-01,-1.681395491571316717e-04,-1.322718094685348825e-03,9.547646089512588929e-05,4.051888918199666274e-05,2.649792671791633271e-04,1.264579065917077619e-03,-1.409777308458155549e-98,-1.458122369676592745e-98,6.914037976470162670e-99,7.800416529461456812e-99,-9.064986069633989970e-98,-9.036548929364110344e-98,3.215954120456393346e-98,3.225484580721668282e-98
7.557402788175244211e-03,5.152225722055690099e-02,9.172157462628033331e-03,1.623931299752546468e-03,3.787194954031089522e-02,1.529820845093374793e-01,3.019249920495576944e-01,-7.589508414203078868e-01,-7.599578372349200528e-01,6.569802827515650590e-01,5.329358596458100283e-01,-3.997346672759294339e-01,2.723125394402061694e-01,-4.055904609621410750e-01,-1.681395491571316717e-04,-1.322718094685348825e-03,9.547646089512588929e-05,4.051888918199666274e-05,2.649792671791633271e-04,1.264579065917077619e-03,-1.445793967354854175e-98,-1.534318463855639217e-98,6.982222557724911494e-99,8.801953883186293892e-99,-8.969271213686624622e-98,-8.960058057580872204e-98,3.140857342346744183e-98,3.148138905106276347e-98
1.960678825155274391e-02,4.379106452679727701e-02,6.776772899935470246e-03,1.348443181542332983e-03,2.636689828365441218e-02,1.585321062626273148e-01,3.303148724997996832e-01,-7.434730224181838043e-01,-7.790913916340143075e-01,6.499720358476569482e-01,5.306928706133212659e-01,-4.019263384887801771e-01,2.696205509320892535e-01,-4.099570525743155280e-01,-1.681395491571316717e-04,-1.322718094685348825e-03,9.547646089512588929e-05,4.051888918199666274e-05,2.649792671791633271e-04,1.264579065917077619e-03,-1.433494873982007859e-98,-1.534181612923776711e-98,7.033323462379657053e-99,8.863650856611346389e-99,-8.898847008085975040e-98,-8.898771367569746404e-98,3.125758501670184135e-98,3.132624550666790133e-98
2.450074351298284214e-02,3.910482413751495412e-02,5.278863822605500168e-03,1.127276375769699834e-03,2.143501669772867810e-02,1.614566625299830582e-01,3.464611942375818709e-01,-7.367153049966668199e-01,-7.886581688335614349e-01,6.454977229625890045e-01,5.303139542316692712e-01,-4.027945627966840192e-01,2.685528712770970383e-01,-4.133888524125807207e-01,-1.681395491571316717e-04,-1.322718094685348825e-03,9.547646089512588929e-05,4.051888918199666274e-05,2.649792671791633271e-04,1.264579065917077619e-03,-1.393784443045003419e-98,-1.477365032062378548e-98,7.058873914707029426e-99,7.991408946863393953e-99,-8.823853469719736045e-98,-8.817600418484049353e-98,3.072285501442577298e-98,3.080481913690326133e-98
2.435917179429915314e-02,3.580902369120989720e-02,4.258154105384704541e-03,9.921695734367371074e-04,1.992175615642968398e-02,1.619662604119970484e-01,3.552852062842422609e-01,-7.340872974636776238e-01,-7.934415574333394394e-01,6.432605665200594736e-01,5.306896935142223493e-01,-4.037938724240150434e-01,2.688329340128930434e-01,-4.159186548950054574e-01,-1.681395491571316717e-04,-1.322718094685348825e-03,9.547646089512588929e-05,4.051888918199666274e-05,2.649792671791633271e-04,1.264579065917077619e-03,-1.378737561946650923e-98,-1.444148407261529742e-98,7.071649140870716019e-99,7.555287991989418547e-99,-8.786088516675619446e-98,-8.777283127802197279e-98,3.045786814489532740e-98,3.054172782041334947e-98
3.451668531120566374e-02,4.103101642834182383e-02,-1.701198533945566700e-03,3.346768400384070048e-04,2.867288638433111367e-02,1.690909523132884673e-01,3.589766734298743267e-01,-7.484304082783204137e-01,-8.122109051920617384e-01,6.421419882987946526e-01,5.274068394062212395e-01,-4.172004569472361757e-01,2.622692191076562152e-01,-4.268574633219184844e-01,-1.681395491571316717e-04,-1.322718094685348825e-03,9.547646089512588929e-05,4.051888918199666274e-05,2.649792671791633271e-04,1.264579065917077619e-03,-1.369063938386042884e-98,-1.401070559415775338e-98,7.364233938520176837e-99,7.337227514552430032e-99,-8.753597840569575926e-98,-8.742112963588495725e-98,3.046804682394379625e-98,3.055370723292232228e-98
3.520442157080435480e-02,5.226365018869191803e-02,1.138546592653514634e-03,1.263614261060722445e-03,2.750302336575190937e-02,1.609041631659656746e-01,3.526008641221353712e-01,-7.646749840355854255e-01,-8.185193698121693284e-01,6.558010531594095083e-01,5.376068026583321613e-01,-4.184505762844596410e-01,2.690652382033629220e-01,-4.251101808532038451e-01,-1.681395491571316717e-04,-1.322718094685348825e-03,9.547646089512588929e-05,4.051888918199666274e-05,2.649792671791633271e-04,1.264579065917077619e-03,-1.383677339721325048e-98,-1.398116598417458105e-98,7.583327853248408611e-99,7.535747520331895951e-99,-8.717002822141013533e-98,-8.706842385817039347e-98,3.066777870326745184e-98,3.074540615977884987e-98
3.161970873967445000e-02,4.788170079148280217e-02,-2.109284827906510174e-03,5.179104107838004281e-04,2.736334878558936701e-02,1.576381115344286099e-01,3.494473462952963350e-01,-7.715590588699953178e-01,-8.162608573550643731e-01,6.559452409513095716e-01,5.458013697723542723e-01,-4.208976215697894374e-01,2.732158089848703009e-01,-4.262617007237535782e-01,-1.681395491571316717e-04,-1.322718094685348825e-03,9.547646089512588929e-05,4.051888918199666274e-05,2.649792671791633271e-04,1.264579065917077619e-03,-1.316603533827722991e-98,-1.337816637922132668e-98,6.928632585093059775e-99,7.067214883166990776e-99,-8.628065052813608478e-98,-8.626643870487025704e-98,3.011367640264214725e-98,3.016318899792013344e-98
2.698072330651617168e-02,4.484015757581648332e-02,-3.453562709088037284e-03,1.626772159266479958e-04,2.814408001256985328e-02,1.551545172015983132e-01,3.473339783583257456e-01,-7.744644872636491373e-01,-8.151316011265118400e-01,6.560173348472595478e-01,5.496665145779697781e-01,-4.218890054610587304e-01,2.760326544821277706e-01,-4.275790207655322250e-01,-1.681395491571316717e-04,-1.322718094685348825e-03,9.547646089512588929e-05,4.051888918199666274e-05,2.649792671791633271e-04,1.264579065917077619e-03,-1.284235110779763787e-98,-1.306498177775628124e-98,6.601284951015385763e-99,6.832948564584538188e-99,-8.583532108151453574e-98,-8.586608672820470610e-98,2.983803851106226048e-98,2.987066715825800645e-98
2.223360388277813293e-02,4.265010185252135488e-02,-3.711427885296828683e-03,4.282272545975626416e-06,2.920372974152205328e-02,1.532434359197211993e-01,3.459428431445001340e-01,-7.755827502151357855e-01,-8.145669730122377938e-01,6.560533817952367563e-01,5.513629437726345062e-01,-4.221485541985503520e-01,2.781771520673677056e-01,-4.289737556230327487e-01,-1.681395491571316717e-04,-1.322718094685348825e-03,9.547646089512588929e-05,4.051888918199666274e-05,2.649792671791633271e-04,1.264579065917077619e-03,-1.269269063015502880e-98,-1.289620783942657238e-98,6.437611133976548351e-99,6.715815405293311894e-99,-8.561396167400788578e-98,-8.566460542406780606e-98,2.970115398672873627e-98,2.972347181697052704e-98
1.801044112162930588e-02,3.709374919506396029e-02,-3.685610638555801739e-03,-1.036312952356192749e-04,2.729291259724094670e-02,1.526109530371337619e-01,3.446562365781168369e-01,-7.776684269818141537e-01,-8.073826921505384835e-01,6.512870227150686642e-01,5.510220200299462689e-01,-4.232067744776811802e-01,2.810803468508052960e-01,-4.293844847921928221e-01,-1.681395491571316717e-04,-1.322718094685348825e-03,9.547646089512588929e-05,4.051888918199666274e-05,2.649792671791633271e-04,1.264579065917077619e-03,-1.219975319784052295e-98,-1.229576803788473997e-98,6.000814560697759335e-99,6.078048464536889751e-99,-8.505396994589935577e-98,-8.507901677048438015e-98,2.913093159596422102e-98,2.921749424905435954e-98
1.399162487204514901e-02,3.084183300967096794e-02,-3.609964109647203871e-03,-1.835789713738496525e-04,2.553722989967392026e-02,1.530949857212665077e-01,3.441381630857514584e-01,-7.788364951559796356e-01,-7.995165377375970106e-01,6.446298291928928004e-01,5.508491793854868313e-01,-4.237335058441312752e-01,2.833008955176090082e-01,-4.303588006518577758e-01,-1.681395491571316717e-04,-1.322718094685348825e-03,9.547646089512588929e-05,4.051888918199666274e-05,2.649792671791633271e-04,1.264579065917077619e-03,-1.195845644955536826e-98,-1.199037616924172472e-98,5.788404922078604370e-99,5.753176346138439136e-99,-8.477497742493390317e-98,-8.478521910060385478e-98,2.884827955783452873e-98,2.896204630784371208e-98
8.548882299170878010e-03,2.870718850292421423e-02,5.816365488708123872e-03,8.141253179570627670e-04,1.508948801159751621e-02,1.495884305166066686e-01,3.377425602483609124e-01,-7.866024352378723217e-01,-7.870048735777850357e-01,6.460411175644836801e-01,5.743536719566528781e-01,-4.083445142291763363e-01,2.924341639600177567e-01,-4.255504806046772615e-01,-1.681395491571316717e-04,-1.322718094685348825e-03,9.547646089512588929e-05,4.051888918199666274e-05,2.649792671791633271e-04,1.264579065917077619e-03,-1.172109828221028338e-98,-1.163746431969793740e-98,5.572276767247966570e-99,5.383737914035485304e-99,-8.337513775341808967e-98,-8.327939075881855474e-98,2.854436963079901343e-98,2.867998053678427273e-98
4.815533566410595823e-03,2.887730211994580382e-02,1.306513140566436734e-02,3.676757524986618095e-03,8.628181197164346006e-03,1.490725887846717224e-01,3.351198527210525469e-01,-7.910604991702055999e-01,-7.807490414978790483e-01,6.467467617502791200e-01,5.878074041406967654e-01,-4.023515043201597585e-01,2.990382184846235303e-01,-4.251837408844884592e-01,-1.681395491571316717e-04,-1.322718094685348825e-03,9.547646089512588929e-05,4.051888918199666274e-05,2.649792671791633271e-04,1.264579065917077619e-03,-1.159758566147750091e-98,-1.146584193198628377e-98,5.464212689832647670e-99,5.199018697984007982e-99,-8.267096973459194542e-98,-8.253072477099413572e-98,2.839619321733460752e-98,2.853516910120120131e-98
-9.807034945352639116e-03,2.296374465345819155e-02,-1.246059717976738881e-02,-3.963144471865109528e-03,1.951130488369125920e-02,1.189588476663233224e-01,3.462625167637730650e-01,-7.902160043366271980e-01,-7.695059626391812513e-01,6.545119656305473654e-01,5.921129176728588961e-01,-4.126756899644294929e-01,3.108242958805910727e-01,-4.179568765519411921e-01,-1.681395491571316717e-04,-1.322718094685348825e-03,9.547646089512588929e-05,4.051888918199666274e-05,2.649792671791633271e-04,1.264579065917077619e-03,-1.154238056607903394e-98,-1.124820244593392942e-98,5.539231252517525806e-99,5.102885565794334604e-99,-8.152081214621613472e-98,-8.162708415098948431e-98,2.838660279974301386e-98,2.852354267149766364e-98
-1.430674641429352696e-02,1.340127672357838834e-02,-2.615375300451164287e-02,-8.278662506363484996e-03,1.039950085887143653e-02,9.729628791051314618e-02,3.640105114878118275e-01,-7.808113645577954287e-01,-7.850434782745578932e-01,6.583945675706881495e-01,5.839112284585490364e-01,-4.286423918708946457e-01,3.070565807542917081e-01,-4.258417456261055500e-01,-1.681395491571316717e-04,-1.322718094685348825e-03,9.547646089512588929e-05,4.051888918199666274e-05,2.649792671791633271e-04,1.264579065917077619e-03,-1.154249282145865136e-98,-1.119011874809952265e-98,5.655191382130585373e-99,5.054818999699497915e-99,-8.091438019924660222e-98,-8.112816614549816444e-98,2.842399365320639628e-98,2.855399424265733525e-98
-1.653037568513490013e-02,9.302848679330467593e-03,-3.087946898517456365e-02,-1.007707728662596280e-02,5.017090467595007944e-03,8.729151641147457619e-02,3.737372436923295238e-01,-7.769617795108778591e-01,-7.926685336340741905e-01,6.601921660825864624e-01,5.790543078736603011e-01,-4.358696668463934443e-01,3.058349539315540766e-01,-4.304464109035997521e-01,-1.681395491571316717e-04,-1.322718094685348825e-03,9.547646089512588929e-05,4.051888918199666274e-05,2.649792671791633271e-04,1.264579065917077619e-03,-1.153167306752344664e-98,-1.117195278080733107e-98,5.672871966265967691e-99,5.071085197323227036e-99,-8.062104118039243453e-98,-8.086883018812189945e-98,2.844636991415921258e-98,2.856553919401604432e-98
-1.629421076168521831e-02,7.281974995029801695e-03,-3.139829061467599991e-02,-1.059173151376915922e-02,6.385076514064886091e-04,8.397650828250559363e-02,3.787195297738145672e-01,-7.751559069666452695e-01,-7.981400985965487749e-01,6.627500026212520545e-01,5.759680072097523862e-01,-4.388254639626792963e-01,3.058905463199308450e-01,-4.334151493420924650e-01,-1.681395491571316717e-04,-1.322718094685348825e-03,9.547646089512588929e-05,4.051888918199666274e-05,2.649792671791633271e-04,1.264579065917077619e-03,-1.150571759759731320e-98,-1.118341539011976717e-98,5.641334166676861941e-99,5.119596387791888505e-99,-8.048481483125916591e-98,-8.072871904913995823e-98,2.846060604025843320e-98,2.856826367407258802e-98
-1.478533574233181422e-02,7.636933216188142304e-03,-2.926010649037390568e-02,-1.036101882136896378e-02,-2.916178819996425534e-03,8.368439928132975769e-02,3.813968566382702208e-01,-7.744391545182420789e-01,-8.008758810777882875e-01,6.640289208905870710e-01,5.736995357525538353e-01,-4.395780413955776011e-01,3.066473570056400533e-01,-4.356285330528596456e-01,-1.681395491571316717e-04,-1.322718094685348825e-03,9.547646089512588929e-05,4.051888918199666274e-05,2.649792671791633271e-04,1.264579065917077619e-03,-1.147458960055828871e-98,-1.120729695685194380e-98,5.625565266882309067e-99,5.143851983026219646e-99,-8.042763946296150103e-98,-8.064772567338001169e-98,2.847071500671580512e-98,2.856663501069309827e-98
-1.504130146708836449e-02,9.490276744748997462e-03,-2.306478063494727185e-02,-7.559522366833969394e-03,-7.064989560381726083e-03,8.590981228542568515e-02,3.840965843407492808e-01,-7.754418425642917168e-01,-8.015481692317070195e-01,6.639727769385536105e-01,5.737479452246299072e-01,-4.411369753127021287e-01,3.089331105211725048e-01,-4.386425730809210832e-01,-1.681395491571316717e-04,-1.322718094685348825e-03,9.547646089512588929e-05,4.051888918199666274e-05,2.649792671791633271e-04,1.264579065917077619e-03,-1.145172650824012585e-98,-1.122653683401668111e-98,5.585012262800244060e-99,5.188648334828173379e-99,-8.040922246369019218e-98,-8.059705830062250833e-98,2.847839731107308819e-98,2.856319285787475628e-98
-1.351732446900807613e-02,9.839353855275454960e-03,-2.049681547648937036e-02,-9.736490287064483717e-03,-8.175749077863678563e-03,8.605887293476294220e-02,3.857250746750394144e-01,-7.762218130703670838e-01,-8.022703645076209034e-01,6.643307561614913981e-01,5.752654935826326810e-01,-4.434097858932291025e-01,3.128818246495798094e-01,-4.429554304655928809e-01,-1.681395491571316717e-04,-1.322718094685348825e-03,9.547646089512588929e-05,4.051888918199666274e-05,2.649792671791633271e-04,1.264579065917077619e-03,-1.142725939156020511e-98,-1.124919234311989070e-98,5.537692253296745295e-99,5.238090018191616508e-99,-8.040399313944804924e-98,-8.056774543885025816e-98,2.848438413978421269e-98,2.855932610493310394e-98
-3.710492328772319048e-02,5.004510102612084836e-03,-1.834096893962614688e-02,-8.851285772845060920e-03,3.080256917169024722e-03,8.132842102400465734e-02,4.106503232474161269e-01,-7.833381828792284063e-01,-8.282784415772103115e-01,6.539271303693959814e-01,5.804981178221249039e-01,-4.417391005047889285e-01,3.121726381647400017e-01,-4.494347191272324293e-01,-1.681395491571316717e-04,-1.322718094685348825e-03,9.547646089512588929e-05,4.051888918199666274e-05,2.649792671791633271e-04,1.264579065917077619e-03,-1.130145701481337441e-98,-1.099597815100020008e-98,5.434179673224562453e-99,5.239880161730244102e-99,-7.912777154744350640e-98,-7.925079244946159304e-98,2.803617038870704982e-98,2.810013320359931760e-98
-4.854121784598248307e-02,2.902402093658497297e-03,-1.695885214157678150e-02,-7.941526186795109729e-03,8.392946047307277974e-03,7.927850893600361937e-02,4.237857662520840840e-01,-7.875691865021386961e-01,-8.412824801120094564e-01,6.487253174733527139e-01,5.824949225448782242e-01,-4.402842504135759949e-01,3.124106691635905597e-01,-4.532669876993226654e-01,-1.681395491571316717e-04,-1.322718094685348825e-03,9.547646089512588929e-05,4.051888918199666274e-05,2.649792671791633271e-04,1.264579065917077619e-03,-1.122743022149841530e-98,-1.088049665988189934e-98,5.382423383188470627e-99,5.240775233499557493e-99,-7.849421245426357165e-98,-7.858776425194491730e-98,2.781384133408514999e-98,2.786875893201574121e-98
-4.957262899194207761e-02,6.650787769313278898e-03,-1.138134646783509757e-02,-5.716715989184736543e-03,6.249850932244822507e-03,7.965250803464250795e-02,4.264952358176989367e-01,-7.892269209143691899e-01,-8.477844993794090289e-01,6.495248955628211140e-01,5.872078260956562490e-01,-4.398708420198764735e-01,3.123403389199305713e-01,-4.583942607797746871e-01,-1.681395491571316717e-04,-1.322718094685348825e-03,9.547646089512588929e-05,4.051888918199666274e-05,2.649792671791633271e-04,1.264579065917077619e-03,-1.146967541069134478e-98,-1.120160018360405746e-98,5.356545238170422683e-99,5.899325624515936581e-99,-7.783901665805899398e-98,-7.793656354766946166e-98,2.738303270008590815e-98,2.741461304778052985e-98
-4.774679575119359504e-02,9.566755139914603911e-03,-7.896657969385397977e-03,-4.363440070677300497e-03,4.136528841939643431e-03,8.088128211673588364e-02,4.244666572540078953e-01,-7.866724747739859414e-01,-8.510355090131110911e-01,6.499246846075575901e-01,5.896626102887166931e-01,-4.397624702406981445e-01,3.128881352313785946e-01,-4.615408587532787155e-01,-1.681395491571316717e-04,-1.322718094685348825e-03,9.547646089512588929e-05,4.051888918199666274e-05,2.649792671791633271e-04,1.264579065917077619e-03,-1.157908470663268894e-98,-1.137386524412025628e-98,5.343606165661398711e-99,6.228600820024125719e-99,-7.751549256208254390e-98,-7.760688939340589508e-98,2.716851107382058753e-98,2.718665741492862225e-98
-4.758617393821586855e-02,1.068499651395967733e-02,-5.045966456530378424e-03,-3.132278374562320021e-03,3.419610108042691558e-03,8.288436985890296205e-02,4.193477318982924418e-01,-7.795621726175477884e-01,-8.526610138299665076e-01,6.483961361175514249e-01,5.916586073376233212e-01,-4.387484462911088734e-01,3.239754572751913919e-01,-4.534082483712800760e-01,-1.681395491571316717e-04,-1.322718094685348825e-03,9.547646089512588929e-05,4.051888918199666274e-05,2.649792671791633271e-04,1.264579065917077619e-03,-1.135110828703485542e-98,-1.116414426023996499e-98,5.337136629406886319e-99,5.814703836071319931e-99,-7.722902268377625012e-98,-7.698822556488528342e-98,2.658272714143306376e-98,2.660570562409760264e-98
-4.631902808883542333e-02,1.173038096246541845e-02,-3.370128407664903583e-03,-2.366357018547855448e-03,2.574886979611005350e-03,8.437217749146970480e-02,4.184613679248067597e-01,-7.776801202437008120e-01,-8.534737662383897749e-01,6.476318618725439569e-01,5.930698191926028207e-01,-4.386546476468403677e-01,3.301690033682290748e-01,-4.499918282514120405e-01,-1.681395491571316717e-04,-1.322718094685348825e-03,9.547646089512588929e-05,4.051888918199666274e-05,2.649792671791633271e-04,1.264579065917077619e-03,-1.123010015532521325e-98,-1.106630369021054395e-98,5.333901861279630123e-99,5.607755344094917443e-99,-7.707586191843731405e-98,-7.668881947681076678e-98,2.629046583210030450e-98,2.631459907182109022e-98
-4.418842739314218782e-02,1.331546953133751036e-02,-2.360897161038012608e-03,-1.837417130315986344e-03,1.090129070775929833e-03,8.468818002102587728e-02,4.154587618224407919e-01,-7.756699675725006182e-01,-8.538801424425992437e-01,6.487400223813866162e-01,5.936917244932687909e-01,-4.400143453292332807e-01,3.347284493455149890e-01,-4.482559934908964538e-01,-1.681395491571316717e-04,-1.322718094685348825e-03,9.547646089512588929e-05,4.051888918199666274e-05,2.649792671791633271e-04,1.264579065917077619e-03,-1.090812024134582300e-98,-1.065455237575385007e-98,5.332284477216002025e-99,4.879974220540160833e-99,-7.668629394897615165e-98,-7.622779714199864786e-98,2.582288517836642636e-98,2.586618891718378081e-98
-3.863622079935748188e-02,1.287051624374771497e-02,-3.521402018869958413e-03,-1.450341226068391177e-03,1.585247688384191795e-03,9.011714889934131778e-02,4.172787761219062808e-01,-7.714777434019853830e-01,-8.540833305446995372e-01,6.427856374502399772e-01,5.969052951967700471e-01,-4.370883470380344527e-01,3.409448833427394243e-01,-4.448163219336566110e-01,-1.681395491571316717e-04,-1.322718094685348825e-03,9.547646089512588929e-05,4.051888918199666274e-05,2.649792671791633271e-04,1.264579065917077619e-03,-1.060187169532155702e-98,-1.028841480988935811e-98,5.331475785184187976e-99,4.210563161092066652e-99,-7.634688702808530151e-98,-7.583638841308214308e-98,2.574028568199268998e-98,2.579631350704264090e-98
-3.574540544280697951e-02,1.253332754029466700e-02,-4.521876990764199175e-03,-1.181803436677955881e-03,1.947519056846468057e-03,9.271692127884088863e-02,4.181887832716346121e-01,-7.693816313167233245e-01,-8.541849245957452430e-01,6.398084449846621613e-01,5.990470151511537722e-01,-4.361602824950681079e-01,3.448418037523193203e-01,-4.438851895660043678e-01,-1.681395491571316717e-04,-1.322718094685348825e-03,9.547646089512588929e-05,4.051888918199666274e-05,2.649792671791633271e-04,1.264579065917077619e-03,-1.044874742230942484e-98,-1.010534602695711131e-98,5.331071439168280952e-99,3.875857631368019562e-99,-7.616223373164339487e-98,-7.565563388462037227e-98,2.570052453345179443e-98,2.575983720232609670e-98
-3.124064078390351162e-02,1.102352002955563418e-02,-5.505720242728827027e-03,-1.206499596767153471e-03,2.806164610719931105e-04,9.586484574859628627e-02,4.197732512157388851e-01,-7.694630396433324027e-01,-8.574249730602878650e-01,6.415091001908931334e-01,6.014823076423345682e-01,-4.370606827375738690e-01,3.476114735136938139e-01,-4.442408329387627641e-01,-1.681395491571316717e-04,-1.322718094685348825e-03,9.547646089512588929e-05,4.051888918199666274e-05,2.649792671791633271e-04,1.264579065917077619e-03,-1.035428695408454823e-98,-1.003170996720979763e-98,5.236977081960030292e-99,3.802397050706293570e-99,-7.604866940937622375e-98,-7.558649429443570466e-98,2.568231188240960089e-98,2.573993112673957198e-98
-2.886936843925196061e-02,1.090705612386612226e-02,-8.621733797292937748e-03,-1.833838456643436350e-03,3.864260236897035846e-03,9.807724783315399653e-02,4.178166976258750331e-01,-7.718104911681149538e-01,-8.539894623691718367e-01,6.423594277940107844e-01,5.996300710434386838e-01,-4.394965349377299435e-01,3.469395592671989381e-01,-4.474174404213537848e-01,-1.681395491571316717e-04,-1.322718094685348825e-03,9.547646089512588929e-05,4.051888918199666274e-05,2.649792671791633271e-04,1.264579065917077619e-03,-1.002962286668380489e-98,-9.784001475713916839e-99,4.701605588445375979e-99,3.765666760375433010e-99,-7.561416265890126141e-98,-7.544132477377422352e-98,2.592401661500936053e-98,2.596749134573597732e-98
-2.977681630042409988e-02,6.461565239347107081e-03,-1.020902978213779864e-02,-1.658629057721304088e-03,-1.258516567210125978e-03,9.494732537872122013e-02,4.120169061724207049e-01,-7.793134244607141659e-01,-8.632712937773794337e-01,6.426334561606047435e-01,5.945161174194546483e-01,-4.476773479020023649e-01,3.533838768726321189e-01,-4.446352967025994363e-01,-1.681395491571316717e-04,-1.322718094685348825e-03,9.547646089512588929e-05,4.051888918199666274e-05,2.649792671791633271e-04,1.264579065917077619e-03,-9.614502952996997251e-99,-9.385110111436372131e-99,4.804691004661091731e-99,3.904355440753000508e-99,-7.513007220774102160e-98,-7.510775210085019563e-98,2.576830527584508792e-98,2.583001017218229296e-98
-2.244373335911035994e-02,1.125675188134121242e-02,-1.119171162195746125e-02,-1.123417754084699450e-03,-1.083783705351729250e-02,8.730160901900535508e-02,4.205096459230475703e-01,-7.813588393676140775e-01,-8.679122094814831767e-01,6.558691575606554469e-01,5.872902996456719205e-01,-4.601976006391016449e-01,3.643256724202771912e-01,-4.378651743713970479e-01,-1.681395491571316717e-04,-1.322718094685348825e-03,9.547646089512588929e-05,4.051888918199666274e-05,2.649792671791633271e-04,1.264579065917077619e-03,-9.707892347174989675e-99,-9.246296211735149699e-99,4.856233712768947983e-99,3.612118647482840528e-99,-7.471975535600627075e-98,-7.474765625708387053e-98,2.550567857469104013e-98,2.558445948351841852e-98
-1.439406022531458662e-02,1.527330109673937820e-02,-1.099767888132980112e-02,3.504320725463178250e-04,-1.432864693720095790e-02,8.925826854115358200e-02,4.287616914603286089e-01,-7.793088544215555080e-01,-8.731504735874054957e-01,6.583264464530773630e-01,5.882343541251215946e-01,-4.639363223125161917e-01,3.736565767104804703e-01,-4.312617516607004653e-01,-1.681395491571316717e-04,-1.322718094685348825e-03,9.547646089512588929e-05,4.051888918199666274e-05,2.649792671791633271e-04,1.264579065917077619e-03,-9.547089935756519708e-99,-9.004593716665460396e-99,4.645819488950708473e-99,3.322393174993382892e-99,-7.433613505753677365e-98,-7.436627755407627563e-98,2.556197688151153479e-98,2.565386513551550865e-98
-9.201546911826296443e-03,1.788087749202324495e-02,-1.014649987677617923e-02,1.017481965824029028e-03,-1.667335366662756058e-02,9.083590008981247410e-02,4.344615160034732138e-01,-7.798576637230303366e-01,-8.757696056403688756e-01,6.595550908992905415e-01,5.901056058951312799e-01,-4.672049076795083411e-01,3.793524552507486214e-01,-4.289904667005186578e-01,-1.681395491571316717e-04,-1.322718094685348825e-03,9.547646089512588929e-05,4.051888918199666274e-05,2.649792671791633271e-04,1.264579065917077619e-03,-9.438430359516798230e-99,-8.912000839661102238e-99,4.540612377041588718e-99,3.177530438748654277e-99,-7.414562504617368058e-98,-7.417428806470082271e-98,2.559254939910435009e-98,2.568614459733148411e-98
-6.067572250541552158e-03,1.768524160011431673e-02,-9.107008249883086215e-03,1.167983408773905175e-03,-1.906702245983048910e-02,9.284603129263155341e-02,4.388336118383296403e-01,-7.816542519370518471e-01,-8.797999111848933129e-01,6.628901526404398226e-01,5.924283255000217796e-01,-4.702262940828900728e-01,3.832529144331657811e-01,-4.289073441327108660e-01,-1.681395491571316717e-04,-1.322718094685348825e-03,9.547646089512588929e-05,4.051888918199666274e-05,2.649792671791633271e-04,1.264579065917077619e-03,-9.356724880457268342e-99,-8.893080092098592308e-99,4.398265685935033591e-99,3.194842205778285015e-99,-7.405217469462390286e-98,-7.407648866588132743e-98,2.561000202588669170e-98,2.570011796025353952e-98
-3.846365978981097604e-03,1.312131331828140894e-02,-7.446831062742735596e-03,1.271683028741023465e-03,-1.987125672259176801e-02,1.004868259239234257e-01,4.455221258718816135e-01,-7.800266829964661586e-01,-8.858885741591977503e-01,6.616028645493342575e-01,5.981536360647625727e-01,-4.692726088831518094e-01,3.896433909038291010e-01,-4.262777005645370099e-01,-1.681395491571316717e-04,-1.322718094685348825e-03,9.547646089512588929e-05,4.051888918199666274e-05,2.649792671791633271e-04,1.264579065917077619e-03,-9.160834029243694945e-99,-8.734671261803950247e-99,4.181515423701745542e-99,3.045088437775914305e-99,-7.387045745260351982e-98,-7.385859446451987842e-98,2.576577236819616976e-98,2.586404718099345388e-98
-3.154126784688615018e-03,1.051756679009000460e-02,-6.078967533927821451e-03,1.214411418674140155e-03,-2.089534745515040509e-02,1.039854408522944140e-01,4.505502852058759777e-01,-7.799530448549351069e-01,-8.898766616348042779e-01,6.609592205037836399e-01,6.028954946477946830e-01,-4.697312135954900270e-01,3.935028076114419071e-01,-4.265708132411833442e-01,-1.681395491571316717e-04,-1.322718094685348825e-03,9.547646089512588929e-05,4.051888918199666274e-05,2.649792671791633271e-04,1.264579065917077619e-03,-8.585557854249661412e-99,-8.524472101311121396e-99,3.464814797852346457e-99,2.970211553774729559e-99,-7.343905807075196172e-98,-7.348186262994777883e-98,2.558902906706116503e-98,2.559231476892040017e-98
-2.828444752152703672e-03,9.340728645594516613e-03,-8.428643549425384948e-04,2.834571253826336391e-03,-2.435799359868830519e-02,1.086853490937384759e-01,4.547274336006403295e-01,-7.815792945119367507e-01,-8.946962710302664989e-01,6.634629641386673438e-01,6.091028804694016419e-01,-4.737969724817500117e-01,3.976879809698830592e-01,-4.289728345841412604e-01,-1.681395491571316717e-04,-1.322718094685348825e-03,9.547646089512588929e-05,4.051888918199666274e-05,2.649792671791633271e-04,1.264579065917077619e-03,-8.294528369501686908e-99,-8.422763918315664708e-99,3.073233419938663300e-99,2.966004176763120598e-99,-7.322504568216682105e-98,-7.329180941032108417e-98,2.550094942393003682e-98,2.545615655544750241e-98
-3.278350109410061060e-03,9.014947410369547956e-03,1.816870567339547680e-03,3.557939382755062000e-03,-2.562331209898090906e-02,1.105692986429841762e-01,4.578947587430213240e-01,-7.834711702854364468e-01,-8.978347181364928487e-01,6.654434783646043794e-01,6.134119123944701268e-01,-4.770351909391449818e-01,4.008870919834202629e-01,-4.312803695899368739e-01,-1.681395491571316717e-04,-1.322718094685348825e-03,9.547646089512588929e-05,4.051888918199666274e-05,2.649792671791633271e-04,1.264579065917077619e-03,-8.153586950287172110e-99,-8.367336503658464723e-99,2.870368399646342194e-99,2.970974819592795848e-99,-7.312074975644041148e-98,-7.319407253194156957e-98,2.545572522074154799e-98,2.538926183033397663e-98
-5.387355826656261594e-03,7.284633714902899460e-03,8.351420848354490847e-04,3.313159253639536873e-03,-2.468854827127303642e-02,1.099438503397528605e-01,4.595286214175940964e-01,-7.844673082755685423e-01,-8.994039416896104644e-01,6.664337354775773381e-01,6.151493925086116699e-01,-4.782372643194497952e-01,4.032731266783740054e-01,-4.332206162810197658e-01,-1.681395491571316717e-04,-1.322718094685348825e-03,9.547646089512588929e-05,4.051888918199666274e-05,2.649792671791633271e-04,1.264579065917077619e-03,-8.094709430421329438e-99,-8.328029606588449191e-99,2.768935889500181641e-99,2.973460141007633270e-99,-7.307182874709120201e-98,-7.314197713923782345e-98,2.543128245073710855e-98,2.535764513618740714e-98
-3.821158209067122835e-03,1.555378291652104693e-02,2.195400690646615548e-03,3.812388422102349489e-03,-1.087149764210663082e-02,1.187654322374886717e-01,4.516627520128730922e-01,-7.987665512932918821e-01,-9.226725282308316789e-01,6.669288640340615970e-01,6.068534820645421490e-01,-4.921576252731266754e-01,3.946608238791472489e-01,-4.468693942445222667e-01,-1.681395491571316717e-04,-1.322718094685348825e-03,9.547646089512588929e-05,4.051888918199666274e-05,2.649792671791633271e-04,1.264579065917077619e-03,-7.989002166104792537e-99,-8.192976161372915521e-99,2.909888135491242224e-99,2.974702801715051981e-99,-7.296169434196392837e-98,-7.300993484227447540e-98,2.551039720567525649e-98,2.544216915023789702e-98
-3.283169979951282725e-03,2.139052629487023238e-02,2.575338174500107005e-03,3.807651522941304847e-03,1.982308734500091291e-04,1.248783919638967038e-01,4.461009587466335802e-01,-8.101506862167899836e-01,-9.284434495229267892e-01,6.671764283123037265e-01,6.008395544556986989e-01,-5.031152053416675374e-01,3.884866015417676732e-01,-4.576890842670205961e-01,-1.681395491571316717e-04,-1.322718094685348825e-03,9.547646089512588929e-05,4.051888918199666274e-05,2.649792671791633271e-04,1.264579065917077619e-03,-7.725958623605948888e-99,-7.941626613414267110e-99,2.586351522795314929e-99,2.975324132068761337e-99,-7.270035032655448900e-98,-7.275617777094715039e-98,2.575054578292037607e-98,2.567785269317855312e-98
-2.790771507826100666e-03,2.426540329753839459e-02,2.598919158005797998e-03,3.619045729225980369e-03,5.776589817734757888e-03,1.278913771405942867e-01,4.449747551294579995e-01,-8.174974466944832097e-01,-9.313289101689699034e-01,6.673002104514202948e-01,5.989919788301280024e-01,-5.097533835547889414e-01,3.865387808849338191e-01,-4.642382197901256391e-01,-1.681395491571316717e-04,-1.322718094685348825e-03,9.547646089512588929e-05,4.051888918199666274e-05,2.649792671791633271e-04,1.264579065917077619e-03,-7.606185227415768361e-99,-7.804203464375701606e-99,2.424583216447351282e-99,2.975634797245615811e-99,-7.257183369802861964e-98,-7.262714385610464406e-98,2.586873866350366787e-98,2.579757587268815079e-98
1.946567379573702940e-03,3.647018863857955095e-02,3.533607600634255247e-03,5.114067782322943324e-03,2.152730720460769784e-02,1.384224588837779379e-01,4.359412550574748857e-01,-8.346865557394972379e-01,-9.530150098766828615e-01,6.656193438361049930e-01,5.887916025182254876e-01,-5.257820112317953543e-01,3.765885039561743253e-01,-4.805225480209005529e-01,-1.681395491571316717e-04,-1.322718094685348825e-03,9.547646089512588929e-05,4.051888918199666274e-05,2.649792671791633271e-04,1.264579065917077619e-03,-7.469838448508995205e-99,-7.617815310708514722e-99,2.542871118785248216e-99,2.970754734281753145e-99,-7.241658555300728663e-98,-7.245948006948219651e-98,2.601565394234959694e-98,2.596375528384825429e-98
-3.578577270275971195e-03,4.683183616910285146e-02,1.191280256785857798e-02,6.505048574668916006e-03,4.153928414463026880e-02,1.521720221160479669e-01,4.441858188945130292e-01,-8.438713185291216723e-01,-9.802539328371159266e-01,6.690036780291115370e-01,5.879161818629384806e-01,-5.501921981768751468e-01,3.628561714718924747e-01,-5.005281587236488638e-01,-1.681395491571316717e-04,-1.322718094685348825e-03,9.547646089512588929e-05,4.051888918199666274e-05,2.649792671791633271e-04,1.264579065917077619e-03,-7.638631251529622970e-99,-7.764887977627703663e-99,2.693302485748299134e-99,3.354260223232517104e-99,-7.195301596006392017e-98,-7.228436076037687272e-98,2.594601958060254711e-98,2.589527888595972370e-98
-5.996813336149639517e-03,5.199682974544612979e-02,1.610842655983207861e-02,6.794545908397363332e-03,5.156110280355992448e-02,1.590309735432646199e-01,4.491282348100174571e-01,-8.492838339209192178e-01,-9.938733943173369001e-01,6.706958451256193054e-01,5.874686678547427210e-01,-5.623874879688627315e-01,3.570820316142928053e-01,-5.116229904595642752e-01,-1.681395491571316717e-04,-1.322718094685348825e-03,9.547646089512588929e-05,4.051888918199666274e-05,2.649792671791633271e-04,1.264579065917077619e-03,-7.729849620499700685e-99,-7.831602343627534302e-99,2.768518169229824795e-99,3.546012967707899286e-99,-7.173049702705392595e-98,-7.218753524236251531e-98,2.591003962138129917e-98,2.586220346536318144e-98
-7.190723704432326266e-03,5.431640676992734867e-02,1.777463185890911651e-02,6.561839628615629035e-03,5.683493189671517953e-02,1.621975294931825295e-01,4.518471548668020477e-01,-8.522378037158503394e-01,-1.000683125057443057e+00,6.715419286738687488e-01,5.879394373112410976e-01,-5.691796593254527803e-01,3.553041887542683908e-01,-5.182796333962974566e-01,-1.681395491571316717e-04,-1.322718094685348825e-03,9.547646089512588929e-05,4.051888918199666274e-05,2.649792671791633271e-04,1.264579065917077619e-03,-7.780475097005146725e-99,-7.859943234607042438e-99,2.806126010970587626e-99,3.641889339945590378e-99,-7.163295622285854959e-98,-7.212540382104572885e-98,2.589070214917905355e-98,2.584701324765653196e-98
-7.571016416364402014e-03,4.961448412517190792e-02,1.687130668417076429e-02,5.865130842797063558e-03,5.756834099364112334e-02,1.656843129177931473e-01,4.537935673834212480e-01,-8.543017411015427776e-01,-9.963227738208464412e-01,6.641997538413437763e-01,5.883562101804857836e-01,-5.727571331447434133e-01,3.555312593039234859e-01,-5.227239468443313219e-01,-1.681395491571316717e-04,-1.322718094685348825e-03,9.547646089512588929e-05,4.051888918199666274e-05,2.649792671791633271e-04,1.264579065917077619e-03,-7.810034432154255777e-99,-7.869867083200411287e-99,2.898170616380998549e-99,3.616586841524406619e-99,-7.160625538815297994e-98,-7.207226854299521060e-98,2.587953246024974658e-98,2.584091909163139300e-98
-7.603967807015323162e-03,4.677100055301910281e-02,1.533038398250317555e-02,4.974678650600030186e-03,5.842756779187917998e-02,1.669351823803233714e-01,4.551021009261901895e-01,-8.556690370788483380e-01,-9.941425982025481334e-01,6.605286664250813455e-01,5.888031858989007938e-01,-5.747844593381813416e-01,3.566794146278116640e-01,-5.259807236174088851e-01,-1.681395491571316717e-04,-1.322718094685348825e-03,9.547646089512588929e-05,4.051888918199666274e-05,2.649792671791633271e-04,1.264579065917077619e-03,-7.827235982615424441e-99,-7.872407124610481573e-99,2.944192919086204011e-99,3.603935592313814739e-99,-7.161193758380924983e-98,-7.202666829096089675e-98,2.587317420429043462e-98,2.583864542511348362e-98
-7.605699798024623433e-03,4.488127968573422250e-02,1.341286983190702331e-02,4.264862509563161971e-03,5.932516027220667565e-02,1.670926380303800196e-01,4.562096030744661190e-01,-8.568059204443925214e-01,-9.930525103933989239e-01,6.586931227169501302e-01,5.895028376783898461e-01,-5.762742863551818528e-01,3.584437054265025568e-01,-5.287993251406944983e-01,-1.681395491571316717e-04,-1.322718094685348825e-03,9.547646089512588929e-05,4.051888918199666274e-05,2.649792671791633271e-04,1.264579065917077619e-03,-7.837739601568724515e-99,-7.871774301592800975e-99,2.967204070438806742e-99,3.597609967708518799e-99,-7.163247463865306859e-98,-7.198617220792805602e-98,2.586912853235928887e-98,2.583837513580601545e-98
-1.823598181700589529e-03,4.305882010607885169e-02,1.015309389896881104e-02,3.962332515177749252e-03,5.755679872954290455e-02,1.693885236382358384e-01,4.546320215967314393e-01,-8.552430295752919687e-01,-9.956022234176671315e-01,6.608701077917272793e-01,5.899365246429486564e-01,-5.771030609384963928e-01,3.602946825029875733e-01,-5.311774575794768749e-01,-1.681395491571316717e-04,-1.322718094685348825e-03,9.547646089512588929e-05,4.051888918199666274e-05,2.649792671791633271e-04,1.264579065917077619e-03,-7.844718389342613098e-99,-7.869730911786722129e-99,3.019653330975402741e-99,3.553503470545576195e-99,-7.165009121378794091e-98,-7.195857611869866621e-98,2.586648450034190522e-98,2.583886118720409539e-98
2.121910047496383851e-03,4.215106950092660509e-02,7.674256433700564137e-03,3.614615023753453907e-03,5.666913877353556978e-02,1.705399456268391900e-01,4.549011674635728419e-01,-8.555195207464504348e-01,-9.968770799297990148e-01,6.619586003291135778e-01,5.909582981455787642e-01,-5.783223782505044763e-01,3.624932158709193164e-01,-5.336395686285573259e-01,-1.681395491571316717e-04,-1.322718094685348825e-03,9.547646089512588929e-05,4.051888918199666274e-05,2.649792671791633271e-04,1.264579065917077619e-03,-7.849048356554055134e-99,-7.867868643559184962e-99,3.045877961243700741e-99,3.531450221964104893e-99,-7.167185007279792960e-98,-7.193182750264142528e-98,2.586446639560499758e-98,2.583980030163134955e-98
3.727571082755570461e-03,3.931560774766929695e-02,5.410021397216141156e-03,3.175000506772000970e-03,5.585821571619265652e-02,1.714827497004801360e-01,4.550357403969979564e-01,-8.556577663320341642e-01,-1.000263187715889845e+00,6.652515261278315606e-01,5.921269081214102226e-01,-5.795897601310248115e-01,3.648857849744570059e-01,-5.361639265726693138e-01,-1.681395491571316717e-04,-1.322718094685348825e-03,9.547646089512588929e-05,4.051888918199666274e-05,2.649792671791633271e-04,1.264579065917077619e-03,-7.851213340159776964e-99,-7.866937509445416379e-99,3.090205160301252451e-99,3.489208713749966532e-99,-7.168779436018767899e-98,-7.191338833672804327e-98,2.586295890089827710e-98,2.584076830118324491e-98
4.752820460649774016e-03,3.767545801077600010e-02,3.513704658882750749e-03,2.834474282557315240e-03,5.567517304778584614e-02,1.717317328770359697e-01,4.551030268637060727e-01,-8.557268891248215326e-01,-1.001956241608930709e+00,6.668979890271861111e-01,5.936978311896784488e-01,-5.812100691516375317e-01,3.674226703574511310e-01,-5.387667063759505881e-01,-1.681395491571316717e-04,-1.322718094685348825e-03,9.547646089512588929e-05,4.051888918199666274e-05,2.649792671791633271e-04,1.264579065917077619e-03,-7.852295831962637066e-99,-7.866471942388531275e-99,3.112368759830028306e-99,3.468087959642897352e-99,-7.170265359589022023e-98,-7.189728166176369871e-98,2.586164658082088176e-98,2.584181087368322931e-98
3.797766010112287038e-03,3.622780275664610333e-02,2.255260660024782475e-03,2.573636891690018504e-03,5.621123209926567887e-02,1.712286440796306208e-01,4.572319296222272511e-01,-8.578567100463823092e-01,-1.002802768555451252e+00,6.677212204768634418e-01,5.957640616861752392e-01,-5.833009926243065690e-01,3.700633598661772217e-01,-5.414403430948202534e-01,-1.681395491571316717e-04,-1.322718094685348825e-03,9.547646089512588929e-05,4.051888918199666274e-05,2.649792671791633271e-04,1.264579065917077619e-03,-7.853434038537767848e-99,-7.865642198186388805e-99,3.123450559594416234e-99,3.457527582589362761e-99,-7.171824484103604386e-98,-7.188106669698697343e-98,2.586048605324593833e-98,2.584283652746946729e-98
3.523464113093029322e-03,3.530074980133165313e-02,9.267420640646558544e-04,2.338854884715218206e-03,5.668248695325509012e-02,1.707738743526784619e-01,4.582963810014856199e-01,-8.589216205071604771e-01,-1.003226032028709191e+00,6.681328362016998312e-01,5.976996988592050419e-01,-5.852489762854224953e-01,3.727843164109271856e-01,-5.441777732446420046e-01,-1.681395491571316717e-04,-1.322718094685348825e-03,9.547646089512588929e-05,4.051888918199666274e-05,2.649792671791633271e-04,1.264579065917077619e-03,-7.854003141825333239e-99,-7.865227326085318382e-99,3.128991459476610197e-99,3.452247394062595669e-99,-7.173030886095842378e-98,-7.186869081724914917e-98,2.585945389644731579e-98,2.584380124737373709e-98
1.183267658568639292e-03,3.077034111212809814e-02,-1.677256363640504226e-03,3.043830457243763658e-03,6.395485968735173388e-02,1.783271415954349459e-01,4.700838917611503409e-01,-8.558919633942508876e-01,-1.000467800669776919e+00,6.801861783818931029e-01,6.076440018825441935e-01,-5.803820551394704985e-01,3.686740448551625304e-01,-5.548931359047452050e-01,-1.681395491571316717e-04,-1.322718094685348825e-03,9.547646089512588929e-05,4.051888918199666274e-05,2.649792671791633271e-04,1.264579065917077619e-03,-7.546440531978230901e-99,-7.631684557460755217e-99,3.375720373306319158e-99,3.746831329975512928e-99,-7.144138094318435898e-98,-7.161628031105057476e-98,2.560818807476996109e-98,2.555385085653900325e-98
-1.282569690362588607e-03,2.786466123117376653e-02,-3.493059192576073758e-03,3.306295325187669654e-03,6.823152159075261680e-02,1.814632996804606269e-01,4.779138617989969195e-01,-8.563133494958102832e-01,-9.990886849903019007e-01,6.862128494719808014e-01,6.137704325456413423e-01,-5.791028737179220176e-01,3.679491919586569959e-01,-5.615811001161735705e-01,-1.681395491571316717e-04,-1.322718094685348825e-03,9.547646089512588929e-05,4.051888918199666274e-05,2.649792671791633271e-04,1.264579065917077619e-03,-7.395878507779662288e-99,-7.511693892423489454e-99,3.499084830221173639e-99,3.894123297931971558e-99,-7.130235494024903887e-98,-7.148463710199957527e-98,2.548120530412400106e-98,2.541022552092891738e-98
-2.342764292924359899e-03,2.617895577791433392e-02,-5.072665379164145900e-03,3.253851404439972277e-03,7.060271805523532507e-02,1.827985132101911936e-01,4.844474060635039492e-01,-8.591426017921737213e-01,-9.983991271505687770e-01,6.892261850170291471e-01,6.177382181620968415e-01,-5.793678532920547575e-01,3.689144259448006169e-01,-5.662527426562841137e-01,-1.681395491571316717e-04,-1.322718094685348825e-03,9.547646089512588929e-05,4.051888918199666274e-05,2.649792671791633271e-04,1.264579065917077619e-03,-7.326520283119091768e-99,-7.445775772466141973e-99,3.560767058678600676e-99,3.967769281910200873e-99,-7.123767472213054870e-98,-7.141398271412489913e-98,2.541598267833240953e-98,2.534014409359248759e-98
-3.911194363841982366e-03,2.000579721266656022e-02,-1.140822874947312535e-02,4.323864390588625858e-03,6.663091366814270777e-02,1.781358141364384196e-01,4.856734655186533134e-01,-8.690042237212011189e-01,-1.008542056688654265e+00,6.907328527895533199e-01,6.193337533126426209e-01,-5.895996938793890418e-01,3.766856315236145614e-01,-5.653894440541294975e-01,-1.681395491571316717e-04,-1.322718094685348825e-03,9.547646089512588929e-05,4.051888918199666274e-05,2.649792671791633271e-04,1.264579065917077619e-03,-7.163960849383700715e-99,-7.229746742989436365e-99,3.902558463810452465e-99,4.004592273899315936e-99,-7.116024263784733210e-98,-7.111279720450839248e-98,2.520495916748511826e-98,2.517256528697262809e-98
-5.972978911960177828e-03,1.669674205304592235e-02,-1.373834842725764685e-02,4.654173157153793615e-03,6.486748735159315882e-02,1.755819887225652798e-01,4.877865406358894429e-01,-8.754350800753762929e-01,-1.013613521457701561e+00,6.914861866758198472e-01,6.214746329976774675e-01,-5.960587262828180855e-01,3.820064702204374329e-01,-5.663930306604680887e-01,-1.681395491571316717e-04,-1.322718094685348825e-03,9.547646089512588929e-05,4.051888918199666274e-05,2.649792671791633271e-04,1.264579065917077619e-03,-7.085265862341510351e-99,-7.119147498425577992e-99,4.073454166376378563e-99,4.023003769893873874e-99,-7.111967219471612064e-98,-7.096405885068973583e-98,2.509860290921355650e-98,2.508962038651061285e-98
-2.515743920098562417e-03,1.788944688870093558e-02,-1.796449872668183859e-02,4.199118783172405348e-03,6.887351429738985953e-02,1.771523084310940022e-01,4.892426910326571621e-01,-8.867850936101491222e-01,-1.023884226361760685e+00,6.918628536189508349e-01,6.300661873146637948e-01,-5.990743844394637030e-01,3.901957782033719235e-01,-5.646887400786225752e-01,-1.681395491571316717e-04,-1.322718094685348825e-03,9.547646089512588929e-05,4.051888918199666274e-05,2.649792671791633271e-04,1.264579065917077619e-03,-7.063559461920226044e-99,-7.203749381955692706e-99,4.001359418747487649e-99,4.032209517891152843e-99,-7.096714066310196918e-98,-7.086439338491710251e-98,2.513046605684868345e-98,2.512064925842055299e-98
-1.116070813331814264e-03,1.804700265474037946e-02,-1.917619069857585262e-02,3.636031426907075734e-03,7.054758338112419869e-02,1.782664126745223676e-01,4.899707662310410217e-01,-8.924601003775355368e-01,-1.028251837772838684e+00,6.912834460495648203e-01,6.355922920401401166e-01,-6.018125410847696699e-01,3.956267559996605732e-01,-5.651729185925212784e-01,-1.681395491571316717e-04,-1.322718094685348825e-03,9.547646089512588929e-05,4.051888918199666274e-05,2.649792671791633271e-04,1.264579065917077619e-03,-7.052706261709583890e-99,-7.246050323720749657e-99,3.967707186081518122e-99,4.034417250741315991e-99,-7.088809959529013517e-98,-7.081733595403555063e-98,2.514613184275687092e-98,2.513642948228489906e-98
-1.210730213939597080e-03,1.658857677231679803e-02,-1.864235310421577529e-02,3.067608847767329741e-03,7.059012196900027458e-02,1.796179607502276232e-01,4.903348038302351997e-01,-8.952976037612310201e-01,-1.032767343197815046e+00,6.933254419843092320e-01,6.393751605932451731e-01,-6.042014355977894935e-01,3.997449693516354485e-01,-5.668177323033011250e-01,-1.681395491571316717e-04,-1.322718094685348825e-03,9.547646089512588929e-05,4.051888918199666274e-05,2.649792671791633271e-04,1.264579065917077619e-03,-7.047279661604263219e-99,-7.267200794603278133e-99,3.955892424891326177e-99,4.030509762023604340e-99,-7.084576088736646043e-98,-7.079662541261253892e-98,2.515372687949955110e-98,2.514455745042848403e-98
-9.975587869253505716e-04,1.584890556452396571e-02,-1.836497604045470369e-02,2.504865721071627103e-03,7.062184952951935935e-02,1.802832765214991972e-01,4.926899379463804407e-01,-8.988894707696268860e-01,-1.035025095910307780e+00,6.943464399516858787e-01,6.412665948698020868e-01,-6.053958828543039017e-01,4.032255388763692494e-01,-5.690616020074374948e-01,-1.681395491571316717e-04,-1.322718094685348825e-03,9.547646089512588929e-05,4.051888918199666274e-05,2.649792671791633271e-04,1.264579065917077619e-03,-7.056563797800512895e-99,-7.265778593795631953e-99,3.949985044296230611e-99,4.028556017664748920e-99,-7.082459153340462306e-98,-7.078627014190102656e-98,2.515732142750037569e-98,2.514882440487079364e-98
-7.749507132498140811e-04,1.537933737118836464e-02,-1.849920519075785863e-02,2.106362955859009210e-03,7.073744589921809878e-02,1.805162018176958150e-01,4.960199250789785186e-01,-9.028378243483502485e-01,-1.036153972266562917e+00,6.948569389353831394e-01,6.425849622797134009e-01,-6.063657567541939075e-01,4.064833562546747991e-01,-5.717010694754443012e-01,-1.681395491571316717e-04,-1.322718094685348825e-03,9.547646089512588929e-05,4.051888918199666274e-05,2.649792671791633271e-04,1.264579065917077619e-03,-7.072183519013240719e-99,-7.254089840277205878e-99,3.947031353998682828e-99,4.027579145485320804e-99,-7.081282571249383893e-98,-7.078227365047512934e-98,2.515891288767102279e-98,2.515116369592171202e-98
-9.038843550919640601e-04,1.538479095320035087e-02,-1.735347089586415648e-02,1.674334130302286517e-03,7.055500640538768520e-02,1.808729021444739071e-01,4.976849186452775853e-01,-9.048120011377119853e-01,-1.036718410444690486e+00,6.951121884272317697e-01,6.446505758641486450e-01,-6.082571235836184975e-01,4.095495374209295880e-01,-5.744580756865497184e-01,-1.681395491571316717e-04,-1.322718094685348825e-03,9.547646089512588929e-05,4.051888918199666274e-05,2.649792671791633271e-04,1.264579065917077619e-03,-7.079993379619604631e-99,-7.248245463517992840e-99,3.945554508849908937e-99,4.027090709395607152e-99,-7.080569984280885999e-98,-7.078151836399177410e-98,2.515952313361348955e-98,2.515251882559002636e-98
-1.000732647310438811e-03,1.520149489113527611e-02,-1.719574268501247033e-02,1.373809963053994549e-03,7.064980951154352373e-02,1.808652294547919148e-01,5.009526117594012007e-01,-9.082342858633669636e-01,-1.037000629533749940e+00,6.952398131731516440e-01,6.462845444460296740e-01,-6.098039687879942550e-01,4.126537863889325752e-01,-5.774077371769780198e-01,-1.681395491571316717e-04,-1.322718094685348825e-03,9.547646089512588929e-05,4.051888918199666274e-05,2.649792671791633271e-04,1.264579065917077619e-03,-7.093014548770362546e-99,-7.236207036290810362e-99,3.944816086275521991e-99,4.026846491350749920e-99,-7.080151119718645475e-98,-7.078176643153000576e-98,2.515966080784418008e-98,2.515336383916472639e-98
-3.722510451034839740e-05,1.584917304608893934e-02,-1.589637473913407817e-02,1.214014666369162996e-03,6.995788487863525973e-02,1.816007192959371019e-01,5.043377161913525919e-01,-9.116966861010840084e-01,-1.037141739078275116e+00,6.953036255461071402e-01,6.489240624223948650e-01,-6.123999250756068102e-01,4.157799041306536880e-01,-5.804565611799118452e-01,-1.681395491571316717e-04,-1.322718094685348825e-03,9.547646089512588929e-05,4.051888918199666274e-05,2.649792671791633271e-04,1.264579065917077619e-03,-7.104608235992236271e-99,-7.225104720030724356e-99,3.944446874988328112e-99,4.026724382328321304e-99,-7.079855473637131738e-98,-7.078275260330304983e-98,2.515951949209987309e-98,2.515399649881172704e-98
1.783456335721765216e-04,1.643919515688316638e-02,-1.391040205423389742e-02,8.778450894862486337e-04,6.934573952886373405e-02,1.822346472498270753e-01,5.060302684073261226e-01,-9.134278862199403104e-01,-1.037212293850535483e+00,6.953355317325826679e-01,6.518462931558541840e-01,-6.153003749646898113e-01,4.188933754981799540e-01,-5.835313856780444119e-01,-1.681395491571316717e-04,-1.322718094685348825e-03,9.547646089512588929e-05,4.051888918199666274e-05,2.649792671791633271e-04,1.264579065917077619e-03,-7.110405079603173133e-99,-7.219553561900681353e-99,3.944262269344731173e-99,4.026663327817106996e-99,-7.079668008817461497e-98,-7.078364210697871209e-98,2.515931090540058284e-98,2.515445075746236411e-98
4.478327000994293886e-04,1.671431127201085734e-02,-1.203961471980787880e-02,-3.717699654031620185e-04,6.905956179424739549e-02,1.825317162865026377e-01,5.096112806922351579e-01,-9.170282224562907869e-01,-1.037247571236665777e+00,6.953514848258204317e-01,6.552004836329585746e-01,-6.186436750196060430e-01,4.215515363886607192e-01,-5.861702231338283831e-01,-1.681395491571316717e-04,-1.322718094685348825e-03,9.547646089512588929e-05,4.051888918199666274e-05,2.649792671791633271e-04,1.264579065917077619e-03,-7.119170782656744576e-99,-7.210910701587557246e-99,3.944169966522932703e-99,4.026632800561499842e-99,-7.079521412370272781e-98,-7.078461549919007918e-98,2.515915820537263739e-98,2.515472629346598135e-98
7.915856066495812957e-04,1.664285995628813145e-02,-1.196399491756274490e-02,-9.497570103061741750e-04,6.912548230022580453e-02,1.824712414315538545e-01,5.114017868346897311e-01,-9.188283905744660807e-01,-1.037265209929730814e+00,6.953594613724393136e-01,6.579463621097624282e-01,-6.213841082853158726e-01,4.245461701311699643e-01,-5.891551951589891756e-01,-1.681395491571316717e-04,-1.322718094685348825e-03,9.547646089512588929e-05,4.051888918199666274e-05,2.649792671791633271e-04,1.264579065917077619e-03,-7.123553634183530297e-99,-7.206589271430995192e-99,3.944123815112033874e-99,4.026617536933696671e-99,-7.079417312092640985e-98,-7.078541021583613060e-98,2.515897341634750694e-98,2.515497250047895095e-98
1.144988007134233520e-03,1.642560835121719895e-02,-1.287018549436834761e-02,-9.983369018919017145e-04,6.933996850042457860e-02,1.822594780568699002e-01,5.122970399059103563e-01,-9.197284746335470107e-01,-1.037274029276256782e+00,6.953634496457420378e-01,6.604448277732954953e-01,-6.238798513433018167e-01,4.277216142799475929e-01,-5.923258084490926612e-01,-1.681395491571316717e-04,-1.322718094685348825e-03,9.547646089512588929e-05,4.051888918199666274e-05,2.649792671791633271e-04,1.264579065917077619e-03,-7.125745059946922752e-99,-7.204428556352714165e-99,3.944100739406584054e-99,4.026609905119794680e-99,-7.079339843484013374e-98,-7.078606175885727344e-98,2.515878241360953202e-98,2.515519421221084381e-98
2.349014011318475634e-03,1.920655601637195897e-02,-1.377283179191059366e-02,-7.274512468718136258e-04,7.047453640446568746e-02,1.811262715655861943e-01,5.127446664415183930e-01,-9.201785166630852553e-01,-1.041195337221149098e+00,6.992823420540228430e-01,6.631709364181411770e-01,-6.266045986853739924e-01,4.309252026127121105e-01,-5.955269813525200240e-01,-1.681395491571316717e-04,-1.322718094685348825e-03,9.547646089512588929e-05,4.051888918199666274e-05,2.649792671791633271e-04,1.264579065917077619e-03,-7.126840772828619385e-99,-7.203348198813573246e-99,3.949397148709751574e-99,4.021298142056951254e-99,-7.079312036021270783e-98,-7.078627826195213273e-98,2.515861140413820270e-98,2.515538057617913373e-98
2.383086102693702905e-03,1.589232489365402859e-02,-1.333869914228815075e-02,-2.774749685498863368e-03,6.961346909271463879e-02,1.819880195837159376e-01,5.165207182063061842e-01,-9.239557761748381504e-01,-1.049289047412661713e+00,7.073748444772296473e-01,6.668477978027278485e-01,-6.302807794185738555e-01,4.332813867814584441e-01,-5.978819578065978080e-01,-1.681395491571316717e-04,-1.322718094685348825e-03,9.547646089512588929e-05,4.051888918199666274e-05,2.649792671791633271e-04,1.264579065917077619e-03,-7.131218098369349607e-99,-7.198978550944120881e-99,3.956365861286470417e-99,4.014321752600395269e-99,-7.079306435401211528e-98,-7.078630348238643546e-98,2.515876072529212086e-98,2.515523893227369425e-98
4.330285473522734602e-03,1.462425289986340506e-02,-1.240527350140893659e-02,-5.267406989552808269e-03,6.879389186927077626e-02,1.828079371603491543e-01,5.207279509814123353e-01,-9.281636128234268535e-01,-1.053335902508420130e+00,7.114210956888352699e-01,6.709483537719042046e-01,-6.343809950620568072e-01,4.355394433830050982e-01,-6.001394105508102150e-01,-1.681395491571316717e-04,-1.322718094685348825e-03,9.547646089512588929e-05,4.051888918199666274e-05,2.649792671791633271e-04,1.264579065917077619e-03,-7.135708964185787550e-99,-7.194491523963321866e-99,3.959850217574829839e-99,4.010833557872116871e-99,-7.079275499689129915e-98,-7.078659744662411318e-98,2.515892359108002694e-98,2.515507990511002751e-98
4.991112005945652630e-03,1.370566892684437627e-02,-1.285114749810667076e-02,-6.118032157290348959e-03,6.866865123367255075e-02,1.829333479725420430e-01,5.264181489322176111e-01,-9.338541127109734052e-01,-1.055359330056297118e+00,7.134442212946358053e-01,6.741957665497495533e-01,-6.376282376770554539e-01,4.385391300582224261e-01,-6.031387952973603639e-01,-1.681395491571316717e-04,-1.322718094685348825e-03,9.547646089512588929e-05,4.051888918199666274e-05,2.649792671791633271e-04,1.264579065917077619e-03,-7.140903727617510928e-99,-7.189298679949418358e-99,3.961592395719009550e-99,4.009089460507977672e-99,-7.079243330671378469e-98,-7.078691144036006493e-98,2.515891825725385107e-98,2.515508715824832304e-98
6.007054979021548245e-03,1.636554650412116313e-02,-1.238855478959092343e-02,-6.133286948187493745e-03,6.929156062273804373e-02,1.823105236717738886e-01,5.292632479076180285e-01,-9.366993626547445162e-01,-1.060175743100884027e+00,7.182604833681845991e-01,6.758194729386699517e-01,-6.392518589845525012e-01,4.420506824916159982e-01,-6.066501967664204020e-01,-1.681395491571316717e-04,-1.322718094685348825e-03,9.547646089512588929e-05,4.051888918199666274e-05,2.649792671791633271e-04,1.264579065917077619e-03,-7.143501109333372618e-99,-7.186702257942466604e-99,3.965535712794764584e-99,4.005145183822242894e-99,-7.079227246162502096e-98,-7.078706843722804081e-98,2.515883325516336923e-98,2.515517311999486472e-98
6.090812245545912731e-03,1.811969951277309435e-02,-1.058092342795816099e-02,-6.009719597734336158e-03,6.917880109725725590e-02,1.824233257414033527e-01,5.306857973953249541e-01,-9.381219876266366775e-01,-1.062583949623184143e+00,7.206686144049656573e-01,6.786318753605236065e-01,-6.420642188656944249e-01,4.456907856195604367e-01,-6.102902244121980457e-01,-1.681395491571316717e-04,-1.322718094685348825e-03,9.547646089512588929e-05,4.051888918199666274e-05,2.649792671791633271e-04,1.264579065917077619e-03,-7.144799800191303462e-99,-7.185404046938990321e-99,3.967507371332642100e-99,4.003173045479375911e-99,-7.079206460765742808e-98,-7.078727436708523977e-98,2.515870973020197644e-98,2.515529712478428742e-98
6.113188798367729000e-03,1.901627809753943243e-02,-9.696609827582150509e-03,-5.831848629420812065e-03,6.910291925407648084e-02,1.824992288566584520e-01,5.313970721391761964e-01,-9.388333001125805932e-01,-1.063788052884331981e+00,7.218726799233539104e-01,6.800380765714482134e-01,-6.434703988062632218e-01,4.494880676432174149e-01,-6.140874686947715988e-01,-1.681395491571316717e-04,-1.322718094685348825e-03,9.547646089512588929e-05,4.051888918199666274e-05,2.649792671791633271e-04,1.264579065917077619e-03,-7.145449145620268478e-99,-7.184754941437252180e-99,3.968493200601580453e-99,4.002186976307942014e-99,-7.079196068067363813e-98,-7.078737733201383925e-98,2.515856976824025986e-98,2.515543732666001896e-98
8.250255651274972929e-03,1.999577905469137121e-02,-9.785664692162923672e-03,-5.739055343398675665e-03,6.853376666771732184e-02,1.830683920790547869e-01,5.344097997523660215e-01,-9.418460465968166995e-01,-1.064390104514906010e+00,7.224747126825480370e-01,6.807411771769105169e-01,-6.441734887765475648e-01,4.533702016940909241e-01,-6.179695838751033676e-01,-1.681395491571316717e-04,-1.322718094685348825e-03,9.547646089512588929e-05,4.051888918199666274e-05,2.649792671791633271e-04,1.264579065917077619e-03,-7.147087093885153368e-99,-7.183117113135980728e-99,3.968986115236050035e-99,4.001693941722225471e-99,-7.079190871718173666e-98,-7.078742881447813899e-98,2.515843703938483548e-98,2.515557017547244920e-98
9.281280182206658874e-03,2.052303842878930307e-02,-9.867701019975251911e-03,-5.489762180342917276e-03,6.821168147901578160e-02,1.833904825857748944e-01,5.359161635589608785e-01,-9.433524198389346971e-01,-1.064691130330192914e+00,7.227757290621451558e-01,6.810927274796416686e-01,-6.445250337616897918e-01,4.574387851689067364e-01,-6.220381579146483375e-01,-1.681395491571316717e-04,-1.322718094685348825e-03,9.547646089512588929e-05,4.051888918199666274e-05,2.649792671791633271e-04,1.264579065917077619e-03,-7.147906068017595813e-99,-7.182298198985345002e-99,3.969232572553284826e-99,4.001447424429366794e-99,-7.079188273543579242e-98,-7.078745455571028236e-98,2.515830213944877998e-98,2.515570513538701087e-98
1.037540663370242582e-02,2.020805392980836238e-02,-1.143583302181651329e-02,-6.126432653283105795e-03,6.862925307069492331e-02,1.829729136531050293e-01,5.366693454622605275e-01,-9.441056064599959718e-01,-1.064841643237838698e+00,7.229262372519459356e-01,6.833742306549730472e-01,-6.468065342782267635e-01,4.608130081468126416e-01,-6.254123761749188493e-01,-1.681395491571316717e-04,-1.322718094685348825e-03,9.547646089512588929e-05,4.051888918199666274e-05,2.649792671791633271e-04,1.264579065917077619e-03,-7.148315555083817441e-99,-7.181888741910026732e-99,3.969355801211901816e-99,4.001324165782937455e-99,-7.079176392216845914e-98,-7.078757324872070872e-98,2.515820118596497823e-98,2.515580611886006246e-98
1.070119569014681658e-02,2.027183584962126070e-02,-9.846976552301904204e-03,-7.922365597535157428e-03,6.861676469723113070e-02,1.829854033560734672e-01,5.370459364139059666e-01,-9.444821997705221683e-01,-1.064916899691657148e+00,7.230014913468418847e-01,6.871091788823732172e-01,-6.505414811762296745e-01,4.637564431742389193e-01,-6.283558088435273747e-01,-1.681395491571316717e-04,-1.322718094685348825e-03,9.547646089512588929e-05,4.051888918199666274e-05,2.649792671791633271e-04,1.264579065917077619e-03,-7.148520298616927849e-99,-7.181684013372368004e-99,3.969417415541210716e-99,4.001262536459723192e-99,-7.079160577660964030e-98,-7.078773133415107409e-98,2.515810648799391814e-98,2.515590083182574748e-98
1.009280767291566641e-02,2.107500935498102246e-02,-7.073362411726785183e-03,-7.716269867042107808e-03,6.783923796504592874e-02,1.837629307530109779e-01,5.372342318897308511e-01,-9.446704964257874870e-01,-1.064954527918568594e+00,7.230391183942920241e-01,6.917271214473471597e-01,-6.551594230765050986e-01,4.671035054360247463e-01,-6.317028699259042979e-01,-1.681395491571316717e-04,-1.322718094685348825e-03,9.547646089512588929e-05,4.051888918199666274e-05,2.649792671791633271e-04,1.264579065917077619e-03,-7.148622670383483459e-99,-7.181581649103538234e-99,3.969448222705865167e-99,4.001231721798116060e-99,-7.079143883120990373e-98,-7.078789824948658393e-98,2.515802791585570830e-98,2.515597941146126977e-98
1.672467565898002120e-02,3.448479774691554089e-02,6.315578695979752639e-03,-6.509079489523499074e-03,5.444227295969863989e-02,1.780791248373015667e-01,5.572726432615749959e-01,-9.337690082874358088e-01,-1.064973342032019765e+00,7.421387031714434812e-01,7.190464284065031242e-01,-6.515388296033957083e-01,4.813950522654665831e-01,-6.269136449122109100e-01,-1.681395491571316717e-04,-1.322718094685348825e-03,9.547646089512588929e-05,4.051888918199666274e-05,2.649792671791633271e-04,1.264579065917077619e-03,-6.935616623234474338e-99,-6.841317407663229902e-99,3.969463626288192392e-99,3.929380203154793626e-99,-7.055063826799720307e-98,-7.047542850532899450e-98,2.512248536564005828e-98,2.511968585411305756e-98
2.001819664129604256e-02,4.121210495359896309e-02,1.298763623911685858e-02,-5.791241793829219296e-03,4.772137744630883249e-02,1.752596348901630241e-01,5.672918489474926274e-01,-9.283182642182554734e-01,-1.064982749088740910e+00,7.516884955600148244e-01,7.327060818860766656e-01,-6.497285328668365167e-01,4.907742807351220815e-01,-6.267524874602988794e-01,-1.681395491571316717e-04,-1.322718094685348825e-03,9.547646089512588929e-05,4.051888918199666274e-05,2.649792671791633271e-04,1.264579065917077619e-03,-6.829113599659969777e-99,-6.671185286943075737e-99,3.969471328079356411e-99,3.893454443833132409e-99,-7.043023798639085274e-98,-7.031919363325019979e-98,2.510465119375424162e-98,2.510160197221694310e-98
1.377060742798054058e-02,3.233422015718438042e-02,8.429315306212731979e-03,-6.301559949771690095e-03,3.646657998514105103e-02,1.616083515168374451e-01,5.723014517904514431e-01,-9.457287802878951988e-01,-1.085123340721331431e+00,7.564633917543004404e-01,7.395359086258634917e-01,-6.689592726027867586e-01,4.884599247134236433e-01,-6.398038265820464865e-01,-1.681395491571316717e-04,-1.322718094685348825e-03,9.547646089512588929e-05,4.051888918199666274e-05,2.649792671791633271e-04,1.264579065917077619e-03,-6.775862087872717091e-99,-6.524606773501848273e-99,4.030987632056088801e-99,3.875491564172302206e-99,-7.037003784558768407e-98,-7.017956374412964475e-98,2.512392558951842132e-98,2.512588100264294904e-98
7.037068273531750691e-03,2.738576028140524143e-02,7.902077874082922768e-03,-6.219139818102906864e-03,3.134869873212901836e-02,1.542731923526027837e-01,5.789255152372957403e-01,-9.585533003480799508e-01,-1.095193636537628912e+00,7.588508398514455244e-01,7.441932275525081630e-01,-6.798170480275130823e-01,4.896698967984062234e-01,-6.486966462387521171e-01,-1.681395491571316717e-04,-1.322718094685348825e-03,9.547646089512588929e-05,4.051888918199666274e-05,2.649792671791633271e-04,1.264579065917077619e-03,-6.741789246243531155e-99,-6.458764602516793727e-99,4.061745784044454591e-99,3.866510124341887105e-99,-7.033545617635033125e-98,-7.011423039840513571e-98,2.513359490282201567e-98,2.513798840243444588e-98
1.066547085533340981e-03,2.366262774431154153e-02,6.898010090745199975e-03,-6.554229860277763914e-03,3.003866070482714284e-02,1.493567101712813261e-01,5.860902011706941028e-01,-9.688182145881485408e-01,-1.100228784445773211e+00,7.600445639000136255e-01,7.485112386823021824e-01,-6.872352874063478723e-01,4.919000855481072687e-01,-6.547682587743146598e-01,-1.681395491571316717e-04,-1.322718094685348825e-03,9.547646089512588929e-05,4.051888918199666274e-05,2.649792671791633271e-04,1.264579065917077619e-03,-6.715543095552140851e-99,-6.435053246901064602e-99,4.077124860038637891e-99,3.862019404426679554e-99,-7.031215990857311225e-98,-7.008756915870141728e-98,2.513920882064700969e-98,2.514326284115699908e-98
2.958660866147098598e-04,2.295245435367292142e-02,6.965150728538969417e-03,-6.072599914574434987e-03,2.823224881326798219e-02,1.480498619585288167e-01,5.930385166103838701e-01,-9.773166441811734773e-01,-1.102746358399845361e+00,7.606414259242976206e-01,7.523908116545697800e-01,-6.926649745031359107e-01,4.948157477676589644e-01,-6.596046328867971598e-01,-1.681395491571316717e-04,-1.322718094685348825e-03,9.547646089512588929e-05,4.051888918199666274e-05,2.649792671791633271e-04,1.264579065917077619e-03,-6.692971706399390816e-99,-6.432645882900254517e-99,4.084814398035729136e-99,3.859774044469075373e-99,-7.029358837957844132e-98,-7.008116193395562600e-98,2.514283791578576912e-98,2.514507792429201164e-98
3.187775812293036875e-04,2.218911566427973076e-02,6.632714225172622359e-03,-7.085506975001797277e-03,2.773729486156226859e-02,1.469881858580786849e-01,5.965126743302221479e-01,-9.815658589776792287e-01,-1.104005145376874664e+00,7.609398569364329568e-01,7.566209843059664708e-01,-6.976702042167928219e-01,4.979355529047804763e-01,-6.636847939703840460e-01,-1.681395491571316717e-04,-1.322718094685348825e-03,9.547646089512588929e-05,4.051888918199666274e-05,2.649792671791633271e-04,1.264579065917077619e-03,-6.681686011823016205e-99,-6.431442200899849880e-99,4.088659167034275164e-99,3.858651364490273688e-99,-7.027620410104467612e-98,-7.008605683561916009e-98,2.514467122015037180e-98,2.514596670906429495e-98
3.140678418833765893e-03,2.253347307426832938e-02,5.740469218804256611e-03,-7.509464369026713250e-03,2.676379113102421783e-02,1.471833745625387990e-01,6.017862250351218023e-01,-9.872269382209126753e-01,-1.104634538865389315e+00,7.610890724425006804e-01,7.587360706316648162e-01,-7.001728190736212776e-01,5.018258479185192522e-01,-6.680552669573555091e-01,-1.681395491571316717e-04,-1.322718094685348825e-03,9.547646089512588929e-05,4.051888918199666274e-05,2.649792671791633271e-04,1.264579065917077619e-03,-6.667012670289861656e-99,-6.439870854144614399e-99,4.090581551533547772e-99,3.858090024500872440e-99,-7.026751196177779351e-98,-7.008850428645092714e-98,2.514560432160821677e-98,2.514639465217489460e-98
4.499297658248045673e-03,2.275798295865058551e-02,5.242015536232116912e-03,-7.454791163437113344e-03,2.622470808636723563e-02,1.473333000941568216e-01,6.044230003875715740e-01,-9.900574778425293987e-01,-1.104949235609646641e+00,7.611636801955344866e-01,7.597936137945139334e-01,-7.014241265020354499e-01,5.061631311275980316e-01,-6.726326391530506044e-01,-1.681395491571316717e-04,-1.322718094685348825e-03,9.547646089512588929e-05,4.051888918199666274e-05,2.649792671791633271e-04,1.264579065917077619e-03,-6.659675999523284788e-99,-6.444085180766996658e-99,4.091542743783184076e-99,3.857809354506171816e-99,-7.026316589214435221e-98,-7.008972801186680417e-98,2.514608764421498857e-98,2.514659185185234349e-98
4.860048335907730076e-03,2.318879684288924561e-02,4.674229752898519802e-03,-5.835389684515235147e-03,2.563660762199121423e-02,1.477268218020133528e-01,6.057413880637920744e-01,-9.914727476533332640e-01,-1.105106583981770862e+00,7.612009840720469489e-01,7.603223853759341067e-01,-7.020497802162380951e-01,5.102423965503086745e-01,-6.768319490690694051e-01,-1.681395491571316717e-04,-1.322718094685348825e-03,9.547646089512588929e-05,4.051888918199666274e-05,2.649792671791633271e-04,1.264579065917077619e-03,-6.656007664139996354e-99,-6.446192344078187382e-99,4.092023339908002634e-99,3.857669019508821504e-99,-7.026099285732762507e-98,-7.009033987457474918e-98,2.514633699187458675e-98,2.514668276533485565e-98
5.040639414456203268e-03,2.340398804528994250e-02,4.390552600950353539e-03,-5.022667224529628154e-03,2.534277312952182976e-02,1.479233669162229869e-01,6.064005819019000487e-01,-9.921803825587329762e-01,-1.105185258167830753e+00,7.612196360103009596e-01,7.605867711666419728e-01,-7.023626070733371973e-01,5.149100206798468138e-01,-6.815595954452615679e-01,-1.681395491571316717e-04,-1.322718094685348825e-03,9.547646089512588929e-05,4.051888918199666274e-05,2.649792671791633271e-04,1.264579065917077619e-03,-6.654173496448352137e-99,-6.447245925733782743e-99,4.092263637970411913e-99,3.857598852010146754e-99,-7.025990633991926799e-98,-7.009064580592871519e-98,2.514646933491713480e-98,2.514672055286336277e-98
1.910680226078955574e-03,2.249586615237821399e-02,5.264431519088349533e-03,-5.437058386867340935e-03,2.621157337739922141e-02,1.470059219792157201e-01,6.109661510427145670e-01,-9.967701722331934189e-01,-1.105224595260858589e+00,7.612289619794258000e-01,7.607189640619936855e-01,-7.025190205018845280e-01,5.190803026310553125e-01,-6.857598885197971894e-01,-1.681395491571316717e-04,-1.322718094685348825e-03,9.547646089512588929e-05,4.051888918199666274e-05,2.649792671791633271e-04,1.264579065917077619e-03,-6.646882634095192481e-99,-6.454146495068917566e-99,4.092383787001616147e-99,3.857563768260808973e-99,-7.025936308121508945e-98,-7.009079877160569819e-98,2.514683866232060746e-98,2.514643629074541607e-98
2.715933092443032198e-04,2.211591252856837456e-02,5.627263655511329649e-03,-5.271462097272561730e-03,2.657186617869189416e-02,1.466213068333581115e-01,6.132489356131152203e-01,-9.990650670704169789e-01,-1.105244263807365845e+00,7.612336249639815033e-01,7.607850605096628804e-01,-7.025972272161515875e-01,5.239055152136605775e-01,-6.906001066640659047e-01,-1.681395491571316717e-04,-1.322718094685348825e-03,9.547646089512588929e-05,4.051888918199666274e-05,2.649792671791633271e-04,1.264579065917077619e-03,-6.643237202918612653e-99,-6.457596779736484977e-99,4.092443861517218263e-99,3.857546226386140082e-99,-7.025909145186299369e-98,-7.009087525444419619e-98,2.514701463797966115e-98,2.514630284772912537e-98
-5.837899674287070533e-04,2.196177553491914305e-02,5.772839905467131924e-03,-5.006329329164459045e-03,2.671617276108254058e-02,1.464648390786849885e-01,6.143903278983132710e-01,-1.000212514489026594e+00,-1.105254098080617142e+00,7.612359564562571901e-01,7.608181087334952020e-01,-7.026363305732828968e-01,5.290016810131112912e-01,-6.957037752443483436e-01,-1.681395491571316717e-04,-1.322718094685348825e-03,9.547646089512588929e-05,4.051888918199666274e-05,2.649792671791633271e-04,1.264579065917077619e-03,-6.641414487330322739e-99,-6.459321922070268683e-99,4.092473898775019728e-99,3.857537455448805637e-99,-7.025895563718695230e-98,-7.009091349586344519e-98,2.514708789047701790e-98,2.514625086155315011e-98
2.750754667224721440e-03,2.281660695463778865e-02,4.913728113901779521e-03,-4.927310027623155349e-03,2.585642613573461979e-02,1.473185051178916849e-01,6.196551602304476436e-01,-1.005480374387866638e+00,-1.105259015217242791e+00,7.612371222023950335e-01,7.608346328454114182e-01,-7.026558822518484959e-01,5.342754957136950367e-01,-7.009813413353479516e-01,-1.681395491571316717e-04,-1.322718094685348825e-03,9.547646089512588929e-05,4.051888918199666274e-05,2.649792671791633271e-04,1.264579065917077619e-03,-6.635035448626771046e-99,-6.465652174146566865e-99,4.092488917403920054e-99,3.857533069980138820e-99,-7.025888772984893161e-98,-7.009093261657306319e-98,2.514710054806236119e-98,2.514624883712849756e-98
4.717743771159594451e-03,2.294430587788881190e-02,4.783889004727399398e-03,-6.376748103094171879e-03,2.572626960966895721e-02,1.474456213508867353e-01,6.222875763965192153e-01,-1.008114304337291101e+00,-1.105261473785560167e+00,7.612377050754683960e-01,7.608428949013739118e-01,-7.026656580911357919e-01,5.387010675768402201e-01,-7.054087888937010664e-01,-1.681395491571316717e-04,-1.322718094685348825e-03,9.547646089512588929e-05,4.051888918199666274e-05,2.649792671791633271e-04,1.264579065917077619e-03,-6.631845929274995606e-99,-6.468817300184715956e-99,4.092496426718370217e-99,3.857530877245805006e-99,-7.025885377617992126e-98,-7.009094217692787869e-98,2.514709512752706542e-98,2.514625957424413708e-98
1.305456996444008880e-03,2.238086886453037605e-02,8.780032253120108321e-03,-8.637455579555877727e-03,2.628847782162007859e-02,1.468818929924003147e-01,6.286268522812221704e-01,-1.014454337113670501e+00,-1.105262703069718855e+00,7.612379965120050773e-01,7.642808022573511773e-01,-7.061043223387754031e-01,5.430771284221231898e-01,-7.097857875865880573e-01,-1.681395491571316717e-04,-1.322718094685348825e-03,9.547646089512588929e-05,4.051888918199666274e-05,2.649792671791633271e-04,1.264579065917077619e-03,-6.625675542775762593e-99,-6.474975490027135794e-99,4.092500181375595705e-99,3.857529780878638505e-99,-7.025549685511500656e-98,-7.009428690133568297e-98,2.514714031322864675e-98,2.514621704683272763e-98
6.642526312633556572e-04,2.103421133567405510e-02,7.540421138907791795e-03,-1.076675802452911959e-02,2.763452094977275619e-02,1.455350897909799823e-01,6.317964902235758684e-01,-1.017624353501862533e+00,-1.105263317711800308e+00,7.612381422302756384e-01,7.703023776959272428e-01,-7.121262762231826970e-01,5.473290465736869725e-01,-7.140381746619538506e-01,-1.681395491571316717e-04,-1.322718094685348825e-03,9.547646089512588929e-05,4.051888918199666274e-05,2.649792671791633271e-04,1.264579065917077619e-03,-6.622590349526146087e-99,-6.478054584948345713e-99,4.092502058704208448e-99,3.857529232695054848e-99,-7.025052131980392458e-98,-7.009925633831822274e-98,2.514730522603570647e-98,2.514605346317075384e-98
1.124286843335790907e-03,1.958024617658308403e-02,3.462937418834377036e-03,-1.147805222035834863e-02,2.908817890851192120e-02,1.440810517956070125e-01,6.333813091947616547e-01,-1.019209361695967431e+00,-1.105263625032850028e+00,7.612382150894198007e-01,7.775514799728533433e-01,-7.193755677230244672e-01,5.526422353259200504e-01,-7.193515978760879337e-01,-1.681395491571316717e-04,-1.322718094685348825e-03,9.547646089512588929e-05,4.051888918199666274e-05,2.649792671791633271e-04,1.264579065917077619e-03,-6.621047752901337428e-99,-6.479594132408950673e-99,4.092502997368514414e-99,3.857528958603263426e-99,-7.024492415387226405e-98,-7.010485045508561215e-98,2.514737555714078115e-98,2.514598379663822212e-98
6.324302556521018900e-03,1.921417075194805160e-02,-2.778612917143855401e-03,-1.152585498746178626e-02,2.945410073297106274e-02,1.437149399528309668e-01,6.395046244424145154e-01,-1.025332771555079958e+00,-1.105263778693374777e+00,7.612382515189919374e-01,7.850179324323475205e-01,-7.268421147939764237e-01,5.584263922146924797e-01,-7.251358719958108656e-01,-1.681395491571316717e-04,-1.322718094685348825e-03,9.547646089512588929e-05,4.051888918199666274e-05,2.649792671791633271e-04,1.264579065917077619e-03,-6.616389124330018925e-99,-6.484251236398166919e-99,4.092503466700667803e-99,3.857528821557367715e-99,-7.023943595216366507e-98,-7.011033713221206909e-98,2.514737559431361324e-98,2.514598409175166153e-98
3.910156821271947719e-03,1.835885035551924893e-02,-1.488406145659488221e-03,-1.294860553861584829e-02,3.030934432931190955e-02,1.428596013473316662e-01,6.482527183421893380e-01,-1.034080912760584559e+00,-1.105263855523630490e+00,7.612382697337712889e-01,7.924898579174515234e-01,-7.343140875848093163e-01,5.633896025107865135e-01,-7.300991409073801508e-01,-1.681395491571316717e-04,-1.322718094685348825e-03,9.547646089512588929e-05,4.051888918199666274e-05,2.649792671791633271e-04,1.264579065917077619e-03,-6.610501831761828964e-99,-6.490137766675306158e-99,4.092503701366744498e-99,3.857528753034419453e-99,-7.023419860016461921e-98,-7.011557372192004392e-98,2.514740354704370191e-98,2.514595630516470860e-98
3.044518845889750136e-03,1.758975526506234913e-02,-5.018678676748102811e-04,-1.535242121052666706e-02,3.107840101972483143e-02,1.420904971523395122e-01,6.526267652920811901e-01,-1.038454983363341411e+00,-1.105263893938762898e+00,7.612382788411654611e-01,7.962258206600080213e-01,-7.380500739802302590e-01,5.679050829474137085e-01,-7.346146506517449160e-01,-1.681395491571316717e-04,-1.322718094685348825e-03,9.547646089512588929e-05,4.051888918199666274e-05,2.649792671791633271e-04,1.264579065917077619e-03,-6.607558185477734390e-99,-6.493081031813875778e-99,4.092503818699782439e-99,3.857528718772945322e-99,-7.023157992416509628e-98,-7.011819201677403784e-98,2.514739815861967746e-98,2.514596177666030091e-98
5.735513441178543594e-03,3.058892779207755819e-02,3.115214854297604710e-03,-1.560510519501697065e-02,3.458674294791140580e-02,1.385821314718632957e-01,6.548137887670271162e-01,-1.040642018664719837e+00,-1.121771446801549388e+00,7.777458170500829437e-01,7.980938020312862147e-01,-7.399180671779407303e-01,5.737663809774352641e-01,-7.404759633356352566e-01,-1.681395491571316717e-04,-1.322718094685348825e-03,9.547646089512588929e-05,4.051888918199666274e-05,2.649792671791633271e-04,1.264579065917077619e-03,-6.606086362335687103e-99,-6.494552664383160181e-99,4.082759548369071482e-99,3.867273030639438590e-99,-7.023027058616532832e-98,-7.011950116420103480e-98,2.514741014229917029e-98,2.514594983451659365e-98
7.849703654974818715e-03,3.631982113943331425e-02,1.151098891971548410e-03,-1.501378407244870726e-02,3.710960682815654665e-02,1.360592557154733373e-01,6.559073005044978588e-01,-1.041735536315406829e+00,-1.130025223232940412e+00,7.859995861545394646e-01,8.035691429563865951e-01,-7.453934140162572497e-01,5.801943821596732276e-01,-7.469039718448077236e-01,-1.681395491571316717e-04,-1.322718094685348825e-03,9.547646089512588929e-05,4.051888918199666274e-05,2.649792671791633271e-04,1.264579065917077619e-03,-6.605350450764663459e-99,-6.495288480667802383e-99,4.077887413203716004e-99,3.872145186572685224e-99,-7.022739790191396150e-98,-7.012237375316600961e-98,2.514738586187486013e-98,2.514597413570879496e-98
5.914061959288416902e-03,2.428557528605312238e-02,-2.823695891776886041e-03,-1.771086031375001743e-02,3.537830196569369257e-02,1.377905546398638104e-01,6.564540563732266243e-01,-1.042282295140743553e+00,-1.152044540778272674e+00,8.080189000364044194e-01,8.063068134189301794e-01,-7.481310874354087925e-01,5.834083827507855480e-01,-7.501179760993872403e-01,-1.681395491571316717e-04,-1.322718094685348825e-03,9.547646089512588929e-05,4.051888918199666274e-05,2.649792671791633271e-04,1.264579065917077619e-03,-6.604982494979151637e-99,-6.495656388810123890e-99,4.067566815283583624e-99,3.882465794876763182e-99,-7.022596155978827810e-98,-7.012381004764850351e-98,2.514737372166270667e-98,2.514598628630489400e-98
4.919738305489757511e-03,1.674767541237472818e-02,-8.242617556063832826e-03,-2.013426518844631946e-02,3.603342648145053256e-02,1.371354271550707660e-01,6.669794005492066802e-01,-1.052807640795027533e+00,-1.163054199550947798e+00,8.190285569773457786e-01,8.126279498696105108e-01,-7.544522253643930476e-01,5.876110267473847459e-01,-7.543206219277200919e-01,-1.681395491571316717e-04,-1.322718094685348825e-03,9.547646089512588929e-05,4.051888918199666274e-05,2.649792671791633271e-04,1.264579065917077619e-03,-6.600570733497936838e-99,-6.500068126469743126e-99,4.062406516323517434e-99,3.887626099028802161e-99,-7.022324158496894073e-98,-7.012652999864623963e-98,2.514745046128539413e-98,2.514590955187418096e-98
1.021270141624909533e-02,1.372559443269248496e-02,-1.169894734536428352e-02,-2.415880377923365283e-02,3.561411978217199348e-02,1.375547323698312063e-01,6.787790665320095895e-01,-1.064607307516982404e+00,-1.168559028937283140e+00,8.245333854478142932e-01,8.157885180949484560e-01,-7.576127943288829547e-01,5.917783159419668371e-01,-7.584879120381690099e-01,-1.681395491571316717e-04,-1.322718094685348825e-03,9.547646089512588929e-05,4.051888918199666274e-05,2.649792671791633271e-04,1.264579065917077619e-03,-6.595713861769266547e-99,-6.504924986287616042e-99,4.059826366843483933e-99,3.890206251104822056e-99,-7.022188159755927854e-98,-7.012788997414511419e-98,2.514734099818745932e-98,2.514601901756810297e-98
1.370630015742742638e-02,1.136743675705264439e-02,-1.750349609095246464e-02,-2.546020476165596763e-02,3.625158361833145937e-02,1.369172677914126945e-01,6.846788995234154296e-01,-1.070507140877964281e+00,-1.171311443630455251e+00,8.272857996830529359e-01,8.222923032443582025e-01,-7.641165798478687377e-01,5.981185908200531420e-01,-7.648281873741886727e-01,-1.681395491571316717e-04,-1.322718094685348825e-03,9.547646089512588929e-05,4.051888918199666274e-05,2.649792671791633271e-04,1.264579065917077619e-03,-6.593285425904931401e-99,-6.507353416196552500e-99,4.058536292103467589e-99,3.891496327142832004e-99,-7.021938079499128116e-98,-7.013039077075771126e-98,2.514726952758687610e-98,2.514609048946667655e-98
1.577069146190696394e-02,9.870765985342477844e-03,-2.487010490593097312e-02,-2.290386178656692029e-02,3.688790747030144118e-02,1.362809435683131898e-01,6.876288160191184051e-01,-1.073457057558455219e+00,-1.172687650977041196e+00,8.286620068006722573e-01,8.303261221951405702e-01,-7.721503989834390680e-01,6.041781797915060093e-01,-7.708877765746081634e-01,-1.681395491571316717e-04,-1.322718094685348825e-03,9.547646089512588929e-05,4.051888918199666274e-05,2.649792671791633271e-04,1.264579065917077619e-03,-6.592071207972763828e-99,-6.508567631151020729e-99,4.057891254733459010e-99,3.892141365161836572e-99,-7.021641238096825107e-98,-7.013335918180304120e-98,2.514713735370731408e-98,2.514622266399523374e-98
1.627344557662728161e-02,9.651872137007003541e-03,-2.908285085093983632e-02,-1.898014836018176860e-02,3.667662785876682485e-02,1.364922229942830412e-01,6.891037742669765542e-01,-1.074932015898707460e+00,-1.173375754650340941e+00,8.293501103594885793e-01,8.343430316705383598e-01,-7.761673085512309500e-01,6.103829577536001860e-01,-7.770925546511856519e-01,-1.681395491571316717e-04,-1.322718094685348825e-03,9.547646089512588929e-05,4.051888918199666274e-05,2.649792671791633271e-04,1.264579065917077619e-03,-6.591464099006680041e-99,-6.509174738628254437e-99,4.057568736048454721e-99,3.892463884171339262e-99,-7.021492817395673602e-98,-7.013484338732569967e-98,2.514706095385584328e-98,2.514629906417120050e-98
1.652652407990475025e-02,9.540723766921953980e-03,-3.118752237752695639e-02,-1.701659020107187947e-02,3.657268949891682996e-02,1.365961612613506571e-01,6.898412533909078492e-01,-1.075669495068835690e+00,-1.173719806486992923e+00,8.296941621388990162e-01,8.363514864082395306e-01,-7.781757633351290560e-01,6.134853467346494948e-01,-7.801949436894766166e-01,-1.681395491571316717e-04,-1.322718094685348825e-03,9.547646089512588929e-05,4.051888918199666274e-05,2.649792671791633271e-04,1.264579065917077619e-03,-6.591160544523638148e-99,-6.509478292366871291e-99,4.057407476705952983e-99,3.892625143676090607e-99,-7.021418607045098499e-98,-7.013558549008703540e-98,2.514702275393010951e-98,2.514633726425918388e-98
1.665464101634324054e-02,9.483571897079672366e-03,-3.223828045602075698e-02,-1.603323343671717721e-02,3.652229800379159369e-02,1.366465527100847177e-01,6.902099929528734412e-01,-1.076038234653899917e+00,-1.173891832405318914e+00,8.298661880286042347e-01,8.373557137770900605e-01,-7.791799907270781089e-01,6.150365412251741493e-01,-7.817461382086220434e-01,-1.681395491571316717e-04,-1.322718094685348825e-03,9.547646089512588929e-05,4.051888918199666274e-05,2.649792671791633271e-04,1.264579065917077619e-03,-6.591008767282117201e-99,-6.509630069236179719e-99,4.057326847034702113e-99,3.892705773428466279e-99,-7.021381501869810948e-98,-7.013595654146770327e-98,2.514700365396724100e-98,2.514635636430317557e-98
1.672018513489773733e-02,9.453510311823279041e-03,-3.276217384493240736e-02,-1.554006940420457443e-02,3.649858790656422547e-02,1.366702627841164808e-01,6.903943627338584577e-01,-1.076222604446434250e+00,-1.173977845364484240e+00,8.299522009734590089e-01,8.378578274615176014e-01,-7.796821044230548559e-01,6.158121384704386969e-01,-7.825217354681970328e-01,-1.681395491571316717e-04,-1.322718094685348825e-03,9.547646089512588929e-05,4.051888918199666274e-05,2.649792671791633271e-04,1.264579065917077619e-03,-6.590932878661356728e-99,-6.509705957670833932e-99,4.057286532199076273e-99,3.892746088304653709e-99,-7.021362949282167172e-98,-7.013614206715803720e-98,2.514699410398580674e-98,2.514636591432517142e-98
1.733014091771927292e-02,8.861295795650526302e-03,-3.244693681584367995e-02,-1.816152202727359943e-02,3.706391658149509744e-02,1.361049340975878097e-01,6.904865476243532418e-01,-1.076314789342703637e+00,-1.174020851844069124e+00,8.299952074458886164e-01,8.381088843037335367e-01,-7.799331612710455053e-01,6.196451554559433417e-01,-7.863547524608568429e-01,-1.681395491571316717e-04,-1.322718094685348825e-03,9.547646089512588929e-05,4.051888918199666274e-05,2.649792671791633271e-04,1.264579065917077619e-03,-6.590894934350976898e-99,-6.509743901888161039e-99,4.057266374781263352e-99,3.892766245742747424e-99,-7.021353672988345284e-98,-7.013623483000320417e-98,2.514698261494327100e-98,2.514637740338798796e-98
1.639648325373057464e-02,9.803824092963951686e-03,-2.611807385800531123e-02,-2.071088389420792583e-02,3.610794536356072559e-02,1.370609053097232855e-01,6.905326400696027989e-01,-1.076360881790840551e+00,-1.174042355083863676e+00,8.300167106821056962e-01,8.456442927235344742e-01,-7.874685696937337998e-01,6.215616639486978290e-01,-7.882712609571890239e-01,-1.681395491571316717e-04,-1.322718094685348825e-03,9.547646089512588929e-05,4.051888918199666274e-05,2.649792671791633271e-04,1.264579065917077619e-03,-6.590875962195786982e-99,-6.509762873996824998e-99,4.057256296072356892e-99,3.892776324461794282e-99,-7.021237461960409154e-98,-7.013739694023604602e-98,2.514697687042200313e-98,2.514638314791939785e-98
1.593094117741158944e-02,1.027380148594530217e-02,-2.295235562341076466e-02,-2.198427807199972855e-02,3.563124651026890188e-02,1.375376041601156507e-01,6.905556862922342942e-01,-1.076383928014915670e+00,-1.174053106703767613e+00,8.300274623002208418e-01,8.494119969334416043e-01,-7.912362739050845528e-01,6.225199181950817895e-01,-7.892295152053617757e-01,-1.681395491571316717e-04,-1.322718094685348825e-03,9.547646089512588929e-05,4.051888918199666274e-05,2.649792671791633271e-04,1.264579065917077619e-03,-6.590866476118191619e-99,-6.509772360051156572e-99,4.057251256717903662e-99,3.892781363821317711e-99,-7.021179356446440438e-98,-7.013797799535246045e-98,2.514697399816136757e-98,2.514638602018510117e-98
1.629151829882961172e-02,9.915442022858458188e-03,-2.034329080496856054e-02,-2.601128136007085229e-02,3.598624524320048063e-02,1.371826054257343219e-01,6.905672094035455455e-01,-1.076395451126948677e+00,-1.174058482513715251e+00,8.300328381092739738e-01,8.623078861358731695e-01,-8.041321631082379850e-01,6.269826996770211380e-01,-7.936922966881955199e-01,-1.681395491571316717e-04,-1.322718094685348825e-03,9.547646089512588929e-05,4.051888918199666274e-05,2.649792671791633271e-04,1.264579065917077619e-03,-6.590861733079393937e-99,-6.509777103078322765e-99,4.057248737040677047e-99,3.892783883501079831e-99,-7.020989057414638354e-98,-7.013988098565885143e-98,2.514697291014481830e-98,2.514638710820418432e-98
1.690791808365040005e-02,9.300151067203445490e-03,-2.549314228346531708e-02,-2.330658533559046286e-02,3.659985583377785984e-02,1.365689948344320781e-01,6.905729709592034471e-01,-1.076401212682967401e+00,-1.174061170418691180e+00,8.300355260138028157e-01,8.756463258489201040e-01,-8.174706028216458531e-01,6.334961768623980083e-01,-8.002057738740195880e-01,-1.681395491571316717e-04,-1.322718094685348825e-03,9.547646089512588929e-05,4.051888918199666274e-05,2.649792671791633271e-04,1.264579065917077619e-03,-6.590859361559995096e-99,-6.509779474591905861e-99,4.057247477202064146e-99,3.892785143340960485e-99,-7.020787624891439292e-98,-7.014189531088503361e-98,2.514691602021055386e-98,2.514644399813971570e-98
2.120448192330176562e-02,2.886266668064546570e-02,-2.407970407547078626e-02,-1.796587337610737814e-02,4.089502507630942557e-02,1.322738255915380801e-01,6.905758517370368388e-01,-1.076404093460981315e+00,-1.197921039409695299e+00,8.538953950045833352e-01,8.823155457054480122e-01,-8.241398226783541725e-01,6.367529154550908288e-01,-8.034625124669360074e-01,-1.681395491571316717e-04,-1.322718094685348825e-03,9.547646089512588929e-05,4.051888918199666274e-05,2.649792671791633271e-04,1.264579065917077619e-03,-6.590858175800296081e-99,-6.509780660348697410e-99,4.052730871998681057e-99,3.897301748544977044e-99,-7.020686908629839762e-98,-7.014290247349811820e-98,2.514688757524342164e-98,2.514647244310748139e-98
2.412112630630919990e-02,3.787556202418436435e-02,-2.260462250829141720e-02,-1.911944847906857023e-02,4.381097216075731382e-02,1.293578785069089687e-01,6.905772921259579755e-01,-1.076405533849992713e+00,-1.209850973905201688e+00,8.658253294999780358e-01,8.856501556337164072e-01,-8.274744326067128286e-01,6.429735782973273750e-01,-8.096831753092843531e-01,-1.681395491571316717e-04,-1.322718094685348825e-03,9.547646089512588929e-05,4.051888918199666274e-05,2.649792671791633271e-04,1.264579065917077619e-03,-6.590857582920446168e-99,-6.509781253227092778e-99,4.050472569396989513e-99,3.899560051146985323e-99,-7.020636550499039996e-98,-7.014340605480466050e-98,2.514686983223597528e-98,2.514649018611524286e-98
3.509120802909745929e-02,4.542720245719962524e-02,-2.491227448594756852e-02,-1.709774185765734408e-02,4.222375294173545679e-02,1.309450977258402316e-01,7.031349646129406716e-01,-1.088963206337020484e+00,-1.215815941152946111e+00,8.717902967476665044e-01,8.873174605978416674e-01,-8.291417375708832749e-01,6.517275966525752917e-01,-8.184371936645881140e-01,-1.681395491571316717e-04,-1.322718094685348825e-03,9.547646089512588929e-05,4.051888918199666274e-05,2.649792671791633271e-04,1.264579065917077619e-03,-6.589595133345466106e-99,-6.511043702801345974e-99,4.049343418096144147e-99,3.900689202447989869e-99,-7.020611371433639464e-98,-7.014365784545793814e-98,2.514691701351068495e-98,2.514644300484069238e-98
3.515316553798275567e-02,2.861031162892748239e-02,-3.148918382728417564e-02,-1.511775714985787861e-02,3.600705997971601069e-02,1.371617906878143389e-01,7.094138008564275788e-01,-1.095242042580530040e+00,-1.244814219174102066e+00,9.007885747687945921e-01,8.881511130798999121e-01,-8.299753900529640571e-01,6.624968205797966414e-01,-8.292064175918374413e-01,-1.681395491571316717e-04,-1.322718094685348825e-03,9.547646089512588929e-05,4.051888918199666274e-05,2.649792671791633271e-04,1.264579065917077619e-03,-6.588963908557976074e-99,-6.511674927588472166e-99,4.045211601798091350e-99,3.904821018746121444e-99,-7.020598781900939198e-98,-7.014378374078457696e-98,2.514710374059716760e-98,2.514625627775428769e-98
3.518467214890349387e-02,2.020133835831331923e-02,-3.477711064147438746e-02,-1.412723693948005239e-02,3.289924135518438458e-02,1.402696093123232957e-01,7.125532189781710324e-01,-1.098381460702284818e+00,-1.259313358184680043e+00,9.152877137793586915e-01,8.885679393209290344e-01,-8.303922162940043927e-01,6.678814325434073718e-01,-8.345910295554621605e-01,-1.681395491571316717e-04,-1.322718094685348825e-03,9.547646089512588929e-05,4.051888918199666274e-05,2.649792671791633271e-04,1.264579065917077619e-03,-6.588648296164231465e-99,-6.511990539982035668e-99,4.043145693649064952e-99,3.906886926895187637e-99,-7.020592487134589065e-98,-7.014384668844789638e-98,2.514719710414040892e-98,2.514616291421108535e-98
3.520088032826954733e-02,1.599639684910055329e-02,-3.642061917466380555e-02,-1.363152196038545406e-02,3.134578691682425589e-02,1.418230637506720793e-01,7.141229280390360978e-01,-1.099951169763155434e+00,-1.266562927689962370e+00,9.225372832846340243e-01,8.887763524414369343e-01,-8.306006294145179547e-01,6.705737385252060756e-01,-8.372833355372678588e-01,-1.681395491571316717e-04,-1.322718094685348825e-03,9.547646089512588929e-05,4.051888918199666274e-05,2.649792671791633271e-04,1.264579065917077619e-03,-6.588490489967358754e-99,-6.512148346178817419e-99,4.042112739574552158e-99,3.907919880969720734e-99,-7.020589339751414648e-98,-7.014387816227954958e-98,2.514724378591203121e-98,2.514611623243948580e-98
3.698032882089849482e-02,1.212258169154833976e-02,-4.497225372852299563e-02,-1.271245704470942879e-02,3.234040410059003945e-02,1.408284465669006613e-01,7.149077825694730715e-01,-1.100736024293595294e+00,-1.270187712442607975e+00,9.261620680372761871e-01,8.983817836919066879e-01,-8.402060606649904839e-01,6.803755665417816623e-01,-8.470851635538468871e-01,-1.681395491571316717e-04,-1.322718094685348825e-03,9.547646089512588929e-05,4.051888918199666274e-05,2.649792671791633271e-04,1.264579065917077619e-03,-6.588411586868922399e-99,-6.512227249277208294e-99,4.041596262537295762e-99,3.908436358006986876e-99,-7.020521453253097900e-98,-7.014455702726267807e-98,2.514725552774393687e-98,2.514610449060758989e-98
3.703376548482958247e-02,1.102196169515609440e-02,-3.982596399190261455e-02,-1.835525668733812427e-02,3.200142511008907675e-02,1.411674255573988068e-01,7.153002098346937787e-01,-1.101128451558817334e+00,-1.272000104818933108e+00,9.279744604135994335e-01,9.134428939130779801e-01,-8.552671708861632194e-01,6.905425250681547222e-01,-8.572521220802217234e-01,-1.681395491571316717e-04,-1.322718094685348825e-03,9.547646089512588929e-05,4.051888918199666274e-05,2.649792671791633271e-04,1.264579065917077619e-03,-6.588372135319704221e-99,-6.512266700826403732e-99,4.041338024018667564e-99,3.908694596525619947e-99,-7.020435640870249907e-98,-7.014541515109114501e-98,2.514722909655095707e-98,2.514613092180057293e-98
3.603297115080295737e-02,1.149916436295245550e-02,-3.828033178958489824e-02,-1.606225021543280368e-02,3.080442294884612117e-02,1.423644277186403573e-01,7.154964234672952506e-01,-1.101324665191419472e+00,-1.272906301007086682e+00,9.288806566017522304e-01,9.209734490236547444e-01,-8.627977259967406498e-01,7.017679232905467135e-01,-8.684775203026146029e-01,-1.681395491571316717e-04,-1.322718094685348825e-03,9.547646089512588929e-05,4.051888918199666274e-05,2.649792671791633271e-04,1.264579065917077619e-03,-6.588352409545095132e-99,-6.512286426601001451e-99,4.041208904759353058e-99,3.908823715784936889e-99,-7.020392734678825911e-98,-7.014584421300537198e-98,2.514720980483760209e-98,2.514615021351393116e-98
3.553283097886784925e-02,1.173750870177242729e-02,-3.750725869334783219e-02,-1.491548998440193376e-02,3.020617886330285301e-02,1.429626718041829281e-01,7.155945302835937660e-01,-1.101422772007718320e+00,-1.273359399101161360e+00,9.293337546958263529e-01,9.247387265789408506e-01,-8.665630035520272001e-01,7.073806224017404887e-01,-8.740902194138088221e-01,-1.681395491571316717e-04,-1.322718094685348825e-03,9.547646089512588929e-05,4.051888918199666274e-05,2.649792671791633271e-04,1.264579065917077619e-03,-6.588342546657790588e-99,-6.512296289488300310e-99,4.041144345129696212e-99,3.908888275414595360e-99,-7.020371281583113263e-98,-7.014605874396248547e-98,2.514720015898092460e-98,2.514615985937060865e-98
3.336644583368444245e-02,1.377299593039879588e-02,-2.758493774146004995e-02,-1.625842492810289711e-02,2.799074176131482322e-02,1.451781089061706109e-01,7.156435836917451887e-01,-1.101471825415869965e+00,-1.273585948148200808e+00,9.295603037428656901e-01,9.380734648195721004e-01,-8.798977417926585609e-01,7.101869719573395967e-01,-8.768965689694081522e-01,-1.681395491571316717e-04,-1.322718094685348825e-03,9.547646089512588929e-05,4.051888918199666274e-05,2.649792671791633271e-04,1.264579065917077619e-03,-6.588337615214138315e-99,-6.512301220931949334e-99,4.041112065314867382e-99,3.908920555229424189e-99,-7.020321756837871287e-98,-7.014655399141489223e-98,2.514719533605258586e-98,2.514616468229894739e-98
3.228339197702779356e-02,1.479060082877692306e-02,-2.262363854958110085e-02,-1.692975368401831993e-02,2.688316192625586631e-02,1.462856887412293805e-01,7.156681103958209000e-01,-1.101496352119945898e+00,-1.273699222671720532e+00,9.296735782663853032e-01,9.447408339398877253e-01,-8.865651109129742968e-01,7.115901467351392062e-01,-8.782997437472077618e-01,-1.681395491571316717e-04,-1.322718094685348825e-03,9.547646089512588929e-05,4.051888918199666274e-05,2.649792671791633271e-04,1.264579065917077619e-03,-6.588335149492312585e-99,-6.512303686653774252e-99,4.041095925407453374e-99,3.908936695136839010e-99,-7.020296994465250299e-98,-7.014680161514110212e-98,2.514719292458841486e-98,2.514616709376311839e-98
3.052666719698329117e-02,1.651460112968253235e-02,-2.135818680535816680e-02,-1.121863321700575233e-02,2.511417415700985603e-02,1.480546765104753248e-01,7.156803737478587557e-01,-1.101508615471983754e+00,-1.273755859933480394e+00,9.297302155281451652e-01,9.480745185000455377e-01,-8.898987954731321093e-01,7.195537168207263301e-01,-8.862633138327948856e-01,-1.681395491571316717e-04,-1.322718094685348825e-03,9.547646089512588929e-05,4.051888918199666274e-05,2.649792671791633271e-04,1.264579065917077619e-03,-6.588333916631399314e-99,-6.512304919514686711e-99,4.041087855453745964e-99,3.908944765090546420e-99,-7.020284613278940454e-98,-7.014692542700420056e-98,2.514718828199359590e-98,2.514617173635793735e-98
4.607796833066525599e-02,1.834099693250679924e-02,-3.333677157110354061e-02,-9.327468635870967209e-03,2.326528462001534875e-02,1.499035660474697940e-01,7.330805645999607378e-01,-1.118908806324085736e+00,-1.273784178564369318e+00,9.297585341590339780e-01,9.613882757656171396e-01,-9.032125527387037112e-01,7.235355018635287738e-01,-8.902450988755973293e-01,-1.681395491571316717e-04,-1.322718094685348825e-03,9.547646089512588929e-05,4.051888918199666274e-05,2.649792671791633271e-04,1.264579065917077619e-03,-6.587992660518568430e-99,-6.512646175627517595e-99,4.041083820476892664e-99,3.908948800067399719e-99,-7.020253513561830189e-98,-7.014723642417530321e-98,2.514718596069618480e-98,2.514617405765534846e-98
5.385364471110302975e-02,1.925416902032213787e-02,-3.932603814037943096e-02,-8.381860531706778958e-03,2.234086566511489166e-02,1.508279850023702406e-01,7.417806600260161698e-01,-1.127608901750141168e+00,-1.273798337879818110e+00,9.297726934744827698e-01,9.680451543984073259e-01,-9.098694313714938975e-01,7.255263943849343811e-01,-8.922359913970030476e-01,-1.681395491571316717e-04,-1.322718094685348825e-03,9.547646089512588929e-05,4.051888918199666274e-05,2.649792671791633271e-04,1.264579065917077619e-03,-6.587822032462152988e-99,-6.512816803683933037e-99,4.041081802988466015e-99,3.908950817555826369e-99,-7.020237963703275706e-98,-7.014739192276084804e-98,2.514718480004747925e-98,2.514617521830405401e-98
5.774149633643656243e-02,1.971074162911516658e-02,-4.232065798990273381e-02,-7.909043044510042503e-03,2.187866962277930372e-02,1.512901810447058182e-01,7.461307077390505471e-01,-1.131958949463175657e+00,-1.273805417537549278e+00,9.297797731322138270e-01,9.713735937148091359e-01,-9.131978706878957075e-01,7.265218406456438460e-01,-8.932314376577125126e-01,-1.681395491571316717e-04,-1.322718094685348825e-03,9.547646089512588929e-05,4.051888918199666274e-05,2.649792671791633271e-04,1.264579065917077619e-03,-6.587736718433944860e-99,-6.512902117712141164e-99,4.041080794244252284e-99,3.908951826300040100e-99,-7.020230188773997814e-98,-7.014746967205362696e-98,2.514718421972312809e-98,2.514617579862840516e-98
6.206285061461846997e-02,1.756159946799544166e-02,-5.566612438193857537e-02,-5.295205835395434130e-03,2.402500006712775943e-02,1.491438506003573694e-01,7.483057315955611299e-01,-1.134133973319686239e+00,-1.273808957366408201e+00,9.297833129610727498e-01,9.872633983057940155e-01,-9.290876752788805870e-01,7.270195637759919727e-01,-8.937291607880606392e-01,-1.681395491571316717e-04,-1.322718094685348825e-03,9.547646089512588929e-05,4.051888918199666274e-05,2.649792671791633271e-04,1.264579065917077619e-03,-6.587694061419840797e-99,-6.512944774726245228e-99,4.041080289872145825e-99,3.908952330672146559e-99,-7.020218850751394669e-98,-7.014758305227965841e-98,2.514718392956095089e-98,2.514617608879058236e-98
6.422352775370943068e-02,1.648702838743557747e-02,-6.233885757795649962e-02,-3.988287230838129076e-03,2.509816528930198729e-02,1.480706853781831311e-01,7.493932435238297440e-01,-1.135221485247954742e+00,-1.273810727280850985e+00,9.297850828755155339e-01,9.952083006012997224e-01,-9.370325775743862939e-01,7.272684253411793032e-01,-8.939780223532479697e-01,-1.681395491571316717e-04,-1.322718094685348825e-03,9.547646089512588929e-05,4.051888918199666274e-05,2.649792671791633271e-04,1.264579065917077619e-03,-6.587672732912789171e-99,-6.512966103233296854e-99,4.041080037686092189e-99,3.908952582858200195e-99,-7.020213181740093096e-98,-7.014763974239267414e-98,2.514718378447986392e-98,2.514617623387166934e-98
